{"skeleton":{"hash":"6jNKlvJPDwXE7grgnCiLnwZ5QdI","spine":"2.1.27","width":940.32,"height":502.67,"images":"./images/"},"bones":[{"name":"root"},{"name":"yindao_111","parent":"root","length":31.42,"x":362.65,"y":80.96,"rotation":92.7},{"name":"yindao_22","parent":"root","length":26.3,"x":-340.8,"y":50.03,"rotation":91.8},{"name":"yindao_33","parent":"root","length":22.06,"x":-311.14,"y":121,"rotation":88.18},{"name":"yindao_44","parent":"root","length":24.59,"x":-288.71,"y":429.19,"rotation":90},{"name":"yindao_55","parent":"root","length":35.61,"x":354.46,"y":377.88,"rotation":90},{"name":"yindao_66","parent":"root","length":33.11,"x":-8.49,"y":471.14,"rotation":92.7},{"name":"yindao_7","parent":"root","length":36.54,"x":-396,"y":156.69,"rotation":90},{"name":"yindao_iphone","parent":"root","length":96.1,"x":-332.56,"y":196.62,"rotation":87.74},{"name":"yindao_kuang","parent":"root","length":215.85,"x":112,"y":290.5,"scaleX":0.95,"scaleY":0.937,"rotation":88.64},{"name":"yindao_scale9_xinshouydk10","parent":"root","length":45.53,"x":359.11,"y":61.88,"scaleY":1.78,"rotation":87.74},{"name":"yindao_scale9_xinshouydk11","parent":"root","length":45.53,"x":-241.1,"y":23.82,"scaleY":1.03,"rotation":87.74},{"name":"yindao_scale9_xinshouydk12","parent":"root","length":32.39,"x":244.27,"y":58.72,"rotation":92.22},{"name":"yindao_scale9_xinshouydk13","parent":"root","length":20.88,"x":-150.02,"y":118.99,"rotation":1.35},{"name":"yindao_scale9_xinshouydk14","parent":"root","length":31.42,"x":-150.31,"y":49.65,"rotation":90.45},{"name":"yindao_scale9_xinshouydk15","parent":"root","length":26.7,"x":-212.66,"y":153.21,"rotation":87.72},{"name":"yindao_scale9_xinshouydk2","parent":"root","length":45.53,"x":383.18,"y":334.65,"rotation":87.74},{"name":"yindao_scale9_xinshouydk3","parent":"root","length":38.86,"x":-212.74,"y":304.13,"rotation":90.94},{"name":"yindao_scale9_xinshouydk4","parent":"root","length":32.39,"x":5.35,"y":359.24,"rotation":93.15},{"name":"yindao_scale9_xinshouydk5","parent":"root","length":30.57,"x":257.85,"y":355.49,"rotation":-175.04},{"name":"yindao_scale9_xinshouydk6","parent":"root","length":40.22,"x":0.36,"y":64.61,"scaleX":0.96,"scaleY":0.95,"rotation":88.64},{"name":"yindao_scale9_xinshouydk7","parent":"root","length":45.53,"x":5.94,"y":424.45,"scaleY":0.82,"rotation":-2.58},{"name":"yindao_scale9_xinshouydk8","parent":"root","length":45.53,"x":-324.06,"y":98.71,"rotation":87.74},{"name":"yindao_scale9_xinshouydk9","parent":"root","length":45.53,"x":-311.93,"y":392.26,"scaleX":0.71,"scaleY":0.56,"rotation":90},{"name":"yindao_1","parent":"yindao_kuang","length":30.57,"x":-23.53,"y":46.17,"rotation":4.5},{"name":"yindao_10","parent":"yindao_kuang","length":23.31,"x":-77.79,"y":170.94,"rotation":-4.05},{"name":"yindao_11","parent":"yindao_kuang","length":71.66,"x":82.07,"y":381.93,"rotation":-1.35},{"name":"yindao_24","parent":"yindao_kuang","length":24.12,"x":-138.9,"y":5.44,"rotation":-86.39},{"name":"yindao_25","parent":"yindao_kuang","length":38.76,"x":10.93,"y":226.9,"rotation":-0.45},{"name":"yindao_26","parent":"yindao_kuang","length":18.87,"x":-129.62,"y":225.61},{"name":"yindao_27","parent":"yindao_kuang","length":34.11,"x":-57.18,"y":194.82,"rotation":-53.49},{"name":"yindao_28","parent":"yindao_kuang","length":13.63,"x":-156.65,"y":2.4,"rotation":-176.84},{"name":"yindao_3","parent":"yindao_kuang","length":17.03,"x":-17.2,"y":229.34,"rotation":-0.45},{"name":"yindao_30","parent":"yindao_kuang","length":21,"x":-45.68,"y":297.78,"rotation":7.62},{"name":"yindao_31","parent":"yindao_kuang","length":72.55,"x":94.93,"y":41.75,"rotation":2.7},{"name":"yindao_34","parent":"yindao_kuang","length":14.65,"x":-102.3,"y":241.37,"rotation":109.91},{"name":"yindao_35","parent":"yindao_kuang","length":26.84,"x":-114.97,"y":4.03,"rotation":-109.91},{"name":"yindao_4","parent":"yindao_kuang","length":31.55,"x":-62.04,"y":-14.6,"rotation":-15.4},{"name":"yindao_6","parent":"yindao_kuang","length":28.42,"x":-35.57,"y":262.63,"rotation":0.9},{"name":"yindao_boy","parent":"yindao_kuang","length":33.11,"x":-84.57,"y":226.67,"rotation":-3.15},{"name":"yindao_monster","parent":"yindao_kuang","length":34.58,"x":-92.62,"y":21.21,"rotation":0.9}],"slots":[{"name":"yindao_kuang","bone":"yindao_kuang","attachment":"yindao_kuang"},{"name":"yindao_35","bone":"yindao_35","attachment":"yindao_35"},{"name":"yindao_34","bone":"yindao_34","attachment":"yindao_34"},{"name":"yindao_boy","bone":"yindao_boy","attachment":"yindao_boy"},{"name":"yindao_monster","bone":"yindao_monster","attachment":"yindao_monster"},{"name":"yindao_31","bone":"yindao_31","attachment":"yindao_31"},{"name":"yindao_30","bone":"yindao_30","attachment":"yindao_30"},{"name":"yindao_28","bone":"yindao_28","attachment":"yindao_28"},{"name":"yindao_27","bone":"yindao_27","attachment":"yindao_27"},{"name":"yindao_26","bone":"yindao_26","attachment":"yindao_26"},{"name":"yindao_25","bone":"yindao_25","attachment":"yindao_25"},{"name":"yindao_24","bone":"yindao_24","attachment":"yindao_24"},{"name":"yindao_11","bone":"yindao_11","attachment":"yindao_11"},{"name":"yindao_10","bone":"yindao_10","attachment":"yindao_10"},{"name":"yindao_6","bone":"yindao_6","attachment":"yindao_6"},{"name":"yindao_4","bone":"yindao_4","attachment":"yindao_4"},{"name":"yindao_3","bone":"yindao_3","attachment":"yindao_3"},{"name":"yindao_1","bone":"yindao_1","attachment":"yindao_1"},{"name":"yindao_iphone","bone":"yindao_iphone","attachment":"yindao_iphone"},{"name":"yindao_scale9_xinshouydk2","bone":"yindao_scale9_xinshouydk2","attachment":"yindao_scale9_xinshouydk2"},{"name":"yindao_scale9_xinshouydk7","bone":"yindao_scale9_xinshouydk7","attachment":"yindao_scale9_xinshouydk2"},{"name":"yindao_scale9_xinshouydk8","bone":"yindao_scale9_xinshouydk8","attachment":"yindao_scale9_xinshouydk2"},{"name":"yindao_scale9_xinshouydk9","bone":"yindao_scale9_xinshouydk9","attachment":"yindao_scale9_xinshouydk2"},{"name":"yindao_scale9_xinshouydk10","bone":"yindao_scale9_xinshouydk10","attachment":"yindao_scale9_xinshouydk2"},{"name":"yindao_scale9_xinshouydk11","bone":"yindao_scale9_xinshouydk11","attachment":"yindao_scale9_xinshouydk2"},{"name":"yindao_scale9_xinshouydk3","bone":"yindao_scale9_xinshouydk3","attachment":"yindao_scale9_xinshouydk3"},{"name":"yindao_scale9_xinshouydk4","bone":"yindao_scale9_xinshouydk4","attachment":"yindao_scale9_xinshouydk4"},{"name":"yindao_scale9_xinshouydk12","bone":"yindao_scale9_xinshouydk12","attachment":"yindao_scale9_xinshouydk4"},{"name":"yindao_scale9_xinshouydk5","bone":"yindao_scale9_xinshouydk5","attachment":"yindao_scale9_xinshouydk5"},{"name":"yindao_scale9_xinshouydk6","bone":"yindao_scale9_xinshouydk6","attachment":"yindao_scale9_xinshouydk6"},{"name":"yindao_111","bone":"yindao_111","attachment":"yindao_111"},{"name":"yindao_22","bone":"yindao_22","attachment":"yindao_22"},{"name":"yindao_33","bone":"yindao_33","attachment":"yindao_33"},{"name":"yindao_44","bone":"yindao_44","attachment":"yindao_44"},{"name":"yindao_55","bone":"yindao_55","attachment":"yindao_55"},{"name":"yindao_66","bone":"yindao_66","attachment":"yindao_66"},{"name":"yindao_7","bone":"yindao_7","attachment":"yindao_78"},{"name":"yindao_icon_qipaofada","bone":"root","attachment":"yindao_icon_qipaofada"},{"name":"yindao_scale9_xinshouydk14","bone":"yindao_scale9_xinshouydk14","attachment":"yindao_scale9_xinshouydk8"},{"name":"yindao_scale9_xinshouydk13","bone":"yindao_scale9_xinshouydk13","attachment":"yindao_scale9_xinshouydk7"},{"name":"yindao_scale9_xinshouydk15","bone":"yindao_scale9_xinshouydk15","attachment":"yindao_scale9_xinshouydk2"}],"skins":{"default":{"yindao_1":{"yindao_1":{"x":-7.01,"y":-12.42,"rotation":-93.14,"width":108,"height":57}},"yindao_10":{"yindao_10":{"x":0.18,"y":-2.27,"rotation":-84.58,"width":82,"height":16}},"yindao_11":{"yindao_11":{"x":-160.71,"y":-273.35,"rotation":-87.28,"width":586,"height":391}},"yindao_111":{"yindao_111":{"x":1.14,"y":3.06,"rotation":-92.7,"width":158,"height":26}},"yindao_22":{"yindao_22":{"x":3.34,"y":-6.54,"rotation":-91.8,"width":136,"height":50}},"yindao_24":{"yindao_24":{"x":-4.78,"y":-1.83,"rotation":-2.24,"width":73,"height":25}},"yindao_25":{"yindao_25":{"x":-2.11,"y":1.8,"rotation":-88.18,"width":54,"height":26}},"yindao_26":{"yindao_26":{"x":0.96,"y":0.86,"rotation":-88.64,"width":98,"height":25}},"yindao_27":{"yindao_27":{"x":48.09,"y":-18.82,"rotation":-35.14,"width":111,"height":33}},"yindao_28":{"yindao_28":{"x":-0.02,"y":-7.33,"rotation":88.2,"width":69,"height":5}},"yindao_3":{"yindao_3":{"x":-1.49,"y":0.21,"rotation":-88.18,"width":23,"height":21}},"yindao_30":{"yindao_30":{"x":-3.63,"y":-4.45,"rotation":-96.26,"width":41,"height":36}},"yindao_31":{"yindao_31":{"x":-175.99,"y":79.11,"rotation":-91.34,"width":586,"height":392}},"yindao_33":{"yindao_33":{"x":-4.51,"y":-3.92,"rotation":-88.18,"width":136,"height":26}},"yindao_34":{"yindao_34":{"x":-7.46,"y":0.59,"rotation":161.44,"width":70,"height":18}},"yindao_35":{"yindao_35":{"x":-7.73,"y":-1.3,"rotation":21.26,"width":69,"height":18}},"yindao_4":{"yindao_4":{"x":-35.76,"y":23.75,"rotation":-73.23,"width":114,"height":113}},"yindao_44":{"yindao_44":{"x":5.26,"y":-8.23,"rotation":-89.45,"width":196,"height":50}},"yindao_55":{"yindao_55":{"x":-10.15,"y":-18.23,"rotation":-90,"width":180,"height":50}},"yindao_6":{"yindao_6":{"x":-1,"y":12.04,"rotation":-89.54,"width":72,"height":55}},"yindao_66":{"yindao_66":{"x":2.78,"y":-4.6,"rotation":-92.7,"width":180,"height":50}},"yindao_7":{"yindao_78":{"x":0.34,"y":-8.37,"rotation":-90,"width":180,"height":26}},"yindao_boy":{"yindao_boy":{"x":11.26,"y":3.24,"rotation":-85.48,"width":51,"height":59}},"yindao_icon_qipaofada":{"yindao_icon_qipaofada":{"x":-150.39,"y":48.57,"scaleX":0.55,"scaleY":0.55,"width":65,"height":65}},"yindao_iphone":{"yindao_iphone":{"x":26.59,"y":-335.78,"rotation":-87.74,"width":847,"height":427}},"yindao_kuang":{"yindao_kuang":{"x":-82.52,"y":109.78,"scaleX":0.9,"scaleY":0.9,"rotation":-88.64,"width":768,"height":430}},"yindao_monster":{"yindao_monster":{"x":6.86,"y":-2.9,"rotation":-89.54,"width":65,"height":77}},"yindao_scale9_xinshouydk10":{"yindao_scale9_xinshouydk2":{"x":1.93,"y":-1.2,"scaleX":0.3,"rotation":-84.47,"width":260,"height":18}},"yindao_scale9_xinshouydk11":{"yindao_scale9_xinshouydk2":{"x":-1.17,"y":7.57,"rotation":-87.74,"width":260,"height":18}},"yindao_scale9_xinshouydk12":{"yindao_scale9_xinshouydk4":{"x":9.19,"y":2.33,"rotation":-92.22,"width":90,"height":84}},"yindao_scale9_xinshouydk13":{"yindao_scale9_xinshouydk7":{"x":0.1,"y":-4.79,"scaleY":1.56,"rotation":-1.35,"width":5,"height":55}},"yindao_scale9_xinshouydk14":{"yindao_scale9_xinshouydk8":{"x":-0.21,"y":0.3,"rotation":-90.45,"width":57,"height":58}},"yindao_scale9_xinshouydk15":{"yindao_scale9_xinshouydk2":{"x":2.01,"y":6.57,"scaleX":0.551,"rotation":-87.72,"width":260,"height":18}},"yindao_scale9_xinshouydk2":{"yindao_scale9_xinshouydk2":{"x":0.67,"y":16.62,"scaleX":0.7,"rotation":-87.74,"width":260,"height":18}},"yindao_scale9_xinshouydk3":{"yindao_scale9_xinshouydk3":{"x":10.06,"y":5.26,"scaleX":0.96,"scaleY":0.951,"rotation":-90.94,"width":120,"height":186}},"yindao_scale9_xinshouydk4":{"yindao_scale9_xinshouydk4":{"x":2.75,"y":0.66,"rotation":-93.15,"width":90,"height":84}},"yindao_scale9_xinshouydk5":{"yindao_scale9_xinshouydk5":{"x":5.22,"y":2.65,"scaleX":0.904,"rotation":175.04,"width":68,"height":104}},"yindao_scale9_xinshouydk6":{"yindao_scale9_xinshouydk6":{"x":6.85,"y":3.2,"rotation":-88.64,"width":248,"height":104}},"yindao_scale9_xinshouydk7":{"yindao_scale9_xinshouydk2":{"x":-0.29,"y":-3.28,"scaleX":0.25,"rotation":-87.74,"width":260,"height":18}},"yindao_scale9_xinshouydk8":{"yindao_scale9_xinshouydk2":{"x":1.87,"y":-13.65,"scaleX":0.565,"rotation":-87.74,"width":260,"height":18}},"yindao_scale9_xinshouydk9":{"yindao_scale9_xinshouydk2":{"x":1.49,"y":25.84,"scaleX":0.786,"scaleY":1.587,"rotation":-90,"width":260,"height":18}}}},"animations":{"yindaol":{"slots":{"yindao_7":{"color":[{"time":0,"color":"ffffff00","curve":"stepped"},{"time":3.2,"color":"ffffff00","curve":[0.25,0,0.75,1]},{"time":3.8666,"color":"ffffffff"}]},"yindao_22":{"color":[{"time":0,"color":"ffffff00","curve":"stepped"},{"time":0.3,"color":"ffffff00","curve":"stepped"},{"time":1.0666,"color":"ffffff00","curve":"stepped"},{"time":3.2,"color":"ffffff00","curve":[0.25,0,0.75,1]},{"time":3.8666,"color":"ffffffff","curve":"stepped"},{"time":6.3333,"color":"ffffffff"}]},"yindao_33":{"color":[{"time":0,"color":"ffffff00","curve":"stepped"},{"time":0.3,"color":"ffffff00","curve":"stepped"},{"time":1.0666,"color":"ffffff00","curve":"stepped"},{"time":3.2,"color":"ffffff00","curve":[0.25,0,0.75,1]},{"time":3.8666,"color":"ffffffff","curve":"stepped"},{"time":6.3333,"color":"ffffffff"}]},"yindao_44":{"color":[{"time":0,"color":"ffffff00","curve":"stepped"},{"time":0.3,"color":"ffffff00","curve":[0.25,0,0.75,1]},{"time":1.0666,"color":"ffffffff","curve":"stepped"},{"time":3.2,"color":"ffffffff","curve":"stepped"},{"time":3.8666,"color":"ffffffff","curve":"stepped"},{"time":6.3333,"color":"ffffffff"}]},"yindao_55":{"color":[{"time":0,"color":"ffffff00","curve":"stepped"},{"time":0.3,"color":"ffffff00","curve":[0.25,0,0.75,1]},{"time":1.0666,"color":"ffffffff","curve":"stepped"},{"time":3.2,"color":"ffffffff","curve":"stepped"},{"time":3.8666,"color":"ffffffff","curve":"stepped"},{"time":6.3333,"color":"ffffffff"}]},"yindao_66":{"color":[{"time":0,"color":"ffffff00","curve":"stepped"},{"time":0.3,"color":"ffffff00","curve":[0.25,0,0.75,1]},{"time":1.0666,"color":"ffffffff","curve":"stepped"},{"time":3.2,"color":"ffffffff","curve":"stepped"},{"time":3.8666,"color":"ffffffff","curve":"stepped"},{"time":6.3333,"color":"ffffffff"}]},"yindao_111":{"color":[{"time":0,"color":"ffffff00","curve":"stepped"},{"time":0.3,"color":"ffffff00","curve":"stepped"},{"time":1.0666,"color":"ffffff00","curve":"stepped"},{"time":3.2,"color":"ffffff00","curve":[0.25,0,0.75,1]},{"time":3.8666,"color":"ffffffff","curve":"stepped"},{"time":6.3333,"color":"ffffffff"}]},"yindao_scale9_xinshouydk2":{"color":[{"time":0,"color":"ffffff00","curve":"stepped"},{"time":0.3,"color":"ffffff00","curve":[0.25,0,0.75,1]},{"time":1.0666,"color":"ffffffff","curve":"stepped"},{"time":3.2,"color":"ffffffff","curve":"stepped"},{"time":3.8666,"color":"ffffffff","curve":"stepped"},{"time":6.3333,"color":"ffffffff"}]},"yindao_scale9_xinshouydk3":{"color":[{"time":0,"color":"ffffff00","curve":"stepped"},{"time":0.3,"color":"ffffff00","curve":[0.25,0,0.75,1]},{"time":1.0666,"color":"ffffffff","curve":"stepped"},{"time":3.2,"color":"ffffffff","curve":"stepped"},{"time":3.8666,"color":"ffffffff","curve":"stepped"},{"time":6.3333,"color":"ffffffff"}]},"yindao_scale9_xinshouydk4":{"color":[{"time":0,"color":"ffffff00","curve":"stepped"},{"time":0.3,"color":"ffffff00","curve":[0.25,0,0.75,1]},{"time":1.0666,"color":"ffffffff","curve":"stepped"},{"time":3.2,"color":"ffffffff","curve":"stepped"},{"time":3.8666,"color":"ffffffff","curve":"stepped"},{"time":6.3333,"color":"ffffffff"}]},"yindao_scale9_xinshouydk5":{"color":[{"time":0,"color":"ffffff00","curve":"stepped"},{"time":0.3,"color":"ffffff00","curve":[0.25,0,0.75,1]},{"time":1.0666,"color":"ffffffff","curve":"stepped"},{"time":3.2,"color":"ffffffff","curve":"stepped"},{"time":3.8666,"color":"ffffffff","curve":"stepped"},{"time":6.3333,"color":"ffffffff"}]},"yindao_scale9_xinshouydk6":{"color":[{"time":0,"color":"ffffff00","curve":"stepped"},{"time":0.3,"color":"ffffff00","curve":"stepped"},{"time":1.0666,"color":"ffffff00","curve":"stepped"},{"time":3.2,"color":"ffffff00","curve":[0.25,0,0.75,1]},{"time":3.8666,"color":"ffffffff","curve":"stepped"},{"time":6.3333,"color":"ffffffff"}]},"yindao_scale9_xinshouydk7":{"color":[{"time":0,"color":"ffffff00","curve":"stepped"},{"time":0.3,"color":"ffffff00","curve":[0.25,0,0.75,1]},{"time":1.0666,"color":"ffffffff","curve":"stepped"},{"time":3.2,"color":"ffffffff","curve":"stepped"},{"time":3.8666,"color":"ffffffff","curve":"stepped"},{"time":6.3333,"color":"ffffffff"}]},"yindao_scale9_xinshouydk8":{"color":[{"time":0,"color":"ffffff00","curve":"stepped"},{"time":0.3,"color":"ffffff00","curve":"stepped"},{"time":1.0666,"color":"ffffff00","curve":"stepped"},{"time":3.2,"color":"ffffff00","curve":[0.25,0,0.75,1]},{"time":3.8666,"color":"ffffffff","curve":"stepped"},{"time":6.3333,"color":"ffffffff"}]},"yindao_scale9_xinshouydk9":{"color":[{"time":0,"color":"ffffff00","curve":"stepped"},{"time":0.3,"color":"ffffff00","curve":[0.25,0,0.75,1]},{"time":1.0666,"color":"ffffffff","curve":"stepped"},{"time":3.2,"color":"ffffffff","curve":"stepped"},{"time":3.8666,"color":"ffffffff","curve":"stepped"},{"time":6.3333,"color":"ffffffff"}]},"yindao_scale9_xinshouydk10":{"color":[{"time":0,"color":"ffffff00","curve":"stepped"},{"time":0.3,"color":"ffffff00","curve":"stepped"},{"time":1.0666,"color":"ffffff00","curve":"stepped"},{"time":3.2,"color":"ffffff00","curve":[0.25,0,0.75,1]},{"time":3.8666,"color":"ffffffff","curve":"stepped"},{"time":6.3333,"color":"ffffffff"}]},"yindao_scale9_xinshouydk11":{"color":[{"time":0,"color":"ffffff00","curve":"stepped"},{"time":0.3,"color":"ffffff00","curve":"stepped"},{"time":1.0666,"color":"ffffff00","curve":"stepped"},{"time":3.2,"color":"ffffff00","curve":[0.25,0,0.75,1]},{"time":3.8666,"color":"ffffffff","curve":"stepped"},{"time":6.3333,"color":"ffffffff"}]},"yindao_scale9_xinshouydk12":{"color":[{"time":0,"color":"ffffff00","curve":"stepped"},{"time":0.3,"color":"ffffff00","curve":"stepped"},{"time":1.0666,"color":"ffffff00","curve":"stepped"},{"time":3.2,"color":"ffffff00","curve":[0.25,0,0.75,1]},{"time":3.8666,"color":"ffffffff","curve":"stepped"},{"time":6.3333,"color":"ffffffff"}]},"yindao_scale9_xinshouydk13":{"color":[{"time":0,"color":"ffffff00","curve":"stepped"},{"time":3.2,"color":"ffffff00","curve":[0.25,0,0.75,1]},{"time":3.8666,"color":"ffffffff"}]},"yindao_scale9_xinshouydk14":{"color":[{"time":0,"color":"ffffff00","curve":"stepped"},{"time":3.2,"color":"ffffff00","curve":[0.25,0,0.75,1]},{"time":3.8666,"color":"ffffffff"}]},"yindao_scale9_xinshouydk15":{"color":[{"time":0,"color":"ffffff00","curve":"stepped"},{"time":3.2,"color":"ffffff00","curve":[0.25,0,0.75,1]},{"time":3.8666,"color":"ffffffff"}]}},"bones":{"yindao_kuang":{"rotate":[{"time":0,"angle":0,"curve":"stepped"},{"time":0.3,"angle":0,"curve":"stepped"},{"time":1.0666,"angle":0,"curve":"stepped"},{"time":3.2,"angle":0,"curve":"stepped"},{"time":3.8666,"angle":0,"curve":"stepped"},{"time":6.3333,"angle":0}],"translate":[{"time":0,"x":0,"y":0,"curve":"stepped"},{"time":0.3,"x":0,"y":0,"curve":"stepped"},{"time":1.0666,"x":0,"y":0,"curve":"stepped"},{"time":3.2,"x":0,"y":0,"curve":"stepped"},{"time":3.8666,"x":0,"y":0,"curve":"stepped"},{"time":6.3333,"x":0,"y":0}],"scale":[{"time":0,"x":1,"y":1,"curve":"stepped"},{"time":0.3,"x":1,"y":1,"curve":"stepped"},{"time":1.0666,"x":1,"y":1,"curve":"stepped"},{"time":3.2,"x":1,"y":1,"curve":"stepped"},{"time":3.8666,"x":1,"y":1,"curve":"stepped"},{"time":6.3333,"x":1,"y":1}]},"yindao_scale9_xinshouydk10":{"rotate":[{"time":0,"angle":0,"curve":"stepped"},{"time":0.3,"angle":0,"curve":"stepped"},{"time":1.0666,"angle":0,"curve":"stepped"},{"time":3.2,"angle":0,"curve":"stepped"},{"time":3.8666,"angle":0,"curve":"stepped"},{"time":6.3333,"angle":0}],"translate":[{"time":0,"x":0,"y":0,"curve":"stepped"},{"time":0.3,"x":0,"y":0,"curve":"stepped"},{"time":1.0666,"x":0,"y":0,"curve":"stepped"},{"time":3.2,"x":0,"y":0,"curve":"stepped"},{"time":3.8666,"x":0,"y":0,"curve":"stepped"},{"time":6.3333,"x":0,"y":0}],"scale":[{"time":0,"x":1,"y":1,"curve":"stepped"},{"time":0.3,"x":1,"y":1,"curve":"stepped"},{"time":1.0666,"x":1,"y":1,"curve":"stepped"},{"time":3.2,"x":1,"y":1,"curve":"stepped"},{"time":3.8666,"x":1,"y":1,"curve":"stepped"},{"time":6.3333,"x":1,"y":1}]},"yindao_scale9_xinshouydk11":{"rotate":[{"time":0,"angle":0,"curve":"stepped"},{"time":0.3,"angle":0,"curve":"stepped"},{"time":1.0666,"angle":0,"curve":"stepped"},{"time":3.2,"angle":0,"curve":"stepped"},{"time":3.8666,"angle":0,"curve":"stepped"},{"time":6.3333,"angle":0}],"translate":[{"time":0,"x":0,"y":0,"curve":"stepped"},{"time":0.3,"x":0,"y":0,"curve":"stepped"},{"time":1.0666,"x":0,"y":0,"curve":"stepped"},{"time":3.2,"x":0,"y":0,"curve":"stepped"},{"time":3.8666,"x":0,"y":0,"curve":"stepped"},{"time":6.3333,"x":0,"y":0}],"scale":[{"time":0,"x":1,"y":1,"curve":"stepped"},{"time":0.3,"x":1,"y":1,"curve":"stepped"},{"time":1.0666,"x":1,"y":1,"curve":"stepped"},{"time":3.2,"x":1,"y":1,"curve":"stepped"},{"time":3.8666,"x":1,"y":1,"curve":"stepped"},{"time":6.3333,"x":1,"y":1}]},"yindao_scale9_xinshouydk12":{"rotate":[{"time":0,"angle":0,"curve":"stepped"},{"time":0.3,"angle":0,"curve":"stepped"},{"time":1.0666,"angle":0,"curve":"stepped"},{"time":3.2,"angle":0,"curve":"stepped"},{"time":3.8666,"angle":0,"curve":"stepped"},{"time":6.3333,"angle":0}],"translate":[{"time":0,"x":0,"y":0,"curve":"stepped"},{"time":0.3,"x":0,"y":0,"curve":"stepped"},{"time":1.0666,"x":0,"y":0,"curve":"stepped"},{"time":3.2,"x":0,"y":0,"curve":"stepped"},{"time":3.8666,"x":0,"y":0,"curve":"stepped"},{"time":6.3333,"x":0,"y":0}],"scale":[{"time":0,"x":1,"y":1,"curve":"stepped"},{"time":0.3,"x":1,"y":1,"curve":"stepped"},{"time":1.0666,"x":1,"y":1,"curve":"stepped"},{"time":3.2,"x":1,"y":1,"curve":"stepped"},{"time":3.8666,"x":1,"y":1,"curve":"stepped"},{"time":6.3333,"x":1,"y":1}]},"yindao_scale9_xinshouydk2":{"rotate":[{"time":0,"angle":0,"curve":"stepped"},{"time":0.3,"angle":0,"curve":"stepped"},{"time":1.0666,"angle":0,"curve":"stepped"},{"time":3.2,"angle":0,"curve":"stepped"},{"time":3.8666,"angle":0,"curve":"stepped"},{"time":6.3333,"angle":0}],"translate":[{"time":0,"x":0,"y":0,"curve":"stepped"},{"time":0.3,"x":0,"y":0,"curve":"stepped"},{"time":1.0666,"x":0,"y":0,"curve":"stepped"},{"time":3.2,"x":0,"y":0,"curve":"stepped"},{"time":3.8666,"x":0,"y":0,"curve":"stepped"},{"time":6.3333,"x":0,"y":0}],"scale":[{"time":0,"x":1,"y":1,"curve":"stepped"},{"time":0.3,"x":1,"y":1,"curve":"stepped"},{"time":1.0666,"x":1,"y":1,"curve":"stepped"},{"time":3.2,"x":1,"y":1,"curve":"stepped"},{"time":3.8666,"x":1,"y":1,"curve":"stepped"},{"time":6.3333,"x":1,"y":1}]},"yindao_scale9_xinshouydk3":{"rotate":[{"time":0,"angle":0,"curve":"stepped"},{"time":0.3,"angle":0,"curve":"stepped"},{"time":1.0666,"angle":0,"curve":"stepped"},{"time":3.2,"angle":0,"curve":"stepped"},{"time":3.8666,"angle":0,"curve":"stepped"},{"time":6.3333,"angle":0}],"translate":[{"time":0,"x":0,"y":0,"curve":"stepped"},{"time":0.3,"x":0,"y":0,"curve":"stepped"},{"time":1.0666,"x":0,"y":0,"curve":"stepped"},{"time":3.2,"x":0,"y":0,"curve":"stepped"},{"time":3.8666,"x":0,"y":0,"curve":"stepped"},{"time":6.3333,"x":0,"y":0}],"scale":[{"time":0,"x":1,"y":1,"curve":"stepped"},{"time":0.3,"x":1,"y":1,"curve":"stepped"},{"time":1.0666,"x":1,"y":1,"curve":"stepped"},{"time":3.2,"x":1,"y":1,"curve":"stepped"},{"time":3.8666,"x":1,"y":1,"curve":"stepped"},{"time":6.3333,"x":1,"y":1}]},"yindao_scale9_xinshouydk4":{"rotate":[{"time":0,"angle":0,"curve":"stepped"},{"time":0.3,"angle":0,"curve":"stepped"},{"time":1.0666,"angle":0,"curve":"stepped"},{"time":3.2,"angle":0,"curve":"stepped"},{"time":3.8666,"angle":0,"curve":"stepped"},{"time":6.3333,"angle":0}],"translate":[{"time":0,"x":0,"y":0,"curve":"stepped"},{"time":0.3,"x":0,"y":0,"curve":"stepped"},{"time":1.0666,"x":0,"y":0,"curve":"stepped"},{"time":3.2,"x":0,"y":0,"curve":"stepped"},{"time":3.8666,"x":0,"y":0,"curve":"stepped"},{"time":6.3333,"x":0,"y":0}],"scale":[{"time":0,"x":1,"y":1,"curve":"stepped"},{"time":0.3,"x":1,"y":1,"curve":"stepped"},{"time":1.0666,"x":1,"y":1,"curve":"stepped"},{"time":3.2,"x":1,"y":1,"curve":"stepped"},{"time":3.8666,"x":1,"y":1,"curve":"stepped"},{"time":6.3333,"x":1,"y":1}]},"yindao_scale9_xinshouydk5":{"rotate":[{"time":0,"angle":0,"curve":"stepped"},{"time":0.3,"angle":0,"curve":"stepped"},{"time":1.0666,"angle":0,"curve":"stepped"},{"time":3.2,"angle":0,"curve":"stepped"},{"time":3.8666,"angle":0,"curve":"stepped"},{"time":6.3333,"angle":0}],"translate":[{"time":0,"x":2.93,"y":1.47,"curve":"stepped"},{"time":0.3,"x":2.93,"y":1.47,"curve":"stepped"},{"time":1.0666,"x":2.93,"y":1.47,"curve":"stepped"},{"time":3.2,"x":2.93,"y":1.47,"curve":"stepped"},{"time":3.8666,"x":2.93,"y":1.47,"curve":"stepped"},{"time":6.3333,"x":2.93,"y":1.47}],"scale":[{"time":0,"x":0.95,"y":0.95,"curve":"stepped"},{"time":0.3,"x":0.95,"y":0.95,"curve":"stepped"},{"time":1.0666,"x":0.95,"y":0.95,"curve":"stepped"},{"time":3.2,"x":0.95,"y":0.95,"curve":"stepped"},{"time":3.8666,"x":0.95,"y":0.95,"curve":"stepped"},{"time":6.3333,"x":0.95,"y":0.95}]},"yindao_scale9_xinshouydk6":{"rotate":[{"time":0,"angle":0,"curve":"stepped"},{"time":0.3,"angle":0,"curve":"stepped"},{"time":1.0666,"angle":0,"curve":"stepped"},{"time":3.2,"angle":0,"curve":"stepped"},{"time":3.8666,"angle":0,"curve":"stepped"},{"time":6.3333,"angle":0}],"translate":[{"time":0,"x":0,"y":0,"curve":"stepped"},{"time":0.3,"x":0,"y":0,"curve":"stepped"},{"time":1.0666,"x":0,"y":0,"curve":"stepped"},{"time":3.2,"x":0,"y":0,"curve":"stepped"},{"time":3.8666,"x":0,"y":0,"curve":"stepped"},{"time":6.3333,"x":0,"y":0}],"scale":[{"time":0,"x":1,"y":1,"curve":"stepped"},{"time":0.3,"x":1,"y":1,"curve":"stepped"},{"time":1.0666,"x":1,"y":1,"curve":"stepped"},{"time":3.2,"x":1,"y":1,"curve":"stepped"},{"time":3.8666,"x":1,"y":1,"curve":"stepped"},{"time":6.3333,"x":1,"y":1}]},"yindao_scale9_xinshouydk7":{"rotate":[{"time":0,"angle":0,"curve":"stepped"},{"time":0.3,"angle":0,"curve":"stepped"},{"time":1.0666,"angle":0,"curve":"stepped"},{"time":3.2,"angle":0,"curve":"stepped"},{"time":3.8666,"angle":0,"curve":"stepped"},{"time":6.3333,"angle":0}],"translate":[{"time":0,"x":0,"y":0,"curve":"stepped"},{"time":0.3,"x":0,"y":0,"curve":"stepped"},{"time":1.0666,"x":0,"y":0,"curve":"stepped"},{"time":3.2,"x":0,"y":0,"curve":"stepped"},{"time":3.8666,"x":0,"y":0,"curve":"stepped"},{"time":6.3333,"x":0,"y":0}],"scale":[{"time":0,"x":1,"y":1,"curve":"stepped"},{"time":0.3,"x":1,"y":1,"curve":"stepped"},{"time":1.0666,"x":1,"y":1,"curve":"stepped"},{"time":3.2,"x":1,"y":1,"curve":"stepped"},{"time":3.8666,"x":1,"y":1,"curve":"stepped"},{"time":6.3333,"x":1,"y":1}]},"yindao_scale9_xinshouydk8":{"rotate":[{"time":0,"angle":0,"curve":"stepped"},{"time":0.3,"angle":0,"curve":"stepped"},{"time":1.0666,"angle":0,"curve":"stepped"},{"time":3.2,"angle":0,"curve":"stepped"},{"time":3.8666,"angle":0,"curve":"stepped"},{"time":6.3333,"angle":0}],"translate":[{"time":0,"x":0,"y":0,"curve":"stepped"},{"time":0.3,"x":0,"y":0,"curve":"stepped"},{"time":1.0666,"x":0,"y":0,"curve":"stepped"},{"time":3.2,"x":0,"y":0,"curve":"stepped"},{"time":3.8666,"x":0,"y":0,"curve":"stepped"},{"time":6.3333,"x":0,"y":0}],"scale":[{"time":0,"x":1,"y":1,"curve":"stepped"},{"time":0.3,"x":1,"y":1,"curve":"stepped"},{"time":1.0666,"x":1,"y":1,"curve":"stepped"},{"time":3.2,"x":1,"y":1,"curve":"stepped"},{"time":3.8666,"x":1,"y":1,"curve":"stepped"},{"time":6.3333,"x":1,"y":1}]},"yindao_scale9_xinshouydk9":{"rotate":[{"time":0,"angle":0,"curve":"stepped"},{"time":0.3,"angle":0,"curve":"stepped"},{"time":1.0666,"angle":0,"curve":"stepped"},{"time":3.2,"angle":0,"curve":"stepped"},{"time":3.8666,"angle":0,"curve":"stepped"},{"time":6.3333,"angle":0}],"translate":[{"time":0,"x":0,"y":0,"curve":"stepped"},{"time":0.3,"x":0,"y":0,"curve":"stepped"},{"time":1.0666,"x":0,"y":0,"curve":"stepped"},{"time":3.2,"x":0,"y":0,"curve":"stepped"},{"time":3.8666,"x":0,"y":0,"curve":"stepped"},{"time":6.3333,"x":0,"y":0}],"scale":[{"time":0,"x":1,"y":1,"curve":"stepped"},{"time":0.3,"x":1,"y":1,"curve":"stepped"},{"time":1.0666,"x":1,"y":1,"curve":"stepped"},{"time":3.2,"x":1,"y":1,"curve":"stepped"},{"time":3.8666,"x":1,"y":1,"curve":"stepped"},{"time":6.3333,"x":1,"y":1}]},"yindao_iphone":{"rotate":[{"time":0,"angle":0,"curve":"stepped"},{"time":0.3,"angle":0,"curve":"stepped"},{"time":1.0666,"angle":0,"curve":"stepped"},{"time":3.2,"angle":0,"curve":"stepped"},{"time":3.8666,"angle":0,"curve":"stepped"},{"time":6.3333,"angle":0}],"translate":[{"time":0,"x":0,"y":0,"curve":"stepped"},{"time":0.3,"x":0,"y":0,"curve":"stepped"},{"time":1.0666,"x":0,"y":0,"curve":"stepped"},{"time":3.2,"x":0,"y":0,"curve":"stepped"},{"time":3.8666,"x":0,"y":0,"curve":"stepped"},{"time":6.3333,"x":0,"y":0}],"scale":[{"time":0,"x":1,"y":1,"curve":"stepped"},{"time":0.3,"x":1,"y":1,"curve":"stepped"},{"time":1.0666,"x":1,"y":1,"curve":"stepped"},{"time":3.2,"x":1,"y":1,"curve":"stepped"},{"time":3.8666,"x":1,"y":1,"curve":"stepped"},{"time":6.3333,"x":1,"y":1}]},"yindao_1":{"rotate":[{"time":0,"angle":0,"curve":"stepped"},{"time":0.3,"angle":0,"curve":"stepped"},{"time":1.0666,"angle":0,"curve":"stepped"},{"time":3.2,"angle":0,"curve":"stepped"},{"time":3.8666,"angle":0,"curve":"stepped"},{"time":6.3333,"angle":0}],"translate":[{"time":0,"x":0,"y":0,"curve":"stepped"},{"time":0.3,"x":0,"y":0,"curve":"stepped"},{"time":1.0666,"x":0,"y":0,"curve":"stepped"},{"time":3.2,"x":0,"y":0,"curve":"stepped"},{"time":3.8666,"x":0,"y":0,"curve":"stepped"},{"time":6.3333,"x":0,"y":0}],"scale":[{"time":0,"x":1,"y":1,"curve":"stepped"},{"time":0.3,"x":1,"y":1,"curve":"stepped"},{"time":1.0666,"x":1,"y":1,"curve":"stepped"},{"time":3.2,"x":1,"y":1,"curve":"stepped"},{"time":3.8666,"x":1,"y":1,"curve":"stepped"},{"time":6.3333,"x":1,"y":1}]},"yindao_10":{"rotate":[{"time":0,"angle":0,"curve":"stepped"},{"time":0.3,"angle":0,"curve":"stepped"},{"time":1.0666,"angle":0,"curve":"stepped"},{"time":3.2,"angle":0,"curve":"stepped"},{"time":3.8666,"angle":0,"curve":"stepped"},{"time":6.3333,"angle":0}],"translate":[{"time":0,"x":0,"y":0,"curve":"stepped"},{"time":0.3,"x":0,"y":0,"curve":"stepped"},{"time":1.0666,"x":0,"y":0,"curve":"stepped"},{"time":3.2,"x":0,"y":0,"curve":"stepped"},{"time":3.8666,"x":0,"y":0,"curve":"stepped"},{"time":6.3333,"x":0,"y":0}],"scale":[{"time":0,"x":1,"y":1,"curve":"stepped"},{"time":0.3,"x":1,"y":1,"curve":"stepped"},{"time":1.0666,"x":1,"y":1,"curve":"stepped"},{"time":3.2,"x":1,"y":1,"curve":"stepped"},{"time":3.8666,"x":1,"y":1,"curve":"stepped"},{"time":6.3333,"x":1,"y":1}]},"yindao_11":{"rotate":[{"time":0,"angle":0,"curve":"stepped"},{"time":0.3,"angle":0,"curve":"stepped"},{"time":1.0666,"angle":0,"curve":"stepped"},{"time":3.2,"angle":0,"curve":"stepped"},{"time":3.8666,"angle":0,"curve":"stepped"},{"time":6.3333,"angle":0}],"translate":[{"time":0,"x":0,"y":0,"curve":"stepped"},{"time":0.3,"x":0,"y":0,"curve":"stepped"},{"time":1.0666,"x":0,"y":0,"curve":"stepped"},{"time":3.2,"x":0,"y":0,"curve":"stepped"},{"time":3.8666,"x":0,"y":0,"curve":"stepped"},{"time":6.3333,"x":0,"y":0}],"scale":[{"time":0,"x":1,"y":1,"curve":"stepped"},{"time":0.3,"x":1,"y":1,"curve":"stepped"},{"time":1.0666,"x":1,"y":1,"curve":"stepped"},{"time":3.2,"x":1,"y":1,"curve":"stepped"},{"time":3.8666,"x":1,"y":1,"curve":"stepped"},{"time":6.3333,"x":1,"y":1}]},"yindao_24":{"rotate":[{"time":0,"angle":0,"curve":"stepped"},{"time":0.3,"angle":0,"curve":"stepped"},{"time":1.0666,"angle":0,"curve":"stepped"},{"time":3.2,"angle":0,"curve":"stepped"},{"time":3.8666,"angle":0,"curve":"stepped"},{"time":6.3333,"angle":0}],"translate":[{"time":0,"x":0,"y":0,"curve":"stepped"},{"time":0.3,"x":0,"y":0,"curve":"stepped"},{"time":1.0666,"x":0,"y":0,"curve":"stepped"},{"time":3.2,"x":0,"y":0,"curve":"stepped"},{"time":3.8666,"x":0,"y":0,"curve":"stepped"},{"time":6.3333,"x":0,"y":0}],"scale":[{"time":0,"x":1,"y":1,"curve":"stepped"},{"time":0.3,"x":1,"y":1,"curve":"stepped"},{"time":1.0666,"x":1,"y":1,"curve":"stepped"},{"time":3.2,"x":1,"y":1,"curve":"stepped"},{"time":3.8666,"x":1,"y":1,"curve":"stepped"},{"time":6.3333,"x":1,"y":1}]},"yindao_25":{"rotate":[{"time":0,"angle":0,"curve":"stepped"},{"time":0.3,"angle":0,"curve":"stepped"},{"time":1.0666,"angle":0,"curve":"stepped"},{"time":3.2,"angle":0,"curve":"stepped"},{"time":3.8666,"angle":0,"curve":"stepped"},{"time":6.3333,"angle":0}],"translate":[{"time":0,"x":0,"y":0,"curve":"stepped"},{"time":0.3,"x":0,"y":0,"curve":"stepped"},{"time":1.0666,"x":0,"y":0,"curve":"stepped"},{"time":3.2,"x":0,"y":0,"curve":"stepped"},{"time":3.8666,"x":0,"y":0,"curve":"stepped"},{"time":6.3333,"x":0,"y":0}],"scale":[{"time":0,"x":1,"y":1,"curve":"stepped"},{"time":0.3,"x":1,"y":1,"curve":"stepped"},{"time":1.0666,"x":1,"y":1,"curve":"stepped"},{"time":3.2,"x":1,"y":1,"curve":"stepped"},{"time":3.8666,"x":1,"y":1,"curve":"stepped"},{"time":6.3333,"x":1,"y":1}]},"yindao_26":{"rotate":[{"time":0,"angle":0,"curve":"stepped"},{"time":0.3,"angle":0,"curve":"stepped"},{"time":1.0666,"angle":0,"curve":"stepped"},{"time":3.2,"angle":0,"curve":"stepped"},{"time":3.8666,"angle":0,"curve":"stepped"},{"time":6.3333,"angle":0}],"translate":[{"time":0,"x":0,"y":0,"curve":"stepped"},{"time":0.3,"x":0,"y":0,"curve":"stepped"},{"time":1.0666,"x":0,"y":0,"curve":"stepped"},{"time":3.2,"x":0,"y":0,"curve":"stepped"},{"time":3.8666,"x":0,"y":0,"curve":"stepped"},{"time":6.3333,"x":0,"y":0}],"scale":[{"time":0,"x":1,"y":1,"curve":"stepped"},{"time":0.3,"x":1,"y":1,"curve":"stepped"},{"time":1.0666,"x":1,"y":1,"curve":"stepped"},{"time":3.2,"x":1,"y":1,"curve":"stepped"},{"time":3.8666,"x":1,"y":1,"curve":"stepped"},{"time":6.3333,"x":1,"y":1}]},"yindao_27":{"rotate":[{"time":0,"angle":0,"curve":"stepped"},{"time":0.3,"angle":0,"curve":"stepped"},{"time":1.0666,"angle":0,"curve":"stepped"},{"time":3.2,"angle":0,"curve":"stepped"},{"time":3.8666,"angle":0,"curve":"stepped"},{"time":6.3333,"angle":0}],"translate":[{"time":0,"x":0,"y":0,"curve":"stepped"},{"time":0.3,"x":0,"y":0,"curve":"stepped"},{"time":1.0666,"x":0,"y":0,"curve":"stepped"},{"time":3.2,"x":0,"y":0,"curve":"stepped"},{"time":3.8666,"x":0,"y":0,"curve":"stepped"},{"time":6.3333,"x":0,"y":0}],"scale":[{"time":0,"x":1,"y":1,"curve":"stepped"},{"time":0.3,"x":1,"y":1,"curve":"stepped"},{"time":1.0666,"x":1,"y":1,"curve":"stepped"},{"time":3.2,"x":1,"y":1,"curve":"stepped"},{"time":3.8666,"x":1,"y":1,"curve":"stepped"},{"time":6.3333,"x":1,"y":1}]},"yindao_28":{"rotate":[{"time":0,"angle":0,"curve":"stepped"},{"time":0.3,"angle":0,"curve":"stepped"},{"time":1.0666,"angle":0,"curve":"stepped"},{"time":3.2,"angle":0,"curve":"stepped"},{"time":3.8666,"angle":0,"curve":"stepped"},{"time":6.3333,"angle":0}],"translate":[{"time":0,"x":0,"y":0,"curve":"stepped"},{"time":0.3,"x":0,"y":0,"curve":"stepped"},{"time":1.0666,"x":0,"y":0,"curve":"stepped"},{"time":3.2,"x":0,"y":0,"curve":"stepped"},{"time":3.8666,"x":0,"y":0,"curve":"stepped"},{"time":6.3333,"x":0,"y":0}],"scale":[{"time":0,"x":1,"y":1,"curve":"stepped"},{"time":0.3,"x":1,"y":1,"curve":"stepped"},{"time":1.0666,"x":1,"y":1,"curve":"stepped"},{"time":3.2,"x":1,"y":1,"curve":"stepped"},{"time":3.8666,"x":1,"y":1,"curve":"stepped"},{"time":6.3333,"x":1,"y":1}]},"yindao_3":{"rotate":[{"time":0,"angle":0,"curve":"stepped"},{"time":0.3,"angle":0,"curve":"stepped"},{"time":1.0666,"angle":0,"curve":"stepped"},{"time":3.2,"angle":0,"curve":"stepped"},{"time":3.8666,"angle":0,"curve":"stepped"},{"time":6.3333,"angle":0}],"translate":[{"time":0,"x":0,"y":0,"curve":"stepped"},{"time":0.3,"x":0,"y":0,"curve":"stepped"},{"time":1.0666,"x":0,"y":0,"curve":"stepped"},{"time":3.2,"x":0,"y":0,"curve":"stepped"},{"time":3.8666,"x":0,"y":0,"curve":"stepped"},{"time":6.3333,"x":0,"y":0}],"scale":[{"time":0,"x":1,"y":1,"curve":"stepped"},{"time":0.3,"x":1,"y":1,"curve":"stepped"},{"time":1.0666,"x":1,"y":1,"curve":"stepped"},{"time":3.2,"x":1,"y":1,"curve":"stepped"},{"time":3.8666,"x":1,"y":1,"curve":"stepped"},{"time":6.3333,"x":1,"y":1}]},"yindao_30":{"rotate":[{"time":0,"angle":0,"curve":"stepped"},{"time":0.3,"angle":0,"curve":"stepped"},{"time":1.0666,"angle":0,"curve":"stepped"},{"time":3.2,"angle":0,"curve":"stepped"},{"time":3.8666,"angle":0,"curve":"stepped"},{"time":6.3333,"angle":0}],"translate":[{"time":0,"x":0,"y":0,"curve":"stepped"},{"time":0.3,"x":0,"y":0,"curve":"stepped"},{"time":1.0666,"x":0,"y":0,"curve":"stepped"},{"time":3.2,"x":0,"y":0,"curve":"stepped"},{"time":3.8666,"x":0,"y":0,"curve":"stepped"},{"time":6.3333,"x":0,"y":0}],"scale":[{"time":0,"x":1,"y":1,"curve":"stepped"},{"time":0.3,"x":1,"y":1,"curve":"stepped"},{"time":1.0666,"x":1,"y":1,"curve":"stepped"},{"time":3.2,"x":1,"y":1,"curve":"stepped"},{"time":3.8666,"x":1,"y":1,"curve":"stepped"},{"time":6.3333,"x":1,"y":1}]},"yindao_31":{"rotate":[{"time":0,"angle":0,"curve":"stepped"},{"time":0.3,"angle":0,"curve":"stepped"},{"time":1.0666,"angle":0,"curve":"stepped"},{"time":3.2,"angle":0,"curve":"stepped"},{"time":3.8666,"angle":0,"curve":"stepped"},{"time":6.3333,"angle":0}],"translate":[{"time":0,"x":0,"y":0,"curve":"stepped"},{"time":0.3,"x":0,"y":0,"curve":"stepped"},{"time":1.0666,"x":0,"y":0,"curve":"stepped"},{"time":3.2,"x":0,"y":0,"curve":"stepped"},{"time":3.8666,"x":0,"y":0,"curve":"stepped"},{"time":6.3333,"x":0,"y":0}],"scale":[{"time":0,"x":1,"y":1,"curve":"stepped"},{"time":0.3,"x":1,"y":1,"curve":"stepped"},{"time":1.0666,"x":1,"y":1,"curve":"stepped"},{"time":3.2,"x":1,"y":1,"curve":"stepped"},{"time":3.8666,"x":1,"y":1,"curve":"stepped"},{"time":6.3333,"x":1,"y":1}]},"yindao_monster":{"rotate":[{"time":0,"angle":0,"curve":"stepped"},{"time":0.3,"angle":0,"curve":"stepped"},{"time":1.0666,"angle":0,"curve":"stepped"},{"time":3.2,"angle":0,"curve":"stepped"},{"time":3.8666,"angle":0,"curve":"stepped"},{"time":6.3333,"angle":0}],"translate":[{"time":0,"x":0,"y":0,"curve":"stepped"},{"time":0.3,"x":0,"y":0,"curve":"stepped"},{"time":1.0666,"x":0,"y":0,"curve":"stepped"},{"time":3.2,"x":0,"y":0,"curve":"stepped"},{"time":3.8666,"x":0,"y":0,"curve":"stepped"},{"time":6.3333,"x":0,"y":0}],"scale":[{"time":0,"x":1,"y":1,"curve":"stepped"},{"time":0.3,"x":1,"y":1,"curve":"stepped"},{"time":1.0666,"x":1,"y":1,"curve":"stepped"},{"time":3.2,"x":1,"y":1,"curve":"stepped"},{"time":3.8666,"x":1,"y":1,"curve":"stepped"},{"time":6.3333,"x":1,"y":1}]},"yindao_boy":{"rotate":[{"time":0,"angle":0,"curve":"stepped"},{"time":0.3,"angle":0,"curve":"stepped"},{"time":1.0666,"angle":0,"curve":"stepped"},{"time":3.2,"angle":0,"curve":"stepped"},{"time":3.8666,"angle":0,"curve":"stepped"},{"time":6.3333,"angle":0}],"translate":[{"time":0,"x":0,"y":0,"curve":"stepped"},{"time":0.3,"x":0,"y":0,"curve":"stepped"},{"time":1.0666,"x":0,"y":0,"curve":"stepped"},{"time":3.2,"x":0,"y":0,"curve":"stepped"},{"time":3.8666,"x":0,"y":0,"curve":"stepped"},{"time":6.3333,"x":0,"y":0}],"scale":[{"time":0,"x":1,"y":1,"curve":"stepped"},{"time":0.3,"x":1,"y":1,"curve":"stepped"},{"time":1.0666,"x":1,"y":1,"curve":"stepped"},{"time":3.2,"x":1,"y":1,"curve":"stepped"},{"time":3.8666,"x":1,"y":1,"curve":"stepped"},{"time":6.3333,"x":1,"y":1}]},"yindao_34":{"rotate":[{"time":0,"angle":0,"curve":"stepped"},{"time":0.3,"angle":0,"curve":"stepped"},{"time":1.0666,"angle":0,"curve":"stepped"},{"time":3.2,"angle":0,"curve":"stepped"},{"time":3.8666,"angle":0,"curve":"stepped"},{"time":6.3333,"angle":0}],"translate":[{"time":0,"x":0,"y":0,"curve":"stepped"},{"time":0.3,"x":0,"y":0,"curve":"stepped"},{"time":1.0666,"x":0,"y":0,"curve":"stepped"},{"time":3.2,"x":0,"y":0,"curve":"stepped"},{"time":3.8666,"x":0,"y":0,"curve":"stepped"},{"time":6.3333,"x":0,"y":0}],"scale":[{"time":0,"x":1,"y":1,"curve":"stepped"},{"time":0.3,"x":1,"y":1,"curve":"stepped"},{"time":1.0666,"x":1,"y":1,"curve":"stepped"},{"time":3.2,"x":1,"y":1,"curve":"stepped"},{"time":3.8666,"x":1,"y":1,"curve":"stepped"},{"time":6.3333,"x":1,"y":1}]},"yindao_35":{"rotate":[{"time":0,"angle":0,"curve":"stepped"},{"time":0.3,"angle":0,"curve":"stepped"},{"time":1.0666,"angle":0,"curve":"stepped"},{"time":3.2,"angle":0,"curve":"stepped"},{"time":3.8666,"angle":0,"curve":"stepped"},{"time":6.3333,"angle":0}],"translate":[{"time":0,"x":0,"y":0,"curve":"stepped"},{"time":0.3,"x":0,"y":0,"curve":"stepped"},{"time":1.0666,"x":0,"y":0,"curve":"stepped"},{"time":3.2,"x":0,"y":0,"curve":"stepped"},{"time":3.8666,"x":0,"y":0,"curve":"stepped"},{"time":6.3333,"x":0,"y":0}],"scale":[{"time":0,"x":1,"y":1,"curve":"stepped"},{"time":0.3,"x":1,"y":1,"curve":"stepped"},{"time":1.0666,"x":1,"y":1,"curve":"stepped"},{"time":3.2,"x":1,"y":1,"curve":"stepped"},{"time":3.8666,"x":1,"y":1,"curve":"stepped"},{"time":6.3333,"x":1,"y":1}]},"yindao_4":{"rotate":[{"time":0,"angle":0,"curve":"stepped"},{"time":0.3,"angle":0,"curve":"stepped"},{"time":1.0666,"angle":0,"curve":"stepped"},{"time":3.2,"angle":0,"curve":"stepped"},{"time":3.8666,"angle":0,"curve":"stepped"},{"time":6.3333,"angle":0}],"translate":[{"time":0,"x":0,"y":0,"curve":"stepped"},{"time":0.3,"x":0,"y":0,"curve":"stepped"},{"time":1.0666,"x":0,"y":0,"curve":"stepped"},{"time":3.2,"x":0,"y":0,"curve":"stepped"},{"time":3.8666,"x":0,"y":0,"curve":"stepped"},{"time":6.3333,"x":0,"y":0}],"scale":[{"time":0,"x":1,"y":1,"curve":"stepped"},{"time":0.3,"x":1,"y":1,"curve":"stepped"},{"time":1.0666,"x":1,"y":1,"curve":"stepped"},{"time":3.2,"x":1,"y":1,"curve":"stepped"},{"time":3.8666,"x":1,"y":1,"curve":"stepped"},{"time":6.3333,"x":1,"y":1}]},"yindao_6":{"rotate":[{"time":0,"angle":0,"curve":"stepped"},{"time":0.3,"angle":0,"curve":"stepped"},{"time":1.0666,"angle":0,"curve":"stepped"},{"time":3.2,"angle":0,"curve":"stepped"},{"time":3.8666,"angle":0,"curve":"stepped"},{"time":6.3333,"angle":0}],"translate":[{"time":0,"x":0,"y":0,"curve":"stepped"},{"time":0.3,"x":0,"y":0,"curve":"stepped"},{"time":1.0666,"x":0,"y":0,"curve":"stepped"},{"time":3.2,"x":0,"y":0,"curve":"stepped"},{"time":3.8666,"x":0,"y":0,"curve":"stepped"},{"time":6.3333,"x":0,"y":0}],"scale":[{"time":0,"x":1,"y":1,"curve":"stepped"},{"time":0.3,"x":1,"y":1,"curve":"stepped"},{"time":1.0666,"x":1,"y":1,"curve":"stepped"},{"time":3.2,"x":1,"y":1,"curve":"stepped"},{"time":3.8666,"x":1,"y":1,"curve":"stepped"},{"time":6.3333,"x":1,"y":1}]},"yindao_44":{"rotate":[{"time":0,"angle":0,"curve":"stepped"},{"time":0.3,"angle":0,"curve":"stepped"},{"time":1.0666,"angle":0,"curve":"stepped"},{"time":3.2,"angle":0,"curve":"stepped"},{"time":3.8666,"angle":0,"curve":"stepped"},{"time":6.3333,"angle":0}],"translate":[{"time":0,"x":0,"y":0,"curve":"stepped"},{"time":0.3,"x":0,"y":0,"curve":"stepped"},{"time":1.0666,"x":0,"y":0,"curve":"stepped"},{"time":3.2,"x":0,"y":0,"curve":"stepped"},{"time":3.8666,"x":0,"y":0,"curve":"stepped"},{"time":6.3333,"x":0,"y":0}],"scale":[{"time":0,"x":1,"y":1,"curve":"stepped"},{"time":0.3,"x":1,"y":1,"curve":"stepped"},{"time":1.0666,"x":1,"y":1,"curve":"stepped"},{"time":3.2,"x":1,"y":1,"curve":"stepped"},{"time":3.8666,"x":1,"y":1,"curve":"stepped"},{"time":6.3333,"x":1,"y":1}]},"yindao_66":{"rotate":[{"time":0,"angle":0,"curve":"stepped"},{"time":0.3,"angle":0,"curve":"stepped"},{"time":1.0666,"angle":0,"curve":"stepped"},{"time":3.2,"angle":0,"curve":"stepped"},{"time":3.8666,"angle":0,"curve":"stepped"},{"time":6.3333,"angle":0}],"translate":[{"time":0,"x":0,"y":0,"curve":"stepped"},{"time":0.3,"x":0,"y":0,"curve":"stepped"},{"time":1.0666,"x":0,"y":0,"curve":"stepped"},{"time":3.2,"x":0,"y":0,"curve":"stepped"},{"time":3.8666,"x":0,"y":0,"curve":"stepped"},{"time":6.3333,"x":0,"y":0}],"scale":[{"time":0,"x":1,"y":1,"curve":"stepped"},{"time":0.3,"x":1,"y":1,"curve":"stepped"},{"time":1.0666,"x":1,"y":1,"curve":"stepped"},{"time":3.2,"x":1,"y":1,"curve":"stepped"},{"time":3.8666,"x":1,"y":1,"curve":"stepped"},{"time":6.3333,"x":1,"y":1}]},"yindao_55":{"rotate":[{"time":0,"angle":0,"curve":"stepped"},{"time":0.3,"angle":0,"curve":"stepped"},{"time":1.0666,"angle":0,"curve":"stepped"},{"time":3.2,"angle":0,"curve":"stepped"},{"time":3.8666,"angle":0,"curve":"stepped"},{"time":6.3333,"angle":0}],"translate":[{"time":0,"x":0,"y":0,"curve":"stepped"},{"time":0.3,"x":0,"y":0,"curve":"stepped"},{"time":1.0666,"x":0,"y":0,"curve":"stepped"},{"time":3.2,"x":0,"y":0,"curve":"stepped"},{"time":3.8666,"x":0,"y":0,"curve":"stepped"},{"time":6.3333,"x":0,"y":0}],"scale":[{"time":0,"x":1,"y":1,"curve":"stepped"},{"time":0.3,"x":1,"y":1,"curve":"stepped"},{"time":1.0666,"x":1,"y":1,"curve":"stepped"},{"time":3.2,"x":1,"y":1,"curve":"stepped"},{"time":3.8666,"x":1,"y":1,"curve":"stepped"},{"time":6.3333,"x":1,"y":1}]},"yindao_33":{"rotate":[{"time":0,"angle":0,"curve":"stepped"},{"time":0.3,"angle":0,"curve":"stepped"},{"time":1.0666,"angle":0,"curve":"stepped"},{"time":3.2,"angle":0,"curve":"stepped"},{"time":3.8666,"angle":0,"curve":"stepped"},{"time":6.3333,"angle":0}],"translate":[{"time":0,"x":0,"y":0,"curve":"stepped"},{"time":0.3,"x":0,"y":0,"curve":"stepped"},{"time":1.0666,"x":0,"y":0,"curve":"stepped"},{"time":3.2,"x":0,"y":0,"curve":"stepped"},{"time":3.8666,"x":0,"y":0,"curve":"stepped"},{"time":6.3333,"x":0,"y":0}],"scale":[{"time":0,"x":1,"y":1,"curve":"stepped"},{"time":0.3,"x":1,"y":1,"curve":"stepped"},{"time":1.0666,"x":1,"y":1,"curve":"stepped"},{"time":3.2,"x":1,"y":1,"curve":"stepped"},{"time":3.8666,"x":1,"y":1,"curve":"stepped"},{"time":6.3333,"x":1,"y":1}]},"yindao_22":{"rotate":[{"time":0,"angle":0,"curve":"stepped"},{"time":0.3,"angle":0,"curve":"stepped"},{"time":1.0666,"angle":0,"curve":"stepped"},{"time":3.2,"angle":0,"curve":"stepped"},{"time":3.8666,"angle":0,"curve":"stepped"},{"time":6.3333,"angle":0}],"translate":[{"time":0,"x":0,"y":0,"curve":"stepped"},{"time":0.3,"x":0,"y":0,"curve":"stepped"},{"time":1.0666,"x":0,"y":0,"curve":"stepped"},{"time":3.2,"x":0,"y":0,"curve":"stepped"},{"time":3.8666,"x":0,"y":0,"curve":"stepped"},{"time":6.3333,"x":0,"y":0}],"scale":[{"time":0,"x":1,"y":1,"curve":"stepped"},{"time":0.3,"x":1,"y":1,"curve":"stepped"},{"time":1.0666,"x":1,"y":1,"curve":"stepped"},{"time":3.2,"x":1,"y":1,"curve":"stepped"},{"time":3.8666,"x":1,"y":1,"curve":"stepped"},{"time":6.3333,"x":1,"y":1}]},"yindao_111":{"rotate":[{"time":0,"angle":0,"curve":"stepped"},{"time":0.3,"angle":0,"curve":"stepped"},{"time":1.0666,"angle":0,"curve":"stepped"},{"time":3.2,"angle":0,"curve":"stepped"},{"time":3.8666,"angle":0,"curve":"stepped"},{"time":6.3333,"angle":0}],"translate":[{"time":0,"x":0,"y":0,"curve":"stepped"},{"time":0.3,"x":0,"y":0,"curve":"stepped"},{"time":1.0666,"x":0,"y":0,"curve":"stepped"},{"time":3.2,"x":0,"y":0,"curve":"stepped"},{"time":3.8666,"x":0,"y":0,"curve":"stepped"},{"time":6.3333,"x":0,"y":0}],"scale":[{"time":0,"x":1,"y":1,"curve":"stepped"},{"time":0.3,"x":1,"y":1,"curve":"stepped"},{"time":1.0666,"x":1,"y":1,"curve":"stepped"},{"time":3.2,"x":1,"y":1,"curve":"stepped"},{"time":3.8666,"x":1,"y":1,"curve":"stepped"},{"time":6.3333,"x":1,"y":1}]},"yindao_7":{"rotate":[{"time":0,"angle":0,"curve":"stepped"},{"time":3.2,"angle":0,"curve":"stepped"},{"time":3.8666,"angle":0}],"translate":[{"time":0,"x":0,"y":0,"curve":"stepped"},{"time":3.2,"x":0,"y":0,"curve":"stepped"},{"time":3.8666,"x":0,"y":0}],"scale":[{"time":0,"x":1,"y":1,"curve":"stepped"},{"time":3.2,"x":1,"y":1,"curve":"stepped"},{"time":3.8666,"x":1,"y":1}]},"yindao_scale9_xinshouydk15":{"rotate":[{"time":0,"angle":0,"curve":"stepped"},{"time":3.2,"angle":0,"curve":"stepped"},{"time":3.8666,"angle":0}],"translate":[{"time":0,"x":0,"y":0,"curve":"stepped"},{"time":3.2,"x":0,"y":0,"curve":"stepped"},{"time":3.8666,"x":0,"y":0}],"scale":[{"time":0,"x":1,"y":1,"curve":"stepped"},{"time":3.2,"x":1,"y":1,"curve":"stepped"},{"time":3.8666,"x":1,"y":1}]},"yindao_scale9_xinshouydk13":{"rotate":[{"time":0,"angle":0,"curve":"stepped"},{"time":3.2,"angle":0,"curve":"stepped"},{"time":3.8666,"angle":0}],"translate":[{"time":0,"x":0,"y":0,"curve":"stepped"},{"time":3.2,"x":0,"y":0,"curve":"stepped"},{"time":3.8666,"x":0,"y":0}],"scale":[{"time":0,"x":1,"y":1,"curve":"stepped"},{"time":3.2,"x":1,"y":1,"curve":"stepped"},{"time":3.8666,"x":1,"y":1}]},"yindao_scale9_xinshouydk14":{"rotate":[{"time":0,"angle":0,"curve":"stepped"},{"time":3.2,"angle":0,"curve":"stepped"},{"time":3.8666,"angle":0}],"translate":[{"time":0,"x":0,"y":0,"curve":"stepped"},{"time":3.2,"x":0,"y":0,"curve":"stepped"},{"time":3.8666,"x":0,"y":0}],"scale":[{"time":0,"x":1,"y":1,"curve":"stepped"},{"time":3.2,"x":1,"y":1,"curve":"stepped"},{"time":3.8666,"x":1,"y":1}]}}}}}