{"skeleton":{"hash":"spui9oa1/zCvGeCJoUG0JtYwAP4","spine":"2.1.27","width":604.66,"height":200.88},"bones":[{"name":"root"},{"name":"fail2_fu","parent":"root","length":55,"x":4.36,"y":491.07,"rotation":-89.09},{"name":"fail2_zi","parent":"root","length":70.33,"x":2.18,"y":544.67,"rotation":90},{"name":"fail2_laba3","parent":"fail2_fu","length":94.06,"x":2.69,"y":170.48,"rotation":124.41},{"name":"fail2_laba4","parent":"fail2_fu","length":87.75,"x":-10.67,"y":-203.21,"rotation":-124.93}],"slots":[{"name":"fail2_laba4","bone":"fail2_laba4","attachment":"fail2_laba1"},{"name":"fail2_laba2","bone":"fail2_laba3","attachment":"fail2_laba2"},{"name":"fail2_fu","bone":"fail2_fu","attachment":"fail2_fu"},{"name":"fail2_zi","bone":"fail2_zi","attachment":"fail2_zi"}],"skins":{"default":{"fail2_fu":{"fail2_fu":{"x":16.35,"y":-4.13,"rotation":89.09,"width":520,"height":151}},"fail2_laba2":{"fail2_laba2":{"x":68.1,"y":-1.25,"rotation":-35.31,"width":138,"height":117}},"fail2_laba4":{"fail2_laba1":{"x":49.88,"y":-8.75,"rotation":-145.97,"width":138,"height":113}},"fail2_zi":{"fail2_zi":{"x":-5.62,"y":-0.37,"rotation":-90,"width":322,"height":122}}}},"animations":{"fail":{"slots":{"fail2_fu":{"color":[{"time":0,"color":"ffffff00","curve":[0.25,0,0.75,1]},{"time":0.0666,"color":"ffffffee","curve":[0.25,0,0.75,1]},{"time":0.2333,"color":"ffffffff","curve":"stepped"},{"time":1,"color":"ffffffff"}]},"fail2_laba2":{"color":[{"time":0,"color":"ffffff00","curve":[0.25,0,0.75,1]},{"time":0.0666,"color":"ffffffff","curve":"stepped"},{"time":0.2333,"color":"ffffffff"}]},"fail2_laba4":{"color":[{"time":0,"color":"ffffff00","curve":[0.25,0,0.75,1]},{"time":0.0666,"color":"ffffffff","curve":"stepped"},{"time":0.2333,"color":"ffffffff"}]},"fail2_zi":{"color":[{"time":0,"color":"ffffff00","curve":[0.25,0,0.75,1]},{"time":0.0666,"color":"ffffff86","curve":[0.25,0,0.75,1]},{"time":0.2333,"color":"ffffffff","curve":"stepped"},{"time":1,"color":"ffffffff"}]}},"bones":{"fail2_fu":{"rotate":[{"time":0,"angle":-0.45,"curve":[0.25,0,0.75,1]},{"time":0.0666,"angle":-0.39,"curve":[0.25,0,0.75,1]},{"time":0.2333,"angle":0,"curve":"stepped"},{"time":1,"angle":0}],"translate":[{"time":0,"x":0,"y":0,"curve":"stepped"},{"time":0.0666,"x":0,"y":0,"curve":"stepped"},{"time":0.2333,"x":0,"y":0,"curve":"stepped"},{"time":1,"x":0,"y":0}],"scale":[{"time":0,"x":0.7,"y":0.5,"curve":[0.25,0,0.75,1]},{"time":0.0666,"x":0.827,"y":0.669,"curve":[0.25,0,0.75,1]},{"time":0.2333,"x":1,"y":1,"curve":"stepped"},{"time":1,"x":1,"y":1}]},"fail2_zi":{"rotate":[{"time":0,"angle":0,"curve":"stepped"},{"time":0.2333,"angle":0,"curve":"stepped"},{"time":0.3333,"angle":0,"curve":"stepped"},{"time":1,"angle":0}],"translate":[{"time":0,"x":2.18,"y":-41.59,"curve":[0.25,0,0.75,1]},{"time":0.0666,"x":2.18,"y":-12.42,"curve":[0.25,0,0.75,1]},{"time":0.2333,"x":-0.53,"y":3.17,"curve":[0.25,0,0.75,1]},{"time":0.3333,"x":0,"y":0,"curve":"stepped"},{"time":1,"x":0,"y":0}],"scale":[{"time":0,"x":0.199,"y":0.199,"curve":[0.25,0,0.75,1]},{"time":0.0666,"x":0.46,"y":0.42,"curve":[0.25,0,0.75,1]},{"time":0.2333,"x":1.06,"y":1.06,"curve":[0.25,0,0.75,1]},{"time":0.3333,"x":1,"y":1,"curve":"stepped"},{"time":1,"x":1,"y":1}]},"fail2_laba3":{"rotate":[{"time":0,"angle":0,"curve":"stepped"},{"time":1,"angle":0}],"translate":[{"time":0,"x":0,"y":0,"curve":"stepped"},{"time":1,"x":0,"y":0}],"scale":[{"time":0,"x":1,"y":1,"curve":"stepped"},{"time":1,"x":1,"y":1}]},"fail2_laba4":{"rotate":[{"time":0,"angle":0,"curve":"stepped"},{"time":1,"angle":0}],"translate":[{"time":0,"x":0,"y":0,"curve":"stepped"},{"time":1,"x":0,"y":0}],"scale":[{"time":0,"x":1,"y":1,"curve":"stepped"},{"time":1,"x":1,"y":1}]}}}}}