{"skeleton":{"hash":"F88QDA06YxSdzq2XNTzIwK3LbiA","spine":"2.1.27","width":519,"height":177.95},"bones":[{"name":"root"},{"name":"bone","parent":"root","x":-121.43,"y":482.33},{"name":"caidai","parent":"root","length":132.33,"x":-541.28,"y":659.61,"scaleX":8,"scaleY":8,"rotation":41.95},{"name":"caidai2","parent":"root","length":132.33,"x":382.71,"y":354.67,"scaleX":5,"scaleY":-5,"rotation":96.38},{"name":"images/victory_fu","parent":"root","x":-12.38,"y":491.65},{"name":"images/victory_laba1","parent":"root","length":106.43,"x":-135.29,"y":497.12,"scaleX":0.5,"scaleY":0.5,"rotation":150.1},{"name":"images/victory_laba2","parent":"root","length":113.92,"x":118.47,"y":474.64,"scaleX":0.5,"scaleY":0.5,"rotation":35.02},{"name":"images/victory_star4","parent":"root","x":4.09,"y":493.16},{"name":"images/victory_zi","parent":"root","x":0.4,"y":491.95},{"name":"lizi-z3","parent":"root","x":320.2,"y":-4.37},{"name":"lizi7","parent":"lizi-z3","length":40.22,"x":-120.18,"y":468.63,"scaleX":2.5,"scaleY":2.5},{"name":"lizi8","parent":"lizi-z3","length":40.22,"x":-163.88,"y":521.95,"scaleX":-2.5,"scaleY":-2.5},{"name":"lizi9","parent":"lizi-z3","length":40.22,"x":-194.12,"y":456.93,"scaleX":-2.5,"scaleY":2.5}],"slots":[{"name":"images/victory_laba1","bone":"images/victory_laba1","attachment":"images/victory_laba1"},{"name":"images/victory_laba2","bone":"images/victory_laba2","attachment":"images/victory_laba2"},{"name":"images/victory_fu","bone":"images/victory_fu","attachment":"images/victory_fu"},{"name":"images/lizi/lizi_6","bone":"lizi7","blend":"additive"},{"name":"images/lizi/lizi_7","bone":"lizi8","blend":"additive"},{"name":"images/lizi/lizi_8","bone":"lizi9","blend":"additive"},{"name":"images/victory_star2","bone":"images/victory_star4","attachment":"images/victory_star2"},{"name":"images/caidai/caidai_00001","bone":"caidai","blend":"additive"},{"name":"images/caidai/caidai_1","bone":"caidai2","blend":"additive"},{"name":"images/victory_zi","bone":"images/victory_zi"}],"skins":{"default":{"images/caidai/caidai_00001":{"images/caidai/caidai_00001":{"rotation":-41.95,"width":146,"height":107},"images/caidai/caidai_00003":{"rotation":-41.95,"width":146,"height":107},"images/caidai/caidai_00005":{"rotation":303.79,"width":146,"height":107},"images/caidai/caidai_00007":{"rotation":303.79,"width":146,"height":107},"images/caidai/caidai_00009":{"rotation":-56.2,"width":146,"height":107},"images/caidai/caidai_00011":{"rotation":-56.2,"width":146,"height":107},"images/caidai/caidai_00013":{"rotation":-56.2,"width":146,"height":107},"images/caidai/caidai_00015":{"rotation":-56.2,"width":146,"height":107},"images/caidai/caidai_00017":{"rotation":-56.2,"width":146,"height":107},"images/caidai/caidai_00019":{"rotation":-56.2,"width":146,"height":107},"images/caidai/caidai_00021":{"rotation":-56.2,"width":146,"height":107},"images/caidai/caidai_00023":{"rotation":-56.2,"width":146,"height":107},"images/caidai/caidai_00025":{"rotation":-56.2,"width":146,"height":107},"images/caidai/caidai_00027":{"rotation":-56.2,"width":146,"height":107},"images/caidai/caidai_00029":{"rotation":-56.2,"width":146,"height":107}},"images/caidai/caidai_1":{"images/caidai/caidai_00001":{"scaleY":-1,"rotation":-96.38,"width":146,"height":107},"images/caidai/caidai_00003":{"scaleY":-1,"rotation":-96.38,"width":146,"height":107},"images/caidai/caidai_00005":{"rotation":-56.2,"width":146,"height":107},"images/caidai/caidai_00007":{"rotation":-56.2,"width":146,"height":107},"images/caidai/caidai_00009":{"rotation":-56.2,"width":146,"height":107},"images/caidai/caidai_00011":{"rotation":-56.2,"width":146,"height":107},"images/caidai/caidai_00013":{"rotation":-56.2,"width":146,"height":107},"images/caidai/caidai_00015":{"rotation":-56.2,"width":146,"height":107},"images/caidai/caidai_00017":{"rotation":-56.2,"width":146,"height":107},"images/caidai/caidai_00019":{"rotation":-56.2,"width":146,"height":107},"images/caidai/caidai_00021":{"rotation":-56.2,"width":146,"height":107},"images/caidai/caidai_00023":{"rotation":-56.2,"width":146,"height":107},"images/caidai/caidai_00025":{"rotation":-56.2,"width":146,"height":107},"images/caidai/caidai_00027":{"rotation":-56.2,"width":146,"height":107},"images/caidai/caidai_00029":{"rotation":-56.2,"width":146,"height":107}},"images/lizi/lizi_6":{"images/lizi/lizi_00004":{"width":151,"height":141},"images/lizi/lizi_00005":{"width":151,"height":141},"images/lizi/lizi_00006":{"width":151,"height":141},"images/lizi/lizi_00007":{"width":151,"height":141},"images/lizi/lizi_00008":{"width":151,"height":141},"images/lizi/lizi_00009":{"width":151,"height":141},"images/lizi/lizi_00010":{"width":151,"height":141},"images/lizi/lizi_00011":{"width":151,"height":141},"images/lizi/lizi_00012":{"width":151,"height":141},"images/lizi/lizi_00013":{"width":151,"height":141}},"images/lizi/lizi_7":{"images/lizi/lizi_00006":{"width":151,"height":141},"images/lizi/lizi_00007":{"width":151,"height":141},"images/lizi/lizi_00008":{"width":151,"height":141},"images/lizi/lizi_00009":{"width":151,"height":141},"images/lizi/lizi_00010":{"width":151,"height":141},"images/lizi/lizi_00011":{"width":151,"height":141},"images/lizi/lizi_00012":{"width":151,"height":141},"images/lizi/lizi_00013":{"width":151,"height":141}},"images/lizi/lizi_8":{"images/lizi/lizi_00005":{"width":151,"height":141},"images/lizi/lizi_00006":{"width":151,"height":141},"images/lizi/lizi_00007":{"width":151,"height":141},"images/lizi/lizi_00008":{"width":151,"height":141},"images/lizi/lizi_00009":{"width":151,"height":141},"images/lizi/lizi_00010":{"width":151,"height":141},"images/lizi/lizi_00011":{"width":151,"height":141},"images/lizi/lizi_00012":{"width":151,"height":141},"images/lizi/lizi_00013":{"width":151,"height":141}},"images/victory_fu":{"images/victory_fu":{"x":4.87,"y":-33.07,"width":519,"height":155}},"images/victory_laba1":{"images/victory_laba1":{"x":54.93,"y":1.27,"rotation":-150.1,"width":176,"height":175}},"images/victory_laba2":{"images/victory_laba2":{"x":64.22,"y":-7.36,"rotation":-35.02,"width":178,"height":178}},"images/victory_star2":{"images/victory_star2":{"x":-8.48,"y":16.36,"width":200,"height":99}},"images/victory_zi":{"images/victory_zi":{"x":-2.62,"y":1.64,"width":200,"height":99}}}},"animations":{"over":{"slots":{"images/lizi/lizi_6":{"attachment":[{"time":0.5666,"name":"images/lizi/lizi_00004"},{"time":0.6,"name":"images/lizi/lizi_00005"},{"time":0.6333,"name":"images/lizi/lizi_00006"},{"time":0.6666,"name":"images/lizi/lizi_00007"},{"time":0.7,"name":"images/lizi/lizi_00008"},{"time":0.7333,"name":"images/lizi/lizi_00009"},{"time":0.7666,"name":"images/lizi/lizi_00010"},{"time":0.8,"name":"images/lizi/lizi_00011"},{"time":0.8333,"name":"images/lizi/lizi_00012"},{"time":0.8666,"name":"images/lizi/lizi_00013"},{"time":0.9,"name":null}]},"images/lizi/lizi_7":{"attachment":[{"time":0.5666,"name":"images/lizi/lizi_00006"},{"time":0.6,"name":"images/lizi/lizi_00007"},{"time":0.6333,"name":"images/lizi/lizi_00008"},{"time":0.6666,"name":"images/lizi/lizi_00009"},{"time":0.7,"name":"images/lizi/lizi_00010"},{"time":0.7333,"name":"images/lizi/lizi_00011"},{"time":0.7666,"name":"images/lizi/lizi_00012"},{"time":0.8,"name":"images/lizi/lizi_00013"},{"time":0.8333,"name":null}]},"images/lizi/lizi_8":{"attachment":[{"time":0.5666,"name":"images/lizi/lizi_00005"},{"time":0.6,"name":"images/lizi/lizi_00006"},{"time":0.6333,"name":"images/lizi/lizi_00007"},{"time":0.6666,"name":"images/lizi/lizi_00008"},{"time":0.7,"name":"images/lizi/lizi_00009"},{"time":0.7333,"name":"images/lizi/lizi_00010"},{"time":0.7666,"name":"images/lizi/lizi_00011"},{"time":0.8,"name":"images/lizi/lizi_00012"},{"time":0.8333,"name":"images/lizi/lizi_00013"},{"time":0.8666,"name":null}]},"images/victory_fu":{"color":[{"time":0,"color":"ffffff12","curve":[0.25,0,0.75,1]},{"time":0.0333,"color":"ffffff99"},{"time":0.0666,"color":"ffffffe0"},{"time":0.1,"color":"ffffffff"}]},"images/victory_laba1":{"color":[{"time":0,"color":"ffffff00","curve":"stepped"},{"time":0.1666,"color":"ffffff00","curve":[0.264,0,0.617,0.42]},{"time":0.2,"color":"ffffff5a","curve":[0.351,0.4,0.756,1]},{"time":0.2666,"color":"ffffffff"}]},"images/victory_laba2":{"color":[{"time":0,"color":"ffffff00","curve":"stepped"},{"time":0.1333,"color":"ffffff00","curve":[0.25,0,0.75,1]},{"time":0.1666,"color":"ffffff35","curve":[0.264,0,0.617,0.42]},{"time":0.2,"color":"ffffff00","curve":[0.351,0.4,0.756,1]},{"time":0.2666,"color":"ffffffff","curve":"stepped"},{"time":0.4,"color":"ffffffff","curve":"stepped"},{"time":0.5333,"color":"ffffffff","curve":"stepped"},{"time":0.5666,"color":"ffffffff","curve":"stepped"},{"time":0.6333,"color":"ffffffff"}]},"images/victory_star2":{"color":[{"time":0,"color":"ffffff00","curve":"stepped"},{"time":0.4666,"color":"ffffff00","curve":[0.25,0,0.75,1]},{"time":0.5333,"color":"ffffffff","curve":"stepped"},{"time":0.5666,"color":"ffffffff","curve":"stepped"},{"time":0.6333,"color":"ffffffff","curve":"stepped"},{"time":0.7333,"color":"ffffffff"}]}},"bones":{"images/victory_fu":{"rotate":[{"time":1.3333,"angle":0}],"translate":[{"time":0,"x":0,"y":14.64,"curve":[0.257,0,0.618,0.45]},{"time":0.0333,"x":0,"y":50.95,"curve":[0.33,0.32,0.669,0.67]},{"time":0.0666,"x":-4.99,"y":106.73,"curve":[0.381,0.54,0.742,1]},{"time":0.1,"x":0,"y":108.73,"curve":[0.381,0.54,0.742,1]},{"time":0.2,"x":0,"y":-4.99,"curve":[0.25,0,0.75,1]},{"time":0.3,"x":0,"y":9,"curve":[0.25,0,0.75,1]},{"time":0.4,"x":0,"y":8,"curve":[0.25,0,0.75,1]},{"time":0.5,"x":0,"y":0,"curve":"stepped"},{"time":0.5666,"x":0,"y":0,"curve":"stepped"},{"time":1.3333,"x":0,"y":0}],"scale":[{"time":0,"x":0.199,"y":0.5,"curve":[0.257,0,0.618,0.45]},{"time":0.0333,"x":0.33,"y":0.81,"curve":[0.33,0.32,0.669,0.67]},{"time":0.0666,"x":0.63,"y":0.88,"curve":[0.381,0.54,0.742,1]},{"time":0.1,"x":1.1,"y":1.16,"curve":[0.381,0.54,0.742,1]},{"time":0.2,"x":0.52,"y":0.69,"curve":[0.25,0,0.75,1]},{"time":0.3,"x":1.14,"y":1.1,"curve":[0.25,0,0.75,1]},{"time":0.4,"x":0.82,"y":1.13,"curve":[0.25,0,0.75,1]},{"time":0.5,"x":1.03,"y":0.96,"curve":[0.25,0,0.75,1]},{"time":0.5666,"x":1,"y":1,"curve":[0.328,0,0.662,0.33]},{"time":0.6,"x":1.5,"y":1.5,"curve":[0.325,0.16,0.658,0.5]},{"time":0.6333,"x":1,"y":1,"curve":"stepped"},{"time":1.3333,"x":1,"y":1}]},"images/victory_zi":{"rotate":[{"time":1.3333,"angle":0}],"translate":[{"time":1.3333,"x":0,"y":0}],"scale":[{"time":1.3333,"x":1,"y":1}]},"images/victory_laba1":{"rotate":[{"time":0,"angle":0,"curve":"stepped"},{"time":0.1666,"angle":0,"curve":[0.25,0,0.75,1]},{"time":0.2666,"angle":-7.82,"curve":[0.25,0,0.75,1]},{"time":0.4,"angle":-1.12,"curve":[0.25,0,0.75,1]},{"time":0.4666,"angle":1.47,"curve":[0.25,0,0.75,1]},{"time":0.5333,"angle":4.39,"curve":"stepped"},{"time":0.5666,"angle":4.39,"curve":[0.25,0,0.75,1]},{"time":0.6,"angle":1.49,"curve":[0.322,0.22,0.656,0.56]},{"time":0.6333,"angle":12.25,"curve":[0.308,0.2,0.644,0.55]},{"time":0.7666,"angle":5.42,"curve":[0.246,0,0.727,0.9]},{"time":1.3333,"angle":12.92}],"translate":[{"time":0,"x":0,"y":0,"curve":"stepped"},{"time":0.1666,"x":0,"y":0,"curve":[0.264,0,0.617,0.42]},{"time":0.2,"x":74.71,"y":0.17,"curve":[0.351,0.4,0.756,1]},{"time":0.2666,"x":0,"y":0,"curve":[0.25,0,0.75,1]},{"time":0.4,"x":6.43,"y":12.75,"curve":[0.25,0,0.75,1]},{"time":0.4666,"x":-14.05,"y":5.28,"curve":[0.25,0,0.75,1]},{"time":0.5333,"x":-11.05,"y":5.28,"curve":"stepped"},{"time":0.5666,"x":-11.05,"y":5.28,"curve":[0.25,0,0.75,1]},{"time":0.6,"x":-8.05,"y":-4.71,"curve":[0.322,0.22,0.656,0.56]},{"time":0.6333,"x":-0.05,"y":-3.71,"curve":[0.308,0.2,0.644,0.55]},{"time":0.7666,"x":-0.05,"y":-2.71,"curve":"stepped"},{"time":1.3333,"x":-0.05,"y":-2.71}],"scale":[{"time":0,"x":1,"y":1,"curve":"stepped"},{"time":0.1666,"x":1,"y":1,"curve":[0.264,0,0.617,0.42]},{"time":0.2,"x":0.49,"y":0.35,"curve":[0.351,0.4,0.756,1]},{"time":0.2666,"x":1.5,"y":1.5,"curve":[0.25,0,0.75,1]},{"time":0.4,"x":0.72,"y":0.9,"curve":[0.25,0,0.75,1]},{"time":0.4666,"x":1.06,"y":1.06,"curve":[0.25,0,0.75,1]},{"time":0.5333,"x":1.01,"y":1,"curve":[0.25,0,0.75,1]},{"time":0.5666,"x":0.96,"y":0.98,"curve":[0.25,0,0.75,1]},{"time":0.6,"x":4.166,"y":4.166,"curve":[0.322,0.22,0.656,0.56]},{"time":0.6333,"x":1.633,"y":1.633,"curve":[0.308,0.2,0.644,0.55]},{"time":0.7666,"x":1,"y":1,"curve":"stepped"},{"time":1.3333,"x":1,"y":1}]},"images/victory_laba2":{"rotate":[{"time":0,"angle":0,"curve":"stepped"},{"time":0.1333,"angle":0,"curve":"stepped"},{"time":0.1666,"angle":0,"curve":[0.25,0,0.75,1]},{"time":0.2666,"angle":-5.8,"curve":[0.25,0,0.75,1]},{"time":0.4,"angle":-4.05,"curve":"stepped"},{"time":0.5333,"angle":-4.05,"curve":"stepped"},{"time":0.5666,"angle":-4.05,"curve":"stepped"},{"time":0.6,"angle":-4.05,"curve":"stepped"},{"time":0.6333,"angle":-4.05,"curve":[0.25,0,0.75,1]},{"time":0.6666,"angle":-13.14,"curve":[0.321,0.29,0.66,0.64]},{"time":0.8,"angle":-4.86,"curve":[0.321,0.29,0.66,0.64]},{"time":0.9333,"angle":-9.68,"curve":"stepped"},{"time":1.3333,"angle":-9.68}],"translate":[{"time":0,"x":-18.73,"y":6.94,"curve":"stepped"},{"time":0.1333,"x":-18.73,"y":6.94,"curve":[0.25,0,0.75,1]},{"time":0.1666,"x":-32.99,"y":8.52,"curve":[0.264,0,0.617,0.42]},{"time":0.2,"x":-50.95,"y":-7.06,"curve":[0.351,0.4,0.756,1]},{"time":0.2666,"x":21.03,"y":3.86,"curve":[0.275,0,0.62,0.4]},{"time":0.3333,"x":-15.74,"y":2.4,"curve":[0.314,0.27,0.657,0.63]},{"time":0.4,"x":-2.96,"y":-0.13,"curve":[0.275,0,0.62,0.4]},{"time":0.4666,"x":23.18,"y":2.59,"curve":[0.314,0.27,0.657,0.63]},{"time":0.5333,"x":22.03,"y":1.86,"curve":"stepped"},{"time":0.5666,"x":22.03,"y":1.86,"curve":"stepped"},{"time":0.6,"x":22.03,"y":1.86,"curve":[0.314,0.27,0.657,0.63]},{"time":0.6333,"x":37.03,"y":4.86,"curve":[0.25,0,0.625,0.5]},{"time":0.6666,"x":-0.24,"y":-1.75,"curve":[0.344,0.37,0.757,1]},{"time":0.8,"x":9.75,"y":6.24,"curve":"stepped"},{"time":0.9333,"x":9.75,"y":6.24,"curve":"stepped"},{"time":1.3333,"x":9.75,"y":6.24}],"scale":[{"time":0,"x":0.5,"y":0.7,"curve":"stepped"},{"time":0.1333,"x":0.5,"y":0.7,"curve":[0.25,0,0.75,1]},{"time":0.1666,"x":0.5,"y":0.56,"curve":[0.25,0,0.75,1]},{"time":0.2666,"x":1.2,"y":1.3,"curve":[0.25,0,0.75,1]},{"time":0.4,"x":0.81,"y":1,"curve":[0.25,0,0.75,1]},{"time":0.5333,"x":1.01,"y":1.02,"curve":[0.25,0,0.75,1]},{"time":0.5666,"x":0.97,"y":1,"curve":[0.25,0,0.625,0.5]},{"time":0.6,"x":4.166,"y":4.166,"curve":[0.25,0,0.75,1]},{"time":0.6333,"x":1.06,"y":1.06,"curve":[0.321,0.29,0.66,0.64]},{"time":0.8,"x":0.98,"y":0.98,"curve":[0.321,0.29,0.66,0.64]},{"time":1.3333,"x":0.998,"y":0.998}]},"bone":{"rotate":[{"time":1.3333,"angle":0}],"translate":[{"time":0,"x":0,"y":0,"curve":"stepped"},{"time":0.9666,"x":0,"y":0,"curve":"stepped"},{"time":1.1,"x":0,"y":0,"curve":"stepped"},{"time":1.3333,"x":0,"y":0}],"scale":[{"time":0,"x":1,"y":1,"curve":"stepped"},{"time":0.9666,"x":1,"y":1,"curve":"stepped"},{"time":1.1,"x":1,"y":1,"curve":"stepped"},{"time":1.3333,"x":1,"y":1}]},"images/victory_star4":{"rotate":[{"time":0,"angle":0,"curve":"stepped"},{"time":0.4666,"angle":0,"curve":"stepped"},{"time":0.5,"angle":0,"curve":"stepped"},{"time":0.5666,"angle":0,"curve":"stepped"},{"time":0.6333,"angle":0,"curve":"stepped"},{"time":0.7333,"angle":0,"curve":"stepped"},{"time":1.3333,"angle":0}],"translate":[{"time":0,"x":-2.81,"y":373.57,"curve":"stepped"},{"time":0.4666,"x":-2.81,"y":373.57,"curve":[0.25,0,0.75,1]},{"time":0.5666,"x":0,"y":0,"curve":"stepped"},{"time":0.6333,"x":0,"y":0,"curve":"stepped"},{"time":0.7333,"x":0,"y":0,"curve":"stepped"},{"time":1.3333,"x":0,"y":0}],"scale":[{"time":0,"x":1.427,"y":1.468,"curve":[0.25,0,0.75,1]},{"time":0.4666,"x":10,"y":10,"curve":[0.25,0,0.75,1]},{"time":0.5666,"x":1,"y":1,"curve":[0.25,0,0.75,1]},{"time":0.6333,"x":1.069,"y":1.07,"curve":[0.25,0,0.75,1]},{"time":0.7333,"x":1,"y":1,"curve":"stepped"},{"time":1.3333,"x":1,"y":1}]},"lizi7":{"rotate":[{"time":1.3333,"angle":0}],"translate":[{"time":0.5666,"x":-280.6,"y":52.31,"curve":"stepped"},{"time":1.3333,"x":-280.6,"y":52.31}],"scale":[{"time":1.3333,"x":1,"y":1}]},"lizi8":{"rotate":[{"time":1.3333,"angle":0}],"translate":[{"time":0.5666,"x":-130.78,"y":0,"curve":"stepped"},{"time":1.3333,"x":-130.78,"y":0}],"scale":[{"time":1.3333,"x":1,"y":1}]},"lizi9":{"rotate":[{"time":1.3333,"angle":0}],"translate":[{"time":0.5666,"x":-40.42,"y":73.71,"curve":"stepped"},{"time":1.3333,"x":-40.42,"y":73.71}],"scale":[{"time":1.3333,"x":1,"y":1}]},"lizi-z3":{"rotate":[{"time":1.0666,"angle":0,"curve":"stepped"},{"time":1.3333,"angle":0}],"translate":[{"time":1.0666,"x":-159.32,"y":0,"curve":"stepped"},{"time":1.3333,"x":-159.32,"y":0}],"scale":[{"time":1.0666,"x":1,"y":1,"curve":"stepped"},{"time":1.3333,"x":1,"y":1}]},"caidai":{"rotate":[{"time":1.3333,"angle":0}],"translate":[{"time":1.3333,"x":0,"y":0}],"scale":[{"time":1.3333,"x":1,"y":1}]},"caidai2":{"rotate":[{"time":1.3333,"angle":0}],"translate":[{"time":1.3333,"x":0,"y":0}],"scale":[{"time":1.3333,"x":1,"y":1}]},"root":{"rotate":[{"time":1.3333,"angle":0}],"translate":[{"time":1.3333,"x":0,"y":0}],"scale":[{"time":1.3333,"x":1,"y":1}]}}},"over_wait":{"slots":{"images/caidai/caidai_00001":{"attachment":[{"time":0.0333,"name":"images/caidai/caidai_00001"},{"time":0.0666,"name":"images/caidai/caidai_00003"},{"time":0.1,"name":"images/caidai/caidai_00005"},{"time":0.1333,"name":"images/caidai/caidai_00007"},{"time":0.1666,"name":"images/caidai/caidai_00009"},{"time":0.2,"name":"images/caidai/caidai_00011"},{"time":0.2333,"name":"images/caidai/caidai_00013"},{"time":0.2666,"name":"images/caidai/caidai_00015"},{"time":0.3333,"name":"images/caidai/caidai_00017"},{"time":0.4,"name":"images/caidai/caidai_00019"},{"time":0.4666,"name":"images/caidai/caidai_00021"},{"time":0.5333,"name":"images/caidai/caidai_00023"},{"time":0.6,"name":"images/caidai/caidai_00025"},{"time":0.6666,"name":"images/caidai/caidai_00027"},{"time":0.7,"name":"images/caidai/caidai_00029"},{"time":0.7333,"name":null}]},"images/caidai/caidai_1":{"attachment":[{"time":0.0333,"name":"images/caidai/caidai_00001"},{"time":0.0666,"name":"images/caidai/caidai_00003"},{"time":0.1,"name":"images/caidai/caidai_00005"},{"time":0.1333,"name":"images/caidai/caidai_00007"},{"time":0.1666,"name":"images/caidai/caidai_00009"},{"time":0.2,"name":"images/caidai/caidai_00011"},{"time":0.2333,"name":"images/caidai/caidai_00013"},{"time":0.2666,"name":"images/caidai/caidai_00015"},{"time":0.3333,"name":"images/caidai/caidai_00017"},{"time":0.4,"name":"images/caidai/caidai_00019"},{"time":0.4666,"name":"images/caidai/caidai_00021"},{"time":0.5333,"name":"images/caidai/caidai_00023"},{"time":0.6,"name":"images/caidai/caidai_00025"},{"time":0.6666,"name":"images/caidai/caidai_00027"},{"time":0.7,"name":"images/caidai/caidai_00029"},{"time":0.7333,"name":null}]}},"bones":{"images/victory_fu":{"rotate":[{"time":0,"angle":0,"curve":"stepped"},{"time":0.9333,"angle":0}],"translate":[{"time":0,"x":0,"y":0,"curve":"stepped"},{"time":0.9333,"x":0,"y":0}],"scale":[{"time":0,"x":1,"y":1,"curve":"stepped"},{"time":0.9333,"x":1,"y":1}]},"images/victory_zi":{"rotate":[{"time":0,"angle":0,"curve":"stepped"},{"time":0.9333,"angle":0}],"translate":[{"time":0,"x":0,"y":0,"curve":"stepped"},{"time":0.9333,"x":0,"y":0}],"scale":[{"time":0,"x":1,"y":1,"curve":"stepped"},{"time":0.9333,"x":1,"y":1}]},"images/victory_laba1":{"rotate":[{"time":0,"angle":13.07,"curve":"stepped"},{"time":0.9333,"angle":13.07}],"translate":[{"time":0,"x":-0.05,"y":-2.71,"curve":"stepped"},{"time":0.9333,"x":-0.05,"y":-2.71}],"scale":[{"time":0,"x":1,"y":1,"curve":[0.29,0,0.629,0.37]},{"time":0.0333,"x":2,"y":1.7,"curve":[0.31,0.25,0.648,0.6]},{"time":0.1,"x":2.5,"y":2},{"time":0.1333,"x":2,"y":1.7},{"time":0.2333,"x":2.2,"y":1.8},{"time":0.3,"x":2,"y":1.7},{"time":0.3333,"x":2.2,"y":1.8},{"time":0.5,"x":1,"y":1,"curve":"stepped"},{"time":0.9333,"x":1,"y":1}]},"images/victory_laba2":{"rotate":[{"time":0,"angle":-9.68,"curve":"stepped"},{"time":0.9333,"angle":-9.68}],"translate":[{"time":0,"x":9.75,"y":6.24,"curve":"stepped"},{"time":0.9333,"x":9.75,"y":6.24}],"scale":[{"time":0,"x":1,"y":1,"curve":[0.29,0,0.629,0.37]},{"time":0.0333,"x":2,"y":1.7,"curve":[0.31,0.25,0.648,0.6]},{"time":0.1,"x":2.5,"y":2},{"time":0.1333,"x":2,"y":1.7},{"time":0.2333,"x":2.2,"y":1.8},{"time":0.3,"x":2,"y":1.7},{"time":0.3333,"x":2.2,"y":1.8},{"time":0.5,"x":1,"y":1,"curve":"stepped"},{"time":0.9333,"x":1,"y":1}]},"bone":{"rotate":[{"time":0,"angle":0,"curve":"stepped"},{"time":0.9333,"angle":0}],"translate":[{"time":0,"x":0,"y":0,"curve":"stepped"},{"time":0.3333,"x":0,"y":0,"curve":[0.25,0,0.75,1]},{"time":0.4333,"x":0,"y":-5,"curve":[0.25,0,0.75,1]},{"time":0.5333,"x":0,"y":0,"curve":"stepped"},{"time":0.6333,"x":0,"y":0,"curve":"stepped"},{"time":0.9333,"x":0,"y":0}],"scale":[{"time":0,"x":1,"y":1,"curve":"stepped"},{"time":0.3333,"x":1,"y":1,"curve":[0.25,0,0.75,1]},{"time":0.4333,"x":1.02,"y":1.02,"curve":[0.25,0,0.75,1]},{"time":0.5333,"x":0.99,"y":0.99,"curve":[0.318,0,0.652,0.34]},{"time":0.6333,"x":1,"y":1,"curve":"stepped"},{"time":0.9333,"x":1,"y":1}]},"images/victory_star4":{"rotate":[{"time":0,"angle":0,"curve":"stepped"},{"time":0.9333,"angle":0}],"translate":[{"time":0,"x":0,"y":0,"curve":"stepped"},{"time":0.9333,"x":0,"y":0}],"scale":[{"time":0,"x":1,"y":1,"curve":"stepped"},{"time":0.9333,"x":1,"y":1}]},"lizi7":{"rotate":[{"time":0,"angle":0,"curve":"stepped"},{"time":0.9333,"angle":0}],"translate":[{"time":0,"x":-280.6,"y":52.31,"curve":"stepped"},{"time":0.9333,"x":-280.6,"y":52.31}],"scale":[{"time":0,"x":1,"y":1,"curve":"stepped"},{"time":0.9333,"x":1,"y":1}]},"lizi8":{"rotate":[{"time":0,"angle":0,"curve":"stepped"},{"time":0.9333,"angle":0}],"translate":[{"time":0,"x":-130.78,"y":0,"curve":"stepped"},{"time":0.9333,"x":-130.78,"y":0}],"scale":[{"time":0,"x":1,"y":1,"curve":"stepped"},{"time":0.9333,"x":1,"y":1}]},"lizi9":{"rotate":[{"time":0,"angle":0,"curve":"stepped"},{"time":0.9333,"angle":0}],"translate":[{"time":0,"x":-40.42,"y":73.71,"curve":"stepped"},{"time":0.9333,"x":-40.42,"y":73.71}],"scale":[{"time":0,"x":1,"y":1,"curve":"stepped"},{"time":0.9333,"x":1,"y":1}]},"lizi-z3":{"rotate":[{"time":0,"angle":0,"curve":"stepped"},{"time":0.9333,"angle":0}],"translate":[{"time":0,"x":-159.32,"y":0,"curve":"stepped"},{"time":0.9333,"x":-159.32,"y":0}],"scale":[{"time":0,"x":1,"y":1,"curve":"stepped"},{"time":0.9333,"x":1,"y":1}]},"caidai":{"rotate":[{"time":0,"angle":0,"curve":"stepped"},{"time":0.0333,"angle":0,"curve":"stepped"},{"time":0.9333,"angle":0}],"translate":[{"time":0,"x":64.97,"y":-93.33,"curve":"stepped"},{"time":0.9333,"x":64.97,"y":-93.33}],"scale":[{"time":0,"x":0.5,"y":0.5,"curve":"stepped"},{"time":0.9333,"x":0.5,"y":0.5}]},"caidai2":{"rotate":[{"time":0,"angle":0,"curve":"stepped"},{"time":0.9333,"angle":0}],"translate":[{"time":0,"x":0,"y":0},{"time":0.0333,"x":105.62,"y":179.05,"curve":"stepped"},{"time":0.9333,"x":105.62,"y":179.05}],"scale":[{"time":0,"x":1,"y":1},{"time":0.0333,"x":0.8,"y":0.8,"curve":"stepped"},{"time":0.9333,"x":0.8,"y":0.8}]},"root":{"rotate":[{"time":0,"angle":0,"curve":"stepped"},{"time":0.9333,"angle":0}],"translate":[{"time":0,"x":0,"y":0,"curve":"stepped"},{"time":0.9333,"x":0,"y":0}],"scale":[{"time":0,"x":1,"y":1,"curve":"stepped"},{"time":0.9333,"x":1,"y":1}]}}}}}