{"skeleton":{"hash":"ndgBodghUt0oYvqRnDRHD1z6i6k","spine":"2.1.27","width":567.81,"height":199.86},"bones":[{"name":"root"},{"name":"win_fu","parent":"root","length":49.17,"x":20.59,"y":436.55,"rotation":-90.45},{"name":"win_laba1","parent":"root","length":92.53,"x":-167.59,"y":459.44,"rotation":144.97},{"name":"win_laba2","parent":"root","length":87.59,"x":152.21,"y":463.46,"rotation":35.83},{"name":"win_zi","parent":"root","x":-14.52,"y":497.51}],"slots":[{"name":"win_laba2","bone":"win_laba2","attachment":"win_laba2"},{"name":"win_laba1","bone":"win_laba1","attachment":"win_laba1"},{"name":"win_fu","bone":"win_fu","attachment":"win_fu1"},{"name":"win_zi","bone":"win_zi","attachment":"win_zi1"}],"skins":{"default":{"win_fu":{"win_fu1":{"x":-18.65,"y":-30.33,"rotation":90.45,"width":519,"height":147}},"win_laba1":{"win_laba1":{"x":61.21,"y":-1.95,"rotation":-144.97,"width":151,"height":171}},"win_laba2":{"win_laba2":{"x":56.42,"y":-2.92,"rotation":-35.83,"width":152,"height":171}},"win_zi":{"win_zi1":{"x":5.09,"y":-2.1,"width":322,"height":122}}}},"animations":{"win":{"slots":{"win_fu":{"color":[{"time":0,"color":"ffffff00"},{"time":0.0333,"color":"ffffffff"}]},"win_laba1":{"color":[{"time":0,"color":"ffffff00","curve":"stepped"},{"time":0.1333,"color":"ffffff00"},{"time":0.2,"color":"ffffffff","curve":"stepped"},{"time":0.4,"color":"ffffffff","curve":"stepped"},{"time":0.5333,"color":"ffffffff","curve":"stepped"},{"time":0.6333,"color":"ffffffff","curve":"stepped"},{"time":0.7333,"color":"ffffffff","curve":"stepped"},{"time":0.8,"color":"ffffffff"}]},"win_laba2":{"color":[{"time":0,"color":"ffffff00","curve":"stepped"},{"time":0.3,"color":"ffffff00"},{"time":0.3333,"color":"ffffffff","curve":"stepped"},{"time":0.5,"color":"ffffffff","curve":"stepped"},{"time":0.6333,"color":"ffffffff","curve":"stepped"},{"time":0.7333,"color":"ffffffff","curve":"stepped"},{"time":0.8,"color":"ffffffff"}]},"win_zi":{"color":[{"time":0,"color":"ffffff00","curve":"stepped"},{"time":0.5333,"color":"ffffff00"},{"time":0.5666,"color":"ffffff3c"},{"time":0.7333,"color":"ffffffff","curve":"stepped"},{"time":0.8666,"color":"ffffffff","curve":"stepped"},{"time":0.9666,"color":"ffffffff","curve":"stepped"},{"time":1.0666,"color":"ffffffff"}]}},"bones":{"win_fu":{"rotate":[{"time":0,"angle":0,"curve":"stepped"},{"time":0.0333,"angle":0,"curve":"stepped"},{"time":0.2666,"angle":0,"curve":"stepped"},{"time":0.3333,"angle":0,"curve":"stepped"},{"time":0.4333,"angle":0,"curve":"stepped"},{"time":0.5333,"angle":0,"curve":"stepped"},{"time":0.6,"angle":0,"curve":"stepped"},{"time":1.5666,"angle":0,"curve":"stepped"},{"time":1.6666,"angle":0}],"translate":[{"time":0,"x":0,"y":-128.62,"curve":"stepped"},{"time":0.0333,"x":0,"y":-128.62},{"time":0.2666,"x":0,"y":46.73},{"time":0.3333,"x":0,"y":0},{"time":0.4333,"x":0,"y":-12.04},{"time":0.5333,"x":0,"y":2.4},{"time":0.6,"x":0,"y":0,"curve":"stepped"},{"time":1.5666,"x":0,"y":0,"curve":"stepped"},{"time":1.6666,"x":0,"y":0}],"scale":[{"time":0,"x":0.02,"y":0.016,"curve":"stepped"},{"time":0.0333,"x":0.02,"y":0.016},{"time":0.2666,"x":1.03,"y":1.1},{"time":0.3333,"x":1,"y":1},{"time":0.4333,"x":0.9,"y":1.15},{"time":0.5333,"x":1.01,"y":0.98},{"time":0.6,"x":1,"y":1,"curve":"stepped"},{"time":1.5666,"x":1,"y":1,"curve":"stepped"},{"time":1.6666,"x":1,"y":1}]},"win_laba1":{"rotate":[{"time":0,"angle":0,"curve":"stepped"},{"time":0.1333,"angle":0,"curve":"stepped"},{"time":0.2,"angle":0},{"time":0.4,"angle":-2.73},{"time":0.5333,"angle":0,"curve":"stepped"},{"time":0.6333,"angle":0,"curve":"stepped"},{"time":0.7333,"angle":0,"curve":"stepped"},{"time":0.8,"angle":0,"curve":"stepped"},{"time":1.6333,"angle":0,"curve":"stepped"},{"time":1.6666,"angle":0}],"translate":[{"time":0,"x":68.36,"y":-39.76,"curve":"stepped"},{"time":0.1333,"x":68.36,"y":-39.76},{"time":0.2,"x":49.77,"y":-11.88},{"time":0.2666,"x":-8.23,"y":29.77},{"time":0.4,"x":-35.67,"y":5.48},{"time":0.5333,"x":1.37,"y":-0.68},{"time":0.6333,"x":0,"y":0,"curve":"stepped"},{"time":0.7333,"x":0,"y":0,"curve":"stepped"},{"time":0.8,"x":0,"y":0,"curve":"stepped"},{"time":1.6333,"x":0,"y":0,"curve":"stepped"},{"time":1.6666,"x":0,"y":0}],"scale":[{"time":0,"x":0.4,"y":0.4,"curve":"stepped"},{"time":0.1333,"x":0.4,"y":0.4,"curve":"stepped"},{"time":0.2,"x":0.4,"y":0.4},{"time":0.2666,"x":0.691,"y":0.548},{"time":0.4,"x":1.475,"y":1.037},{"time":0.5333,"x":0.881,"y":1.047},{"time":0.6333,"x":1.164,"y":0.97},{"time":0.7333,"x":1,"y":1,"curve":"stepped"},{"time":0.8,"x":1,"y":1,"curve":"stepped"},{"time":1.6333,"x":1,"y":1,"curve":"stepped"},{"time":1.6666,"x":1,"y":1}]},"win_laba2":{"rotate":[{"time":0,"angle":1.61,"curve":"stepped"},{"time":0.3,"angle":1.61,"curve":"stepped"},{"time":0.3333,"angle":1.61},{"time":0.5,"angle":0,"curve":"stepped"},{"time":0.6333,"angle":0,"curve":"stepped"},{"time":0.7333,"angle":0,"curve":"stepped"},{"time":0.8,"angle":0,"curve":"stepped"},{"time":1.6666,"angle":0}],"translate":[{"time":0,"x":-14.53,"y":-5.7,"curve":"stepped"},{"time":0.3,"x":-14.53,"y":-5.7,"curve":"stepped"},{"time":0.3333,"x":-14.53,"y":-5.7},{"time":0.5,"x":15.22,"y":8.37},{"time":0.6333,"x":-2.28,"y":-1.52},{"time":0.7333,"x":0,"y":0,"curve":"stepped"},{"time":0.8,"x":0,"y":0,"curve":"stepped"},{"time":1.6666,"x":0,"y":0}],"scale":[{"time":0,"x":0.5,"y":0.5,"curve":"stepped"},{"time":0.3,"x":0.5,"y":0.5,"curve":"stepped"},{"time":0.3333,"x":0.5,"y":0.5},{"time":0.5,"x":1.428,"y":1.208},{"time":0.6333,"x":0.898,"y":1.044},{"time":0.7333,"x":1.08,"y":0.968},{"time":0.8,"x":1,"y":1,"curve":"stepped"},{"time":1.6666,"x":1,"y":1}]},"win_zi":{"rotate":[{"time":0,"angle":0,"curve":"stepped"},{"time":0.5333,"angle":0,"curve":"stepped"},{"time":0.5666,"angle":0,"curve":"stepped"},{"time":0.7333,"angle":0,"curve":"stepped"},{"time":0.8666,"angle":0,"curve":"stepped"},{"time":0.9666,"angle":0,"curve":"stepped"},{"time":1.0666,"angle":0,"curve":"stepped"},{"time":1.6666,"angle":0}],"translate":[{"time":0,"x":0,"y":71.51,"curve":"stepped"},{"time":0.5333,"x":0,"y":71.51,"curve":"stepped"},{"time":0.5666,"x":0,"y":71.51},{"time":0.7333,"x":0,"y":0},{"time":0.8666,"x":0,"y":-3.85},{"time":0.9666,"x":0,"y":2.31},{"time":1.0666,"x":0,"y":0,"curve":"stepped"},{"time":1.6666,"x":0,"y":0}],"scale":[{"time":0,"x":1.5,"y":1.8,"curve":"stepped"},{"time":0.5333,"x":1.5,"y":1.8,"curve":"stepped"},{"time":0.5666,"x":1.5,"y":1.8},{"time":0.7333,"x":1,"y":1},{"time":0.8666,"x":1.117,"y":0.93},{"time":0.9666,"x":0.961,"y":1.007},{"time":1.0666,"x":1,"y":1,"curve":"stepped"},{"time":1.6666,"x":1,"y":1}]}}}}}