{"skeleton":{"hash":"rsANzYZ830Yq+19Hne7gjimou9o","spine":"2.1.27","width":624.02,"height":380.44},"bones":[{"name":"root"},{"name":"bone","parent":"root","x":-121.43,"y":482.33},{"name":"images/ui_jiesuan_saoguang_01","parent":"root","x":-141.51,"y":481.13,"rotation":14.66},{"name":"images/ui_jiesuan_saoguang_02","parent":"root","x":-13.1,"y":510},{"name":"images/ui_jiesuan_saoguang_03","parent":"root","x":123.74,"y":486.51,"rotation":-19.52},{"name":"images/victory_fu","parent":"root","x":-12.38,"y":491.65},{"name":"images/victory_laba1","parent":"root","length":106.43,"x":-163.67,"y":471.2,"rotation":150.1},{"name":"images/victory_laba2","parent":"root","length":113.92,"x":141.83,"y":463.56,"rotation":35.02},{"name":"images/victory_star1","parent":"root","x":-139.28,"y":494.88},{"name":"images/victory_star3","parent":"root","x":132.73,"y":494.88},{"name":"images/victory_star4","parent":"root","x":4.09,"y":505.05},{"name":"images/victory_zi","parent":"root","x":-3.59,"y":400.3},{"name":"images/星星光环_0","parent":"root","length":87.52,"x":-3.89,"y":523.41,"rotation":-90.45},{"name":"images/星星光环_00","parent":"root","length":87.52,"x":-146.87,"y":482.39,"rotation":-79},{"name":"images/星星光环_1","parent":"root","length":87.52,"x":133.22,"y":495.28,"rotation":-110.98}],"slots":[{"name":"images/victory_laba1","bone":"images/victory_laba1","attachment":"images/victory_laba1"},{"name":"images/victory_laba2","bone":"images/victory_laba2","attachment":"images/victory_laba2"},{"name":"images/victory_zi","bone":"images/victory_zi","attachment":"images/common_icon_dyndsl"},{"name":"images/victory_fu","bone":"images/victory_fu","attachment":"images/victory_fu"},{"name":"images/victory_star3","bone":"images/victory_star3","attachment":"images/victory_star3"},{"name":"images/victory_star2","bone":"images/victory_star4","attachment":"images/victory_star2"},{"name":"images/victory_star1","bone":"images/victory_star1","attachment":"images/victory_star1"},{"name":"images/ui_jiesuan_saoguang_01_00","bone":"images/ui_jiesuan_saoguang_01","color":"ffffff00","attachment":"images/ui_jiesuan_saoguang_01_00"},{"name":"images/ui_jiesuan_saoguang_01_0","bone":"images/ui_jiesuan_saoguang_02","color":"ffffff00","attachment":"images/ui_jiesuan_saoguang_01_00"},{"name":"images/ui_jiesuan_saoguang_01_1","bone":"images/ui_jiesuan_saoguang_03","color":"ffffff00","attachment":"images/ui_jiesuan_saoguang_01_00"},{"name":"images/星星光环_00","bone":"images/星星光环_00","color":"ffffff00","attachment":"images/xingxing_00","blend":"additive"},{"name":"images/星星光环_0","bone":"images/星星光环_0","color":"ffffff00","attachment":"images/xingxing_00","blend":"additive"},{"name":"images/星星光环_1","bone":"images/星星光环_1","color":"ffffff00","attachment":"images/xingxing_00","blend":"additive"}],"skins":{"default":{"images/ui_jiesuan_saoguang_01_0":{"images/ui_jiesuan_saoguang_01_00":{"x":9.75,"y":11.51,"width":156,"height":154},"images/ui_jiesuan_saoguang_01_01":{"x":11.54,"y":11.51,"width":156,"height":154},"images/ui_jiesuan_saoguang_01_02":{"x":11.54,"y":11.51,"width":156,"height":154},"images/ui_jiesuan_saoguang_01_03":{"x":11.54,"y":11.51,"width":156,"height":154},"images/ui_jiesuan_saoguang_01_04":{"x":11.54,"y":11.51,"width":156,"height":154},"images/ui_jiesuan_saoguang_01_05":{"x":11.54,"y":11.51,"width":156,"height":154},"images/ui_jiesuan_saoguang_01_06":{"x":11.54,"y":11.51,"width":156,"height":154},"images/ui_jiesuan_saoguang_01_07":{"x":11.54,"y":11.51,"width":156,"height":154},"images/ui_jiesuan_saoguang_01_08":{"x":11.54,"y":11.51,"width":156,"height":154}},"images/ui_jiesuan_saoguang_01_00":{"images/ui_jiesuan_saoguang_01_00":{"x":7.11,"y":12.11,"width":156,"height":154},"images/ui_jiesuan_saoguang_01_01":{"x":11.36,"y":14.04,"width":156,"height":154},"images/ui_jiesuan_saoguang_01_02":{"x":11.36,"y":14.04,"width":156,"height":154},"images/ui_jiesuan_saoguang_01_03":{"x":11.36,"y":14.04,"width":156,"height":154},"images/ui_jiesuan_saoguang_01_04":{"x":11.36,"y":14.04,"width":156,"height":154},"images/ui_jiesuan_saoguang_01_05":{"x":11.36,"y":14.04,"width":156,"height":154},"images/ui_jiesuan_saoguang_01_06":{"x":11.36,"y":14.04,"width":156,"height":154},"images/ui_jiesuan_saoguang_01_07":{"x":11.36,"y":14.04,"width":156,"height":154},"images/ui_jiesuan_saoguang_01_08":{"x":11.36,"y":14.04,"width":156,"height":154}},"images/ui_jiesuan_saoguang_01_1":{"images/ui_jiesuan_saoguang_01_00":{"x":7.84,"y":10.09,"width":156,"height":154},"images/ui_jiesuan_saoguang_01_01":{"x":7.84,"y":10.09,"width":156,"height":154},"images/ui_jiesuan_saoguang_01_02":{"x":7.84,"y":10.09,"width":156,"height":154},"images/ui_jiesuan_saoguang_01_03":{"x":7.84,"y":10.09,"width":156,"height":154},"images/ui_jiesuan_saoguang_01_04":{"x":7.84,"y":10.09,"width":156,"height":154},"images/ui_jiesuan_saoguang_01_05":{"x":7.84,"y":10.09,"width":156,"height":154},"images/ui_jiesuan_saoguang_01_06":{"x":7.84,"y":10.09,"width":156,"height":154},"images/ui_jiesuan_saoguang_01_07":{"x":7.84,"y":10.09,"width":156,"height":154},"images/ui_jiesuan_saoguang_01_08":{"x":7.84,"y":10.09,"width":156,"height":154}},"images/victory_fu":{"images/victory_fu":{"x":4.87,"y":-33.07,"width":519,"height":147}},"images/victory_laba1":{"images/victory_laba1":{"x":54.93,"y":1.27,"rotation":-150.1,"width":151,"height":171}},"images/victory_laba2":{"images/victory_laba2":{"x":64.22,"y":-7.36,"rotation":-35.02,"width":152,"height":171}},"images/victory_star1":{"images/victory_star1":{"x":-2.25,"y":-5.03,"width":157,"height":162}},"images/victory_star2":{"images/victory_star2":{"x":-8.48,"y":16.36,"width":157,"height":154}},"images/victory_star3":{"images/victory_star3":{"x":4.14,"y":-6.29,"width":151,"height":160}},"images/victory_zi":{"images/common_icon_dyndsl":{"x":-1.38,"y":-18.24,"width":406,"height":92},"images/common_icon_knndsl":{"x":-1.8,"y":-8.33,"width":406,"height":92},"images/victory_zi":{"x":-2.55,"y":-7.27,"width":406,"height":92}},"images/星星光环_0":{"images/xingxing_00":{"x":1.23,"y":2.55,"rotation":90.45,"width":300,"height":294}},"images/星星光环_00":{"images/xingxing_00":{"rotation":79,"width":300,"height":294}},"images/星星光环_1":{"images/xingxing_00":{"x":1.23,"y":2.55,"rotation":90.45,"width":300,"height":294}}}},"animations":{"easy":{"slots":{"images/ui_jiesuan_saoguang_01_0":{"attachment":[{"time":2.3333,"name":"images/ui_jiesuan_saoguang_01_01"},{"time":2.4,"name":"images/ui_jiesuan_saoguang_01_02"},{"time":2.4666,"name":"images/ui_jiesuan_saoguang_01_03"},{"time":2.5333,"name":"images/ui_jiesuan_saoguang_01_04"},{"time":2.6,"name":"images/ui_jiesuan_saoguang_01_05"},{"time":2.6666,"name":"images/ui_jiesuan_saoguang_01_06"},{"time":2.7333,"name":"images/ui_jiesuan_saoguang_01_07"},{"time":2.8,"name":"images/ui_jiesuan_saoguang_01_08"}],"color":[{"time":0,"color":"ffffff00","curve":"stepped"},{"time":2.2,"color":"ffffff00"},{"time":2.2666,"color":"ffffffff","curve":"stepped"},{"time":2.8,"color":"ffffffff"},{"time":2.8666,"color":"ffffff00"}]},"images/victory_fu":{"color":[{"time":0,"color":"ffffff12","curve":[0.25,0,0.75,1]},{"time":0.0333,"color":"ffffff99"},{"time":0.0666,"color":"ffffffe0"},{"time":0.1,"color":"ffffffff"}]},"images/victory_laba1":{"color":[{"time":0,"color":"ffffff00","curve":"stepped"},{"time":0.1666,"color":"ffffff00","curve":[0.264,0,0.617,0.42]},{"time":0.2,"color":"ffffff5a","curve":[0.351,0.4,0.756,1]},{"time":0.2666,"color":"ffffffff"}]},"images/victory_laba2":{"color":[{"time":0,"color":"ffffff00","curve":"stepped"},{"time":0.2,"color":"ffffff00","curve":[0.25,0,0.75,1]},{"time":0.2333,"color":"ffffff35","curve":[0.264,0,0.617,0.42]},{"time":0.2666,"color":"ffffffff","curve":"stepped"},{"time":0.3333,"color":"ffffffff","curve":"stepped"},{"time":0.4666,"color":"ffffffff","curve":"stepped"},{"time":0.6,"color":"ffffffff","curve":"stepped"},{"time":0.7333,"color":"ffffffff","curve":"stepped"},{"time":0.8666,"color":"ffffffff","curve":"stepped"},{"time":1,"color":"ffffffff","curve":"stepped"},{"time":1.0666,"color":"ffffffff"}]},"images/victory_star1":{"color":[{"time":0,"color":"ffffff00"}]},"images/victory_star2":{"color":[{"time":0,"color":"ffffff00","curve":"stepped"},{"time":0.9666,"color":"ffffff00","curve":[0.25,0,0.75,1]},{"time":1,"color":"ffffffff","curve":"stepped"},{"time":1.0666,"color":"ffffffff","curve":"stepped"},{"time":1.1333,"color":"ffffffff","curve":"stepped"},{"time":1.2333,"color":"ffffffff"}]},"images/victory_star3":{"color":[{"time":0,"color":"ffffff00"}]},"images/victory_zi":{"attachment":[{"time":0,"name":"images/victory_zi"}],"color":[{"time":0,"color":"ffffff00","curve":"stepped"},{"time":0.1666,"color":"ffffff00","curve":[0.25,0,0.75,1]},{"time":0.2,"color":"ffffff32","curve":[0.25,0,0.75,1]},{"time":0.2333,"color":"ffffff98","curve":[0.25,0,0.75,1]},{"time":0.3333,"color":"ffffffff","curve":"stepped"},{"time":0.4,"color":"ffffffff","curve":"stepped"},{"time":0.5,"color":"ffffffff","curve":"stepped"},{"time":0.6,"color":"ffffffff","curve":"stepped"},{"time":0.7,"color":"ffffffff","curve":"stepped"},{"time":0.8,"color":"ffffffff","curve":"stepped"},{"time":0.9,"color":"ffffffff"}]},"images/星星光环_0":{"color":[{"time":1.0666,"color":"ffffffa9"},{"time":1.3,"color":"ffffff00"}]}},"bones":{"images/victory_fu":{"rotate":[{"time":0,"angle":0,"curve":"stepped"},{"time":0.2,"angle":0,"curve":"stepped"},{"time":0.3,"angle":0,"curve":"stepped"},{"time":0.4,"angle":0,"curve":"stepped"},{"time":0.5,"angle":0,"curve":"stepped"},{"time":0.5666,"angle":0,"curve":"stepped"},{"time":2.7666,"angle":0}],"translate":[{"time":0,"x":0,"y":14.64,"curve":[0.257,0,0.618,0.45]},{"time":0.0333,"x":0,"y":50.95,"curve":[0.33,0.32,0.669,0.67]},{"time":0.0666,"x":-4.99,"y":106.73,"curve":[0.381,0.54,0.742,1]},{"time":0.1,"x":0,"y":108.73,"curve":[0.381,0.54,0.742,1]},{"time":0.2,"x":0,"y":-4.99,"curve":[0.25,0,0.75,1]},{"time":0.3,"x":0,"y":9,"curve":[0.25,0,0.75,1]},{"time":0.4,"x":0,"y":8,"curve":[0.25,0,0.75,1]},{"time":0.5,"x":0,"y":0,"curve":"stepped"},{"time":0.5666,"x":0,"y":0,"curve":"stepped"},{"time":2.7666,"x":0,"y":0}],"scale":[{"time":0,"x":0.199,"y":0.5,"curve":[0.257,0,0.618,0.45]},{"time":0.0333,"x":0.33,"y":0.81,"curve":[0.33,0.32,0.669,0.67]},{"time":0.0666,"x":0.63,"y":0.88,"curve":[0.381,0.54,0.742,1]},{"time":0.1,"x":1.1,"y":1.16,"curve":[0.381,0.54,0.742,1]},{"time":0.2,"x":0.52,"y":0.69,"curve":[0.25,0,0.75,1]},{"time":0.3,"x":1.14,"y":1.1,"curve":[0.25,0,0.75,1]},{"time":0.4,"x":0.82,"y":1.13,"curve":[0.25,0,0.75,1]},{"time":0.5,"x":1.03,"y":0.96,"curve":[0.25,0,0.75,1]},{"time":0.5666,"x":1,"y":1,"curve":"stepped"},{"time":1.0333,"x":1,"y":1,"curve":[0.331,0.32,0.664,0.65]},{"time":1.0666,"x":1.06,"y":1.05,"curve":[0.329,0.31,0.662,0.65]},{"time":1.1333,"x":0.99,"y":0.99,"curve":[0.329,0.32,0.663,0.65]},{"time":1.2,"x":1.01,"y":1.01,"curve":[0.33,0.32,0.663,0.65]},{"time":1.2666,"x":1,"y":1,"curve":"stepped"},{"time":2.7666,"x":1,"y":1}]},"images/victory_zi":{"rotate":[{"time":0,"angle":0,"curve":"stepped"},{"time":0.1666,"angle":0,"curve":"stepped"},{"time":0.2,"angle":0,"curve":"stepped"},{"time":0.3333,"angle":0,"curve":"stepped"},{"time":0.4,"angle":0,"curve":"stepped"},{"time":0.5,"angle":0,"curve":"stepped"},{"time":0.6,"angle":0,"curve":"stepped"},{"time":0.7,"angle":0,"curve":"stepped"},{"time":0.8,"angle":0,"curve":"stepped"},{"time":0.9,"angle":0,"curve":"stepped"},{"time":1,"angle":0,"curve":"stepped"},{"time":1.4666,"angle":0,"curve":"stepped"},{"time":2.7666,"angle":0}],"translate":[{"time":0,"x":0,"y":0,"curve":"stepped"},{"time":0.1666,"x":0,"y":0,"curve":[0.25,0,0.75,1]},{"time":0.2,"x":0,"y":80.02,"curve":[0.264,0,0.617,0.42]},{"time":0.2333,"x":0,"y":108.99,"curve":[0.351,0.4,0.756,1]},{"time":0.3333,"x":0,"y":247.87,"curve":[0.25,0,0.75,1]},{"time":0.4,"x":0,"y":210.08,"curve":[0.25,0,0.75,1]},{"time":0.5,"x":0,"y":-8.99,"curve":[0.25,0,0.75,1]},{"time":0.6,"x":0,"y":-14.63,"curve":[0.25,0,0.75,1]},{"time":0.7,"x":0,"y":13.09,"curve":[0.25,0,0.75,1]},{"time":0.8,"x":0,"y":-4,"curve":[0.25,0,0.75,1]},{"time":0.9,"x":0,"y":0,"curve":"stepped"},{"time":1,"x":0,"y":0,"curve":"stepped"},{"time":1.4666,"x":0,"y":0,"curve":"stepped"},{"time":2.7666,"x":0,"y":0}],"scale":[{"time":0,"x":1,"y":1,"curve":"stepped"},{"time":0.1666,"x":1,"y":1,"curve":[0.25,0,0.75,1]},{"time":0.2,"x":0.3,"y":0.8,"curve":[0.25,0,0.75,1]},{"time":0.3333,"x":1.14,"y":0.93,"curve":[0.25,0,0.75,1]},{"time":0.4,"x":1.45,"y":1.069,"curve":[0.25,0,0.75,1]},{"time":0.5,"x":0.89,"y":0.85,"curve":[0.25,0,0.75,1]},{"time":0.6,"x":1.569,"y":0.81,"curve":[0.25,0,0.75,1]},{"time":0.7,"x":0.91,"y":0.94,"curve":[0.25,0,0.75,1]},{"time":0.8,"x":1.12,"y":0.88,"curve":[0.25,0,0.75,1]},{"time":0.9,"x":0.97,"y":1.01,"curve":[0.292,0,0.63,0.37]},{"time":1,"x":1,"y":1,"curve":"stepped"},{"time":1.4666,"x":1,"y":1,"curve":"stepped"},{"time":2.7666,"x":1,"y":1}]},"images/victory_laba1":{"rotate":[{"time":0,"angle":0,"curve":"stepped"},{"time":0.1666,"angle":0,"curve":[0.25,0,0.75,1]},{"time":0.2666,"angle":-7.82,"curve":[0.25,0,0.75,1]},{"time":0.4,"angle":-1.12,"curve":[0.25,0,0.75,1]},{"time":0.5333,"angle":1.47,"curve":[0.25,0,0.75,1]},{"time":0.7,"angle":4.39,"curve":"stepped"},{"time":0.8666,"angle":4.39,"curve":"stepped"},{"time":1.0333,"angle":4.39,"curve":[0.25,0,0.75,1]},{"time":1.0666,"angle":5.49,"curve":[0.322,0.22,0.656,0.56]},{"time":1.1,"angle":12.25,"curve":[0.308,0.2,0.644,0.55]},{"time":1.2,"angle":2.11,"curve":[0.25,0,0.75,1]},{"time":1.3,"angle":13.07,"curve":[0.25,0,0.75,1]},{"time":1.4,"angle":10.05,"curve":[0.25,0,0.75,1]},{"time":2,"angle":6.02,"curve":[0.25,0,0.75,1]},{"time":2.8666,"angle":0.73},{"time":3.8333,"angle":6.02,"curve":[0.25,0,0.75,1]},{"time":4.7333,"angle":0.73},{"time":5.7,"angle":6.02,"curve":[0.25,0,0.75,1]},{"time":6.6333,"angle":0.73},{"time":7.6,"angle":6.02,"curve":[0.25,0,0.75,1]},{"time":8.6333,"angle":0.73},{"time":9.6,"angle":6.02,"curve":[0.25,0,0.75,1]},{"time":10.7,"angle":0.73},{"time":11.6666,"angle":6.02,"curve":[0.25,0,0.75,1]},{"time":12.7,"angle":0.73},{"time":13.6666,"angle":6.02,"curve":[0.25,0,0.75,1]},{"time":14,"angle":5.19}],"translate":[{"time":0,"x":0,"y":0,"curve":"stepped"},{"time":0.1666,"x":0,"y":0,"curve":[0.264,0,0.617,0.42]},{"time":0.2,"x":74.71,"y":0.17,"curve":[0.351,0.4,0.756,1]},{"time":0.2666,"x":0,"y":0,"curve":[0.25,0,0.75,1]},{"time":0.4,"x":6.43,"y":12.75,"curve":[0.25,0,0.75,1]},{"time":0.5333,"x":-14.05,"y":5.28,"curve":[0.25,0,0.75,1]},{"time":0.7,"x":-11.05,"y":5.28,"curve":"stepped"},{"time":0.8666,"x":-11.05,"y":5.28,"curve":"stepped"},{"time":1.0333,"x":-11.05,"y":5.28,"curve":[0.25,0,0.75,1]},{"time":1.0666,"x":-8.05,"y":-4.71,"curve":[0.322,0.22,0.656,0.56]},{"time":1.1,"x":-0.05,"y":-3.71,"curve":[0.308,0.2,0.644,0.55]},{"time":1.2,"x":-0.05,"y":-2.71,"curve":"stepped"},{"time":1.3,"x":-0.05,"y":-2.71,"curve":"stepped"},{"time":1.4,"x":-0.05,"y":-2.71}],"scale":[{"time":0,"x":1,"y":1,"curve":"stepped"},{"time":0.1666,"x":1,"y":1,"curve":[0.264,0,0.617,0.42]},{"time":0.2,"x":0.49,"y":0.35,"curve":[0.351,0.4,0.756,1]},{"time":0.2666,"x":1.5,"y":1.5,"curve":[0.25,0,0.75,1]},{"time":0.4,"x":0.72,"y":0.9,"curve":[0.25,0,0.75,1]},{"time":0.5333,"x":1.06,"y":1.06,"curve":[0.25,0,0.75,1]},{"time":0.7,"x":0.94,"y":1,"curve":[0.25,0,0.75,1]},{"time":0.8666,"x":1.01,"y":1,"curve":[0.25,0,0.75,1]},{"time":1.0333,"x":0.96,"y":0.98,"curve":[0.25,0,0.75,1]},{"time":1.0666,"x":1,"y":1,"curve":[0.322,0.22,0.656,0.56]},{"time":1.1,"x":1.06,"y":1.06,"curve":[0.308,0.2,0.644,0.55]},{"time":1.2,"x":1,"y":1,"curve":"stepped"},{"time":1.3,"x":1,"y":1,"curve":"stepped"},{"time":1.4,"x":1,"y":1,"curve":[0.25,0,0.75,1]},{"time":2,"x":0.95,"y":1,"curve":[0.25,0,0.75,1]},{"time":2.8666,"x":1.04,"y":1.02},{"time":3.8333,"x":0.98,"y":0.99,"curve":[0.25,0,0.75,1]},{"time":4.7333,"x":1.04,"y":1.02},{"time":5.7,"x":0.98,"y":0.99,"curve":[0.25,0,0.75,1]},{"time":6.6333,"x":1.04,"y":1.02},{"time":7.6,"x":0.98,"y":0.99,"curve":[0.25,0,0.75,1]},{"time":8.6333,"x":1.04,"y":1.02},{"time":9.6,"x":0.98,"y":0.99,"curve":[0.25,0,0.75,1]},{"time":10.7,"x":1.04,"y":1.02},{"time":11.6666,"x":0.98,"y":0.99,"curve":[0.25,0,0.75,1]},{"time":12.7,"x":1.04,"y":1.02},{"time":13.6666,"x":0.98,"y":0.99,"curve":[0.25,0,0.75,1]},{"time":14,"x":1.01,"y":0.98}]},"images/victory_laba2":{"rotate":[{"time":0,"angle":0,"curve":"stepped"},{"time":0.2,"angle":0,"curve":"stepped"},{"time":0.2333,"angle":0,"curve":[0.25,0,0.75,1]},{"time":0.3333,"angle":-5.8,"curve":[0.25,0,0.75,1]},{"time":0.4666,"angle":-4.05,"curve":"stepped"},{"time":0.6,"angle":-4.05,"curve":"stepped"},{"time":0.7333,"angle":-4.05,"curve":"stepped"},{"time":0.8666,"angle":-4.05,"curve":"stepped"},{"time":1,"angle":-4.05,"curve":"stepped"},{"time":1.0333,"angle":-4.05,"curve":"stepped"},{"time":1.0666,"angle":-4.05,"curve":[0.25,0,0.75,1]},{"time":1.1,"angle":-13.14,"curve":[0.321,0.29,0.66,0.64]},{"time":1.2,"angle":-6.83,"curve":[0.321,0.29,0.66,0.64]},{"time":1.3,"angle":-14,"curve":[0.321,0.29,0.66,0.64]},{"time":1.4,"angle":-9.68,"curve":[0.321,0.29,0.66,0.64]},{"time":1.9333,"angle":-5,"curve":[0.325,0.3,0.66,0.64]},{"time":2.7333,"angle":-9.18,"curve":[0.325,0.3,0.66,0.64]},{"time":3.6666,"angle":-6.23,"curve":[0.325,0.3,0.66,0.64]},{"time":4.6666,"angle":-9.18,"curve":[0.325,0.3,0.66,0.64]},{"time":5.6,"angle":-6.23,"curve":[0.325,0.3,0.66,0.64]},{"time":6.6666,"angle":-9.18,"curve":[0.325,0.3,0.66,0.64]},{"time":7.6,"angle":-6.23,"curve":[0.325,0.3,0.66,0.64]},{"time":8.6666,"angle":-9.18,"curve":[0.325,0.3,0.66,0.64]},{"time":9.7,"angle":-6.23,"curve":[0.325,0.3,0.66,0.64]},{"time":10.7666,"angle":-9.18,"curve":[0.325,0.3,0.66,0.64]},{"time":11.8666,"angle":-6.23,"curve":[0.325,0.3,0.66,0.64]},{"time":12.9333,"angle":-9.18,"curve":[0.325,0.3,0.66,0.64]},{"time":14,"angle":-6.23}],"translate":[{"time":0,"x":-18.73,"y":6.94,"curve":"stepped"},{"time":0.2,"x":-18.73,"y":6.94,"curve":[0.25,0,0.75,1]},{"time":0.2333,"x":-32.99,"y":8.52,"curve":[0.25,0,0.75,1]},{"time":0.3333,"x":21.03,"y":3.86,"curve":[0.275,0,0.62,0.4]},{"time":0.4,"x":-15.74,"y":2.4,"curve":[0.314,0.27,0.657,0.63]},{"time":0.4666,"x":-2.96,"y":-0.13,"curve":[0.275,0,0.62,0.4]},{"time":0.5333,"x":23.18,"y":2.59,"curve":[0.314,0.27,0.657,0.63]},{"time":0.6,"x":22.03,"y":1.86,"curve":"stepped"},{"time":0.7333,"x":22.03,"y":1.86,"curve":"stepped"},{"time":0.8666,"x":22.03,"y":1.86,"curve":"stepped"},{"time":1,"x":22.03,"y":1.86,"curve":"stepped"},{"time":1.0333,"x":22.03,"y":1.86,"curve":[0.314,0.27,0.657,0.63]},{"time":1.0666,"x":37.03,"y":4.86,"curve":[0.25,0,0.625,0.5]},{"time":1.1,"x":-0.24,"y":-1.75,"curve":[0.344,0.37,0.757,1]},{"time":1.2,"x":9.75,"y":6.24,"curve":"stepped"},{"time":1.3,"x":9.75,"y":6.24,"curve":"stepped"},{"time":1.4,"x":9.75,"y":6.24,"curve":[0.344,0.37,0.757,1]},{"time":1.9333,"x":8.75,"y":4.24,"curve":"stepped"},{"time":2.7333,"x":8.75,"y":4.24,"curve":"stepped"},{"time":3.6666,"x":8.75,"y":4.24,"curve":"stepped"},{"time":4.6666,"x":8.75,"y":4.24,"curve":"stepped"},{"time":5.6,"x":8.75,"y":4.24,"curve":"stepped"},{"time":6.6666,"x":8.75,"y":4.24,"curve":"stepped"},{"time":7.6,"x":8.75,"y":4.24,"curve":"stepped"},{"time":8.6666,"x":8.75,"y":4.24,"curve":"stepped"},{"time":9.7,"x":8.75,"y":4.24,"curve":"stepped"},{"time":10.7666,"x":8.75,"y":4.24,"curve":"stepped"},{"time":11.8666,"x":8.75,"y":4.24,"curve":"stepped"},{"time":12.9333,"x":8.75,"y":4.24,"curve":"stepped"},{"time":14,"x":8.75,"y":4.24}],"scale":[{"time":0,"x":0.5,"y":0.7,"curve":"stepped"},{"time":0.2,"x":0.5,"y":0.7,"curve":[0.25,0,0.75,1]},{"time":0.2333,"x":0.5,"y":0.56,"curve":[0.25,0,0.75,1]},{"time":0.3333,"x":1.2,"y":1.3,"curve":[0.25,0,0.75,1]},{"time":0.4666,"x":0.81,"y":1,"curve":[0.25,0,0.75,1]},{"time":0.6,"x":1.01,"y":1.02,"curve":[0.25,0,0.75,1]},{"time":0.7333,"x":0.87,"y":0.96,"curve":[0.25,0,0.75,1]},{"time":0.8666,"x":1.01,"y":1.01,"curve":[0.25,0,0.75,1]},{"time":1,"x":0.97,"y":1,"curve":[0.25,0,0.625,0.5]},{"time":1.0333,"x":1.015,"y":1.01,"curve":[0.375,0.5,0.75,1]},{"time":1.0666,"x":1.05,"y":1.05,"curve":[0.25,0,0.75,1]},{"time":1.1,"x":1.06,"y":1.06,"curve":[0.321,0.29,0.66,0.64]},{"time":1.2,"x":0.98,"y":0.98,"curve":"stepped"},{"time":1.3,"x":0.98,"y":0.98,"curve":"stepped"},{"time":1.4,"x":0.98,"y":0.98,"curve":[0.321,0.29,0.66,0.64]},{"time":1.9333,"x":1.03,"y":1.03,"curve":[0.325,0.3,0.66,0.64]},{"time":2.7333,"x":0.95,"y":1.02,"curve":[0.325,0.3,0.66,0.64]},{"time":3.6666,"x":1.03,"y":1.01,"curve":[0.325,0.3,0.66,0.64]},{"time":4.6666,"x":0.95,"y":1.02,"curve":[0.325,0.3,0.66,0.64]},{"time":5.6,"x":1.03,"y":1.01,"curve":[0.325,0.3,0.66,0.64]},{"time":6.6666,"x":0.95,"y":1.02,"curve":[0.325,0.3,0.66,0.64]},{"time":7.6,"x":1.03,"y":1.01,"curve":[0.325,0.3,0.66,0.64]},{"time":8.6666,"x":0.95,"y":1.02,"curve":[0.325,0.3,0.66,0.64]},{"time":9.7,"x":1.03,"y":1.01,"curve":[0.325,0.3,0.66,0.64]},{"time":10.7666,"x":0.95,"y":1.02,"curve":[0.325,0.3,0.66,0.64]},{"time":11.8666,"x":1.03,"y":1.01,"curve":[0.325,0.3,0.66,0.64]},{"time":12.9333,"x":0.95,"y":1.02,"curve":[0.325,0.3,0.66,0.64]},{"time":14,"x":1.03,"y":1.01}]},"bone":{"rotate":[{"time":0,"angle":0,"curve":"stepped"},{"time":0.9666,"angle":0,"curve":"stepped"},{"time":1.1,"angle":0,"curve":"stepped"},{"time":1.7,"angle":0,"curve":"stepped"},{"time":1.8,"angle":0,"curve":"stepped"},{"time":1.9,"angle":0,"curve":"stepped"},{"time":2,"angle":0,"curve":"stepped"},{"time":2.7666,"angle":0}],"translate":[{"time":0,"x":0,"y":0,"curve":"stepped"},{"time":0.9666,"x":0,"y":0,"curve":"stepped"},{"time":1.1,"x":0,"y":0,"curve":"stepped"},{"time":1.7,"x":0,"y":0,"curve":[0.25,0,0.75,1]},{"time":1.8,"x":0,"y":-5,"curve":[0.25,0,0.75,1]},{"time":1.9,"x":0,"y":0,"curve":"stepped"},{"time":2,"x":0,"y":0,"curve":"stepped"},{"time":2.7666,"x":0,"y":0}],"scale":[{"time":0,"x":1,"y":1,"curve":"stepped"},{"time":0.9666,"x":1,"y":1,"curve":"stepped"},{"time":1.1,"x":1,"y":1,"curve":"stepped"},{"time":1.7,"x":1,"y":1,"curve":[0.25,0,0.75,1]},{"time":1.8,"x":1.02,"y":1.02,"curve":[0.25,0,0.75,1]},{"time":1.9,"x":0.99,"y":0.99,"curve":[0.318,0,0.652,0.34]},{"time":2,"x":1,"y":1,"curve":"stepped"},{"time":2.7666,"x":1,"y":1}]},"images/victory_star1":{"rotate":[{"time":0,"angle":0}],"translate":[{"time":0,"x":-217.13,"y":291.84}],"scale":[{"time":0,"x":1.4,"y":1.5}]},"images/victory_star3":{"rotate":[{"time":0,"angle":0}],"translate":[{"time":0,"x":165.23,"y":279.55}],"scale":[{"time":0,"x":1.4,"y":1.5}]},"images/victory_star4":{"rotate":[{"time":0,"angle":0,"curve":"stepped"},{"time":0.9666,"angle":0,"curve":"stepped"},{"time":1,"angle":0,"curve":"stepped"},{"time":1.0666,"angle":0,"curve":"stepped"},{"time":1.1333,"angle":0,"curve":"stepped"},{"time":1.2333,"angle":0,"curve":"stepped"},{"time":2.7666,"angle":0}],"translate":[{"time":0,"x":-2.81,"y":373.57,"curve":"stepped"},{"time":0.9666,"x":-2.81,"y":373.57,"curve":"stepped"},{"time":1,"x":-2.81,"y":373.57,"curve":[0.25,0,0.75,1]},{"time":1.0666,"x":0,"y":0,"curve":"stepped"},{"time":1.1333,"x":0,"y":0,"curve":"stepped"},{"time":1.2333,"x":0,"y":0,"curve":"stepped"},{"time":2.7666,"x":0,"y":0}],"scale":[{"time":0,"x":1.427,"y":1.468,"curve":"stepped"},{"time":0.9666,"x":1.427,"y":1.468,"curve":"stepped"},{"time":1,"x":1.427,"y":1.468,"curve":[0.264,0,0.617,0.42]},{"time":1.0666,"x":1,"y":1,"curve":[0.25,0,0.75,1]},{"time":1.1333,"x":1.069,"y":1.07,"curve":[0.25,0,0.75,1]},{"time":1.2333,"x":1,"y":1,"curve":"stepped"},{"time":2.7666,"x":1,"y":1}]},"images/星星光环_00":{"rotate":[{"time":0,"angle":14.2}],"translate":[{"time":0,"x":0,"y":10}],"scale":[{"time":0,"x":0.77,"y":0.83}]},"images/星星光环_0":{"rotate":[{"time":0,"angle":0}],"translate":[{"time":0,"x":0,"y":-5.99,"curve":"stepped"},{"time":1.0666,"x":0,"y":-5.99}],"scale":[{"time":0,"x":0.7,"y":0.7,"curve":"stepped"},{"time":1.0666,"x":0.7,"y":0.7},{"time":1.3,"x":1.5,"y":1.5}]},"images/星星光环_1":{"rotate":[{"time":0,"angle":0}],"translate":[{"time":0,"x":0,"y":0}],"scale":[{"time":0,"x":0.7,"y":0.7}]}},"drawOrder":[{"time":0.3,"offsets":[{"slot":"images/victory_zi","offset":1}]}]},"hard":{"slots":{"images/ui_jiesuan_saoguang_01_0":{"color":[{"time":0,"color":"ffffff00"}]},"images/ui_jiesuan_saoguang_01_00":{"attachment":[{"time":2.0333,"name":"images/ui_jiesuan_saoguang_01_01"},{"time":2.1,"name":"images/ui_jiesuan_saoguang_01_02"},{"time":2.1666,"name":"images/ui_jiesuan_saoguang_01_03"},{"time":2.2333,"name":"images/ui_jiesuan_saoguang_01_04"},{"time":2.3,"name":"images/ui_jiesuan_saoguang_01_05"},{"time":2.3666,"name":"images/ui_jiesuan_saoguang_01_06"},{"time":2.4333,"name":"images/ui_jiesuan_saoguang_01_07"},{"time":2.5,"name":"images/ui_jiesuan_saoguang_01_08"}],"color":[{"time":1.9,"color":"ffffff00"},{"time":1.9666,"color":"ffffffff","curve":"stepped"},{"time":2.5,"color":"ffffffff"},{"time":2.5666,"color":"ffffff00"}]},"images/ui_jiesuan_saoguang_01_1":{"attachment":[{"time":2.3666,"name":"images/ui_jiesuan_saoguang_01_01"},{"time":2.4333,"name":"images/ui_jiesuan_saoguang_01_02"},{"time":2.5,"name":"images/ui_jiesuan_saoguang_01_03"},{"time":2.5666,"name":"images/ui_jiesuan_saoguang_01_04"},{"time":2.6333,"name":"images/ui_jiesuan_saoguang_01_05"},{"time":2.7,"name":"images/ui_jiesuan_saoguang_01_06"},{"time":2.7666,"name":"images/ui_jiesuan_saoguang_01_07"},{"time":2.8333,"name":"images/ui_jiesuan_saoguang_01_08"}],"color":[{"time":2.2333,"color":"ffffff00"},{"time":2.3,"color":"ffffffff","curve":"stepped"},{"time":2.8333,"color":"ffffffff"},{"time":2.9,"color":"ffffff00"}]},"images/victory_fu":{"color":[{"time":0,"color":"ffffff12","curve":[0.25,0,0.75,1]},{"time":0.0333,"color":"ffffff99"},{"time":0.0666,"color":"ffffffe0"},{"time":0.1,"color":"ffffffff"}]},"images/victory_laba1":{"color":[{"time":0,"color":"ffffff00","curve":"stepped"},{"time":0.1666,"color":"ffffff00","curve":[0.264,0,0.617,0.42]},{"time":0.2,"color":"ffffff5a","curve":[0.351,0.4,0.756,1]},{"time":0.2666,"color":"ffffffff"}]},"images/victory_laba2":{"color":[{"time":0,"color":"ffffff00","curve":"stepped"},{"time":0.2,"color":"ffffff00","curve":[0.25,0,0.75,1]},{"time":0.2333,"color":"ffffff35","curve":[0.264,0,0.617,0.42]},{"time":0.2666,"color":"ffffffff","curve":"stepped"},{"time":0.3333,"color":"ffffffff","curve":"stepped"},{"time":0.4666,"color":"ffffffff","curve":"stepped"},{"time":0.6,"color":"ffffffff","curve":"stepped"},{"time":0.7333,"color":"ffffffff","curve":"stepped"},{"time":0.8666,"color":"ffffffff","curve":"stepped"},{"time":1,"color":"ffffffff","curve":"stepped"},{"time":1.0666,"color":"ffffffff"}]},"images/victory_star1":{"color":[{"time":0,"color":"ffffff00","curve":"stepped"},{"time":0.9666,"color":"ffffff00","curve":[0.25,0,0.75,1]},{"time":1,"color":"ffffffff","curve":"stepped"},{"time":1.0666,"color":"ffffffff","curve":"stepped"},{"time":1.1333,"color":"ffffffff","curve":"stepped"},{"time":1.2333,"color":"ffffffff"}]},"images/victory_star2":{"color":[{"time":0,"color":"ffffff00"}]},"images/victory_star3":{"color":[{"time":0,"color":"ffffff00","curve":"stepped"},{"time":1.2666,"color":"ffffff00","curve":[0.25,0,0.75,1]},{"time":1.3,"color":"ffffffff","curve":"stepped"},{"time":1.3666,"color":"ffffffff","curve":"stepped"},{"time":1.4333,"color":"ffffffff","curve":"stepped"},{"time":1.5333,"color":"ffffffff"}]},"images/victory_zi":{"attachment":[{"time":0,"name":"images/common_icon_knndsl"}],"color":[{"time":0,"color":"ffffff00","curve":"stepped"},{"time":0.1666,"color":"ffffff00","curve":[0.25,0,0.75,1]},{"time":0.2,"color":"ffffff32","curve":[0.25,0,0.75,1]},{"time":0.2333,"color":"ffffff98","curve":[0.25,0,0.75,1]},{"time":0.3333,"color":"ffffffff","curve":"stepped"},{"time":0.4,"color":"ffffffff","curve":"stepped"},{"time":0.5,"color":"ffffffff","curve":"stepped"},{"time":0.6,"color":"ffffffff","curve":"stepped"},{"time":0.7,"color":"ffffffff","curve":"stepped"},{"time":0.8,"color":"ffffffff","curve":"stepped"},{"time":0.9,"color":"ffffffff"}]},"images/星星光环_00":{"color":[{"time":1.0666,"color":"ffffffb0"},{"time":1.2333,"color":"ffffff00"}]},"images/星星光环_1":{"color":[{"time":1.3666,"color":"ffffff90"},{"time":1.5666,"color":"ffffff00"}]}},"bones":{"images/victory_fu":{"rotate":[{"time":0,"angle":0,"curve":"stepped"},{"time":0.2,"angle":0,"curve":"stepped"},{"time":0.3,"angle":0,"curve":"stepped"},{"time":0.4,"angle":0,"curve":"stepped"},{"time":0.5,"angle":0,"curve":"stepped"},{"time":0.5666,"angle":0,"curve":"stepped"},{"time":2.7666,"angle":0}],"translate":[{"time":0,"x":0,"y":14.64,"curve":[0.257,0,0.618,0.45]},{"time":0.0333,"x":0,"y":50.95,"curve":[0.33,0.32,0.669,0.67]},{"time":0.0666,"x":-4.99,"y":106.73,"curve":[0.381,0.54,0.742,1]},{"time":0.1,"x":0,"y":108.73,"curve":[0.381,0.54,0.742,1]},{"time":0.2,"x":0,"y":-4.99,"curve":[0.25,0,0.75,1]},{"time":0.3,"x":0,"y":9,"curve":[0.25,0,0.75,1]},{"time":0.4,"x":0,"y":8,"curve":[0.25,0,0.75,1]},{"time":0.5,"x":0,"y":0,"curve":"stepped"},{"time":0.5666,"x":0,"y":0,"curve":"stepped"},{"time":2.7666,"x":0,"y":0}],"scale":[{"time":0,"x":0.199,"y":0.5,"curve":[0.257,0,0.618,0.45]},{"time":0.0333,"x":0.33,"y":0.81,"curve":[0.33,0.32,0.669,0.67]},{"time":0.0666,"x":0.63,"y":0.88,"curve":[0.381,0.54,0.742,1]},{"time":0.1,"x":1.1,"y":1.16,"curve":[0.381,0.54,0.742,1]},{"time":0.2,"x":0.52,"y":0.69,"curve":[0.25,0,0.75,1]},{"time":0.3,"x":1.14,"y":1.1,"curve":[0.25,0,0.75,1]},{"time":0.4,"x":0.82,"y":1.13,"curve":[0.25,0,0.75,1]},{"time":0.5,"x":1.03,"y":0.96,"curve":[0.25,0,0.75,1]},{"time":0.5666,"x":1,"y":1,"curve":"stepped"},{"time":1.0333,"x":1,"y":1,"curve":[0.331,0.32,0.664,0.65]},{"time":1.0666,"x":1.06,"y":1.05,"curve":[0.329,0.31,0.662,0.65]},{"time":1.1333,"x":0.99,"y":0.99,"curve":[0.329,0.32,0.663,0.65]},{"time":1.2,"x":1.01,"y":1.01,"curve":[0.33,0.32,0.663,0.65]},{"time":1.2666,"x":1,"y":1,"curve":"stepped"},{"time":1.3333,"x":1,"y":1,"curve":[0.331,0.32,0.665,0.66]},{"time":1.3666,"x":1.06,"y":1.05,"curve":[0.329,0.31,0.662,0.65]},{"time":1.4333,"x":0.99,"y":0.99,"curve":[0.329,0.32,0.663,0.65]},{"time":1.5,"x":1.01,"y":1.01,"curve":[0.33,0.32,0.663,0.65]},{"time":1.5666,"x":0.99,"y":0.99,"curve":[0.332,0.33,0.665,0.66]},{"time":1.6333,"x":1,"y":1,"curve":"stepped"},{"time":2.7666,"x":1,"y":1}]},"images/victory_zi":{"rotate":[{"time":0,"angle":0,"curve":"stepped"},{"time":0.1666,"angle":0,"curve":"stepped"},{"time":0.2,"angle":0,"curve":"stepped"},{"time":0.3333,"angle":0,"curve":"stepped"},{"time":0.4,"angle":0,"curve":"stepped"},{"time":0.5,"angle":0,"curve":"stepped"},{"time":0.6,"angle":0,"curve":"stepped"},{"time":0.7,"angle":0,"curve":"stepped"},{"time":0.8,"angle":0,"curve":"stepped"},{"time":0.9,"angle":0,"curve":"stepped"},{"time":1,"angle":0,"curve":"stepped"},{"time":1.4666,"angle":0,"curve":"stepped"},{"time":2.7666,"angle":0}],"translate":[{"time":0,"x":0,"y":0,"curve":"stepped"},{"time":0.1666,"x":0,"y":0,"curve":[0.25,0,0.75,1]},{"time":0.2,"x":0,"y":80.02,"curve":[0.264,0,0.617,0.42]},{"time":0.2333,"x":0,"y":108.99,"curve":[0.351,0.4,0.756,1]},{"time":0.3333,"x":0,"y":247.87,"curve":[0.25,0,0.75,1]},{"time":0.4,"x":0,"y":210.08,"curve":[0.25,0,0.75,1]},{"time":0.5,"x":0,"y":-8.99,"curve":[0.25,0,0.75,1]},{"time":0.6,"x":0,"y":-14.63,"curve":[0.25,0,0.75,1]},{"time":0.7,"x":0,"y":13.09,"curve":[0.25,0,0.75,1]},{"time":0.8,"x":0,"y":-4,"curve":[0.25,0,0.75,1]},{"time":0.9,"x":0,"y":0,"curve":"stepped"},{"time":1,"x":0,"y":0,"curve":"stepped"},{"time":1.4666,"x":0,"y":0,"curve":"stepped"},{"time":2.7666,"x":0,"y":0}],"scale":[{"time":0,"x":1,"y":1,"curve":"stepped"},{"time":0.1666,"x":1,"y":1,"curve":[0.25,0,0.75,1]},{"time":0.2,"x":0.3,"y":0.8,"curve":[0.25,0,0.75,1]},{"time":0.3333,"x":1.14,"y":0.93,"curve":[0.25,0,0.75,1]},{"time":0.4,"x":1.45,"y":1.069,"curve":[0.25,0,0.75,1]},{"time":0.5,"x":0.89,"y":0.85,"curve":[0.25,0,0.75,1]},{"time":0.6,"x":1.569,"y":0.81,"curve":[0.25,0,0.75,1]},{"time":0.7,"x":0.91,"y":0.94,"curve":[0.25,0,0.75,1]},{"time":0.8,"x":1.12,"y":0.88,"curve":[0.25,0,0.75,1]},{"time":0.9,"x":0.97,"y":1.01,"curve":[0.292,0,0.63,0.37]},{"time":1,"x":1,"y":1,"curve":"stepped"},{"time":1.4666,"x":1,"y":1,"curve":"stepped"},{"time":2.7666,"x":1,"y":1}]},"images/victory_laba1":{"rotate":[{"time":0,"angle":0,"curve":"stepped"},{"time":0.1666,"angle":0,"curve":[0.25,0,0.75,1]},{"time":0.2666,"angle":-7.82,"curve":[0.25,0,0.75,1]},{"time":0.4,"angle":-1.12,"curve":[0.25,0,0.75,1]},{"time":0.5333,"angle":1.47,"curve":[0.25,0,0.75,1]},{"time":0.7,"angle":4.39,"curve":"stepped"},{"time":0.8666,"angle":4.39,"curve":"stepped"},{"time":1.0333,"angle":4.39,"curve":[0.25,0,0.75,1]},{"time":1.0666,"angle":5.49,"curve":[0.322,0.22,0.656,0.56]},{"time":1.1,"angle":12.25,"curve":[0.308,0.2,0.644,0.55]},{"time":1.2,"angle":7.4,"curve":[0.25,0,0.75,1]},{"time":1.3,"angle":13.07,"curve":[0.25,0,0.75,1]},{"time":1.3333,"angle":12.42,"curve":[0.25,0,0.75,1]},{"time":1.3666,"angle":12.25,"curve":[0.308,0.2,0.644,0.55]},{"time":1.4666,"angle":2.9,"curve":[0.25,0,0.75,1]},{"time":1.5666,"angle":7.2,"curve":[0.25,0,0.625,0.5]},{"time":1.6666,"angle":5.37,"curve":[0.375,0.5,0.75,1]},{"time":1.7666,"angle":6.02,"curve":[0.25,0,0.75,1]},{"time":2.8666,"angle":0.73},{"time":3.8333,"angle":6.02,"curve":[0.25,0,0.75,1]},{"time":4.7333,"angle":0.73},{"time":5.7,"angle":6.02,"curve":[0.25,0,0.75,1]},{"time":6.6333,"angle":0.73},{"time":7.6,"angle":6.02,"curve":[0.25,0,0.75,1]},{"time":8.6333,"angle":0.73},{"time":9.6,"angle":6.02,"curve":[0.25,0,0.75,1]},{"time":10.7,"angle":0.73},{"time":11.6666,"angle":6.02,"curve":[0.25,0,0.75,1]},{"time":12.7,"angle":0.73},{"time":13.6666,"angle":6.02,"curve":[0.25,0,0.75,1]},{"time":14,"angle":5.19}],"translate":[{"time":0,"x":0,"y":0,"curve":"stepped"},{"time":0.1666,"x":0,"y":0,"curve":[0.264,0,0.617,0.42]},{"time":0.2,"x":74.71,"y":0.17,"curve":[0.351,0.4,0.756,1]},{"time":0.2666,"x":0,"y":0,"curve":[0.25,0,0.75,1]},{"time":0.4,"x":6.43,"y":12.75,"curve":[0.25,0,0.75,1]},{"time":0.5333,"x":-14.05,"y":5.28,"curve":[0.25,0,0.75,1]},{"time":0.7,"x":-11.05,"y":5.28,"curve":"stepped"},{"time":0.8666,"x":-11.05,"y":5.28,"curve":"stepped"},{"time":1.0333,"x":-11.05,"y":5.28,"curve":[0.25,0,0.75,1]},{"time":1.0666,"x":-18.05,"y":-0.71,"curve":[0.322,0.22,0.656,0.56]},{"time":1.1,"x":-0.05,"y":-3.71,"curve":[0.308,0.2,0.644,0.55]},{"time":1.2,"x":-0.05,"y":-2.71,"curve":"stepped"},{"time":1.3,"x":-0.05,"y":-2.71,"curve":"stepped"},{"time":1.3333,"x":-0.05,"y":-2.71,"curve":[0.25,0,0.75,1]},{"time":1.3666,"x":-0.05,"y":-3.71,"curve":[0.308,0.2,0.644,0.55]},{"time":1.4666,"x":-0.05,"y":-2.71,"curve":"stepped"},{"time":1.5666,"x":-0.05,"y":-2.71}],"scale":[{"time":0,"x":1,"y":1,"curve":"stepped"},{"time":0.1666,"x":1,"y":1,"curve":[0.264,0,0.617,0.42]},{"time":0.2,"x":0.49,"y":0.35,"curve":[0.351,0.4,0.756,1]},{"time":0.2666,"x":1.5,"y":1.5,"curve":[0.25,0,0.75,1]},{"time":0.4,"x":0.72,"y":0.9,"curve":[0.25,0,0.75,1]},{"time":0.5333,"x":1.06,"y":1.06,"curve":[0.25,0,0.75,1]},{"time":0.7,"x":0.94,"y":1,"curve":[0.25,0,0.75,1]},{"time":0.8666,"x":1.01,"y":1,"curve":[0.25,0,0.75,1]},{"time":1.0333,"x":0.96,"y":0.98,"curve":[0.25,0,0.75,1]},{"time":1.0666,"x":1.069,"y":1,"curve":[0.322,0.22,0.656,0.56]},{"time":1.1,"x":1.06,"y":1.06,"curve":[0.308,0.2,0.644,0.55]},{"time":1.2,"x":1,"y":1,"curve":"stepped"},{"time":1.3,"x":1,"y":1,"curve":"stepped"},{"time":1.3333,"x":1,"y":1,"curve":[0.25,0,0.75,1]},{"time":1.3666,"x":1.06,"y":1.06,"curve":[0.308,0.2,0.644,0.55]},{"time":1.4666,"x":1.01,"y":1,"curve":"stepped"},{"time":1.5666,"x":1.01,"y":1,"curve":[0.25,0,0.75,1]},{"time":1.7666,"x":1,"y":1,"curve":[0.25,0,0.75,1]},{"time":2.8666,"x":1.04,"y":1.02},{"time":3.8333,"x":0.98,"y":0.99,"curve":[0.25,0,0.75,1]},{"time":4.7333,"x":1.04,"y":1.02},{"time":5.7,"x":0.98,"y":0.99,"curve":[0.25,0,0.75,1]},{"time":6.6333,"x":1.04,"y":1.02},{"time":7.6,"x":0.98,"y":0.99,"curve":[0.25,0,0.75,1]},{"time":8.6333,"x":1.04,"y":1.02},{"time":9.6,"x":0.98,"y":0.99,"curve":[0.25,0,0.75,1]},{"time":10.7,"x":1.04,"y":1.02},{"time":11.6666,"x":0.98,"y":0.99,"curve":[0.25,0,0.75,1]},{"time":12.7,"x":1.04,"y":1.02},{"time":13.6666,"x":0.98,"y":0.99,"curve":[0.25,0,0.75,1]},{"time":14,"x":1.01,"y":0.98}]},"images/victory_laba2":{"rotate":[{"time":0,"angle":0,"curve":"stepped"},{"time":0.2,"angle":0,"curve":"stepped"},{"time":0.2333,"angle":0,"curve":[0.25,0,0.75,1]},{"time":0.3333,"angle":-5.8,"curve":[0.25,0,0.75,1]},{"time":0.4666,"angle":-4.05,"curve":"stepped"},{"time":0.6,"angle":-4.05,"curve":"stepped"},{"time":0.7333,"angle":-4.05,"curve":"stepped"},{"time":0.8666,"angle":-4.05,"curve":"stepped"},{"time":1,"angle":-4.05,"curve":"stepped"},{"time":1.0333,"angle":-4.05,"curve":"stepped"},{"time":1.0666,"angle":-4.05,"curve":[0.25,0,0.75,1]},{"time":1.1,"angle":-13.14,"curve":[0.321,0.29,0.66,0.64]},{"time":1.2,"angle":-6.83,"curve":[0.321,0.29,0.66,0.64]},{"time":1.3333,"angle":-9.68,"curve":[0.321,0.29,0.66,0.64]},{"time":1.3666,"angle":-13.14,"curve":[0.321,0.29,0.66,0.64]},{"time":1.4666,"angle":-6.83,"curve":[0.321,0.29,0.66,0.64]},{"time":1.5666,"angle":-4.28,"curve":[0.321,0.29,0.66,0.64]},{"time":1.6666,"angle":-5,"curve":[0.325,0.3,0.66,0.64]},{"time":2.7333,"angle":-9.18,"curve":[0.325,0.3,0.66,0.64]},{"time":3.6666,"angle":-6.23,"curve":[0.325,0.3,0.66,0.64]},{"time":4.6666,"angle":-9.18,"curve":[0.325,0.3,0.66,0.64]},{"time":5.6,"angle":-6.23,"curve":[0.325,0.3,0.66,0.64]},{"time":6.6666,"angle":-9.18,"curve":[0.325,0.3,0.66,0.64]},{"time":7.6,"angle":-6.23,"curve":[0.325,0.3,0.66,0.64]},{"time":8.6666,"angle":-9.18,"curve":[0.325,0.3,0.66,0.64]},{"time":9.7,"angle":-6.23,"curve":[0.325,0.3,0.66,0.64]},{"time":10.7666,"angle":-9.18,"curve":[0.325,0.3,0.66,0.64]},{"time":11.8666,"angle":-6.23,"curve":[0.325,0.3,0.66,0.64]},{"time":12.9333,"angle":-9.18,"curve":[0.325,0.3,0.66,0.64]},{"time":14,"angle":-6.23}],"translate":[{"time":0,"x":-18.73,"y":6.94,"curve":"stepped"},{"time":0.2,"x":-18.73,"y":6.94,"curve":[0.25,0,0.75,1]},{"time":0.2333,"x":-32.99,"y":8.52,"curve":[0.25,0,0.75,1]},{"time":0.3333,"x":21.03,"y":3.86,"curve":[0.275,0,0.62,0.4]},{"time":0.4,"x":-15.74,"y":2.4,"curve":[0.314,0.27,0.657,0.63]},{"time":0.4666,"x":-2.96,"y":-0.13,"curve":[0.275,0,0.62,0.4]},{"time":0.5333,"x":23.18,"y":2.59,"curve":[0.314,0.27,0.657,0.63]},{"time":0.6,"x":22.03,"y":1.86,"curve":"stepped"},{"time":0.7333,"x":22.03,"y":1.86,"curve":"stepped"},{"time":0.8666,"x":22.03,"y":1.86,"curve":"stepped"},{"time":1,"x":22.03,"y":1.86,"curve":"stepped"},{"time":1.0333,"x":22.03,"y":1.86,"curve":[0.314,0.27,0.657,0.63]},{"time":1.0666,"x":37.03,"y":4.86,"curve":[0.25,0,0.625,0.5]},{"time":1.1,"x":-0.24,"y":-1.75,"curve":[0.344,0.37,0.757,1]},{"time":1.2,"x":9.75,"y":6.24,"curve":"stepped"},{"time":1.3333,"x":9.75,"y":6.24,"curve":[0.344,0.37,0.757,1]},{"time":1.3666,"x":-0.24,"y":-1.75,"curve":[0.344,0.37,0.757,1]},{"time":1.4666,"x":9.75,"y":6.24,"curve":[0.344,0.37,0.757,1]},{"time":1.5666,"x":8.75,"y":5.24,"curve":[0.344,0.37,0.757,1]},{"time":1.6666,"x":8.75,"y":4.24,"curve":"stepped"},{"time":2.7333,"x":8.75,"y":4.24,"curve":"stepped"},{"time":3.6666,"x":8.75,"y":4.24,"curve":"stepped"},{"time":4.6666,"x":8.75,"y":4.24,"curve":"stepped"},{"time":5.6,"x":8.75,"y":4.24,"curve":"stepped"},{"time":6.6666,"x":8.75,"y":4.24,"curve":"stepped"},{"time":7.6,"x":8.75,"y":4.24,"curve":"stepped"},{"time":8.6666,"x":8.75,"y":4.24,"curve":"stepped"},{"time":9.7,"x":8.75,"y":4.24,"curve":"stepped"},{"time":10.7666,"x":8.75,"y":4.24,"curve":"stepped"},{"time":11.8666,"x":8.75,"y":4.24,"curve":"stepped"},{"time":12.9333,"x":8.75,"y":4.24,"curve":"stepped"},{"time":14,"x":8.75,"y":4.24}],"scale":[{"time":0,"x":0.5,"y":0.7,"curve":"stepped"},{"time":0.2,"x":0.5,"y":0.7,"curve":[0.25,0,0.75,1]},{"time":0.2333,"x":0.5,"y":0.56,"curve":[0.25,0,0.75,1]},{"time":0.3333,"x":1.2,"y":1.3,"curve":[0.25,0,0.75,1]},{"time":0.4666,"x":0.81,"y":1,"curve":[0.25,0,0.75,1]},{"time":0.6,"x":1.01,"y":1.02,"curve":[0.25,0,0.75,1]},{"time":0.7333,"x":0.87,"y":0.96,"curve":[0.25,0,0.75,1]},{"time":0.8666,"x":1.01,"y":1.01,"curve":[0.25,0,0.75,1]},{"time":1,"x":0.97,"y":1,"curve":[0.25,0,0.625,0.5]},{"time":1.0333,"x":1.015,"y":1.01,"curve":[0.375,0.5,0.75,1]},{"time":1.0666,"x":1.05,"y":1.05,"curve":[0.25,0,0.75,1]},{"time":1.1,"x":1.06,"y":1.06,"curve":[0.321,0.29,0.66,0.64]},{"time":1.2,"x":0.98,"y":0.98,"curve":"stepped"},{"time":1.3333,"x":0.98,"y":0.98,"curve":[0.321,0.29,0.66,0.64]},{"time":1.3666,"x":1.06,"y":1.06,"curve":[0.321,0.29,0.66,0.64]},{"time":1.4666,"x":0.98,"y":0.98,"curve":[0.321,0.29,0.66,0.64]},{"time":1.5666,"x":1.03,"y":1.03,"curve":"stepped"},{"time":1.6666,"x":1.03,"y":1.03,"curve":[0.325,0.3,0.66,0.64]},{"time":2.7333,"x":0.95,"y":1.02,"curve":[0.325,0.3,0.66,0.64]},{"time":3.6666,"x":1.03,"y":1.01,"curve":[0.325,0.3,0.66,0.64]},{"time":4.6666,"x":0.95,"y":1.02,"curve":[0.325,0.3,0.66,0.64]},{"time":5.6,"x":1.03,"y":1.01,"curve":[0.325,0.3,0.66,0.64]},{"time":6.6666,"x":0.95,"y":1.02,"curve":[0.325,0.3,0.66,0.64]},{"time":7.6,"x":1.03,"y":1.01,"curve":[0.325,0.3,0.66,0.64]},{"time":8.6666,"x":0.95,"y":1.02,"curve":[0.325,0.3,0.66,0.64]},{"time":9.7,"x":1.03,"y":1.01,"curve":[0.325,0.3,0.66,0.64]},{"time":10.7666,"x":0.95,"y":1.02,"curve":[0.325,0.3,0.66,0.64]},{"time":11.8666,"x":1.03,"y":1.01,"curve":[0.325,0.3,0.66,0.64]},{"time":12.9333,"x":0.95,"y":1.02,"curve":[0.325,0.3,0.66,0.64]},{"time":14,"x":1.03,"y":1.01}]},"bone":{"rotate":[{"time":0,"angle":0,"curve":"stepped"},{"time":0.9666,"angle":0,"curve":"stepped"},{"time":1.1,"angle":0,"curve":"stepped"},{"time":1.7,"angle":0,"curve":"stepped"},{"time":1.8,"angle":0,"curve":"stepped"},{"time":1.9,"angle":0,"curve":"stepped"},{"time":2,"angle":0,"curve":"stepped"},{"time":2.7666,"angle":0}],"translate":[{"time":0,"x":0,"y":0,"curve":"stepped"},{"time":0.9666,"x":0,"y":0,"curve":"stepped"},{"time":1.1,"x":0,"y":0,"curve":"stepped"},{"time":1.7,"x":0,"y":0,"curve":[0.25,0,0.75,1]},{"time":1.8,"x":0,"y":-5,"curve":[0.25,0,0.75,1]},{"time":1.9,"x":0,"y":0,"curve":"stepped"},{"time":2,"x":0,"y":0,"curve":"stepped"},{"time":2.7666,"x":0,"y":0}],"scale":[{"time":0,"x":1,"y":1,"curve":"stepped"},{"time":0.9666,"x":1,"y":1,"curve":"stepped"},{"time":1.1,"x":1,"y":1,"curve":"stepped"},{"time":1.7,"x":1,"y":1,"curve":[0.25,0,0.75,1]},{"time":1.8,"x":1.02,"y":1.02,"curve":[0.25,0,0.75,1]},{"time":1.9,"x":0.99,"y":0.99,"curve":[0.318,0,0.652,0.34]},{"time":2,"x":1,"y":1,"curve":"stepped"},{"time":2.7666,"x":1,"y":1}]},"images/victory_star1":{"rotate":[{"time":0,"angle":2.42,"curve":"stepped"},{"time":2.7666,"angle":2.42}],"translate":[{"time":0,"x":-217.13,"y":291.84,"curve":"stepped"},{"time":0.9666,"x":-217.13,"y":291.84,"curve":[0.25,0,0.75,1]},{"time":1,"x":-134.13,"y":291.84,"curve":[0.25,0,0.625,0.5]},{"time":1.0333,"x":-53.92,"y":178.03,"curve":[0.375,0.5,0.75,1]},{"time":1.0666,"x":50.99,"y":14,"curve":"stepped"},{"time":1.1333,"x":50.99,"y":14,"curve":"stepped"},{"time":1.2333,"x":50.99,"y":14,"curve":"stepped"},{"time":2.7666,"x":50.99,"y":14}],"scale":[{"time":0,"x":1.4,"y":1.5,"curve":"stepped"},{"time":0.9666,"x":1.4,"y":1.5,"curve":"stepped"},{"time":1,"x":1.4,"y":1.5,"curve":[0.25,0,0.625,0.5]},{"time":1.0333,"x":1.319,"y":1.35,"curve":[0.375,0.5,0.75,1]},{"time":1.0666,"x":1,"y":1,"curve":[0.25,0,0.75,1]},{"time":1.1333,"x":1.069,"y":1.069,"curve":[0.25,0,0.75,1]},{"time":1.2333,"x":1,"y":1,"curve":"stepped"},{"time":2.7666,"x":1,"y":1}]},"images/victory_star3":{"rotate":[{"time":0,"angle":2.25}],"translate":[{"time":0,"x":165.23,"y":279.55,"curve":"stepped"},{"time":1.2666,"x":165.23,"y":279.55,"curve":[0.25,0,0.75,1]},{"time":1.3,"x":88.23,"y":279.55,"curve":[0.264,0,0.617,0.42]},{"time":1.3333,"x":19.86,"y":187.32,"curve":[0.351,0.4,0.756,1]},{"time":1.3666,"x":-64,"y":14,"curve":[0.25,0,0.75,1]},{"time":1.4333,"x":-64,"y":13,"curve":"stepped"},{"time":1.5333,"x":-64,"y":13}],"scale":[{"time":0,"x":1.4,"y":1.5,"curve":"stepped"},{"time":1.2666,"x":1.4,"y":1.5,"curve":"stepped"},{"time":1.3,"x":1.4,"y":1.5,"curve":[0.264,0,0.617,0.42]},{"time":1.3333,"x":1.35,"y":1.4,"curve":[0.351,0.4,0.756,1]},{"time":1.3666,"x":1,"y":1,"curve":[0.25,0,0.75,1]},{"time":1.4333,"x":1.07,"y":1.069,"curve":[0.25,0,0.75,1]},{"time":1.5333,"x":1,"y":1}]},"images/victory_star4":{"rotate":[{"time":0,"angle":0}],"translate":[{"time":0,"x":-2.81,"y":373.57}],"scale":[{"time":0,"x":1.427,"y":1.468}]},"images/ui_jiesuan_saoguang_03":{"rotate":[{"time":0,"angle":2.94}],"translate":[{"time":0,"x":-66,"y":11.99}]},"images/ui_jiesuan_saoguang_01":{"rotate":[{"time":0,"angle":3.56}],"translate":[{"time":0,"x":49.99,"y":12}]},"images/星星光环_00":{"rotate":[{"time":0,"angle":14.2,"curve":"stepped"},{"time":1.0666,"angle":14.2}],"translate":[{"time":0,"x":51.99,"y":10,"curve":"stepped"},{"time":1.0666,"x":51.99,"y":10}],"scale":[{"time":0,"x":0.77,"y":0.83,"curve":"stepped"},{"time":1.0666,"x":0.77,"y":0.83},{"time":1.2333,"x":1.5,"y":1.5}]},"images/星星光环_0":{"rotate":[{"time":0,"angle":0}],"translate":[{"time":0,"x":0,"y":-5.99}],"scale":[{"time":0,"x":0.7,"y":0.7}]},"images/星星光环_1":{"rotate":[{"time":0,"angle":0,"curve":"stepped"},{"time":1.3666,"angle":0}],"translate":[{"time":0,"x":-73.49,"y":6}],"scale":[{"time":0,"x":0.7,"y":0.7,"curve":"stepped"},{"time":1.3666,"x":0.7,"y":0.7},{"time":1.5666,"x":1.5,"y":1.5}]}},"drawOrder":[{"time":0.3,"offsets":[{"slot":"images/victory_zi","offset":1}]}]},"hell":{"slots":{"images/ui_jiesuan_saoguang_01_0":{"attachment":[{"time":2.3333,"name":"images/ui_jiesuan_saoguang_01_01"},{"time":2.4,"name":"images/ui_jiesuan_saoguang_01_02"},{"time":2.4666,"name":"images/ui_jiesuan_saoguang_01_03"},{"time":2.5333,"name":"images/ui_jiesuan_saoguang_01_04"},{"time":2.6,"name":"images/ui_jiesuan_saoguang_01_05"},{"time":2.6666,"name":"images/ui_jiesuan_saoguang_01_06"},{"time":2.7333,"name":"images/ui_jiesuan_saoguang_01_07"},{"time":2.8,"name":"images/ui_jiesuan_saoguang_01_08"}],"color":[{"time":0,"color":"ffffff00","curve":"stepped"},{"time":2.2,"color":"ffffff00"},{"time":2.2666,"color":"ffffffff","curve":"stepped"},{"time":2.8,"color":"ffffffff"},{"time":2.8666,"color":"ffffff00"}]},"images/ui_jiesuan_saoguang_01_00":{"attachment":[{"time":2.1666,"name":"images/ui_jiesuan_saoguang_01_01"},{"time":2.2333,"name":"images/ui_jiesuan_saoguang_01_02"},{"time":2.3,"name":"images/ui_jiesuan_saoguang_01_03"},{"time":2.3666,"name":"images/ui_jiesuan_saoguang_01_04"},{"time":2.4333,"name":"images/ui_jiesuan_saoguang_01_05"},{"time":2.5,"name":"images/ui_jiesuan_saoguang_01_06"},{"time":2.5666,"name":"images/ui_jiesuan_saoguang_01_07"},{"time":2.6333,"name":"images/ui_jiesuan_saoguang_01_08"}],"color":[{"time":2.0333,"color":"ffffff00"},{"time":2.1,"color":"ffffffff","curve":"stepped"},{"time":2.6333,"color":"ffffffff"},{"time":2.7,"color":"ffffff00"}]},"images/ui_jiesuan_saoguang_01_1":{"attachment":[{"time":2.4333,"name":"images/ui_jiesuan_saoguang_01_01"},{"time":2.5,"name":"images/ui_jiesuan_saoguang_01_02"},{"time":2.5666,"name":"images/ui_jiesuan_saoguang_01_03"},{"time":2.6333,"name":"images/ui_jiesuan_saoguang_01_04"},{"time":2.7,"name":"images/ui_jiesuan_saoguang_01_05"},{"time":2.7666,"name":"images/ui_jiesuan_saoguang_01_06"},{"time":2.8333,"name":"images/ui_jiesuan_saoguang_01_07"},{"time":2.9,"name":"images/ui_jiesuan_saoguang_01_08"}],"color":[{"time":2.3,"color":"ffffff00"},{"time":2.3666,"color":"ffffffff","curve":"stepped"},{"time":2.9,"color":"ffffffff"},{"time":2.9666,"color":"ffffff00"}]},"images/victory_fu":{"color":[{"time":0,"color":"ffffff12","curve":[0.25,0,0.75,1]},{"time":0.0333,"color":"ffffff99"},{"time":0.0666,"color":"ffffffe0"},{"time":0.1,"color":"ffffffff"}]},"images/victory_laba1":{"color":[{"time":0,"color":"ffffff00","curve":"stepped"},{"time":0.1666,"color":"ffffff00","curve":[0.264,0,0.617,0.42]},{"time":0.2,"color":"ffffff5a","curve":[0.351,0.4,0.756,1]},{"time":0.2666,"color":"ffffffff"}]},"images/victory_laba2":{"color":[{"time":0,"color":"ffffff00","curve":"stepped"},{"time":0.2,"color":"ffffff00","curve":[0.25,0,0.75,1]},{"time":0.2333,"color":"ffffff35","curve":[0.264,0,0.617,0.42]},{"time":0.2666,"color":"ffffffff","curve":"stepped"},{"time":0.3333,"color":"ffffffff","curve":"stepped"},{"time":0.4666,"color":"ffffffff","curve":"stepped"},{"time":0.6,"color":"ffffffff","curve":"stepped"},{"time":0.7333,"color":"ffffffff","curve":"stepped"},{"time":0.8666,"color":"ffffffff","curve":"stepped"},{"time":1,"color":"ffffffff","curve":"stepped"},{"time":1.0666,"color":"ffffffff"}]},"images/victory_star1":{"color":[{"time":0,"color":"ffffff00","curve":"stepped"},{"time":0.9666,"color":"ffffff00","curve":[0.25,0,0.75,1]},{"time":1,"color":"ffffffff","curve":"stepped"},{"time":1.0666,"color":"ffffffff","curve":"stepped"},{"time":1.1333,"color":"ffffffff","curve":"stepped"},{"time":1.2333,"color":"ffffffff"}]},"images/victory_star2":{"color":[{"time":0,"color":"ffffff00","curve":"stepped"},{"time":1.2,"color":"ffffff00","curve":[0.25,0,0.75,1]},{"time":1.2333,"color":"ffffffff","curve":"stepped"},{"time":1.3,"color":"ffffffff","curve":"stepped"},{"time":1.3666,"color":"ffffffff","curve":"stepped"},{"time":1.4666,"color":"ffffffff"}]},"images/victory_star3":{"color":[{"time":0,"color":"ffffff00","curve":"stepped"},{"time":1.5,"color":"ffffff00","curve":[0.25,0,0.75,1]},{"time":1.5333,"color":"ffffffff","curve":"stepped"},{"time":1.6,"color":"ffffffff","curve":"stepped"},{"time":1.6666,"color":"ffffffff","curve":"stepped"},{"time":1.7666,"color":"ffffffff"}]},"images/victory_zi":{"attachment":[{"time":6.8156,"name":"images/victory_zi"}],"color":[{"time":0,"color":"ffffff00","curve":"stepped"},{"time":0.1666,"color":"ffffff00","curve":[0.25,0,0.75,1]},{"time":0.2,"color":"ffffff32","curve":[0.25,0,0.75,1]},{"time":0.2333,"color":"ffffff98","curve":[0.25,0,0.75,1]},{"time":0.3333,"color":"ffffffff","curve":"stepped"},{"time":0.4,"color":"ffffffff","curve":"stepped"},{"time":0.5,"color":"ffffffff","curve":"stepped"},{"time":0.6,"color":"ffffffff","curve":"stepped"},{"time":0.7,"color":"ffffffff","curve":"stepped"},{"time":0.8,"color":"ffffffff","curve":"stepped"},{"time":0.9,"color":"ffffffff"}]},"images/星星光环_00":{"color":[{"time":1.0666,"color":"ffffffb0"},{"time":1.2333,"color":"ffffff00"}]},"images/星星光环_0":{"color":[{"time":1.3333,"color":"ffffffa9"},{"time":1.5666,"color":"ffffff00"}]},"images/星星光环_1":{"color":[{"time":1.6,"color":"ffffff90"},{"time":1.8,"color":"ffffff00"}]}},"bones":{"images/victory_fu":{"rotate":[{"time":0,"angle":0,"curve":"stepped"},{"time":0.2,"angle":0,"curve":"stepped"},{"time":0.3,"angle":0,"curve":"stepped"},{"time":0.4,"angle":0,"curve":"stepped"},{"time":0.5,"angle":0,"curve":"stepped"},{"time":0.5666,"angle":0,"curve":"stepped"},{"time":2.7666,"angle":0}],"translate":[{"time":0,"x":0,"y":14.64,"curve":[0.257,0,0.618,0.45]},{"time":0.0333,"x":0,"y":50.95,"curve":[0.33,0.32,0.669,0.67]},{"time":0.0666,"x":-4.99,"y":106.73,"curve":[0.381,0.54,0.742,1]},{"time":0.1,"x":0,"y":108.73,"curve":[0.381,0.54,0.742,1]},{"time":0.2,"x":0,"y":-4.99,"curve":[0.25,0,0.75,1]},{"time":0.3,"x":0,"y":9,"curve":[0.25,0,0.75,1]},{"time":0.4,"x":0,"y":8,"curve":[0.25,0,0.75,1]},{"time":0.5,"x":0,"y":0,"curve":"stepped"},{"time":0.5666,"x":0,"y":0,"curve":"stepped"},{"time":2.7666,"x":0,"y":0}],"scale":[{"time":0,"x":0.199,"y":0.5,"curve":[0.257,0,0.618,0.45]},{"time":0.0333,"x":0.33,"y":0.81,"curve":[0.33,0.32,0.669,0.67]},{"time":0.0666,"x":0.63,"y":0.88,"curve":[0.381,0.54,0.742,1]},{"time":0.1,"x":1.1,"y":1.16,"curve":[0.381,0.54,0.742,1]},{"time":0.2,"x":0.52,"y":0.69,"curve":[0.25,0,0.75,1]},{"time":0.3,"x":1.14,"y":1.1,"curve":[0.25,0,0.75,1]},{"time":0.4,"x":0.82,"y":1.13,"curve":[0.25,0,0.75,1]},{"time":0.5,"x":1.03,"y":0.96,"curve":[0.25,0,0.75,1]},{"time":0.5666,"x":1,"y":1,"curve":"stepped"},{"time":1.0333,"x":1,"y":1,"curve":[0.331,0.32,0.664,0.65]},{"time":1.0666,"x":1.06,"y":1.05,"curve":[0.329,0.31,0.662,0.65]},{"time":1.1333,"x":0.99,"y":0.99,"curve":[0.329,0.32,0.663,0.65]},{"time":1.2,"x":1.01,"y":1.01,"curve":[0.33,0.32,0.663,0.65]},{"time":1.2666,"x":1,"y":1,"curve":[0.331,0.32,0.665,0.66]},{"time":1.3,"x":1.06,"y":1.05,"curve":[0.329,0.31,0.662,0.65]},{"time":1.3666,"x":0.99,"y":0.99,"curve":[0.329,0.32,0.663,0.65]},{"time":1.4333,"x":1.01,"y":1.01,"curve":[0.33,0.32,0.663,0.65]},{"time":1.5,"x":0.99,"y":0.99,"curve":[0.332,0.33,0.665,0.66]},{"time":1.5666,"x":1,"y":1,"curve":[0.332,0.33,0.666,0.66]},{"time":1.6,"x":1.06,"y":1.05,"curve":[0.329,0.31,0.662,0.65]},{"time":1.6666,"x":0.99,"y":0.99,"curve":[0.329,0.32,0.663,0.65]},{"time":1.7333,"x":1.01,"y":1.01,"curve":[0.333,0.33,0.666,0.66]},{"time":1.8,"x":1,"y":1,"curve":"stepped"},{"time":2.7666,"x":1,"y":1}]},"images/victory_zi":{"rotate":[{"time":0,"angle":0,"curve":"stepped"},{"time":0.1666,"angle":0,"curve":"stepped"},{"time":0.2,"angle":0,"curve":"stepped"},{"time":0.3333,"angle":0,"curve":"stepped"},{"time":0.4,"angle":0,"curve":"stepped"},{"time":0.5,"angle":0,"curve":"stepped"},{"time":0.6,"angle":0,"curve":"stepped"},{"time":0.7,"angle":0,"curve":"stepped"},{"time":0.8,"angle":0,"curve":"stepped"},{"time":0.9,"angle":0,"curve":"stepped"},{"time":1,"angle":0,"curve":"stepped"},{"time":1.4666,"angle":0,"curve":"stepped"},{"time":2.7666,"angle":0}],"translate":[{"time":0,"x":0,"y":0,"curve":"stepped"},{"time":0.1666,"x":0,"y":0,"curve":[0.25,0,0.75,1]},{"time":0.2,"x":0,"y":80.02,"curve":[0.264,0,0.617,0.42]},{"time":0.2333,"x":0,"y":108.99,"curve":[0.351,0.4,0.756,1]},{"time":0.3333,"x":0,"y":247.87,"curve":[0.25,0,0.75,1]},{"time":0.4,"x":0,"y":210.08,"curve":[0.25,0,0.75,1]},{"time":0.5,"x":0,"y":-8.99,"curve":[0.25,0,0.75,1]},{"time":0.6,"x":0,"y":-14.63,"curve":[0.25,0,0.75,1]},{"time":0.7,"x":0,"y":13.09,"curve":[0.25,0,0.75,1]},{"time":0.8,"x":0,"y":-4,"curve":[0.25,0,0.75,1]},{"time":0.9,"x":0,"y":0,"curve":"stepped"},{"time":1,"x":0,"y":0,"curve":"stepped"},{"time":1.4666,"x":0,"y":0,"curve":"stepped"},{"time":2.7666,"x":0,"y":0}],"scale":[{"time":0,"x":1,"y":1,"curve":"stepped"},{"time":0.1666,"x":1,"y":1,"curve":[0.25,0,0.75,1]},{"time":0.2,"x":0.3,"y":0.8,"curve":[0.25,0,0.75,1]},{"time":0.3333,"x":1.14,"y":0.93,"curve":[0.25,0,0.75,1]},{"time":0.4,"x":1.45,"y":1.069,"curve":[0.25,0,0.75,1]},{"time":0.5,"x":0.89,"y":0.85,"curve":[0.25,0,0.75,1]},{"time":0.6,"x":1.569,"y":0.81,"curve":[0.25,0,0.75,1]},{"time":0.7,"x":0.91,"y":0.94,"curve":[0.25,0,0.75,1]},{"time":0.8,"x":1.12,"y":0.88,"curve":[0.25,0,0.75,1]},{"time":0.9,"x":0.97,"y":1.01,"curve":[0.292,0,0.63,0.37]},{"time":1,"x":1,"y":1,"curve":"stepped"},{"time":1.4666,"x":1,"y":1,"curve":"stepped"},{"time":2.7666,"x":1,"y":1}]},"images/victory_laba1":{"rotate":[{"time":0,"angle":0,"curve":"stepped"},{"time":0.1666,"angle":0,"curve":[0.25,0,0.75,1]},{"time":0.2666,"angle":-7.82,"curve":[0.25,0,0.75,1]},{"time":0.4,"angle":-1.12,"curve":[0.25,0,0.75,1]},{"time":0.5333,"angle":1.47,"curve":[0.25,0,0.75,1]},{"time":0.7,"angle":4.39,"curve":"stepped"},{"time":0.8666,"angle":4.39,"curve":"stepped"},{"time":1.0333,"angle":4.39,"curve":[0.25,0,0.75,1]},{"time":1.0666,"angle":5.49,"curve":[0.322,0.22,0.656,0.56]},{"time":1.1,"angle":12.25,"curve":[0.308,0.2,0.644,0.55]},{"time":1.2,"angle":7.46,"curve":[0.25,0,0.75,1]},{"time":1.3,"angle":13.07,"curve":[0.25,0,0.75,1]},{"time":1.3333,"angle":12.25,"curve":[0.308,0.2,0.644,0.55]},{"time":1.4333,"angle":7.46,"curve":[0.25,0,0.75,1]},{"time":1.5333,"angle":13.07,"curve":[0.25,0,0.75,1]},{"time":1.6,"angle":9.73,"curve":[0.25,0,0.75,1]},{"time":1.6333,"angle":12.25,"curve":[0.308,0.2,0.644,0.55]},{"time":1.7333,"angle":2.9,"curve":[0.25,0,0.75,1]},{"time":1.8333,"angle":0.69,"curve":[0.25,0,0.75,1]},{"time":2.0333,"angle":6.02,"curve":[0.25,0,0.75,1]},{"time":2.8666,"angle":0.73},{"time":3.8333,"angle":6.02,"curve":[0.25,0,0.75,1]},{"time":4.7333,"angle":0.73},{"time":5.7,"angle":6.02,"curve":[0.25,0,0.75,1]},{"time":6.6333,"angle":0.73},{"time":7.6,"angle":6.02,"curve":[0.25,0,0.75,1]},{"time":8.6333,"angle":0.73},{"time":9.6,"angle":6.02,"curve":[0.25,0,0.75,1]},{"time":10.7,"angle":0.73},{"time":11.6666,"angle":6.02,"curve":[0.25,0,0.75,1]},{"time":12.7,"angle":0.73},{"time":13.6666,"angle":6.02,"curve":[0.25,0,0.75,1]},{"time":14,"angle":5.19}],"translate":[{"time":0,"x":0,"y":0,"curve":"stepped"},{"time":0.1666,"x":0,"y":0,"curve":[0.264,0,0.617,0.42]},{"time":0.2,"x":74.71,"y":0.17,"curve":[0.351,0.4,0.756,1]},{"time":0.2666,"x":0,"y":0,"curve":[0.25,0,0.75,1]},{"time":0.4,"x":6.43,"y":12.75,"curve":[0.25,0,0.75,1]},{"time":0.5333,"x":-14.05,"y":5.28,"curve":[0.25,0,0.75,1]},{"time":0.7,"x":-11.05,"y":5.28,"curve":"stepped"},{"time":0.8666,"x":-11.05,"y":5.28,"curve":"stepped"},{"time":1.0333,"x":-11.05,"y":5.28,"curve":[0.25,0,0.75,1]},{"time":1.0666,"x":-8.05,"y":-4.71,"curve":[0.322,0.22,0.656,0.56]},{"time":1.1,"x":-0.05,"y":-3.71,"curve":[0.308,0.2,0.644,0.55]},{"time":1.2,"x":-0.05,"y":-2.71,"curve":"stepped"},{"time":1.3,"x":-0.05,"y":-2.71,"curve":[0.25,0,0.75,1]},{"time":1.3333,"x":-0.05,"y":-3.71,"curve":[0.308,0.2,0.644,0.55]},{"time":1.4333,"x":-0.05,"y":-2.71,"curve":"stepped"},{"time":1.5333,"x":-0.05,"y":-2.71,"curve":"stepped"},{"time":1.6,"x":-0.05,"y":-2.71,"curve":[0.25,0,0.75,1]},{"time":1.6333,"x":-0.05,"y":-3.71,"curve":[0.308,0.2,0.644,0.55]},{"time":1.7333,"x":-0.05,"y":-2.71}],"scale":[{"time":0,"x":1,"y":1,"curve":"stepped"},{"time":0.1666,"x":1,"y":1,"curve":[0.264,0,0.617,0.42]},{"time":0.2,"x":0.49,"y":0.35,"curve":[0.351,0.4,0.756,1]},{"time":0.2666,"x":1.5,"y":1.5,"curve":[0.25,0,0.75,1]},{"time":0.4,"x":0.72,"y":0.9,"curve":[0.25,0,0.75,1]},{"time":0.5333,"x":1.06,"y":1.06,"curve":[0.25,0,0.75,1]},{"time":0.7,"x":0.94,"y":1,"curve":[0.25,0,0.75,1]},{"time":0.8666,"x":1.01,"y":1,"curve":[0.25,0,0.75,1]},{"time":1.0333,"x":0.96,"y":0.98,"curve":[0.25,0,0.75,1]},{"time":1.0666,"x":1,"y":1,"curve":[0.322,0.22,0.656,0.56]},{"time":1.1,"x":1.06,"y":1.06,"curve":[0.308,0.2,0.644,0.55]},{"time":1.2,"x":1,"y":1,"curve":"stepped"},{"time":1.3,"x":1,"y":1,"curve":[0.25,0,0.75,1]},{"time":1.3333,"x":1.06,"y":1.06,"curve":[0.308,0.2,0.644,0.55]},{"time":1.4333,"x":1,"y":1,"curve":"stepped"},{"time":1.5333,"x":1,"y":1,"curve":"stepped"},{"time":1.6,"x":1,"y":1,"curve":[0.25,0,0.75,1]},{"time":1.6333,"x":1.06,"y":1.06,"curve":[0.308,0.2,0.644,0.55]},{"time":1.7333,"x":1.01,"y":1,"curve":[0.25,0,0.75,1]},{"time":1.8333,"x":1,"y":1,"curve":"stepped"},{"time":2.0333,"x":1,"y":1,"curve":[0.25,0,0.75,1]},{"time":2.8666,"x":1.04,"y":1.02},{"time":3.8333,"x":0.98,"y":0.99,"curve":[0.25,0,0.75,1]},{"time":4.7333,"x":1.04,"y":1.02},{"time":5.7,"x":0.98,"y":0.99,"curve":[0.25,0,0.75,1]},{"time":6.6333,"x":1.04,"y":1.02},{"time":7.6,"x":0.98,"y":0.99,"curve":[0.25,0,0.75,1]},{"time":8.6333,"x":1.04,"y":1.02},{"time":9.6,"x":0.98,"y":0.99,"curve":[0.25,0,0.75,1]},{"time":10.7,"x":1.04,"y":1.02},{"time":11.6666,"x":0.98,"y":0.99,"curve":[0.25,0,0.75,1]},{"time":12.7,"x":1.04,"y":1.02},{"time":13.6666,"x":0.98,"y":0.99,"curve":[0.25,0,0.75,1]},{"time":14,"x":1.01,"y":0.98}]},"images/victory_laba2":{"rotate":[{"time":0,"angle":0,"curve":"stepped"},{"time":0.2,"angle":0,"curve":"stepped"},{"time":0.2333,"angle":0,"curve":[0.25,0,0.75,1]},{"time":0.3333,"angle":-5.8,"curve":[0.25,0,0.75,1]},{"time":0.4666,"angle":-4.05,"curve":"stepped"},{"time":0.6,"angle":-4.05,"curve":"stepped"},{"time":0.7333,"angle":-4.05,"curve":"stepped"},{"time":0.8666,"angle":-4.05,"curve":"stepped"},{"time":1,"angle":-4.05,"curve":"stepped"},{"time":1.0333,"angle":-4.05,"curve":"stepped"},{"time":1.0666,"angle":-4.05,"curve":[0.25,0,0.75,1]},{"time":1.1,"angle":-13.14,"curve":[0.321,0.29,0.66,0.64]},{"time":1.2,"angle":-6.83,"curve":[0.321,0.29,0.66,0.64]},{"time":1.3,"angle":-9.68,"curve":[0.321,0.29,0.66,0.64]},{"time":1.3333,"angle":-13.14,"curve":[0.321,0.29,0.66,0.64]},{"time":1.4333,"angle":-6.83,"curve":[0.321,0.29,0.66,0.64]},{"time":1.5333,"angle":-9.68,"curve":[0.321,0.29,0.66,0.64]},{"time":1.5666,"angle":-10.07,"curve":"stepped"},{"time":1.6,"angle":-10.07,"curve":[0.321,0.29,0.66,0.64]},{"time":1.6333,"angle":-13.14,"curve":[0.321,0.29,0.66,0.64]},{"time":1.7333,"angle":-6.83,"curve":[0.321,0.29,0.66,0.64]},{"time":1.8333,"angle":-4.28,"curve":[0.321,0.29,0.66,0.64]},{"time":1.9333,"angle":-5,"curve":[0.325,0.3,0.66,0.64]},{"time":2.7333,"angle":-9.18,"curve":[0.325,0.3,0.66,0.64]},{"time":3.6666,"angle":-6.23,"curve":[0.325,0.3,0.66,0.64]},{"time":4.6666,"angle":-9.18,"curve":[0.325,0.3,0.66,0.64]},{"time":5.6,"angle":-6.23,"curve":[0.325,0.3,0.66,0.64]},{"time":6.6666,"angle":-9.18,"curve":[0.325,0.3,0.66,0.64]},{"time":7.6,"angle":-6.23,"curve":[0.325,0.3,0.66,0.64]},{"time":8.6666,"angle":-9.18,"curve":[0.325,0.3,0.66,0.64]},{"time":9.7,"angle":-6.23,"curve":[0.325,0.3,0.66,0.64]},{"time":10.7666,"angle":-9.18,"curve":[0.325,0.3,0.66,0.64]},{"time":11.8666,"angle":-6.23,"curve":[0.325,0.3,0.66,0.64]},{"time":12.9333,"angle":-9.18,"curve":[0.325,0.3,0.66,0.64]},{"time":14,"angle":-6.23}],"translate":[{"time":0,"x":-18.73,"y":6.94,"curve":"stepped"},{"time":0.2,"x":-18.73,"y":6.94,"curve":[0.25,0,0.75,1]},{"time":0.2333,"x":-32.99,"y":8.52,"curve":[0.25,0,0.75,1]},{"time":0.3333,"x":21.03,"y":3.86,"curve":[0.275,0,0.62,0.4]},{"time":0.4,"x":-15.74,"y":2.4,"curve":[0.314,0.27,0.657,0.63]},{"time":0.4666,"x":-2.96,"y":-0.13,"curve":[0.275,0,0.62,0.4]},{"time":0.5333,"x":23.18,"y":2.59,"curve":[0.314,0.27,0.657,0.63]},{"time":0.6,"x":22.03,"y":1.86,"curve":"stepped"},{"time":0.7333,"x":22.03,"y":1.86,"curve":"stepped"},{"time":0.8666,"x":22.03,"y":1.86,"curve":"stepped"},{"time":1,"x":22.03,"y":1.86,"curve":"stepped"},{"time":1.0333,"x":22.03,"y":1.86,"curve":[0.314,0.27,0.657,0.63]},{"time":1.0666,"x":37.03,"y":4.86,"curve":[0.25,0,0.625,0.5]},{"time":1.1,"x":-0.24,"y":-1.75,"curve":[0.344,0.37,0.757,1]},{"time":1.2,"x":9.75,"y":6.24,"curve":"stepped"},{"time":1.3,"x":9.75,"y":6.24,"curve":[0.344,0.37,0.757,1]},{"time":1.3333,"x":-0.24,"y":-1.75,"curve":[0.344,0.37,0.757,1]},{"time":1.4333,"x":9.75,"y":6.24,"curve":"stepped"},{"time":1.5333,"x":9.75,"y":6.24,"curve":"stepped"},{"time":1.5666,"x":9.75,"y":6.24,"curve":[0.344,0.37,0.757,1]},{"time":1.6,"x":13.75,"y":6.24,"curve":[0.344,0.37,0.757,1]},{"time":1.6333,"x":-0.24,"y":-1.75,"curve":[0.344,0.37,0.757,1]},{"time":1.7333,"x":9.75,"y":6.24,"curve":[0.344,0.37,0.757,1]},{"time":1.8333,"x":8.75,"y":5.24,"curve":[0.344,0.37,0.757,1]},{"time":1.9333,"x":8.75,"y":4.24,"curve":"stepped"},{"time":2.7333,"x":8.75,"y":4.24,"curve":"stepped"},{"time":3.6666,"x":8.75,"y":4.24,"curve":"stepped"},{"time":4.6666,"x":8.75,"y":4.24,"curve":"stepped"},{"time":5.6,"x":8.75,"y":4.24,"curve":"stepped"},{"time":6.6666,"x":8.75,"y":4.24,"curve":"stepped"},{"time":7.6,"x":8.75,"y":4.24,"curve":"stepped"},{"time":8.6666,"x":8.75,"y":4.24,"curve":"stepped"},{"time":9.7,"x":8.75,"y":4.24,"curve":"stepped"},{"time":10.7666,"x":8.75,"y":4.24,"curve":"stepped"},{"time":11.8666,"x":8.75,"y":4.24,"curve":"stepped"},{"time":12.9333,"x":8.75,"y":4.24,"curve":"stepped"},{"time":14,"x":8.75,"y":4.24}],"scale":[{"time":0,"x":0.5,"y":0.7,"curve":"stepped"},{"time":0.2,"x":0.5,"y":0.7,"curve":[0.25,0,0.75,1]},{"time":0.2333,"x":0.5,"y":0.56,"curve":[0.25,0,0.75,1]},{"time":0.3333,"x":1.2,"y":1.3,"curve":[0.25,0,0.75,1]},{"time":0.4666,"x":0.81,"y":1,"curve":[0.25,0,0.75,1]},{"time":0.6,"x":1.01,"y":1.02,"curve":[0.25,0,0.75,1]},{"time":0.7333,"x":0.87,"y":0.96,"curve":[0.25,0,0.75,1]},{"time":0.8666,"x":1.01,"y":1.01,"curve":[0.25,0,0.75,1]},{"time":1,"x":0.97,"y":1,"curve":[0.25,0,0.625,0.5]},{"time":1.0333,"x":1.015,"y":1.01,"curve":[0.375,0.5,0.75,1]},{"time":1.0666,"x":1.05,"y":1.05,"curve":[0.25,0,0.75,1]},{"time":1.1,"x":1.06,"y":1.06,"curve":[0.321,0.29,0.66,0.64]},{"time":1.2,"x":0.98,"y":0.98,"curve":"stepped"},{"time":1.3,"x":0.98,"y":0.98,"curve":[0.321,0.29,0.66,0.64]},{"time":1.3333,"x":1.06,"y":1.06,"curve":[0.321,0.29,0.66,0.64]},{"time":1.4333,"x":0.98,"y":0.98,"curve":"stepped"},{"time":1.5333,"x":0.98,"y":0.98,"curve":"stepped"},{"time":1.5666,"x":0.98,"y":0.98,"curve":"stepped"},{"time":1.6,"x":0.98,"y":0.98,"curve":[0.321,0.29,0.66,0.64]},{"time":1.6333,"x":1.06,"y":1.06,"curve":[0.321,0.29,0.66,0.64]},{"time":1.7333,"x":0.98,"y":0.98,"curve":[0.321,0.29,0.66,0.64]},{"time":1.8333,"x":1.03,"y":1.03,"curve":"stepped"},{"time":1.9333,"x":1.03,"y":1.03,"curve":[0.325,0.3,0.66,0.64]},{"time":2.7333,"x":0.95,"y":1.02,"curve":[0.325,0.3,0.66,0.64]},{"time":3.6666,"x":1.03,"y":1.01,"curve":[0.325,0.3,0.66,0.64]},{"time":4.6666,"x":0.95,"y":1.02,"curve":[0.325,0.3,0.66,0.64]},{"time":5.6,"x":1.03,"y":1.01,"curve":[0.325,0.3,0.66,0.64]},{"time":6.6666,"x":0.95,"y":1.02,"curve":[0.325,0.3,0.66,0.64]},{"time":7.6,"x":1.03,"y":1.01,"curve":[0.325,0.3,0.66,0.64]},{"time":8.6666,"x":0.95,"y":1.02,"curve":[0.325,0.3,0.66,0.64]},{"time":9.7,"x":1.03,"y":1.01,"curve":[0.325,0.3,0.66,0.64]},{"time":10.7666,"x":0.95,"y":1.02,"curve":[0.325,0.3,0.66,0.64]},{"time":11.8666,"x":1.03,"y":1.01,"curve":[0.325,0.3,0.66,0.64]},{"time":12.9333,"x":0.95,"y":1.02,"curve":[0.325,0.3,0.66,0.64]},{"time":14,"x":1.03,"y":1.01}]},"bone":{"rotate":[{"time":0,"angle":0,"curve":"stepped"},{"time":0.9666,"angle":0,"curve":"stepped"},{"time":1.1,"angle":0,"curve":"stepped"},{"time":1.7,"angle":0,"curve":"stepped"},{"time":1.8,"angle":0,"curve":"stepped"},{"time":1.9,"angle":0,"curve":"stepped"},{"time":2,"angle":0,"curve":"stepped"},{"time":2.7666,"angle":0}],"translate":[{"time":0,"x":0,"y":0,"curve":"stepped"},{"time":0.9666,"x":0,"y":0,"curve":"stepped"},{"time":1.1,"x":0,"y":0,"curve":"stepped"},{"time":1.7,"x":0,"y":0,"curve":[0.25,0,0.75,1]},{"time":1.8,"x":0,"y":-5,"curve":[0.25,0,0.75,1]},{"time":1.9,"x":0,"y":0,"curve":"stepped"},{"time":2,"x":0,"y":0,"curve":"stepped"},{"time":2.7666,"x":0,"y":0}],"scale":[{"time":0,"x":1,"y":1,"curve":"stepped"},{"time":0.9666,"x":1,"y":1,"curve":"stepped"},{"time":1.1,"x":1,"y":1,"curve":"stepped"},{"time":1.7,"x":1,"y":1,"curve":[0.25,0,0.75,1]},{"time":1.8,"x":1.02,"y":1.02,"curve":[0.25,0,0.75,1]},{"time":1.9,"x":0.99,"y":0.99,"curve":[0.318,0,0.652,0.34]},{"time":2,"x":1,"y":1,"curve":"stepped"},{"time":2.7666,"x":1,"y":1}]},"images/victory_star1":{"rotate":[{"time":0,"angle":0,"curve":"stepped"},{"time":0.9666,"angle":0,"curve":"stepped"},{"time":1,"angle":0,"curve":"stepped"},{"time":1.0666,"angle":0,"curve":"stepped"},{"time":1.1333,"angle":0,"curve":"stepped"},{"time":1.2333,"angle":0,"curve":"stepped"},{"time":2.7666,"angle":0}],"translate":[{"time":0,"x":-217.13,"y":291.84,"curve":"stepped"},{"time":0.9666,"x":-217.13,"y":291.84,"curve":"stepped"},{"time":1,"x":-217.13,"y":291.84,"curve":[0.25,0,0.625,0.5]},{"time":1.0333,"x":-115.92,"y":178.03,"curve":[0.375,0.5,0.75,1]},{"time":1.0666,"x":0,"y":0,"curve":"stepped"},{"time":1.1333,"x":0,"y":0,"curve":"stepped"},{"time":1.2333,"x":0,"y":0,"curve":"stepped"},{"time":2.7666,"x":0,"y":0}],"scale":[{"time":0,"x":1.4,"y":1.5,"curve":"stepped"},{"time":0.9666,"x":1.4,"y":1.5,"curve":"stepped"},{"time":1,"x":1.4,"y":1.5,"curve":[0.25,0,0.625,0.5]},{"time":1.0333,"x":1.319,"y":1.35,"curve":[0.375,0.5,0.75,1]},{"time":1.0666,"x":1,"y":1,"curve":[0.25,0,0.75,1]},{"time":1.1333,"x":1.069,"y":1.069,"curve":[0.25,0,0.75,1]},{"time":1.2333,"x":1,"y":1,"curve":"stepped"},{"time":2.7666,"x":1,"y":1}]},"images/victory_star3":{"rotate":[{"time":0,"angle":0,"curve":"stepped"},{"time":1.5,"angle":0,"curve":"stepped"},{"time":1.5333,"angle":0,"curve":"stepped"},{"time":1.6,"angle":0,"curve":"stepped"},{"time":1.6666,"angle":0,"curve":"stepped"},{"time":1.7666,"angle":0}],"translate":[{"time":0,"x":165.23,"y":279.55,"curve":"stepped"},{"time":1.5,"x":165.23,"y":279.55,"curve":"stepped"},{"time":1.5333,"x":165.23,"y":279.55,"curve":[0.264,0,0.617,0.42]},{"time":1.5666,"x":110.86,"y":187.32,"curve":[0.351,0.4,0.756,1]},{"time":1.6,"x":0,"y":0,"curve":"stepped"},{"time":1.6666,"x":0,"y":0,"curve":"stepped"},{"time":1.7666,"x":0,"y":0}],"scale":[{"time":0,"x":1.4,"y":1.5,"curve":"stepped"},{"time":1.5,"x":1.4,"y":1.5,"curve":"stepped"},{"time":1.5333,"x":1.4,"y":1.5,"curve":[0.264,0,0.617,0.42]},{"time":1.5666,"x":1.35,"y":1.4,"curve":[0.351,0.4,0.756,1]},{"time":1.6,"x":1,"y":1,"curve":[0.25,0,0.75,1]},{"time":1.6666,"x":1.07,"y":1.069,"curve":[0.25,0,0.75,1]},{"time":1.7666,"x":1,"y":1}]},"images/victory_star4":{"rotate":[{"time":0,"angle":0,"curve":"stepped"},{"time":1.2,"angle":0,"curve":"stepped"},{"time":1.2333,"angle":0,"curve":"stepped"},{"time":1.3,"angle":0,"curve":"stepped"},{"time":1.3666,"angle":0,"curve":"stepped"},{"time":1.4666,"angle":0,"curve":"stepped"},{"time":2.7666,"angle":0}],"translate":[{"time":0,"x":-2.81,"y":373.57,"curve":"stepped"},{"time":1.2,"x":-2.81,"y":373.57,"curve":"stepped"},{"time":1.2333,"x":-2.81,"y":373.57,"curve":[0.25,0,0.75,1]},{"time":1.3,"x":0,"y":0,"curve":"stepped"},{"time":1.3666,"x":0,"y":0,"curve":"stepped"},{"time":1.4666,"x":0,"y":0,"curve":"stepped"},{"time":2.7666,"x":0,"y":0}],"scale":[{"time":0,"x":1.427,"y":1.468,"curve":"stepped"},{"time":1.2,"x":1.427,"y":1.468,"curve":"stepped"},{"time":1.2333,"x":1.427,"y":1.468,"curve":[0.264,0,0.617,0.42]},{"time":1.3,"x":1,"y":1,"curve":[0.25,0,0.75,1]},{"time":1.3666,"x":1.069,"y":1.07,"curve":[0.25,0,0.75,1]},{"time":1.4666,"x":1,"y":1,"curve":"stepped"},{"time":2.7666,"x":1,"y":1}]},"images/星星光环_00":{"rotate":[{"time":0,"angle":14.2,"curve":"stepped"},{"time":1.0666,"angle":14.2}],"translate":[{"time":0,"x":0,"y":10,"curve":"stepped"},{"time":1.0666,"x":0,"y":10}],"scale":[{"time":0,"x":0.77,"y":0.83,"curve":"stepped"},{"time":1.0666,"x":0.77,"y":0.83},{"time":1.2333,"x":1.5,"y":1.5}]},"images/星星光环_0":{"rotate":[{"time":0,"angle":0}],"translate":[{"time":0,"x":0,"y":-5.99,"curve":"stepped"},{"time":1.3333,"x":0,"y":-5.99}],"scale":[{"time":0,"x":0.7,"y":0.7,"curve":"stepped"},{"time":1.3333,"x":0.7,"y":0.7},{"time":1.5666,"x":1.5,"y":1.5}]},"images/星星光环_1":{"rotate":[{"time":0,"angle":0,"curve":"stepped"},{"time":1.6,"angle":0}],"translate":[{"time":0,"x":0,"y":0,"curve":"stepped"},{"time":1.6,"x":0,"y":0}],"scale":[{"time":0,"x":0.7,"y":0.7,"curve":"stepped"},{"time":1.6,"x":0.7,"y":0.7},{"time":1.8,"x":1.5,"y":1.5}]}},"drawOrder":[{"time":0.3,"offsets":[{"slot":"images/victory_zi","offset":1}]}]}}}