{"skeleton":{"hash":"LmeoyCH0829q3eBmQr9evjSdu7c","spine":"2.1.27","width":583.21,"height":583.21,"images":""},"bones":[{"name":"root"},{"name":"dian_0","parent":"root","length":80.07,"scaleX":3.263,"scaleY":3.263,"rotation":25.28},{"name":"dian_00","parent":"root","length":80.07,"x":81,"y":-7.21,"rotation":25.28},{"name":"dian_1","parent":"root","length":80.07,"x":21.65,"y":-75.38,"rotation":25.28},{"name":"dian_2","parent":"root","length":80.07,"x":-59.34,"y":-33.68,"rotation":25.28},{"name":"dian_3","parent":"root","length":80.07,"x":-129.92,"y":-30.47,"rotation":25.28},{"name":"dian_4","parent":"root","length":80.07,"x":-14.43,"y":124.3,"rotation":25.28},{"name":"dian_5","parent":"root","length":80.07,"x":84.21,"y":81,"rotation":25.28},{"name":"gaung_00","parent":"root","length":102.71,"scaleX":1.4,"scaleY":1.4,"rotation":173.66},{"name":"huan_0","parent":"root","length":135.58,"scaleX":1.1,"scaleY":1.1,"rotation":-45.91},{"name":"huan_00","parent":"root","length":135.58,"scaleX":1.1,"scaleY":1.1,"rotation":-45.91},{"name":"star_0","parent":"root","length":45.69,"x":-110.98,"y":-86.64,"rotation":16.24},{"name":"star_00","parent":"root","length":45.69,"x":-99.76,"y":1.57,"rotation":16.24},{"name":"star_1","parent":"root","length":45.69,"x":-19.56,"y":-81.83,"rotation":16.24},{"name":"star_2","parent":"root","length":45.69,"x":75.87,"y":-61.78,"rotation":16.24},{"name":"star_3","parent":"root","length":45.69,"x":129.61,"y":30.44,"rotation":16.24},{"name":"star_4","parent":"root","length":45.69,"x":37.38,"y":82.57,"rotation":16.24},{"name":"star_5","parent":"root","length":45.69,"x":-70.08,"y":74.55,"rotation":16.24}],"slots":[{"name":"gaung_00","bone":"gaung_00","attachment":"gaung_00","blend":"screen"},{"name":"dian_00","bone":"dian_00","attachment":"dian_00","blend":"additive"},{"name":"dian_0","bone":"dian_0","color":"ff8d45ff","attachment":"dian_00","blend":"screen"},{"name":"dian_1","bone":"dian_1","attachment":"dian_00","blend":"additive"},{"name":"dian_2","bone":"dian_2","attachment":"dian_00","blend":"additive"},{"name":"dian_3","bone":"dian_3","attachment":"dian_00","blend":"additive"},{"name":"dian_4","bone":"dian_4","attachment":"dian_00","blend":"additive"},{"name":"dian_5","bone":"dian_5","attachment":"dian_00","blend":"additive"},{"name":"huan_00","bone":"huan_00","color":"ffffff95","attachment":"huan_00","blend":"screen"},{"name":"huan_0","bone":"huan_0","color":"ffffff95","attachment":"huan_00","blend":"screen"},{"name":"star_00","bone":"star_00","attachment":"star_00","blend":"additive"},{"name":"star_0","bone":"star_0","attachment":"star_00","blend":"additive"},{"name":"star_1","bone":"star_1","attachment":"star_00","blend":"additive"},{"name":"star_2","bone":"star_2","attachment":"star_00","blend":"additive"},{"name":"star_3","bone":"star_3","attachment":"star_00","blend":"additive"},{"name":"star_4","bone":"star_4","attachment":"star_00","blend":"additive"},{"name":"star_5","bone":"star_5","attachment":"star_00","blend":"additive"},{"name":"wupin2_00","bone":"root","attachment":"wupin2_00"}],"skins":{"default":{"dian_0":{"dian_00":{"rotation":-25.28,"width":72,"height":72}},"dian_00":{"dian_00":{"rotation":-25.28,"width":72,"height":72}},"dian_1":{"dian_00":{"rotation":-25.28,"width":72,"height":72}},"dian_2":{"dian_00":{"rotation":-25.28,"width":72,"height":72}},"dian_3":{"dian_00":{"rotation":-25.28,"width":72,"height":72}},"dian_4":{"dian_00":{"rotation":-25.28,"width":72,"height":72}},"dian_5":{"dian_00":{"rotation":-25.28,"width":72,"height":72}},"gaung_00":{"gaung_00":{"rotation":-27.81,"width":300,"height":300}},"huan_0":{"huan_00":{"rotation":45.91,"width":200,"height":200}},"huan_00":{"huan_00":{"rotation":45.91,"width":200,"height":200}},"star_0":{"star_00":{"x":0.17,"y":1.62,"rotation":-16.24,"width":50,"height":50}},"star_00":{"star_00":{"x":0.17,"y":1.62,"rotation":-16.24,"width":50,"height":50}},"star_1":{"star_00":{"x":0.17,"y":1.62,"rotation":-16.24,"width":50,"height":50}},"star_2":{"star_00":{"x":0.17,"y":1.62,"rotation":-16.24,"width":50,"height":50}},"star_3":{"star_00":{"x":0.17,"y":1.62,"rotation":-16.24,"width":50,"height":50}},"star_4":{"star_00":{"x":0.17,"y":1.62,"rotation":-16.24,"width":50,"height":50}},"star_5":{"star_00":{"x":0.17,"y":1.62,"rotation":-16.24,"width":50,"height":50}},"wupin2_00":{"wupin2_00":{"width":245,"height":79}}}},"animations":{"common_icon_jxcg":{"slots":{"dian_00":{"color":[{"time":0,"color":"ffffffff","curve":"stepped"},{"time":0.1333,"color":"ffffffff","curve":"stepped"},{"time":0.8,"color":"ffffffff"},{"time":1.0666,"color":"ffffff00"}]},"dian_1":{"color":[{"time":0,"color":"ffffffff","curve":"stepped"},{"time":0.2333,"color":"ffffffff","curve":"stepped"},{"time":0.9333,"color":"ffffffff"},{"time":1.1666,"color":"ffffff00"}]},"dian_2":{"color":[{"time":0,"color":"ffffffff","curve":"stepped"},{"time":0.4666,"color":"ffffffff"},{"time":0.7333,"color":"ffffff00","curve":"stepped"},{"time":1.1333,"color":"ffffff00"},{"time":1.1666,"color":"ffffffff","curve":"stepped"},{"time":1.3333,"color":"ffffffff"}]},"dian_3":{"color":[{"time":0,"color":"ffffffff","curve":"stepped"},{"time":0.1,"color":"ffffffff"},{"time":0.7333,"color":"ffffff00","curve":"stepped"},{"time":1.0333,"color":"ffffff00"}]},"dian_4":{"color":[{"time":0,"color":"ffffffff","curve":"stepped"},{"time":0.1666,"color":"ffffffff"},{"time":0.4666,"color":"ffffff00","curve":"stepped"},{"time":0.8666,"color":"ffffff00"},{"time":0.9,"color":"ffffffff","curve":"stepped"},{"time":1.3333,"color":"ffffffff"}]},"dian_5":{"color":[{"time":0,"color":"ffffffff","curve":"stepped"},{"time":0.3,"color":"ffffffff","curve":"stepped"},{"time":1.0666,"color":"ffffffff"},{"time":1.2333,"color":"ffffff00"}]},"huan_00":{"color":[{"time":0,"color":"ffffff00"},{"time":0.5,"color":"ffffff95"},{"time":1.3333,"color":"ffffff00"}]},"star_00":{"color":[{"time":0,"color":"ffffffff","curve":"stepped"},{"time":0.4,"color":"ffffffff","curve":"stepped"},{"time":1.0666,"color":"ffffffff"},{"time":1.3333,"color":"ffffff00"}]},"star_0":{"color":[{"time":0,"color":"ffffffff","curve":"stepped"},{"time":0.5,"color":"ffffffff"},{"time":0.7666,"color":"ffffff00","curve":"stepped"},{"time":1.1666,"color":"ffffff00"},{"time":1.2,"color":"ffffffff","curve":"stepped"},{"time":1.3333,"color":"ffffffff"}]},"star_1":{"color":[{"time":0,"color":"ffffffff","curve":"stepped"},{"time":0.0333,"color":"ffffffff","curve":"stepped"},{"time":0.8666,"color":"ffffffff"},{"time":0.9666,"color":"ffffff00"}]},"star_2":{"color":[{"time":0,"color":"ffffffff","curve":"stepped"},{"time":0.6666,"color":"ffffffff"},{"time":0.9333,"color":"ffffff00"}]},"star_3":{"color":[{"time":0,"color":"ffffff5b"},{"time":0.1666,"color":"ffffff00","curve":"stepped"},{"time":0.5666,"color":"ffffff00"},{"time":0.6,"color":"ffffffff","curve":"stepped"},{"time":1.0666,"color":"ffffffff"},{"time":1.3333,"color":"ffffff6d"}]},"star_4":{"color":[{"time":0,"color":"ffffffff","curve":"stepped"},{"time":0.0333,"color":"ffffffff"},{"time":0.3666,"color":"ffffff00","curve":"stepped"},{"time":0.7666,"color":"ffffff00"},{"time":0.8,"color":"ffffffff","curve":"stepped"},{"time":1.3333,"color":"ffffffff"}]},"star_5":{"color":[{"time":0,"color":"ffffffff","curve":"stepped"},{"time":0.1333,"color":"ffffffff","curve":"stepped"},{"time":0.8,"color":"ffffffff"},{"time":1.0666,"color":"ffffff00"}]}},"bones":{"gaung_00":{"rotate":[{"time":0,"angle":-173.66},{"time":1.3333,"angle":-196.16}]},"huan_00":{"scale":[{"time":0,"x":0.999,"y":0.999},{"time":1.3333,"x":1.124,"y":1.124}]},"dian_0":{"scale":[{"time":0,"x":1.134,"y":1.134},{"time":0.6666,"x":1.443,"y":1.443},{"time":1.3333,"x":1.134,"y":1.134}]},"star_00":{"rotate":[{"time":0,"angle":-52.07,"curve":"stepped"},{"time":0.4,"angle":-52.07},{"time":1.3333,"angle":-95.33}],"translate":[{"time":0,"x":101.66,"y":-0.19,"curve":"stepped"},{"time":0.4,"x":101.66,"y":-0.19},{"time":1.3333,"x":-64.02,"y":-3.1}],"scale":[{"time":0,"x":0.593,"y":0.593,"curve":"stepped"},{"time":0.4,"x":0.593,"y":0.593}]},"star_2":{"rotate":[{"time":0,"angle":35.12},{"time":0.9333,"angle":-29.11}],"translate":[{"time":0,"x":-76.55,"y":64.92},{"time":0.9333,"x":40.69,"y":-46.51}],"scale":[{"time":0,"x":0.553,"y":0.553},{"time":0.9333,"x":0.944,"y":0.944}]},"star_4":{"rotate":[{"time":0,"angle":-74.11},{"time":0.3666,"angle":-103.32},{"time":0.8,"angle":-28.97},{"time":1.3333,"angle":-71.46}],"translate":[{"time":0,"x":-2.18,"y":8.47},{"time":0.3666,"x":16.47,"y":69.76},{"time":0.8,"x":-31,"y":-86.24},{"time":1.3333,"x":-3.87,"y":2.9}],"scale":[{"time":0,"x":0.797,"y":0.797},{"time":0.3666,"x":0.948,"y":0.948},{"time":0.8,"x":0.563,"y":0.563},{"time":1.3333,"x":0.783,"y":0.783}]},"star_5":{"rotate":[{"time":0,"angle":9.34,"curve":"stepped"},{"time":0.1333,"angle":9.34},{"time":1.0666,"angle":-122.15}],"translate":[{"time":0,"x":73.64,"y":-74.61,"curve":"stepped"},{"time":0.1333,"x":73.64,"y":-74.61},{"time":1.0666,"x":-49.41,"y":43.6}],"scale":[{"time":0,"x":0.322,"y":0.322,"curve":"stepped"},{"time":0.1333,"x":0.322,"y":0.322},{"time":1.0666,"x":0.55,"y":0.55}]},"star_3":{"rotate":[{"time":0,"angle":-11.68},{"time":0.1666,"angle":-24.65},{"time":0.6,"angle":47.96},{"time":1.3333,"angle":-9.09}],"translate":[{"time":0,"x":-3.97,"y":-3.94},{"time":0.1666,"x":24.22,"y":1.93},{"time":0.6,"x":-133.72,"y":-31},{"time":1.3333,"x":-9.62,"y":-5.12}],"scale":[{"time":0,"x":0.593,"y":0.593,"curve":"stepped"},{"time":0.6,"x":0.593,"y":0.593,"curve":"stepped"},{"time":1.3333,"x":0.593,"y":0.593}]},"star_0":{"rotate":[{"time":0,"angle":-158.46},{"time":0.7666,"angle":159.24},{"time":1.2,"angle":-149.27},{"time":1.3333,"angle":-156.62}],"translate":[{"time":0,"x":87.65,"y":56.34},{"time":0.7666,"x":-3.87,"y":-45.54},{"time":1.2,"x":107.55,"y":78.48},{"time":1.3333,"x":91.63,"y":60.77}],"scale":[{"time":0,"x":0.406,"y":0.406},{"time":0.7666,"x":0.615,"y":0.615},{"time":1.2,"x":0.361,"y":0.361},{"time":1.3333,"x":0.397,"y":0.397}]},"star_1":{"rotate":[{"time":0,"angle":92.42,"curve":"stepped"},{"time":0.0333,"angle":92.42},{"time":0.9666,"angle":-58.87}],"translate":[{"time":0,"x":17.44,"y":70.73,"curve":"stepped"},{"time":0.0333,"x":17.44,"y":70.73},{"time":0.9666,"x":0,"y":-79.45}],"scale":[{"time":0,"x":0.51,"y":0.51,"curve":"stepped"},{"time":0.0333,"x":0.51,"y":0.51},{"time":0.9666,"x":0.869,"y":0.869}]},"dian_1":{"translate":[{"time":0,"x":-22.28,"y":65.89,"curve":"stepped"},{"time":0.2333,"x":-22.28,"y":65.89},{"time":1.1666,"x":-10.65,"y":-70.73}],"scale":[{"time":0,"x":0.583,"y":0.583,"curve":"stepped"},{"time":0.2333,"x":0.583,"y":0.583},{"time":1.1666,"x":0.994,"y":0.994}]},"dian_4":{"translate":[{"time":0,"x":0.48,"y":-49.41},{"time":0.4666,"x":-15.5,"y":25.19},{"time":0.9,"x":16.47,"y":-124.03},{"time":1.3333,"x":1.62,"y":-54.74}],"scale":[{"time":0,"x":0.283,"y":0.283},{"time":0.4666,"x":0.352,"y":0.352},{"time":0.9,"x":0.214,"y":0.214},{"time":1.3333,"x":0.278,"y":0.278}]},"dian_2":{"translate":[{"time":0,"x":24.36,"y":38.55},{"time":0.7333,"x":-95.93,"y":59.1},{"time":1.1666,"x":57.17,"y":32.94},{"time":1.3333,"x":29.83,"y":37.61}],"scale":[{"time":0,"x":0.452,"y":0.452},{"time":0.7333,"x":0.664,"y":0.664},{"time":1.1666,"x":0.394,"y":0.394},{"time":1.3333,"x":0.442,"y":0.442}]},"dian_00":{"translate":[{"time":0,"x":-70.73,"y":8.72,"curve":"stepped"},{"time":0.1333,"x":-70.73,"y":8.72},{"time":1.0666,"x":63.95,"y":-16.47}],"scale":[{"time":0,"x":0.471,"y":0.471,"curve":"stepped"},{"time":0.1333,"x":0.471,"y":0.471},{"time":1.0666,"x":0.804,"y":0.804}]},"dian_5":{"translate":[{"time":0,"x":-84.3,"y":-81.39,"curve":"stepped"},{"time":0.3,"x":-84.3,"y":-81.39},{"time":1.2333,"x":20.34,"y":11.62}],"scale":[{"time":0,"x":0.593,"y":0.593,"curve":"stepped"},{"time":0.3,"x":0.593,"y":0.593}]},"dian_3":{"translate":[{"time":0,"x":128.87,"y":29.06,"curve":"stepped"},{"time":0.1,"x":128.87,"y":29.06},{"time":1.0333,"x":-33.91,"y":-29.06}],"scale":[{"time":0,"x":0.593,"y":0.593,"curve":"stepped"},{"time":0.1,"x":0.593,"y":0.593}]},"huan_0":{"scale":[{"time":0,"x":1,"y":1}]}}}}}