{"skeleton":{"hash":"Gab1lAFwhzn/tf8/08eRAgHc+R4","spine":"2.1.27","width":280,"height":90},"bones":[{"name":"root","y":3.43},{"name":"chang","parent":"root","length":87.36},{"name":"common_titleframe_2_flag","parent":"root","length":6.51,"x":75.62,"y":30.77},{"name":"common_titleframe_2_flag2","parent":"root","length":6.51,"x":-76.96,"y":31.18,"scaleX":-1},{"name":"duan","parent":"root","length":87.36},{"name":"fw_1","parent":"root","length":28.79},{"name":"fw_2","parent":"root","length":28.79},{"name":"fw_3","parent":"root","length":28.79},{"name":"fw_4","parent":"root","length":28.79},{"name":"bone","parent":"common_titleframe_2_flag","length":6.06,"x":6.51,"rotation":-35.53},{"name":"bone4","parent":"common_titleframe_2_flag2","length":6.06,"x":6.51,"rotation":35.87},{"name":"bone2","parent":"bone","length":7.17,"x":6.06,"rotation":7.62},{"name":"bone5","parent":"bone4","length":7.17,"x":6.06,"rotation":-5.8},{"name":"bone3","parent":"bone2","length":7.78,"x":7.17,"rotation":22.81},{"name":"bone6","parent":"bone5","length":7.78,"x":7.17,"rotation":-24.95}],"slots":[{"name":"common_titleframe_2_0","bone":"chang","attachment":"common_titleframe_2_0"},{"name":"common_titleframe_2_1","bone":"duan","attachment":"common_titleframe_2_1"},{"name":"common_titleframe_2_flag","bone":"common_titleframe_2_flag","attachment":"common_titleframe_2_flag"},{"name":"common_titleframe_2_flag2","bone":"common_titleframe_2_flag2","attachment":"common_titleframe_2_flag"},{"name":"titleframe_firework_A_00","bone":"fw_1","blend":"additive"},{"name":"titleframe_firework_B_00","bone":"fw_2","blend":"additive"},{"name":"titleframe_firework_C_00","bone":"fw_3","blend":"additive"},{"name":"titleframe_firework_D_00","bone":"fw_4","blend":"additive"}],"skins":{"default":{"common_titleframe_2_0":{"common_titleframe_2_0":{"y":8.5,"width":280,"height":90}},"common_titleframe_2_1":{"common_titleframe_2_1":{"y":8.5,"width":280,"height":90}},"common_titleframe_2_flag":{"common_titleframe_2_flag":{"type":"skinnedmesh","uvs":[1,1,0.75869,1,0.50398,1,0.23411,1,0,1,0,0,0.23108,0,0.50398,0,0.77386,0,1,0],"triangles":[1,8,9,1,9,0,2,7,8,1,2,8,3,6,7,3,7,2,4,6,3,4,5,6],"vertices":[2,11,20.87999,-4.38,0.00121,13,10.93,-9.35999,0.99878,1,13,3.48,-10.03,1,1,11,7.29,-11.58,1,1,9,8.02,-15.37,1,1,2,-3.14,-17.17,1,1,2,-3.14,7.82,1,1,2,4.02,7.82,1,1,9,0.3,9.83,1,1,11,2.99,14.43,1,1,13,8.72,15.53,1],"hull":10}},"common_titleframe_2_flag2":{"common_titleframe_2_flag":{"type":"skinnedmesh","uvs":[1,1,0.75869,1,0.50398,1,0.23411,1,0,1,0,0,0.23108,0,0.50398,0,0.77386,0,1,0],"triangles":[1,8,9,1,9,0,2,7,8,1,2,8,3,6,7,3,7,2,4,5,6,4,6,3],"vertices":[1,14,10.93,-9.35999,1,1,14,3.48,-10.03,1,1,12,7.29,-11.58,1,1,10,8.02,-15.37,1,1,3,-3.14,-17.17,1,1,3,-3.14,7.82,1,1,3,4.02,7.82,1,1,10,0.3,9.83,1,1,12,2.99,14.43,1,1,14,8.72,15.53,1],"hull":10}},"titleframe_firework_A_00":{"titleframe_firework_A_00":{"width":128,"height":128},"titleframe_firework_A_01":{"width":128,"height":128},"titleframe_firework_A_02":{"width":128,"height":128},"titleframe_firework_A_03":{"width":128,"height":128},"titleframe_firework_A_04":{"width":128,"height":128},"titleframe_firework_A_05":{"width":128,"height":128},"titleframe_firework_A_06":{"width":128,"height":128},"titleframe_firework_A_07":{"width":128,"height":128},"titleframe_firework_A_08":{"width":128,"height":128}},"titleframe_firework_B_00":{"titleframe_firework_B_00":{"width":128,"height":128},"titleframe_firework_B_01":{"width":128,"height":128},"titleframe_firework_B_02":{"width":128,"height":128},"titleframe_firework_B_03":{"width":128,"height":128},"titleframe_firework_B_04":{"width":128,"height":128},"titleframe_firework_B_05":{"width":128,"height":128},"titleframe_firework_B_06":{"width":128,"height":128},"titleframe_firework_B_07":{"width":128,"height":128},"titleframe_firework_B_08":{"width":128,"height":128}},"titleframe_firework_C_00":{"titleframe_firework_C_00":{"width":128,"height":128},"titleframe_firework_C_01":{"width":128,"height":128},"titleframe_firework_C_02":{"width":128,"height":128},"titleframe_firework_C_03":{"width":128,"height":128},"titleframe_firework_C_04":{"width":128,"height":128},"titleframe_firework_C_05":{"width":128,"height":128},"titleframe_firework_C_06":{"width":128,"height":128},"titleframe_firework_C_07":{"width":128,"height":128},"titleframe_firework_C_08":{"width":128,"height":128}},"titleframe_firework_D_00":{"titleframe_firework_D_00":{"width":128,"height":128},"titleframe_firework_D_01":{"width":128,"height":128},"titleframe_firework_D_02":{"width":128,"height":128},"titleframe_firework_D_03":{"width":128,"height":128},"titleframe_firework_D_04":{"width":128,"height":128},"titleframe_firework_D_05":{"width":128,"height":128},"titleframe_firework_D_06":{"width":128,"height":128},"titleframe_firework_D_07":{"width":128,"height":128},"titleframe_firework_D_08":{"width":128,"height":128}}}},"animations":{"size_1":{"slots":{"common_titleframe_2_0":{"attachment":[{"time":0,"name":null},{"time":2.4666,"name":null}]},"common_titleframe_2_1":{"attachment":[{"time":0,"name":"common_titleframe_2_1"},{"time":2.4666,"name":"common_titleframe_2_1"}]},"titleframe_firework_A_00":{"attachment":[{"time":0,"name":"titleframe_firework_A_00"},{"time":0.0666,"name":"titleframe_firework_A_01"},{"time":0.1333,"name":"titleframe_firework_A_02"},{"time":0.2,"name":"titleframe_firework_A_03"},{"time":0.2666,"name":"titleframe_firework_A_04"},{"time":0.3333,"name":"titleframe_firework_A_05"},{"time":0.4,"name":"titleframe_firework_A_06"},{"time":0.4666,"name":"titleframe_firework_A_07"},{"time":0.5333,"name":"titleframe_firework_A_08"},{"time":0.6,"name":null},{"time":2.4666,"name":null}]},"titleframe_firework_B_00":{"attachment":[{"time":0,"name":null},{"time":0.4333,"name":"titleframe_firework_B_00"},{"time":0.5,"name":"titleframe_firework_B_01"},{"time":0.5666,"name":"titleframe_firework_B_02"},{"time":0.6333,"name":"titleframe_firework_B_03"},{"time":0.7,"name":"titleframe_firework_B_04"},{"time":0.7666,"name":"titleframe_firework_B_05"},{"time":0.8333,"name":"titleframe_firework_B_06"},{"time":0.9,"name":"titleframe_firework_B_07"},{"time":0.9666,"name":"titleframe_firework_B_08"},{"time":1.0333,"name":null},{"time":2.4666,"name":null}]},"titleframe_firework_C_00":{"attachment":[{"time":0,"name":null},{"time":1.3666,"name":"titleframe_firework_C_00"},{"time":1.4333,"name":"titleframe_firework_C_01"},{"time":1.5,"name":"titleframe_firework_C_02"},{"time":1.5666,"name":"titleframe_firework_C_03"},{"time":1.6333,"name":"titleframe_firework_C_04"},{"time":1.7,"name":"titleframe_firework_C_05"},{"time":1.7666,"name":"titleframe_firework_C_06"},{"time":1.8333,"name":"titleframe_firework_C_07"},{"time":1.9,"name":"titleframe_firework_C_08"},{"time":1.9666,"name":null},{"time":2.4666,"name":null}]},"titleframe_firework_D_00":{"attachment":[{"time":0,"name":null},{"time":1.6666,"name":"titleframe_firework_D_00"},{"time":1.7333,"name":"titleframe_firework_D_01"},{"time":1.8,"name":"titleframe_firework_D_02"},{"time":1.8666,"name":"titleframe_firework_D_03"},{"time":1.9333,"name":"titleframe_firework_D_04"},{"time":2,"name":"titleframe_firework_D_05"},{"time":2.0666,"name":"titleframe_firework_D_06"},{"time":2.1333,"name":"titleframe_firework_D_07"},{"time":2.2,"name":"titleframe_firework_D_08"},{"time":2.2666,"name":null},{"time":2.4666,"name":null}]}},"bones":{"common_titleframe_2_flag":{"rotate":[{"time":0,"angle":0}],"translate":[{"time":0,"x":0,"y":0,"curve":"stepped"},{"time":2.4666,"x":0,"y":0}]},"bone":{"rotate":[{"time":0,"angle":5.26},{"time":0.0666,"angle":15.78},{"time":0.2333,"angle":5.73},{"time":0.4,"angle":-7.13},{"time":0.4666,"angle":0},{"time":0.5,"angle":5.26},{"time":0.5666,"angle":15.78},{"time":0.7333,"angle":5.73},{"time":0.9,"angle":-7.13},{"time":0.9666,"angle":0},{"time":1,"angle":5.26},{"time":1.0666,"angle":15.78},{"time":1.2333,"angle":5.73},{"time":1.4,"angle":-7.13},{"time":1.4666,"angle":0},{"time":1.5,"angle":5.26},{"time":1.5666,"angle":15.78},{"time":1.7333,"angle":5.73},{"time":1.9,"angle":-7.13},{"time":1.9666,"angle":0},{"time":2,"angle":5.26},{"time":2.0666,"angle":15.78},{"time":2.2333,"angle":5.73},{"time":2.4,"angle":-7.13},{"time":2.4666,"angle":0}]},"bone2":{"rotate":[{"time":0,"angle":-8.11},{"time":0.0666,"angle":-24.35},{"time":0.2333,"angle":25.09},{"time":0.4,"angle":5.52},{"time":0.4666,"angle":0},{"time":0.5,"angle":-8.11},{"time":0.5666,"angle":-24.35},{"time":0.7333,"angle":25.09},{"time":0.9,"angle":5.52},{"time":0.9666,"angle":0},{"time":1,"angle":-8.11},{"time":1.0666,"angle":-24.35},{"time":1.2333,"angle":25.09},{"time":1.4,"angle":5.52},{"time":1.4666,"angle":0},{"time":1.5,"angle":-8.11},{"time":1.5666,"angle":-24.35},{"time":1.7333,"angle":25.09},{"time":1.9,"angle":5.52},{"time":1.9666,"angle":0},{"time":2,"angle":-8.11},{"time":2.0666,"angle":-24.35},{"time":2.2333,"angle":25.09},{"time":2.4,"angle":5.52},{"time":2.4666,"angle":0}]},"bone3":{"rotate":[{"time":0,"angle":4.18},{"time":0.0666,"angle":12.55},{"time":0.2333,"angle":-42.77},{"time":0.4,"angle":40.41},{"time":0.4666,"angle":0},{"time":0.5,"angle":4.18},{"time":0.5666,"angle":12.55},{"time":0.7333,"angle":-42.77},{"time":0.9,"angle":40.41},{"time":0.9666,"angle":0},{"time":1,"angle":4.18},{"time":1.0666,"angle":12.55},{"time":1.2333,"angle":-42.77},{"time":1.4,"angle":40.41},{"time":1.4666,"angle":0},{"time":1.5,"angle":4.18},{"time":1.5666,"angle":12.55},{"time":1.7333,"angle":-42.77},{"time":1.9,"angle":40.41},{"time":1.9666,"angle":0},{"time":2,"angle":4.18},{"time":2.0666,"angle":12.55},{"time":2.2333,"angle":-42.77},{"time":2.4,"angle":40.41},{"time":2.4666,"angle":0}],"scale":[{"time":0,"x":0.821,"y":1},{"time":0.0666,"x":1,"y":1},{"time":0.2333,"x":1.241,"y":1},{"time":0.4666,"x":0.732,"y":1},{"time":0.5,"x":0.821,"y":1},{"time":0.5666,"x":1,"y":1},{"time":0.7333,"x":1.241,"y":1},{"time":0.9666,"x":0.732,"y":1},{"time":1,"x":0.821,"y":1},{"time":1.0666,"x":1,"y":1},{"time":1.2333,"x":1.241,"y":1},{"time":1.4666,"x":0.732,"y":1},{"time":1.5,"x":0.821,"y":1},{"time":1.5666,"x":1,"y":1},{"time":1.7333,"x":1.241,"y":1},{"time":1.9666,"x":0.732,"y":1},{"time":2,"x":0.821,"y":1},{"time":2.0666,"x":1,"y":1},{"time":2.2333,"x":1.241,"y":1},{"time":2.4666,"x":0.732,"y":1}]},"bone4":{"rotate":[{"time":0,"angle":-18.05},{"time":0.1,"angle":-2.07},{"time":0.2,"angle":0},{"time":0.3,"angle":-19.5},{"time":0.4,"angle":-31.31},{"time":0.4666,"angle":-24.68},{"time":0.5,"angle":-18.05},{"time":0.6,"angle":-2.07},{"time":0.7,"angle":0},{"time":0.8,"angle":-19.5},{"time":0.9,"angle":-31.31},{"time":0.9666,"angle":-24.68},{"time":1,"angle":-18.05},{"time":1.1,"angle":-2.07},{"time":1.2,"angle":0},{"time":1.3,"angle":-19.5},{"time":1.4,"angle":-31.31},{"time":1.4666,"angle":-24.68},{"time":1.5,"angle":-18.05},{"time":1.6,"angle":-2.07},{"time":1.7,"angle":0},{"time":1.8,"angle":-19.5},{"time":1.9,"angle":-31.31},{"time":1.9666,"angle":-24.68},{"time":2,"angle":-18.05},{"time":2.1,"angle":-2.07},{"time":2.2,"angle":0},{"time":2.3,"angle":-19.5},{"time":2.4,"angle":-31.31},{"time":2.4666,"angle":-24.68}]},"bone6":{"rotate":[{"time":0,"angle":58.26},{"time":0.1,"angle":0.76},{"time":0.2,"angle":0},{"time":0.3,"angle":2.01},{"time":0.4,"angle":42.64},{"time":0.4666,"angle":55.31},{"time":0.5,"angle":58.26},{"time":0.6,"angle":0.76},{"time":0.7,"angle":0},{"time":0.8,"angle":2.01},{"time":0.9,"angle":42.64},{"time":0.9666,"angle":55.31},{"time":1,"angle":58.26},{"time":1.1,"angle":0.76},{"time":1.2,"angle":0},{"time":1.3,"angle":2.01},{"time":1.4,"angle":42.64},{"time":1.4666,"angle":55.31},{"time":1.5,"angle":58.26},{"time":1.6,"angle":0.76},{"time":1.7,"angle":0},{"time":1.8,"angle":2.01},{"time":1.9,"angle":42.64},{"time":1.9666,"angle":55.31},{"time":2,"angle":58.26},{"time":2.1,"angle":0.76},{"time":2.2,"angle":0},{"time":2.3,"angle":2.01},{"time":2.4,"angle":42.64},{"time":2.4666,"angle":55.31}],"scale":[{"time":0,"x":1.12,"y":1},{"time":0.1,"x":0.732,"y":1},{"time":0.2,"x":1,"y":1},{"time":0.4666,"x":1.1,"y":1},{"time":0.5,"x":1.12,"y":1},{"time":0.6,"x":0.732,"y":1},{"time":0.7,"x":1,"y":1},{"time":0.9666,"x":1.1,"y":1},{"time":1,"x":1.12,"y":1},{"time":1.1,"x":0.732,"y":1},{"time":1.2,"x":1,"y":1},{"time":1.4666,"x":1.1,"y":1},{"time":1.5,"x":1.12,"y":1},{"time":1.6,"x":0.732,"y":1},{"time":1.7,"x":1,"y":1},{"time":1.9666,"x":1.1,"y":1},{"time":2,"x":1.12,"y":1},{"time":2.1,"x":0.732,"y":1},{"time":2.2,"x":1,"y":1},{"time":2.4666,"x":1.1,"y":1}]},"bone5":{"rotate":[{"time":0,"angle":-27.56},{"time":0.1,"angle":-11.13},{"time":0.2,"angle":0},{"time":0.3,"angle":26.25},{"time":0.4,"angle":17.88},{"time":0.4666,"angle":-4.83},{"time":0.5,"angle":-27.56},{"time":0.6,"angle":-11.13},{"time":0.7,"angle":0},{"time":0.8,"angle":26.25},{"time":0.9,"angle":17.88},{"time":0.9666,"angle":-4.83},{"time":1,"angle":-27.56},{"time":1.1,"angle":-11.13},{"time":1.2,"angle":0},{"time":1.3,"angle":26.25},{"time":1.4,"angle":17.88},{"time":1.4666,"angle":-4.83},{"time":1.5,"angle":-27.56},{"time":1.6,"angle":-11.13},{"time":1.7,"angle":0},{"time":1.8,"angle":26.25},{"time":1.9,"angle":17.88},{"time":1.9666,"angle":-4.83},{"time":2,"angle":-27.56},{"time":2.1,"angle":-11.13},{"time":2.2,"angle":0},{"time":2.3,"angle":26.25},{"time":2.4,"angle":17.88},{"time":2.4666,"angle":-4.83}]},"fw_1":{"translate":[{"time":0,"x":-61.13,"y":25.42,"curve":"stepped"},{"time":2.4666,"x":-61.13,"y":25.42}]},"fw_2":{"translate":[{"time":0,"x":70.42,"y":2.16,"curve":"stepped"},{"time":2.4666,"x":70.42,"y":2.16}],"scale":[{"time":0,"x":0.8,"y":0.8,"curve":"stepped"},{"time":2.4666,"x":0.8,"y":0.8}]},"fw_3":{"translate":[{"time":0,"x":37.86,"y":23.26,"curve":"stepped"},{"time":2.4666,"x":37.86,"y":23.26}],"scale":[{"time":0,"x":0.9,"y":0.9,"curve":"stepped"},{"time":2.4666,"x":0.9,"y":0.9}]},"fw_4":{"translate":[{"time":0,"x":-34.62,"y":-17.85,"curve":"stepped"},{"time":2.4666,"x":-34.62,"y":-17.85}],"scale":[{"time":0,"x":0.7,"y":0.7,"curve":"stepped"},{"time":2.4666,"x":0.7,"y":0.7}]},"common_titleframe_2_flag2":{"translate":[{"time":0,"x":0,"y":0,"curve":"stepped"},{"time":2.4666,"x":0,"y":0}]},"root":{"translate":[{"time":0,"x":0,"y":5.31}]}}},"size_2":{"slots":{"common_titleframe_2_0":{"attachment":[{"time":0,"name":"common_titleframe_2_0"},{"time":2.4666,"name":"common_titleframe_2_0"}]},"common_titleframe_2_1":{"attachment":[{"time":0,"name":null},{"time":2.4666,"name":null}]},"titleframe_firework_A_00":{"attachment":[{"time":0,"name":"titleframe_firework_A_00"},{"time":0.0666,"name":"titleframe_firework_A_01"},{"time":0.1333,"name":"titleframe_firework_A_02"},{"time":0.2,"name":"titleframe_firework_A_03"},{"time":0.2666,"name":"titleframe_firework_A_04"},{"time":0.3333,"name":"titleframe_firework_A_05"},{"time":0.4,"name":"titleframe_firework_A_06"},{"time":0.4666,"name":"titleframe_firework_A_07"},{"time":0.5333,"name":"titleframe_firework_A_08"},{"time":0.6,"name":null},{"time":2.4666,"name":null}]},"titleframe_firework_B_00":{"attachment":[{"time":0,"name":null},{"time":0.4333,"name":"titleframe_firework_B_00"},{"time":0.5,"name":"titleframe_firework_B_01"},{"time":0.5666,"name":"titleframe_firework_B_02"},{"time":0.6333,"name":"titleframe_firework_B_03"},{"time":0.7,"name":"titleframe_firework_B_04"},{"time":0.7666,"name":"titleframe_firework_B_05"},{"time":0.8333,"name":"titleframe_firework_B_06"},{"time":0.9,"name":"titleframe_firework_B_07"},{"time":0.9666,"name":"titleframe_firework_B_08"},{"time":1.0333,"name":null},{"time":2.4666,"name":null}]},"titleframe_firework_C_00":{"attachment":[{"time":0,"name":null},{"time":1.3666,"name":"titleframe_firework_C_00"},{"time":1.4333,"name":"titleframe_firework_C_01"},{"time":1.5,"name":"titleframe_firework_C_02"},{"time":1.5666,"name":"titleframe_firework_C_03"},{"time":1.6333,"name":"titleframe_firework_C_04"},{"time":1.7,"name":"titleframe_firework_C_05"},{"time":1.7666,"name":"titleframe_firework_C_06"},{"time":1.8333,"name":"titleframe_firework_C_07"},{"time":1.9,"name":"titleframe_firework_C_08"},{"time":1.9666,"name":null},{"time":2.4666,"name":null}]},"titleframe_firework_D_00":{"attachment":[{"time":0,"name":null},{"time":1.6666,"name":"titleframe_firework_D_00"},{"time":1.7333,"name":"titleframe_firework_D_01"},{"time":1.8,"name":"titleframe_firework_D_02"},{"time":1.8666,"name":"titleframe_firework_D_03"},{"time":1.9333,"name":"titleframe_firework_D_04"},{"time":2,"name":"titleframe_firework_D_05"},{"time":2.0666,"name":"titleframe_firework_D_06"},{"time":2.1333,"name":"titleframe_firework_D_07"},{"time":2.2,"name":"titleframe_firework_D_08"},{"time":2.2666,"name":null},{"time":2.4666,"name":null}]}},"bones":{"common_titleframe_2_flag":{"rotate":[{"time":0,"angle":0}],"translate":[{"time":0,"x":19.32,"y":0,"curve":"stepped"},{"time":2.4666,"x":19.32,"y":0}]},"bone":{"rotate":[{"time":0,"angle":5.26},{"time":0.0666,"angle":15.78},{"time":0.2333,"angle":5.73},{"time":0.4,"angle":-7.13},{"time":0.4666,"angle":0},{"time":0.5,"angle":5.26},{"time":0.5666,"angle":15.78},{"time":0.7333,"angle":5.73},{"time":0.9,"angle":-7.13},{"time":0.9666,"angle":0},{"time":1,"angle":5.26},{"time":1.0666,"angle":15.78},{"time":1.2333,"angle":5.73},{"time":1.4,"angle":-7.13},{"time":1.4666,"angle":0},{"time":1.5,"angle":5.26},{"time":1.5666,"angle":15.78},{"time":1.7333,"angle":5.73},{"time":1.9,"angle":-7.13},{"time":1.9666,"angle":0},{"time":2,"angle":5.26},{"time":2.0666,"angle":15.78},{"time":2.2333,"angle":5.73},{"time":2.4,"angle":-7.13},{"time":2.4666,"angle":0}]},"bone2":{"rotate":[{"time":0,"angle":-8.11},{"time":0.0666,"angle":-24.35},{"time":0.2333,"angle":25.09},{"time":0.4,"angle":5.52},{"time":0.4666,"angle":0},{"time":0.5,"angle":-8.11},{"time":0.5666,"angle":-24.35},{"time":0.7333,"angle":25.09},{"time":0.9,"angle":5.52},{"time":0.9666,"angle":0},{"time":1,"angle":-8.11},{"time":1.0666,"angle":-24.35},{"time":1.2333,"angle":25.09},{"time":1.4,"angle":5.52},{"time":1.4666,"angle":0},{"time":1.5,"angle":-8.11},{"time":1.5666,"angle":-24.35},{"time":1.7333,"angle":25.09},{"time":1.9,"angle":5.52},{"time":1.9666,"angle":0},{"time":2,"angle":-8.11},{"time":2.0666,"angle":-24.35},{"time":2.2333,"angle":25.09},{"time":2.4,"angle":5.52},{"time":2.4666,"angle":0}]},"bone3":{"rotate":[{"time":0,"angle":4.18},{"time":0.0666,"angle":12.55},{"time":0.2333,"angle":-42.77},{"time":0.4,"angle":40.41},{"time":0.4666,"angle":0},{"time":0.5,"angle":4.18},{"time":0.5666,"angle":12.55},{"time":0.7333,"angle":-42.77},{"time":0.9,"angle":40.41},{"time":0.9666,"angle":0},{"time":1,"angle":4.18},{"time":1.0666,"angle":12.55},{"time":1.2333,"angle":-42.77},{"time":1.4,"angle":40.41},{"time":1.4666,"angle":0},{"time":1.5,"angle":4.18},{"time":1.5666,"angle":12.55},{"time":1.7333,"angle":-42.77},{"time":1.9,"angle":40.41},{"time":1.9666,"angle":0},{"time":2,"angle":4.18},{"time":2.0666,"angle":12.55},{"time":2.2333,"angle":-42.77},{"time":2.4,"angle":40.41},{"time":2.4666,"angle":0}],"scale":[{"time":0,"x":0.821,"y":1},{"time":0.0666,"x":1,"y":1},{"time":0.2333,"x":1.241,"y":1},{"time":0.4666,"x":0.732,"y":1},{"time":0.5,"x":0.821,"y":1},{"time":0.5666,"x":1,"y":1},{"time":0.7333,"x":1.241,"y":1},{"time":0.9666,"x":0.732,"y":1},{"time":1,"x":0.821,"y":1},{"time":1.0666,"x":1,"y":1},{"time":1.2333,"x":1.241,"y":1},{"time":1.4666,"x":0.732,"y":1},{"time":1.5,"x":0.821,"y":1},{"time":1.5666,"x":1,"y":1},{"time":1.7333,"x":1.241,"y":1},{"time":1.9666,"x":0.732,"y":1},{"time":2,"x":0.821,"y":1},{"time":2.0666,"x":1,"y":1},{"time":2.2333,"x":1.241,"y":1},{"time":2.4666,"x":0.732,"y":1}]},"bone4":{"rotate":[{"time":0,"angle":-18.05},{"time":0.1,"angle":-2.07},{"time":0.2,"angle":0},{"time":0.3,"angle":-19.5},{"time":0.4,"angle":-31.31},{"time":0.4666,"angle":-24.68},{"time":0.5,"angle":-18.05},{"time":0.6,"angle":-2.07},{"time":0.7,"angle":0},{"time":0.8,"angle":-19.5},{"time":0.9,"angle":-31.31},{"time":0.9666,"angle":-24.68},{"time":1,"angle":-18.05},{"time":1.1,"angle":-2.07},{"time":1.2,"angle":0},{"time":1.3,"angle":-19.5},{"time":1.4,"angle":-31.31},{"time":1.4666,"angle":-24.68},{"time":1.5,"angle":-18.05},{"time":1.6,"angle":-2.07},{"time":1.7,"angle":0},{"time":1.8,"angle":-19.5},{"time":1.9,"angle":-31.31},{"time":1.9666,"angle":-24.68},{"time":2,"angle":-18.05},{"time":2.1,"angle":-2.07},{"time":2.2,"angle":0},{"time":2.3,"angle":-19.5},{"time":2.4,"angle":-31.31},{"time":2.4666,"angle":-24.68}]},"bone6":{"rotate":[{"time":0,"angle":58.26},{"time":0.1,"angle":0.76},{"time":0.2,"angle":0},{"time":0.3,"angle":2.01},{"time":0.4,"angle":42.64},{"time":0.4666,"angle":55.31},{"time":0.5,"angle":58.26},{"time":0.6,"angle":0.76},{"time":0.7,"angle":0},{"time":0.8,"angle":2.01},{"time":0.9,"angle":42.64},{"time":0.9666,"angle":55.31},{"time":1,"angle":58.26},{"time":1.1,"angle":0.76},{"time":1.2,"angle":0},{"time":1.3,"angle":2.01},{"time":1.4,"angle":42.64},{"time":1.4666,"angle":55.31},{"time":1.5,"angle":58.26},{"time":1.6,"angle":0.76},{"time":1.7,"angle":0},{"time":1.8,"angle":2.01},{"time":1.9,"angle":42.64},{"time":1.9666,"angle":55.31},{"time":2,"angle":58.26},{"time":2.1,"angle":0.76},{"time":2.2,"angle":0},{"time":2.3,"angle":2.01},{"time":2.4,"angle":42.64},{"time":2.4666,"angle":55.31}],"scale":[{"time":0,"x":1.12,"y":1},{"time":0.1,"x":0.732,"y":1},{"time":0.2,"x":1,"y":1},{"time":0.4666,"x":1.1,"y":1},{"time":0.5,"x":1.12,"y":1},{"time":0.6,"x":0.732,"y":1},{"time":0.7,"x":1,"y":1},{"time":0.9666,"x":1.1,"y":1},{"time":1,"x":1.12,"y":1},{"time":1.1,"x":0.732,"y":1},{"time":1.2,"x":1,"y":1},{"time":1.4666,"x":1.1,"y":1},{"time":1.5,"x":1.12,"y":1},{"time":1.6,"x":0.732,"y":1},{"time":1.7,"x":1,"y":1},{"time":1.9666,"x":1.1,"y":1},{"time":2,"x":1.12,"y":1},{"time":2.1,"x":0.732,"y":1},{"time":2.2,"x":1,"y":1},{"time":2.4666,"x":1.1,"y":1}]},"bone5":{"rotate":[{"time":0,"angle":-27.56},{"time":0.1,"angle":-11.13},{"time":0.2,"angle":0},{"time":0.3,"angle":26.25},{"time":0.4,"angle":17.88},{"time":0.4666,"angle":-4.83},{"time":0.5,"angle":-27.56},{"time":0.6,"angle":-11.13},{"time":0.7,"angle":0},{"time":0.8,"angle":26.25},{"time":0.9,"angle":17.88},{"time":0.9666,"angle":-4.83},{"time":1,"angle":-27.56},{"time":1.1,"angle":-11.13},{"time":1.2,"angle":0},{"time":1.3,"angle":26.25},{"time":1.4,"angle":17.88},{"time":1.4666,"angle":-4.83},{"time":1.5,"angle":-27.56},{"time":1.6,"angle":-11.13},{"time":1.7,"angle":0},{"time":1.8,"angle":26.25},{"time":1.9,"angle":17.88},{"time":1.9666,"angle":-4.83},{"time":2,"angle":-27.56},{"time":2.1,"angle":-11.13},{"time":2.2,"angle":0},{"time":2.3,"angle":26.25},{"time":2.4,"angle":17.88},{"time":2.4666,"angle":-4.83}]},"fw_1":{"translate":[{"time":0,"x":-84.84,"y":21.03,"curve":"stepped"},{"time":2.4666,"x":-84.84,"y":21.03}]},"fw_2":{"translate":[{"time":0,"x":96.26,"y":2.16,"curve":"stepped"},{"time":2.4666,"x":96.26,"y":2.16}],"scale":[{"time":0,"x":0.8,"y":0.8,"curve":"stepped"},{"time":2.4666,"x":0.8,"y":0.8}]},"fw_3":{"translate":[{"time":0,"x":62.46,"y":22.82,"curve":"stepped"},{"time":2.4666,"x":62.46,"y":22.82}],"scale":[{"time":0,"x":0.9,"y":0.9,"curve":"stepped"},{"time":2.4666,"x":0.9,"y":0.9}]},"fw_4":{"translate":[{"time":0,"x":-73.26,"y":-20.04,"curve":"stepped"},{"time":2.4666,"x":-73.26,"y":-20.04}],"scale":[{"time":0,"x":0.7,"y":0.7,"curve":"stepped"},{"time":2.4666,"x":0.7,"y":0.7}]},"common_titleframe_2_flag2":{"translate":[{"time":0,"x":-18,"y":0,"curve":"stepped"},{"time":2.4666,"x":-18,"y":0}]}}}}}