<skeleton name="ui_create_button_01" frameRate="24" version="2.2">
  <armatures>
    <armature name="ui_create_button_01">
      <b name="ui_create_button_yn" x="0" y="0" kX="0" kY="0" cX="1" cY="1" pX="148" pY="60" z="0">
        <d name="ui_create_button_yn_00" pX="0" pY="0"/>
        <d name="ui_create_button_yn_01" pX="0" pY="0"/>
        <d name="ui_create_button_yn_02" pX="0" pY="0"/>
        <d name="ui_create_button_yn_03" pX="0" pY="0"/>
        <d name="ui_create_button_yn_04" pX="0" pY="0"/>
        <d name="ui_create_button_yn_05" pX="0" pY="0"/>
        <d name="ui_create_button_yn_06" pX="0" pY="0"/>
        <d name="ui_create_button_yn_07" pX="0" pY="0"/>
        <d name="ui_create_button_yn_08" pX="0" pY="0"/>
        <d name="ui_create_button_yn_09" pX="0" pY="0"/>
        <d name="ui_create_button_yn_10" pX="0" pY="0"/>
        <d name="ui_create_button_yn_11" pX="0" pY="0"/>
      </b>
    </armature>
  </armatures>
  <animations>
    <animation name="ui_create_button_01">
      <mov name="0" dr="24" to="0" drTW="24" lp="1" twE="NaN">
        <b name="ui_create_button_yn" sc="1" dl="0">
          <f x="0" y="0" cocos2d_x="-148" cocos2d_y="-60" kX="0" kY="0" cX="1" cY="1" pX="148" pY="60" z="0" dI="0" dr="2"/>
          <f x="0" y="0" cocos2d_x="-148" cocos2d_y="-60" kX="0" kY="0" cX="1" cY="1" pX="148" pY="60" z="0" dI="1" dr="2"/>
          <f x="0" y="0" cocos2d_x="-148" cocos2d_y="-60" kX="0" kY="0" cX="1" cY="1" pX="148" pY="60" z="0" dI="2" dr="2"/>
          <f x="0" y="0" cocos2d_x="-148" cocos2d_y="-60" kX="0" kY="0" cX="1" cY="1" pX="148" pY="60" z="0" dI="3" dr="2"/>
          <f x="0" y="0" cocos2d_x="-148" cocos2d_y="-60" kX="0" kY="0" cX="1" cY="1" pX="148" pY="60" z="0" dI="4" dr="2"/>
          <f x="0" y="0" cocos2d_x="-148" cocos2d_y="-60" kX="0" kY="0" cX="1" cY="1" pX="148" pY="60" z="0" dI="5" dr="2"/>
          <f x="0" y="0" cocos2d_x="-148" cocos2d_y="-60" kX="0" kY="0" cX="1" cY="1" pX="148" pY="60" z="0" dI="6" dr="2"/>
          <f x="0" y="0" cocos2d_x="-148" cocos2d_y="-60" kX="0" kY="0" cX="1" cY="1" pX="148" pY="60" z="0" dI="7" dr="2"/>
          <f x="0" y="0" cocos2d_x="-148" cocos2d_y="-60" kX="0" kY="0" cX="1" cY="1" pX="148" pY="60" z="0" dI="8" dr="2"/>
          <f x="0" y="0" cocos2d_x="-148" cocos2d_y="-60" kX="0" kY="0" cX="1" cY="1" pX="148" pY="60" z="0" dI="9" dr="2"/>
          <f x="0" y="0" cocos2d_x="-148" cocos2d_y="-60" kX="0" kY="0" cX="1" cY="1" pX="148" pY="60" z="0" dI="10" dr="2"/>
          <f x="0" y="0" cocos2d_x="-148" cocos2d_y="-60" kX="0" kY="0" cX="1" cY="1" pX="148" pY="60" z="0" dI="11" dr="2"/>
        </b>
      </mov>
    </animation>
  </animations>
  <TextureAtlas name="ui_create_button_01" width="1024" height="512">
    <SubTexture name="ui_create_button_yn_11" width="296" height="120" cocos2d_pX="0" cocos2d_pY="0" x="298" y="0"/>
    <SubTexture name="ui_create_button_yn_10" width="296" height="120" cocos2d_pX="0" cocos2d_pY="0" x="298" y="244"/>
    <SubTexture name="ui_create_button_yn_09" width="296" height="120" cocos2d_pX="0" cocos2d_pY="0" x="0" y="122"/>
    <SubTexture name="ui_create_button_yn_08" width="296" height="120" cocos2d_pX="0" cocos2d_pY="0" x="596" y="366"/>
    <SubTexture name="ui_create_button_yn_07" width="296" height="120" cocos2d_pX="0" cocos2d_pY="0" x="596" y="122"/>
    <SubTexture name="ui_create_button_yn_06" width="296" height="120" cocos2d_pX="0" cocos2d_pY="0" x="298" y="366"/>
    <SubTexture name="ui_create_button_yn_05" width="296" height="120" cocos2d_pX="0" cocos2d_pY="0" x="0" y="0"/>
    <SubTexture name="ui_create_button_yn_04" width="296" height="120" cocos2d_pX="0" cocos2d_pY="0" x="596" y="0"/>
    <SubTexture name="ui_create_button_yn_03" width="296" height="120" cocos2d_pX="0" cocos2d_pY="0" x="298" y="122"/>
    <SubTexture name="ui_create_button_yn_02" width="296" height="120" cocos2d_pX="0" cocos2d_pY="0" x="0" y="244"/>
    <SubTexture name="ui_create_button_yn_01" width="296" height="120" cocos2d_pX="0" cocos2d_pY="0" x="596" y="244"/>
    <SubTexture name="ui_create_button_yn_00" width="296" height="120" cocos2d_pX="0" cocos2d_pY="0" x="0" y="366"/>
  </TextureAtlas>
</skeleton>