<skeleton name="ui_danrenfuben_saodangtext_01" frameRate="24" version="2.2">
  <armatures>
    <armature name="ui_danrenfuben_saodangtext_01">
      <b name="ui_danrenfuben_saodangtext_01" x="0" y="0" kX="0" kY="0" cX="1" cY="1" pX="237.5" pY="67.5" z="0">
        <d name="ui_danrenfuben_saodangtext_01_08" pX="0" pY="0"/>
      </b>
      <b name="ui_danrenfuben_saodangtext_010" x="0" y="0" kX="0" kY="0" cX="1" cY="1" pX="237.5" pY="67.5" z="0">
        <d name="ui_danrenfuben_saodangtext_01_00" pX="0" pY="0"/>
        <d name="ui_danrenfuben_saodangtext_01_01" pX="0" pY="0"/>
        <d name="ui_danrenfuben_saodangtext_01_02" pX="0" pY="0"/>
        <d name="ui_danrenfuben_saodangtext_01_03" pX="0" pY="0"/>
        <d name="ui_danrenfuben_saodangtext_01_04" pX="0" pY="0"/>
        <d name="ui_danrenfuben_saodangtext_01_05" pX="0" pY="0"/>
        <d name="ui_danrenfuben_saodangtext_01_06" pX="0" pY="0"/>
        <d name="ui_danrenfuben_saodangtext_01_07" pX="0" pY="0"/>
      </b>
    </armature>
  </armatures>
  <animations>
    <animation name="ui_danrenfuben_saodangtext_01">
      <mov name="0" dr="49" to="0" drTW="49" lp="0" twE="NaN">
        <b name="ui_danrenfuben_saodangtext_01" sc="1" dl="0">
          <f dr="12" dI="-1"/>
          <f x="0" y="0" cocos2d_x="-237.5" cocos2d_y="-67.5" kX="0" kY="0" cX="1" cY="1" pX="237.5" pY="67.5" z="0" dI="0" twE="0" dr="4">
            <colorTransform a="0" r="0" g="0" b="0" aM="0" rM="100" gM="100" bM="100"/>
          </f>
          <f x="0" y="0" cocos2d_x="-237.5" cocos2d_y="-67.5" kX="0" kY="0" cX="1" cY="1" pX="237.5" pY="67.5" z="0" dI="0" dr="26"/>
          <f x="0" y="0" cocos2d_x="-237.5" cocos2d_y="-67.5" kX="0" kY="0" cX="1" cY="1" pX="237.5" pY="67.5" z="0" dI="0" twE="0" dr="5"/>
          <f x="0" y="0" cocos2d_x="-237.5" cocos2d_y="-67.5" kX="0" kY="0" cX="1" cY="1" pX="237.5" pY="67.5" z="0" dI="0" dr="1">
            <colorTransform a="0" r="0" g="0" b="0" aM="0" rM="100" gM="100" bM="100"/>
          </f>
          <f dr="1" dI="-1"/>
        </b>
        <b name="ui_danrenfuben_saodangtext_010" sc="1" dl="0">
          <f x="0" y="0" cocos2d_x="-237.5" cocos2d_y="-67.5" kX="0" kY="0" cX="1" cY="1" pX="237.5" pY="67.5" z="0" dI="0" dr="2"/>
          <f x="0" y="0" cocos2d_x="-237.5" cocos2d_y="-67.5" kX="0" kY="0" cX="1" cY="1" pX="237.5" pY="67.5" z="0" dI="1" dr="2"/>
          <f x="0" y="0" cocos2d_x="-237.5" cocos2d_y="-67.5" kX="0" kY="0" cX="1" cY="1" pX="237.5" pY="67.5" z="0" dI="2" dr="2"/>
          <f x="0" y="0" cocos2d_x="-237.5" cocos2d_y="-67.5" kX="0" kY="0" cX="1" cY="1" pX="237.5" pY="67.5" z="0" dI="3" dr="2"/>
          <f x="0" y="0" cocos2d_x="-237.5" cocos2d_y="-67.5" kX="0" kY="0" cX="1" cY="1" pX="237.5" pY="67.5" z="0" dI="4" dr="2"/>
          <f x="0" y="0" cocos2d_x="-237.5" cocos2d_y="-67.5" kX="0" kY="0" cX="1" cY="1" pX="237.5" pY="67.5" z="0" dI="5" dr="2"/>
          <f x="0" y="0" cocos2d_x="-237.5" cocos2d_y="-67.5" kX="0" kY="0" cX="1" cY="1" pX="237.5" pY="67.5" z="1" dI="6" dr="2"/>
          <f x="0" y="0" cocos2d_x="-237.5" cocos2d_y="-67.5" kX="0" kY="0" cX="1" cY="1" pX="237.5" pY="67.5" z="1" dI="7" dr="2"/>
          <f dr="33" dI="-1"/>
        </b>
      </mov>
    </animation>
  </animations>
  <TextureAtlas name="ui_danrenfuben_saodangtext_01" width="1024" height="1024">
    <SubTexture name="ui_danrenfuben_saodangtext_01_07" width="475" height="135" cocos2d_pX="0" cocos2d_pY="0" x="0" y="548"/>
    <SubTexture name="ui_danrenfuben_saodangtext_01_06" width="475" height="135" cocos2d_pX="0" cocos2d_pY="0" x="0" y="137"/>
    <SubTexture name="ui_danrenfuben_saodangtext_01_05" width="475" height="135" cocos2d_pX="0" cocos2d_pY="0" x="477" y="411"/>
    <SubTexture name="ui_danrenfuben_saodangtext_01_04" width="475" height="135" cocos2d_pX="0" cocos2d_pY="0" x="0" y="274"/>
    <SubTexture name="ui_danrenfuben_saodangtext_01_03" width="475" height="135" cocos2d_pX="0" cocos2d_pY="0" x="0" y="0"/>
    <SubTexture name="ui_danrenfuben_saodangtext_01_02" width="475" height="135" cocos2d_pX="0" cocos2d_pY="0" x="477" y="0"/>
    <SubTexture name="ui_danrenfuben_saodangtext_01_01" width="475" height="135" cocos2d_pX="0" cocos2d_pY="0" x="477" y="137"/>
    <SubTexture name="ui_danrenfuben_saodangtext_01_00" width="475" height="135" cocos2d_pX="0" cocos2d_pY="0" x="477" y="274"/>
    <SubTexture name="ui_danrenfuben_saodangtext_01_08" width="475" height="135" cocos2d_pX="0" cocos2d_pY="0" x="0" y="411"/>
  </TextureAtlas>
</skeleton>