{"skeleton":{"hash":"tZyibLIuwmI/aQvmLrTDYduRO+c","spine":"2.1.27","width":694.09,"height":322.6,"images":""},"bones":[{"name":"root"},{"name":"star","parent":"root","y":-32.06},{"name":"ui_chengjiu_huangguan","parent":"root","length":50.25,"y":77.81},{"name":"ui_chengjiu_text","parent":"root","length":49.55,"y":22.54},{"name":"ui_enaiup_liuguang_0","parent":"root","length":116.35,"x":51.86,"y":17.1,"scaleX":1.181,"rotation":-24.61},{"name":"ui_enaiup_liuguang_00","parent":"root","length":116.35,"x":59.79,"y":22.87,"rotation":-11.97},{"name":"ui_enaiup_liuguang_1","parent":"root","length":116.35,"x":43.93,"y":19.27,"scaleX":1.181,"rotation":-17.91},{"name":"ui_enaiup_liuguang_10","parent":"root","length":116.35,"x":-39.41,"y":31.82,"scaleX":-1.02,"scaleY":0.938,"rotation":15.31},{"name":"ui_enaiup_liuguang_2","parent":"root","length":116.35,"x":44.65,"y":12.78,"scaleX":1.337,"scaleY":1.131,"rotation":-28.12},{"name":"ui_enaiup_liuguang_3","parent":"root","length":116.35,"x":25.18,"y":7.01,"scaleX":1.262,"scaleY":1.131,"rotation":-31.61},{"name":"ui_enaiup_liuguang_4","parent":"root","length":116.35,"x":54.74,"y":35.13,"rotation":-13.54},{"name":"ui_enaiup_liuguang_5","parent":"root","length":116.35,"x":-50.45,"y":22.99,"scaleX":-1.274,"rotation":18.09},{"name":"ui_enaiup_liuguang_6","parent":"root","length":116.35,"x":-45.3,"y":36.24,"scaleX":-1.18,"rotation":12.09},{"name":"ui_enaiup_liuguang_7","parent":"root","length":116.35,"x":-40.88,"y":20.05,"scaleX":-1.046,"scaleY":0.944,"rotation":20.32},{"name":"ui_enaiup_liuguang_8","parent":"root","length":116.35,"x":-23.22,"y":6.8,"scaleX":-1.341,"scaleY":1.167,"rotation":27.64},{"name":"ui_enaiup_liuguang_9","parent":"root","length":116.35,"x":-40.15,"y":11.95,"scaleX":-1.073,"scaleY":1.072,"rotation":22.87},{"name":"ui_enaiup_mubu_00","parent":"root","length":17.32,"y":-16.81,"rotation":270},{"name":"ui_lvlup_bg","parent":"root","length":36.65,"y":57.67,"scaleX":2.059,"scaleY":2.059},{"name":"ui_lvlup_bg2","parent":"root","length":16.42,"y":57.67,"scaleX":2.059,"scaleY":2.059},{"name":"ui_lvlup_duandai","parent":"root","length":88.41},{"name":"wing","parent":"root"},{"name":"ui_chengjiu_star","parent":"star","length":16.97,"x":-33.92,"y":125.53},{"name":"ui_chengjiu_star2","parent":"star","length":16.97,"x":61.75,"y":86.85},{"name":"ui_chengjiu_star3","parent":"star","length":16.97,"x":-14.92,"y":80.07,"scaleX":0.778,"scaleY":0.778},{"name":"ui_chengjiu_star4","parent":"star","length":16.97,"x":36.64,"y":109.93,"scaleX":0.564,"scaleY":0.564},{"name":"ui_lvlup_wing","parent":"wing","length":38.94,"x":37.54,"y":59.59,"rotation":-0.45},{"name":"ui_lvlup_wing2","parent":"wing","length":38.94,"x":-38.27,"y":59.59,"scaleX":-1,"rotation":-0.45},{"name":"bone","parent":"ui_lvlup_wing","length":33.46,"x":37.76,"y":-0.3,"rotation":9.38},{"name":"bone5","parent":"ui_lvlup_wing2","length":33.46,"x":37.76,"y":-0.3,"rotation":-9.9},{"name":"bone2","parent":"bone","length":31.77,"x":33.46,"y":0.11,"rotation":12.96},{"name":"bone6","parent":"bone5","length":31.77,"x":33.46,"y":0.11,"rotation":-11.46},{"name":"bone3","parent":"bone2","length":29.29,"x":31.99,"y":0.49,"rotation":12.43},{"name":"bone7","parent":"bone6","length":29.29,"x":31.99,"y":0.49,"rotation":-10.9},{"name":"bone4","parent":"bone3","length":38.8,"x":29.29,"rotation":9.82},{"name":"bone8","parent":"bone7","length":38.8,"x":29.29,"rotation":-12.42}],"slots":[{"name":"ui_enaiup_liuguang_00","bone":"ui_enaiup_liuguang_00","attachment":"ui_enaiup_liuguang_00"},{"name":"ui_enaiup_liuguang_4","bone":"ui_enaiup_liuguang_4","attachment":"ui_enaiup_liuguang_00"},{"name":"ui_enaiup_liuguang_0","bone":"ui_enaiup_liuguang_0","attachment":"ui_enaiup_liuguang_00"},{"name":"ui_enaiup_liuguang_6","bone":"ui_enaiup_liuguang_6","attachment":"ui_enaiup_liuguang_00"},{"name":"ui_enaiup_liuguang_7","bone":"ui_enaiup_liuguang_7","attachment":"ui_enaiup_liuguang_00"},{"name":"ui_enaiup_liuguang_8","bone":"ui_enaiup_liuguang_8","attachment":"ui_enaiup_liuguang_00"},{"name":"ui_enaiup_liuguang_9","bone":"ui_enaiup_liuguang_9","attachment":"ui_enaiup_liuguang_00"},{"name":"ui_enaiup_liuguang_10","bone":"ui_enaiup_liuguang_10","attachment":"ui_enaiup_liuguang_00"},{"name":"ui_enaiup_liuguang_5","bone":"ui_enaiup_liuguang_5","attachment":"ui_enaiup_liuguang_00"},{"name":"ui_enaiup_liuguang_1","bone":"ui_enaiup_liuguang_1","attachment":"ui_enaiup_liuguang_00"},{"name":"ui_enaiup_liuguang_2","bone":"ui_enaiup_liuguang_2","attachment":"ui_enaiup_liuguang_00"},{"name":"ui_enaiup_liuguang_3","bone":"ui_enaiup_liuguang_3","attachment":"ui_enaiup_liuguang_00"},{"name":"ui_lvlup_bg_00","bone":"ui_lvlup_bg","attachment":"ui_lvlup_bg_00"},{"name":"ui_lvlup_bg2_01_00","bone":"ui_lvlup_bg2","attachment":"ui_lvlup_bg2_01_00"},{"name":"ui_lvlup_wing","bone":"ui_lvlup_wing","attachment":"ui_lvlup_wing"},{"name":"ui_lvlup_wing2","bone":"ui_lvlup_wing2","attachment":"ui_lvlup_wing"},{"name":"ui_chengjiu_huangguan_01_01","bone":"ui_chengjiu_huangguan","attachment":"ui_enaiup_huangguan"},{"name":"ui_chengjiu_huangguan_01_00","bone":"ui_chengjiu_huangguan","attachment":"ui_enaiup_huangguan_01_00"},{"name":"ui_lvlup_duandai_01","bone":"ui_lvlup_duandai","attachment":"ui_enaiup_duandai_01"},{"name":"ui_lvlup_duandai_00","bone":"ui_lvlup_duandai","attachment":"ui_enaiup_duandai_00"},{"name":"ui_chengjiu_text_01","bone":"ui_chengjiu_text","attachment":"ui_vipup_text"},{"name":"ui_chengjiu_text_00","bone":"ui_chengjiu_text","attachment":"ui_enaiup_text_01_00"},{"name":"ui_enaiup_mubu_00","bone":"ui_enaiup_mubu_00","attachment":"ui_enaiup_mubu_00"},{"name":"ui_chengjiu_star_01_00","bone":"ui_chengjiu_star","attachment":"ui_chengjiu_star_01_00"},{"name":"ui_chengjiu_star_01_0","bone":"ui_chengjiu_star2","attachment":"ui_chengjiu_star_01_00"},{"name":"ui_chengjiu_star_01_1","bone":"ui_chengjiu_star3","attachment":"ui_chengjiu_star_01_00"},{"name":"ui_chengjiu_star_01_2","bone":"ui_chengjiu_star4","attachment":"ui_chengjiu_star_01_00"}],"skins":{"default":{"ui_chengjiu_huangguan_01_00":{"ui_enaiup_huangguan_01_00":{"scaleX":2,"scaleY":2,"width":92,"height":55}},"ui_chengjiu_huangguan_01_01":{"ui_enaiup_huangguan":{"width":154,"height":90}},"ui_chengjiu_star_01_0":{"ui_chengjiu_star_01_00":{"width":64,"height":64}},"ui_chengjiu_star_01_00":{"ui_chengjiu_star_01_00":{"width":64,"height":64}},"ui_chengjiu_star_01_1":{"ui_chengjiu_star_01_00":{"width":64,"height":64}},"ui_chengjiu_star_01_2":{"ui_chengjiu_star_01_00":{"width":64,"height":64}},"ui_chengjiu_text_00":{"ui_enaiup_text_01_00":{"x":1.24,"y":-1.26,"width":239,"height":64},"ui_vipup_text_02_00":{"x":1.24,"y":-5.83,"scaleX":0.994,"scaleY":0.952,"width":239,"height":64}},"ui_chengjiu_text_01":{"ui_enaiup_text":{"width":212,"height":56},"ui_vipup_text":{"y":-6.72,"width":214,"height":56}},"ui_enaiup_liuguang_0":{"ui_enaiup_liuguang_00":{"x":111.71,"y":9.89,"width":253,"height":50},"ui_enaiup_liuguang_01":{"x":111.71,"y":9.89,"width":253,"height":50},"ui_enaiup_liuguang_02":{"x":111.71,"y":9.89,"width":253,"height":50},"ui_enaiup_liuguang_03":{"x":111.71,"y":9.89,"width":253,"height":50},"ui_enaiup_liuguang_04":{"x":111.71,"y":9.89,"width":253,"height":50},"ui_enaiup_liuguang_05":{"x":111.71,"y":9.89,"width":253,"height":50},"ui_enaiup_liuguang_06":{"x":111.71,"y":9.89,"width":253,"height":50},"ui_enaiup_liuguang_07":{"x":111.71,"y":9.89,"width":253,"height":50},"ui_enaiup_liuguang_08":{"x":111.71,"y":9.89,"width":253,"height":50}},"ui_enaiup_liuguang_00":{"ui_enaiup_liuguang_00":{"x":111.71,"y":9.89,"width":253,"height":50},"ui_enaiup_liuguang_01":{"x":111.71,"y":9.89,"width":253,"height":50},"ui_enaiup_liuguang_02":{"x":111.71,"y":9.89,"width":253,"height":50},"ui_enaiup_liuguang_03":{"x":111.71,"y":9.89,"width":253,"height":50},"ui_enaiup_liuguang_04":{"x":111.71,"y":9.89,"width":253,"height":50},"ui_enaiup_liuguang_05":{"x":111.71,"y":9.89,"width":253,"height":50},"ui_enaiup_liuguang_06":{"x":111.71,"y":9.89,"width":253,"height":50},"ui_enaiup_liuguang_07":{"x":111.71,"y":9.89,"width":253,"height":50},"ui_enaiup_liuguang_08":{"x":111.71,"y":9.89,"width":253,"height":50}},"ui_enaiup_liuguang_1":{"ui_enaiup_liuguang_00":{"x":111.71,"y":9.89,"width":253,"height":50},"ui_enaiup_liuguang_01":{"x":111.71,"y":9.89,"width":253,"height":50},"ui_enaiup_liuguang_02":{"x":111.71,"y":9.89,"width":253,"height":50},"ui_enaiup_liuguang_03":{"x":111.71,"y":9.89,"width":253,"height":50},"ui_enaiup_liuguang_04":{"x":111.71,"y":9.89,"width":253,"height":50},"ui_enaiup_liuguang_05":{"x":111.71,"y":9.89,"width":253,"height":50},"ui_enaiup_liuguang_06":{"x":111.71,"y":9.89,"width":253,"height":50},"ui_enaiup_liuguang_07":{"x":111.71,"y":9.89,"width":253,"height":50},"ui_enaiup_liuguang_08":{"x":111.71,"y":9.89,"width":253,"height":50}},"ui_enaiup_liuguang_10":{"ui_enaiup_liuguang_00":{"x":111.71,"y":9.89,"width":253,"height":50},"ui_enaiup_liuguang_01":{"x":111.71,"y":9.89,"width":253,"height":50},"ui_enaiup_liuguang_02":{"x":111.71,"y":9.89,"width":253,"height":50},"ui_enaiup_liuguang_03":{"x":111.71,"y":9.89,"width":253,"height":50},"ui_enaiup_liuguang_04":{"x":111.71,"y":9.89,"width":253,"height":50},"ui_enaiup_liuguang_05":{"x":111.71,"y":9.89,"width":253,"height":50},"ui_enaiup_liuguang_06":{"x":111.71,"y":9.89,"width":253,"height":50},"ui_enaiup_liuguang_07":{"x":111.71,"y":9.89,"width":253,"height":50},"ui_enaiup_liuguang_08":{"x":111.71,"y":9.89,"width":253,"height":50}},"ui_enaiup_liuguang_2":{"ui_enaiup_liuguang_00":{"x":111.71,"y":9.89,"width":253,"height":50},"ui_enaiup_liuguang_01":{"x":111.71,"y":9.89,"width":253,"height":50},"ui_enaiup_liuguang_02":{"x":111.71,"y":9.89,"width":253,"height":50},"ui_enaiup_liuguang_03":{"x":111.71,"y":9.89,"width":253,"height":50},"ui_enaiup_liuguang_04":{"x":111.71,"y":9.89,"width":253,"height":50},"ui_enaiup_liuguang_05":{"x":111.71,"y":9.89,"width":253,"height":50},"ui_enaiup_liuguang_06":{"x":111.71,"y":9.89,"width":253,"height":50},"ui_enaiup_liuguang_07":{"x":111.71,"y":9.89,"width":253,"height":50},"ui_enaiup_liuguang_08":{"x":111.71,"y":9.89,"width":253,"height":50}},"ui_enaiup_liuguang_3":{"ui_enaiup_liuguang_00":{"x":111.71,"y":9.89,"width":253,"height":50},"ui_enaiup_liuguang_01":{"x":111.71,"y":9.89,"width":253,"height":50},"ui_enaiup_liuguang_02":{"x":111.71,"y":9.89,"width":253,"height":50},"ui_enaiup_liuguang_03":{"x":111.71,"y":9.89,"width":253,"height":50},"ui_enaiup_liuguang_04":{"x":111.71,"y":9.89,"width":253,"height":50},"ui_enaiup_liuguang_05":{"x":111.71,"y":9.89,"width":253,"height":50},"ui_enaiup_liuguang_06":{"x":111.71,"y":9.89,"width":253,"height":50},"ui_enaiup_liuguang_07":{"x":111.71,"y":9.89,"width":253,"height":50},"ui_enaiup_liuguang_08":{"x":111.71,"y":9.89,"width":253,"height":50}},"ui_enaiup_liuguang_4":{"ui_enaiup_liuguang_00":{"x":111.71,"y":9.89,"width":253,"height":50},"ui_enaiup_liuguang_01":{"x":111.71,"y":9.89,"width":253,"height":50},"ui_enaiup_liuguang_02":{"x":111.71,"y":9.89,"width":253,"height":50},"ui_enaiup_liuguang_03":{"x":111.71,"y":9.89,"width":253,"height":50},"ui_enaiup_liuguang_04":{"x":111.71,"y":9.89,"width":253,"height":50},"ui_enaiup_liuguang_05":{"x":111.71,"y":9.89,"width":253,"height":50},"ui_enaiup_liuguang_06":{"x":111.71,"y":9.89,"width":253,"height":50},"ui_enaiup_liuguang_07":{"x":111.71,"y":9.89,"width":253,"height":50},"ui_enaiup_liuguang_08":{"x":111.71,"y":9.89,"width":253,"height":50}},"ui_enaiup_liuguang_5":{"ui_enaiup_liuguang_00":{"x":111.71,"y":9.89,"width":253,"height":50},"ui_enaiup_liuguang_01":{"x":111.71,"y":9.89,"width":253,"height":50},"ui_enaiup_liuguang_02":{"x":111.71,"y":9.89,"width":253,"height":50},"ui_enaiup_liuguang_03":{"x":111.71,"y":9.89,"width":253,"height":50},"ui_enaiup_liuguang_04":{"x":111.71,"y":9.89,"width":253,"height":50},"ui_enaiup_liuguang_05":{"x":111.71,"y":9.89,"width":253,"height":50},"ui_enaiup_liuguang_06":{"x":111.71,"y":9.89,"width":253,"height":50},"ui_enaiup_liuguang_07":{"x":111.71,"y":9.89,"width":253,"height":50},"ui_enaiup_liuguang_08":{"x":111.71,"y":9.89,"width":253,"height":50}},"ui_enaiup_liuguang_6":{"ui_enaiup_liuguang_00":{"x":111.71,"y":9.89,"width":253,"height":50},"ui_enaiup_liuguang_01":{"x":111.71,"y":9.89,"width":253,"height":50},"ui_enaiup_liuguang_02":{"x":111.71,"y":9.89,"width":253,"height":50},"ui_enaiup_liuguang_03":{"x":111.71,"y":9.89,"width":253,"height":50},"ui_enaiup_liuguang_04":{"x":111.71,"y":9.89,"width":253,"height":50},"ui_enaiup_liuguang_05":{"x":111.71,"y":9.89,"width":253,"height":50},"ui_enaiup_liuguang_06":{"x":111.71,"y":9.89,"width":253,"height":50},"ui_enaiup_liuguang_07":{"x":111.71,"y":9.89,"width":253,"height":50},"ui_enaiup_liuguang_08":{"x":111.71,"y":9.89,"width":253,"height":50}},"ui_enaiup_liuguang_7":{"ui_enaiup_liuguang_00":{"x":111.71,"y":9.89,"width":253,"height":50},"ui_enaiup_liuguang_01":{"x":111.71,"y":9.89,"width":253,"height":50},"ui_enaiup_liuguang_02":{"x":111.71,"y":9.89,"width":253,"height":50},"ui_enaiup_liuguang_03":{"x":111.71,"y":9.89,"width":253,"height":50},"ui_enaiup_liuguang_04":{"x":111.71,"y":9.89,"width":253,"height":50},"ui_enaiup_liuguang_05":{"x":111.71,"y":9.89,"width":253,"height":50},"ui_enaiup_liuguang_06":{"x":111.71,"y":9.89,"width":253,"height":50},"ui_enaiup_liuguang_07":{"x":111.71,"y":9.89,"width":253,"height":50},"ui_enaiup_liuguang_08":{"x":111.71,"y":9.89,"width":253,"height":50}},"ui_enaiup_liuguang_8":{"ui_enaiup_liuguang_00":{"x":111.71,"y":9.89,"width":253,"height":50},"ui_enaiup_liuguang_01":{"x":111.71,"y":9.89,"width":253,"height":50},"ui_enaiup_liuguang_02":{"x":111.71,"y":9.89,"width":253,"height":50},"ui_enaiup_liuguang_03":{"x":111.71,"y":9.89,"width":253,"height":50},"ui_enaiup_liuguang_04":{"x":111.71,"y":9.89,"width":253,"height":50},"ui_enaiup_liuguang_05":{"x":111.71,"y":9.89,"width":253,"height":50},"ui_enaiup_liuguang_06":{"x":111.71,"y":9.89,"width":253,"height":50},"ui_enaiup_liuguang_07":{"x":111.71,"y":9.89,"width":253,"height":50},"ui_enaiup_liuguang_08":{"x":111.71,"y":9.89,"width":253,"height":50}},"ui_enaiup_liuguang_9":{"ui_enaiup_liuguang_00":{"x":111.71,"y":9.89,"width":253,"height":50},"ui_enaiup_liuguang_01":{"x":111.71,"y":9.89,"width":253,"height":50},"ui_enaiup_liuguang_02":{"x":111.71,"y":9.89,"width":253,"height":50},"ui_enaiup_liuguang_03":{"x":111.71,"y":9.89,"width":253,"height":50},"ui_enaiup_liuguang_04":{"x":111.71,"y":9.89,"width":253,"height":50},"ui_enaiup_liuguang_05":{"x":111.71,"y":9.89,"width":253,"height":50},"ui_enaiup_liuguang_06":{"x":111.71,"y":9.89,"width":253,"height":50},"ui_enaiup_liuguang_07":{"x":111.71,"y":9.89,"width":253,"height":50},"ui_enaiup_liuguang_08":{"x":111.71,"y":9.89,"width":253,"height":50}},"ui_enaiup_mubu_00":{"ui_enaiup_mubu_00":{"x":24.2,"rotation":90,"width":256,"height":68}},"ui_lvlup_bg2_01_00":{"ui_lvlup_bg2_01_00":{"width":96,"height":96}},"ui_lvlup_bg_00":{"ui_lvlup_bg_00":{"width":97,"height":97}},"ui_lvlup_duandai_00":{"ui_enaiup_duandai_00":{"width":426,"height":127}},"ui_lvlup_duandai_01":{"ui_enaiup_duandai_01":{"width":426,"height":127}},"ui_lvlup_wing":{"ui_lvlup_wing":{"type":"skinnedmesh","uvs":[1,0.1883,1,0.41447,1,1,0.68266,1,0.53844,1,0.43683,1,0.30244,1,0.191,1,0,1,0,0.83239,0,0.70947,0,0.48822,0,0.34564,0,0,0.72527,0,0.84655,0,1,0,0.11561,0.26205,0.22705,0.20797,0.34505,0.15389,0.46961,0.11947,0.58761,0.08506,0.94816,0.65047,0.87933,0.82255,0.79083,0.90614,0.08939,0.9258],"triangles":[22,1,2,14,22,21,14,1,22,0,1,14,14,15,0,15,16,0,21,20,14,14,20,13,3,24,2,24,23,2,23,22,2,19,20,24,24,20,22,22,20,21,23,24,22,3,4,24,24,4,19,19,4,5,5,18,19,5,6,18,8,25,7,6,7,25,25,18,6,8,9,25,11,17,18,10,18,25,25,9,10,18,10,11,11,12,17,12,13,17,17,13,18,18,13,19,19,13,20],"vertices":[3,25,169.99,54.96,0,31,78.51,-9.32,8.6E-4,33,46.91,-17.58,0.99913,4,25,170.19,27.82,0,29,100.55,-16.87999,0.01908,31,63.21,-31.74,0.18519,33,28,-37.06,0.79572,4,25,170.72,-42.43,0,29,74.35,-82.08,0.25883,31,23.58,-89.76,0.54759,33,-20.93,-87.47,0.19356,4,27,67.9,-54.32,0.10733,29,21.35,-60.78,0.53133,31,-23.58,-57.54,0.32196,33,-61.91,-47.68,0.03936,5,25,87.64,-43.05,0.01265,27,42.26,-50.29,0.35748,29,-2.73,-51.09,0.52481,31,-45.02,-42.9,0.10271,33,-80.54,-29.59,0.00232,4,25,69.35,-43.19,0.08493,27,24.19,-47.45,0.56804,29,-19.7,-44.27,0.32563,31,-60.12,-32.59,0.02138,3,25,45.16,-43.37,0.39267,27,0.29,-43.69,0.52758,29,-42.14,-35.25,0.07972,3,25,25.1,-43.52,0.73848,27,-19.51,-40.58,0.25294,29,-60.76,-27.77,0.00856,2,25,-9.27,-43.78,0.98181,27,-53.48,-35.24,0.01818,2,25,-9.42,-23.67,0.99574,27,-50.35,-15.37,0.00425,1,25,-9.53,-8.92,1,3,25,-9.72999,17.62,0.98464,27,-43.94,25.42,0.01314,31,-90.42,62.46,0.0022,4,25,-9.85999,34.73,0.92338,27,-41.28,42.32,0.06516,29,-63.37,57.9,0.0011,31,-80.76999,76.58999,0.01033,4,25,-10.17,76.21,0.8084,27,-34.84999,83.29,0.14977,29,-47.91,96.38,0.01205,31,-57.37,110.85,0.02976,5,25,120.37,77.18,0.00139,27,94.11,63.02,0.0151,29,73.22,47.7,0.01538,31,50.42,37.22,0.15391,33,27.17,33.07,0.8142,3,27,115.68,59.63,6.7E-4,31,68.44999,24.9,0.0071,33,42.83,17.86,0.99221,2,29,119.1,29.26,2.0E-5,33,62.65,-1.37,0.99997,4,25,10.87,44.92,0.80367,27,-19.17,49,0.15274,29,-40.32,59.44,0.01668,31,-57.92,73.14,0.02688,5,25,30.88,51.56,0.51364,27,1.64,52.29,0.29556,29,-19.29,57.98,0.09507,31,-37.7,67.19,0.08885,33,-54.55,77.62999,0.00686,5,25,52.07,58.21,0.30857,27,23.63,55.41,0.30297,29,2.83,56.09,0.17537,31,-16.5,60.57,0.17705,33,-34.79,67.49,0.03599,5,25,74.46,62.5,0.09155,27,46.42,56.01,0.18063,29,25.17,51.56,0.20708,31,4.33,51.33,0.34932,33,-15.83,54.84,0.17138,5,25,95.67,66.79,0.01777,27,68.05,56.79,0.06543,29,46.42,47.47,0.10212,31,24.2,42.76,0.40271,33,2.28,43,0.41194,4,25,161.07,-0.56,0,29,81.33,-39.68,0.1696,31,39.53,-49.86,0.50984,33,1.58,-50.87,0.32054,5,25,148.84,-21.3,0,27,106.18,-38.78,0.00224,29,62.14,-54.22,0.24895,31,17.65,-59.92,0.53363,33,-21.68,-57.06,0.21516,5,25,132.98,-31.45,0,27,88.89,-46.22,0.02444,29,43.62,-57.59,0.38487,31,-1.15,-59.22,0.47853,33,-40.09999,-53.16,0.11214,2,25,6.75,-34.75999,0.92471,27,-36.2,-28.95,0.07528],"hull":17,"edges":[24,26,26,28,28,30,30,32,0,32,0,2,2,4,4,6,6,8,8,10,10,12,12,14,14,16,16,18,18,20,20,22,22,24,48,40],"width":180,"height":120}},"ui_lvlup_wing2":{"ui_lvlup_wing":{"type":"skinnedmesh","uvs":[1,0.1883,1,0.41447,1,1,0.68266,1,0.53844,1,0.43683,1,0.30244,1,0.191,1,0,1,0,0.83239,0,0.70947,0,0.48822,0,0.34564,0,0,0.72527,0,0.84655,0,1,0,0.11561,0.26205,0.22705,0.20797,0.34505,0.15389,0.46961,0.11947,0.58761,0.08506,0.94816,0.65047,0.87933,0.82255,0.79083,0.90614,0.08939,0.9258],"triangles":[22,1,2,14,22,21,14,1,22,0,1,14,14,15,0,15,16,0,21,20,14,14,20,13,3,24,2,24,23,2,23,22,2,19,20,24,24,20,22,22,20,21,23,24,22,3,4,24,24,4,19,19,4,5,5,18,19,5,6,18,8,25,7,6,7,25,25,18,6,8,9,25,11,17,18,10,18,25,25,9,10,18,10,11,11,12,17,12,13,17,17,13,18,18,13,19,19,13,20],"vertices":[3,26,169.99,54.96,0,32,78.51,-9.32,8.6E-4,34,46.91,-17.58,0.99913,4,26,170.19,27.82,0,30,100.55,-16.87999,0.01908,32,63.21,-31.74,0.18519,34,28,-37.06,0.79572,4,26,170.72,-42.43,0,30,74.35,-82.08,0.25883,32,23.58,-89.76,0.54759,34,-20.93,-87.47,0.19356,4,28,67.9,-54.32,0.10733,30,21.35,-60.78,0.53133,32,-23.58,-57.54,0.32196,34,-61.91,-47.68,0.03936,5,26,87.64,-43.05,0.01265,28,42.26,-50.29,0.35748,30,-2.73,-51.09,0.52481,32,-45.02,-42.9,0.10271,34,-80.54,-29.59,0.00232,4,26,69.35,-43.19,0.08493,28,24.19,-47.45,0.56804,30,-19.7,-44.27,0.32563,32,-60.12,-32.59,0.02138,3,26,45.16,-43.37,0.39267,28,0.29,-43.69,0.52758,30,-42.14,-35.25,0.07972,3,26,25.1,-43.52,0.73848,28,-19.51,-40.58,0.25294,30,-60.76,-27.77,0.00856,2,26,-9.27,-43.78,0.98181,28,-53.48,-35.24,0.01818,2,26,-9.42,-23.67,0.99574,28,-50.35,-15.37,0.00425,1,26,-9.53,-8.92,1,3,26,-9.72999,17.62,0.98464,28,-43.94,25.42,0.01314,32,-90.42,62.46,0.0022,4,26,-9.85999,34.73,0.92338,28,-41.28,42.32,0.06516,30,-63.37,57.9,0.0011,32,-80.76999,76.58999,0.01033,4,26,-10.17,76.21,0.8084,28,-34.84999,83.29,0.14977,30,-47.91,96.38,0.01205,32,-57.37,110.85,0.02976,5,26,120.37,77.18,0.00139,28,94.11,63.02,0.0151,30,73.22,47.7,0.01538,32,50.42,37.22,0.15391,34,27.17,33.07,0.8142,3,28,115.68,59.63,6.7E-4,32,68.44999,24.9,0.0071,34,42.83,17.86,0.99221,2,30,119.1,29.26,2.0E-5,34,62.65,-1.37,0.99997,4,26,10.87,44.92,0.80367,28,-19.17,49,0.15274,30,-40.32,59.44,0.01668,32,-57.92,73.14,0.02688,5,26,30.88,51.56,0.51364,28,1.64,52.29,0.29556,30,-19.29,57.98,0.09507,32,-37.7,67.19,0.08885,34,-54.55,77.62999,0.00686,5,26,52.07,58.21,0.30857,28,23.63,55.41,0.30297,30,2.83,56.09,0.17537,32,-16.5,60.57,0.17705,34,-34.79,67.49,0.03599,5,26,74.46,62.5,0.09155,28,46.42,56.01,0.18063,30,25.17,51.56,0.20708,32,4.33,51.33,0.34932,34,-15.83,54.84,0.17138,5,26,95.67,66.79,0.01777,28,68.05,56.79,0.06543,30,46.42,47.47,0.10212,32,24.2,42.76,0.40271,34,2.28,43,0.41194,4,26,161.07,-0.56,0,30,81.33,-39.68,0.1696,32,39.53,-49.86,0.50984,34,1.58,-50.87,0.32054,5,26,148.84,-21.3,0,28,106.18,-38.78,0.00224,30,62.14,-54.22,0.24895,32,17.65,-59.92,0.53363,34,-21.68,-57.06,0.21516,5,26,132.98,-31.45,0,28,88.89,-46.22,0.02444,30,43.62,-57.59,0.38487,32,-1.15,-59.22,0.47853,34,-40.09999,-53.16,0.11214,2,26,6.75,-34.75999,0.92471,28,-36.2,-28.95,0.07528],"hull":17,"edges":[24,26,26,28,28,30,30,32,0,32,0,2,2,4,4,6,6,8,8,10,10,12,12,14,14,16,16,18,18,20,20,22,22,24,48,40],"width":180,"height":120}}}},"animations":{"enaiup":{"slots":{"ui_chengjiu_huangguan_01_00":{"color":[{"time":0,"color":"ffffff00","curve":"stepped"},{"time":0.3333,"color":"ffffff00"},{"time":0.5333,"color":"ffffffff"},{"time":0.8,"color":"ffffff00"}]},"ui_chengjiu_huangguan_01_01":{"color":[{"time":0,"color":"ffffff00","curve":"stepped"},{"time":0.5,"color":"ffffff00"},{"time":0.5333,"color":"ffffffff"}]},"ui_chengjiu_star_01_0":{"attachment":[{"time":0,"name":null}]},"ui_chengjiu_star_01_00":{"attachment":[{"time":0,"name":null}]},"ui_chengjiu_star_01_1":{"attachment":[{"time":0,"name":null}]},"ui_chengjiu_star_01_2":{"attachment":[{"time":0,"name":null}]},"ui_chengjiu_text_00":{"attachment":[{"time":0,"name":"ui_enaiup_text_01_00"}],"color":[{"time":0,"color":"ffffff00","curve":"stepped"},{"time":0.4333,"color":"ffffff00"},{"time":0.6333,"color":"ffffffff"},{"time":0.7666,"color":"ffffff00"}]},"ui_chengjiu_text_01":{"attachment":[{"time":0,"name":"ui_enaiup_text"}],"color":[{"time":0,"color":"ffffff00","curve":"stepped"},{"time":0.6,"color":"ffffff00"},{"time":0.6333,"color":"ffffffff"}]},"ui_enaiup_liuguang_0":{"attachment":[{"time":0,"name":null}]},"ui_enaiup_liuguang_00":{"attachment":[{"time":0,"name":null}]},"ui_enaiup_liuguang_1":{"attachment":[{"time":0,"name":null}]},"ui_enaiup_liuguang_2":{"attachment":[{"time":0,"name":null}]},"ui_enaiup_liuguang_3":{"attachment":[{"time":0,"name":null}]},"ui_enaiup_liuguang_4":{"attachment":[{"time":0,"name":null}]},"ui_enaiup_liuguang_5":{"attachment":[{"time":0,"name":null}]},"ui_enaiup_liuguang_6":{"attachment":[{"time":0,"name":null}]},"ui_enaiup_liuguang_7":{"attachment":[{"time":0,"name":null}]},"ui_enaiup_liuguang_8":{"attachment":[{"time":0,"name":null}]},"ui_enaiup_liuguang_9":{"attachment":[{"time":0,"name":null}]},"ui_enaiup_liuguang_10":{"attachment":[{"time":0,"name":null}]},"ui_enaiup_mubu_00":{"color":[{"time":0,"color":"ffffff00","curve":"stepped"},{"time":0.6,"color":"ffffff00"},{"time":0.7,"color":"ffffffff"}]},"ui_lvlup_bg2_01_00":{"color":[{"time":0,"color":"ffffff00"},{"time":0.1666,"color":"ffffffff"}]},"ui_lvlup_bg_00":{"color":[{"time":0,"color":"ffffff00"},{"time":0.1666,"color":"ffffffff"}]},"ui_lvlup_duandai_00":{"color":[{"time":0,"color":"ffffff00"},{"time":0.1666,"color":"ffffffff","curve":"stepped"},{"time":0.4333,"color":"ffffffff"},{"time":0.5666,"color":"ffffff00"}]},"ui_lvlup_duandai_01":{"color":[{"time":0,"color":"ffffff00","curve":"stepped"},{"time":0.1,"color":"ffffff00"},{"time":0.2666,"color":"ffffffff"}]},"ui_lvlup_wing":{"color":[{"time":0,"color":"ffffff00","curve":"stepped"},{"time":0.3333,"color":"ffffff00"},{"time":0.4666,"color":"ffffffff"}]},"ui_lvlup_wing2":{"color":[{"time":0,"color":"ffffff00","curve":"stepped"},{"time":0.3333,"color":"ffffff00"},{"time":0.4666,"color":"ffffffff"}]}},"bones":{"ui_lvlup_duandai":{"scale":[{"time":0,"x":0.164,"y":1,"curve":[0.25,0,0.75,1]},{"time":0.4333,"x":1,"y":1}]},"ui_lvlup_bg2":{"rotate":[{"time":0,"angle":60},{"time":0.8333,"angle":0}],"scale":[{"time":0,"x":0.361,"y":0.361,"curve":[0.25,0,0.75,1]},{"time":0.8333,"x":1,"y":1}]},"ui_lvlup_bg":{"scale":[{"time":0,"x":0.361,"y":0.361,"curve":[0.25,0,0.75,1]},{"time":0.8333,"x":1,"y":1}]},"ui_lvlup_wing":{"rotate":[{"time":0,"angle":-19.46,"curve":"stepped"},{"time":0.3333,"angle":-19.46},{"time":0.6333,"angle":14.67},{"time":0.7666,"angle":0,"curve":"stepped"},{"time":0.8333,"angle":0}],"translate":[{"time":0,"x":-17.85,"y":-24.19,"curve":"stepped"},{"time":0.3333,"x":-17.85,"y":-24.19,"curve":[0.25,0,0.75,1]},{"time":0.7666,"x":0,"y":0}],"scale":[{"time":0,"x":0.533,"y":0.533,"curve":"stepped"},{"time":0.3333,"x":0.533,"y":0.533,"curve":[0.25,0,0.75,1]},{"time":0.6333,"x":1,"y":1}]},"bone4":{"rotate":[{"time":0,"angle":-20.12,"curve":"stepped"},{"time":0.5,"angle":-20.12},{"time":0.7333,"angle":1.44},{"time":0.8333,"angle":0}]},"bone3":{"rotate":[{"time":0,"angle":-16.96,"curve":"stepped"},{"time":0.5,"angle":-16.96},{"time":0.7333,"angle":1.44},{"time":0.8333,"angle":0}]},"bone2":{"rotate":[{"time":0,"angle":-12.76,"curve":"stepped"},{"time":0.5,"angle":-12.76},{"time":0.7333,"angle":1.44},{"time":0.8333,"angle":0}]},"bone":{"rotate":[{"time":0,"angle":-8.18,"curve":"stepped"},{"time":0.5,"angle":-8.18},{"time":0.7333,"angle":1.44},{"time":0.8333,"angle":0}]},"ui_lvlup_wing2":{"rotate":[{"time":0,"angle":20.45,"curve":"stepped"},{"time":0.3333,"angle":20.45},{"time":0.5,"angle":1.47},{"time":0.6333,"angle":-12.15},{"time":0.7666,"angle":0.82,"curve":"stepped"},{"time":0.8333,"angle":0.82}],"translate":[{"time":0,"x":20,"y":-24.71,"curve":"stepped"},{"time":0.3333,"x":20,"y":-24.71},{"time":0.7666,"x":0,"y":0}],"scale":[{"time":0,"x":0.533,"y":0.533,"curve":"stepped"},{"time":0.3333,"x":0.533,"y":0.533,"curve":[0.25,0,0.75,1]},{"time":0.6333,"x":1,"y":1}]},"bone5":{"rotate":[{"time":0,"angle":8.3,"curve":"stepped"},{"time":0.5,"angle":8.3},{"time":0.7333,"angle":-1.75},{"time":0.8333,"angle":-0.42}]},"bone6":{"rotate":[{"time":0,"angle":11.35},{"time":0.5,"angle":10.99},{"time":0.7333,"angle":-4.4},{"time":0.8333,"angle":-0.42}]},"bone7":{"rotate":[{"time":0,"angle":19.31,"curve":"stepped"},{"time":0.5,"angle":19.31},{"time":0.7333,"angle":-0.74},{"time":0.8333,"angle":-0.42}]},"bone8":{"rotate":[{"time":0,"angle":-20.12},{"time":0.5,"angle":20.18},{"time":0.7333,"angle":-3.3},{"time":0.8333,"angle":-1.68}]},"ui_chengjiu_huangguan":{"translate":[{"time":0,"x":0,"y":-40.03,"curve":"stepped"},{"time":0.3333,"x":0,"y":-40.03,"curve":[0.25,0,0.75,1]},{"time":0.5333,"x":0,"y":5.42,"curve":[0.25,0,0.75,1]},{"time":0.6666,"x":0,"y":0}]},"ui_chengjiu_text":{"translate":[{"time":0,"x":0,"y":-7.27}],"scale":[{"time":0,"x":1.5,"y":1.5,"curve":"stepped"},{"time":0.4333,"x":1.5,"y":1.5,"curve":[0.25,0,0.75,1]},{"time":0.6333,"x":0.941,"y":0.941,"curve":[0.25,0,0.75,1]},{"time":0.7666,"x":1,"y":1}]},"ui_enaiup_mubu_00":{"scale":[{"time":0,"x":0.533,"y":1,"curve":"stepped"},{"time":0.6,"x":0.533,"y":1,"curve":[0.25,0,0.75,1]},{"time":0.7,"x":1.1,"y":1,"curve":[0.25,0,0.75,1]},{"time":0.8333,"x":1,"y":1}]}}},"enaiup_chixu":{"slots":{"ui_chengjiu_huangguan_01_00":{"attachment":[{"time":0,"name":null}]},"ui_chengjiu_star_01_0":{"color":[{"time":0,"color":"ffffff00","curve":"stepped"},{"time":3.2333,"color":"ffffff00"},{"time":3.4,"color":"ffffffff","curve":"stepped"},{"time":4.4,"color":"ffffffff"},{"time":4.5666,"color":"ffffff00"}]},"ui_chengjiu_star_01_00":{"color":[{"time":0,"color":"ffffff00","curve":"stepped"},{"time":2.3666,"color":"ffffff00"},{"time":2.5333,"color":"ffffffff","curve":"stepped"},{"time":3.5333,"color":"ffffffff"},{"time":3.7,"color":"ffffff00"}]},"ui_chengjiu_star_01_1":{"color":[{"time":0,"color":"ffffff00"},{"time":0.1666,"color":"ffffffff","curve":"stepped"},{"time":1.1666,"color":"ffffffff"},{"time":1.3333,"color":"ffffff00"}]},"ui_chengjiu_star_01_2":{"color":[{"time":0,"color":"ffffff00","curve":"stepped"},{"time":1.0666,"color":"ffffff00"},{"time":1.2333,"color":"ffffffff","curve":"stepped"},{"time":2.2333,"color":"ffffffff"},{"time":2.4,"color":"ffffff00"}]},"ui_chengjiu_text_00":{"attachment":[{"time":0,"name":null}]},"ui_chengjiu_text_01":{"attachment":[{"time":0,"name":"ui_enaiup_text"}]},"ui_enaiup_liuguang_0":{"attachment":[{"time":0,"name":"ui_enaiup_liuguang_00"},{"time":0.1,"name":"ui_enaiup_liuguang_01"},{"time":0.2,"name":"ui_enaiup_liuguang_02"},{"time":0.3,"name":"ui_enaiup_liuguang_03"},{"time":0.4,"name":"ui_enaiup_liuguang_04"},{"time":0.5,"name":"ui_enaiup_liuguang_05"},{"time":0.6,"name":"ui_enaiup_liuguang_06"},{"time":0.7,"name":"ui_enaiup_liuguang_07"},{"time":0.8,"name":"ui_enaiup_liuguang_08"},{"time":0.8666,"name":"ui_enaiup_liuguang_08"},{"time":0.9,"name":null},{"time":1.3333,"name":"ui_enaiup_liuguang_00"},{"time":1.4333,"name":"ui_enaiup_liuguang_01"},{"time":1.5333,"name":"ui_enaiup_liuguang_02"},{"time":1.6333,"name":"ui_enaiup_liuguang_03"},{"time":1.7333,"name":"ui_enaiup_liuguang_04"},{"time":1.8333,"name":"ui_enaiup_liuguang_05"},{"time":1.9333,"name":"ui_enaiup_liuguang_06"},{"time":2.0333,"name":"ui_enaiup_liuguang_07"},{"time":2.1333,"name":"ui_enaiup_liuguang_08"},{"time":2.2,"name":"ui_enaiup_liuguang_08"},{"time":2.2333,"name":null},{"time":2.8,"name":"ui_enaiup_liuguang_00"},{"time":2.9,"name":"ui_enaiup_liuguang_01"},{"time":3,"name":"ui_enaiup_liuguang_02"},{"time":3.1,"name":"ui_enaiup_liuguang_03"},{"time":3.2,"name":"ui_enaiup_liuguang_04"},{"time":3.3,"name":"ui_enaiup_liuguang_05"},{"time":3.4,"name":"ui_enaiup_liuguang_06"},{"time":3.5,"name":"ui_enaiup_liuguang_07"},{"time":3.6,"name":"ui_enaiup_liuguang_08"},{"time":3.6666,"name":"ui_enaiup_liuguang_08"},{"time":3.7,"name":null},{"time":4,"name":"ui_enaiup_liuguang_00"},{"time":4.1,"name":"ui_enaiup_liuguang_01"},{"time":4.2,"name":"ui_enaiup_liuguang_02"},{"time":4.3,"name":"ui_enaiup_liuguang_03"},{"time":4.4,"name":"ui_enaiup_liuguang_04"},{"time":4.5,"name":"ui_enaiup_liuguang_05"},{"time":4.6,"name":"ui_enaiup_liuguang_06"},{"time":4.7,"name":"ui_enaiup_liuguang_07"},{"time":4.8,"name":"ui_enaiup_liuguang_08"},{"time":4.8666,"name":"ui_enaiup_liuguang_08"},{"time":4.9,"name":null}]},"ui_enaiup_liuguang_00":{"attachment":[{"time":0,"name":"ui_enaiup_liuguang_05"},{"time":0.1,"name":"ui_enaiup_liuguang_06"},{"time":0.2,"name":"ui_enaiup_liuguang_07"},{"time":0.3,"name":"ui_enaiup_liuguang_08"},{"time":0.3666,"name":"ui_enaiup_liuguang_08"},{"time":0.4,"name":null},{"time":0.5333,"name":"ui_enaiup_liuguang_00"},{"time":0.6333,"name":"ui_enaiup_liuguang_01"},{"time":0.7333,"name":"ui_enaiup_liuguang_02"},{"time":0.8333,"name":"ui_enaiup_liuguang_03"},{"time":0.9333,"name":"ui_enaiup_liuguang_04"},{"time":1.0333,"name":"ui_enaiup_liuguang_05"},{"time":1.1333,"name":"ui_enaiup_liuguang_06"},{"time":1.2333,"name":"ui_enaiup_liuguang_07"},{"time":1.3333,"name":"ui_enaiup_liuguang_08"},{"time":1.4,"name":"ui_enaiup_liuguang_08"},{"time":1.4333,"name":null},{"time":1.6333,"name":"ui_enaiup_liuguang_00"},{"time":1.7333,"name":"ui_enaiup_liuguang_01"},{"time":1.8333,"name":"ui_enaiup_liuguang_02"},{"time":1.9333,"name":"ui_enaiup_liuguang_03"},{"time":2.0333,"name":"ui_enaiup_liuguang_04"},{"time":2.1333,"name":"ui_enaiup_liuguang_05"},{"time":2.2333,"name":"ui_enaiup_liuguang_06"},{"time":2.3333,"name":"ui_enaiup_liuguang_07"},{"time":2.4333,"name":"ui_enaiup_liuguang_08"},{"time":2.5,"name":"ui_enaiup_liuguang_08"},{"time":2.5333,"name":null},{"time":3.2,"name":"ui_enaiup_liuguang_00"},{"time":3.3,"name":"ui_enaiup_liuguang_01"},{"time":3.4,"name":"ui_enaiup_liuguang_02"},{"time":3.5,"name":"ui_enaiup_liuguang_03"},{"time":3.6,"name":"ui_enaiup_liuguang_04"},{"time":3.7,"name":"ui_enaiup_liuguang_05"},{"time":3.8,"name":"ui_enaiup_liuguang_06"},{"time":3.9,"name":"ui_enaiup_liuguang_07"},{"time":4,"name":"ui_enaiup_liuguang_08"},{"time":4.0666,"name":"ui_enaiup_liuguang_08"},{"time":4.1,"name":null},{"time":4.5333,"name":"ui_enaiup_liuguang_00"},{"time":4.6333,"name":"ui_enaiup_liuguang_01"},{"time":4.7333,"name":"ui_enaiup_liuguang_02"},{"time":4.8333,"name":"ui_enaiup_liuguang_03"},{"time":4.9333,"name":"ui_enaiup_liuguang_04"},{"time":5,"name":"ui_enaiup_liuguang_04"}]},"ui_enaiup_liuguang_1":{"attachment":[{"time":0,"name":null},{"time":0.1333,"name":"ui_enaiup_liuguang_00"},{"time":0.2333,"name":"ui_enaiup_liuguang_01"},{"time":0.3333,"name":"ui_enaiup_liuguang_02"},{"time":0.4333,"name":"ui_enaiup_liuguang_03"},{"time":0.5333,"name":"ui_enaiup_liuguang_04"},{"time":0.6333,"name":"ui_enaiup_liuguang_05"},{"time":0.7333,"name":"ui_enaiup_liuguang_06"},{"time":0.8333,"name":"ui_enaiup_liuguang_07"},{"time":0.9333,"name":"ui_enaiup_liuguang_08"},{"time":1,"name":"ui_enaiup_liuguang_08"},{"time":1.0333,"name":null},{"time":1.4666,"name":"ui_enaiup_liuguang_00"},{"time":1.5666,"name":"ui_enaiup_liuguang_01"},{"time":1.6666,"name":"ui_enaiup_liuguang_02"},{"time":1.7666,"name":"ui_enaiup_liuguang_03"},{"time":1.8666,"name":"ui_enaiup_liuguang_04"},{"time":1.9666,"name":"ui_enaiup_liuguang_05"},{"time":2.0666,"name":"ui_enaiup_liuguang_06"},{"time":2.1666,"name":"ui_enaiup_liuguang_07"},{"time":2.2666,"name":"ui_enaiup_liuguang_08"},{"time":2.3333,"name":"ui_enaiup_liuguang_08"},{"time":2.3666,"name":null},{"time":2.8,"name":"ui_enaiup_liuguang_00"},{"time":2.9,"name":"ui_enaiup_liuguang_01"},{"time":3,"name":"ui_enaiup_liuguang_02"},{"time":3.1,"name":"ui_enaiup_liuguang_03"},{"time":3.2,"name":"ui_enaiup_liuguang_04"},{"time":3.3,"name":"ui_enaiup_liuguang_05"},{"time":3.4,"name":"ui_enaiup_liuguang_06"},{"time":3.5,"name":"ui_enaiup_liuguang_07"},{"time":3.6,"name":"ui_enaiup_liuguang_08"},{"time":3.6666,"name":"ui_enaiup_liuguang_08"},{"time":3.7,"name":null},{"time":4.1333,"name":"ui_enaiup_liuguang_00"},{"time":4.2333,"name":"ui_enaiup_liuguang_01"},{"time":4.3333,"name":"ui_enaiup_liuguang_02"},{"time":4.4333,"name":"ui_enaiup_liuguang_03"},{"time":4.5333,"name":"ui_enaiup_liuguang_04"},{"time":4.6333,"name":"ui_enaiup_liuguang_05"},{"time":4.7333,"name":"ui_enaiup_liuguang_06"},{"time":4.8333,"name":"ui_enaiup_liuguang_07"},{"time":4.9333,"name":"ui_enaiup_liuguang_08"},{"time":5,"name":"ui_enaiup_liuguang_08"}]},"ui_enaiup_liuguang_2":{"attachment":[{"time":0,"name":"ui_enaiup_liuguang_01"},{"time":0.0666,"name":"ui_enaiup_liuguang_02"},{"time":0.1666,"name":"ui_enaiup_liuguang_03"},{"time":0.2666,"name":"ui_enaiup_liuguang_04"},{"time":0.3666,"name":"ui_enaiup_liuguang_05"},{"time":0.4666,"name":"ui_enaiup_liuguang_06"},{"time":0.5666,"name":"ui_enaiup_liuguang_07"},{"time":0.6666,"name":"ui_enaiup_liuguang_08"},{"time":0.7333,"name":"ui_enaiup_liuguang_08"},{"time":0.7666,"name":null},{"time":0.9,"name":"ui_enaiup_liuguang_00"},{"time":1,"name":"ui_enaiup_liuguang_01"},{"time":1.1,"name":"ui_enaiup_liuguang_02"},{"time":1.2,"name":"ui_enaiup_liuguang_03"},{"time":1.3,"name":"ui_enaiup_liuguang_04"},{"time":1.4,"name":"ui_enaiup_liuguang_05"},{"time":1.5,"name":"ui_enaiup_liuguang_06"},{"time":1.6,"name":"ui_enaiup_liuguang_07"},{"time":1.7,"name":"ui_enaiup_liuguang_08"},{"time":1.7666,"name":"ui_enaiup_liuguang_08"},{"time":1.8,"name":null},{"time":2.5,"name":"ui_enaiup_liuguang_00"},{"time":2.6,"name":"ui_enaiup_liuguang_01"},{"time":2.7,"name":"ui_enaiup_liuguang_02"},{"time":2.8,"name":"ui_enaiup_liuguang_03"},{"time":2.9,"name":"ui_enaiup_liuguang_04"},{"time":3,"name":"ui_enaiup_liuguang_05"},{"time":3.1,"name":"ui_enaiup_liuguang_06"},{"time":3.2,"name":"ui_enaiup_liuguang_07"},{"time":3.3,"name":"ui_enaiup_liuguang_08"},{"time":3.3666,"name":"ui_enaiup_liuguang_08"},{"time":3.4,"name":null},{"time":3.5666,"name":"ui_enaiup_liuguang_00"},{"time":3.6666,"name":"ui_enaiup_liuguang_01"},{"time":3.7666,"name":"ui_enaiup_liuguang_02"},{"time":3.8666,"name":"ui_enaiup_liuguang_03"},{"time":3.9666,"name":"ui_enaiup_liuguang_04"},{"time":4.0666,"name":"ui_enaiup_liuguang_05"},{"time":4.1666,"name":"ui_enaiup_liuguang_06"},{"time":4.2666,"name":"ui_enaiup_liuguang_07"},{"time":4.3666,"name":"ui_enaiup_liuguang_08"},{"time":4.4333,"name":"ui_enaiup_liuguang_08"},{"time":4.4666,"name":null},{"time":4.9,"name":"ui_enaiup_liuguang_00"},{"time":5,"name":"ui_enaiup_liuguang_01"}]},"ui_enaiup_liuguang_3":{"attachment":[{"time":0,"name":"ui_enaiup_liuguang_04"},{"time":0.0666,"name":"ui_enaiup_liuguang_05"},{"time":0.1666,"name":"ui_enaiup_liuguang_06"},{"time":0.2666,"name":"ui_enaiup_liuguang_07"},{"time":0.3666,"name":"ui_enaiup_liuguang_08"},{"time":0.4333,"name":"ui_enaiup_liuguang_08"},{"time":0.4666,"name":null},{"time":0.6,"name":"ui_enaiup_liuguang_00"},{"time":0.7,"name":"ui_enaiup_liuguang_01"},{"time":0.8,"name":"ui_enaiup_liuguang_02"},{"time":0.9,"name":"ui_enaiup_liuguang_03"},{"time":1,"name":"ui_enaiup_liuguang_04"},{"time":1.1,"name":"ui_enaiup_liuguang_05"},{"time":1.2,"name":"ui_enaiup_liuguang_06"},{"time":1.3,"name":"ui_enaiup_liuguang_07"},{"time":1.4,"name":"ui_enaiup_liuguang_08"},{"time":1.4666,"name":"ui_enaiup_liuguang_08"},{"time":1.5,"name":null},{"time":1.9333,"name":"ui_enaiup_liuguang_00"},{"time":2.0333,"name":"ui_enaiup_liuguang_01"},{"time":2.1333,"name":"ui_enaiup_liuguang_02"},{"time":2.2333,"name":"ui_enaiup_liuguang_03"},{"time":2.3333,"name":"ui_enaiup_liuguang_04"},{"time":2.4333,"name":"ui_enaiup_liuguang_05"},{"time":2.5333,"name":"ui_enaiup_liuguang_06"},{"time":2.6333,"name":"ui_enaiup_liuguang_07"},{"time":2.7333,"name":"ui_enaiup_liuguang_08"},{"time":2.8,"name":"ui_enaiup_liuguang_08"},{"time":2.8333,"name":null},{"time":3.2666,"name":"ui_enaiup_liuguang_00"},{"time":3.3666,"name":"ui_enaiup_liuguang_01"},{"time":3.4666,"name":"ui_enaiup_liuguang_02"},{"time":3.5666,"name":"ui_enaiup_liuguang_03"},{"time":3.6666,"name":"ui_enaiup_liuguang_04"},{"time":3.7666,"name":"ui_enaiup_liuguang_05"},{"time":3.8666,"name":"ui_enaiup_liuguang_06"},{"time":3.9666,"name":"ui_enaiup_liuguang_07"},{"time":4.0666,"name":"ui_enaiup_liuguang_08"},{"time":4.1333,"name":"ui_enaiup_liuguang_08"},{"time":4.1666,"name":null},{"time":4.6,"name":"ui_enaiup_liuguang_00"},{"time":4.7,"name":"ui_enaiup_liuguang_01"},{"time":4.8,"name":"ui_enaiup_liuguang_02"},{"time":4.9,"name":"ui_enaiup_liuguang_03"},{"time":5,"name":"ui_enaiup_liuguang_04"}]},"ui_enaiup_liuguang_4":{"attachment":[{"time":0,"name":"ui_enaiup_liuguang_08"},{"time":0.0666,"name":"ui_enaiup_liuguang_08"},{"time":0.1,"name":null},{"time":0.2333,"name":"ui_enaiup_liuguang_00"},{"time":0.3333,"name":"ui_enaiup_liuguang_01"},{"time":0.4333,"name":"ui_enaiup_liuguang_02"},{"time":0.5333,"name":"ui_enaiup_liuguang_03"},{"time":0.6333,"name":"ui_enaiup_liuguang_04"},{"time":0.7333,"name":"ui_enaiup_liuguang_05"},{"time":0.8333,"name":"ui_enaiup_liuguang_06"},{"time":0.9333,"name":"ui_enaiup_liuguang_07"},{"time":1.0333,"name":"ui_enaiup_liuguang_08"},{"time":1.1,"name":"ui_enaiup_liuguang_08"},{"time":1.1333,"name":null},{"time":1.4666,"name":"ui_enaiup_liuguang_00"},{"time":1.5666,"name":"ui_enaiup_liuguang_01"},{"time":1.6666,"name":"ui_enaiup_liuguang_02"},{"time":1.7666,"name":"ui_enaiup_liuguang_03"},{"time":1.8666,"name":"ui_enaiup_liuguang_04"},{"time":1.9666,"name":"ui_enaiup_liuguang_05"},{"time":2.0666,"name":"ui_enaiup_liuguang_06"},{"time":2.1666,"name":"ui_enaiup_liuguang_07"},{"time":2.2666,"name":"ui_enaiup_liuguang_08"},{"time":2.3333,"name":"ui_enaiup_liuguang_08"},{"time":2.3666,"name":null},{"time":2.9666,"name":"ui_enaiup_liuguang_00"},{"time":3.0666,"name":"ui_enaiup_liuguang_01"},{"time":3.1666,"name":"ui_enaiup_liuguang_02"},{"time":3.2666,"name":"ui_enaiup_liuguang_03"},{"time":3.3666,"name":"ui_enaiup_liuguang_04"},{"time":3.4666,"name":"ui_enaiup_liuguang_05"},{"time":3.5666,"name":"ui_enaiup_liuguang_06"},{"time":3.6666,"name":"ui_enaiup_liuguang_07"},{"time":3.7666,"name":"ui_enaiup_liuguang_08"},{"time":3.8333,"name":"ui_enaiup_liuguang_08"},{"time":3.8666,"name":null},{"time":4.2333,"name":"ui_enaiup_liuguang_00"},{"time":4.3333,"name":"ui_enaiup_liuguang_01"},{"time":4.4333,"name":"ui_enaiup_liuguang_02"},{"time":4.5333,"name":"ui_enaiup_liuguang_03"},{"time":4.6333,"name":"ui_enaiup_liuguang_04"},{"time":4.7333,"name":"ui_enaiup_liuguang_05"},{"time":4.8333,"name":"ui_enaiup_liuguang_06"},{"time":4.9333,"name":"ui_enaiup_liuguang_07"},{"time":5,"name":"ui_enaiup_liuguang_07"}]},"ui_enaiup_liuguang_5":{"attachment":[{"time":0,"name":"ui_enaiup_liuguang_06"},{"time":0.1,"name":"ui_enaiup_liuguang_07"},{"time":0.2,"name":"ui_enaiup_liuguang_08"},{"time":0.2666,"name":"ui_enaiup_liuguang_08"},{"time":0.3,"name":null},{"time":0.4333,"name":"ui_enaiup_liuguang_00"},{"time":0.5333,"name":"ui_enaiup_liuguang_01"},{"time":0.6333,"name":"ui_enaiup_liuguang_02"},{"time":0.7333,"name":"ui_enaiup_liuguang_03"},{"time":0.8333,"name":"ui_enaiup_liuguang_04"},{"time":0.9333,"name":"ui_enaiup_liuguang_05"},{"time":1.0333,"name":"ui_enaiup_liuguang_06"},{"time":1.1333,"name":"ui_enaiup_liuguang_07"},{"time":1.2333,"name":"ui_enaiup_liuguang_08"},{"time":1.3,"name":"ui_enaiup_liuguang_08"},{"time":1.3333,"name":null},{"time":1.7666,"name":"ui_enaiup_liuguang_00"},{"time":1.8666,"name":"ui_enaiup_liuguang_01"},{"time":1.9666,"name":"ui_enaiup_liuguang_02"},{"time":2.0666,"name":"ui_enaiup_liuguang_03"},{"time":2.1666,"name":"ui_enaiup_liuguang_04"},{"time":2.2666,"name":"ui_enaiup_liuguang_05"},{"time":2.3666,"name":"ui_enaiup_liuguang_06"},{"time":2.4666,"name":"ui_enaiup_liuguang_07"},{"time":2.5666,"name":"ui_enaiup_liuguang_08"},{"time":2.6333,"name":"ui_enaiup_liuguang_08"},{"time":2.6666,"name":null},{"time":3.1,"name":"ui_enaiup_liuguang_00"},{"time":3.2,"name":"ui_enaiup_liuguang_01"},{"time":3.3,"name":"ui_enaiup_liuguang_02"},{"time":3.4,"name":"ui_enaiup_liuguang_03"},{"time":3.5,"name":"ui_enaiup_liuguang_04"},{"time":3.6,"name":"ui_enaiup_liuguang_05"},{"time":3.7,"name":"ui_enaiup_liuguang_06"},{"time":3.8,"name":"ui_enaiup_liuguang_07"},{"time":3.9,"name":"ui_enaiup_liuguang_08"},{"time":3.9666,"name":"ui_enaiup_liuguang_08"},{"time":4,"name":null},{"time":4.4333,"name":"ui_enaiup_liuguang_00"},{"time":4.5333,"name":"ui_enaiup_liuguang_01"},{"time":4.6333,"name":"ui_enaiup_liuguang_02"},{"time":4.7333,"name":"ui_enaiup_liuguang_03"},{"time":4.8333,"name":"ui_enaiup_liuguang_04"},{"time":4.9333,"name":"ui_enaiup_liuguang_05"},{"time":5,"name":"ui_enaiup_liuguang_05"}]},"ui_enaiup_liuguang_6":{"attachment":[{"time":0,"name":"ui_enaiup_liuguang_05"},{"time":0.0666,"name":"ui_enaiup_liuguang_06"},{"time":0.1666,"name":"ui_enaiup_liuguang_07"},{"time":0.2666,"name":"ui_enaiup_liuguang_08"},{"time":0.3333,"name":"ui_enaiup_liuguang_08"},{"time":0.3666,"name":null},{"time":0.5,"name":"ui_enaiup_liuguang_00"},{"time":0.6,"name":"ui_enaiup_liuguang_01"},{"time":0.7,"name":"ui_enaiup_liuguang_02"},{"time":0.8,"name":"ui_enaiup_liuguang_03"},{"time":0.9,"name":"ui_enaiup_liuguang_04"},{"time":1,"name":"ui_enaiup_liuguang_05"},{"time":1.1,"name":"ui_enaiup_liuguang_06"},{"time":1.2,"name":"ui_enaiup_liuguang_07"},{"time":1.3,"name":"ui_enaiup_liuguang_08"},{"time":1.3666,"name":"ui_enaiup_liuguang_08"},{"time":1.4,"name":null},{"time":1.9,"name":"ui_enaiup_liuguang_00"},{"time":2,"name":"ui_enaiup_liuguang_01"},{"time":2.1,"name":"ui_enaiup_liuguang_02"},{"time":2.2,"name":"ui_enaiup_liuguang_03"},{"time":2.3,"name":"ui_enaiup_liuguang_04"},{"time":2.4,"name":"ui_enaiup_liuguang_05"},{"time":2.5,"name":"ui_enaiup_liuguang_06"},{"time":2.6,"name":"ui_enaiup_liuguang_07"},{"time":2.7,"name":"ui_enaiup_liuguang_08"},{"time":2.7666,"name":"ui_enaiup_liuguang_08"},{"time":2.8,"name":null},{"time":3.2666,"name":"ui_enaiup_liuguang_00"},{"time":3.3666,"name":"ui_enaiup_liuguang_01"},{"time":3.4666,"name":"ui_enaiup_liuguang_02"},{"time":3.5666,"name":"ui_enaiup_liuguang_03"},{"time":3.6666,"name":"ui_enaiup_liuguang_04"},{"time":3.7666,"name":"ui_enaiup_liuguang_05"},{"time":3.8666,"name":"ui_enaiup_liuguang_06"},{"time":3.9666,"name":"ui_enaiup_liuguang_07"},{"time":4.0666,"name":"ui_enaiup_liuguang_08"},{"time":4.1333,"name":"ui_enaiup_liuguang_08"},{"time":4.1666,"name":null},{"time":4.5,"name":"ui_enaiup_liuguang_00"},{"time":4.6,"name":"ui_enaiup_liuguang_01"},{"time":4.7,"name":"ui_enaiup_liuguang_02"},{"time":4.8,"name":"ui_enaiup_liuguang_03"},{"time":4.9,"name":"ui_enaiup_liuguang_04"},{"time":5,"name":"ui_enaiup_liuguang_05"}]},"ui_enaiup_liuguang_7":{"attachment":[{"time":0,"name":"ui_enaiup_liuguang_07"},{"time":0.0333,"name":"ui_enaiup_liuguang_08"},{"time":0.1,"name":"ui_enaiup_liuguang_08"},{"time":0.1333,"name":null},{"time":0.2666,"name":"ui_enaiup_liuguang_00"},{"time":0.3666,"name":"ui_enaiup_liuguang_01"},{"time":0.4666,"name":"ui_enaiup_liuguang_02"},{"time":0.5666,"name":"ui_enaiup_liuguang_03"},{"time":0.6666,"name":"ui_enaiup_liuguang_04"},{"time":0.7666,"name":"ui_enaiup_liuguang_05"},{"time":0.8666,"name":"ui_enaiup_liuguang_06"},{"time":0.9666,"name":"ui_enaiup_liuguang_07"},{"time":1.0666,"name":"ui_enaiup_liuguang_08"},{"time":1.1333,"name":"ui_enaiup_liuguang_08"},{"time":1.1666,"name":null},{"time":1.6,"name":"ui_enaiup_liuguang_00"},{"time":1.7,"name":"ui_enaiup_liuguang_01"},{"time":1.8,"name":"ui_enaiup_liuguang_02"},{"time":1.9,"name":"ui_enaiup_liuguang_03"},{"time":2,"name":"ui_enaiup_liuguang_04"},{"time":2.1,"name":"ui_enaiup_liuguang_05"},{"time":2.2,"name":"ui_enaiup_liuguang_06"},{"time":2.3,"name":"ui_enaiup_liuguang_07"},{"time":2.4,"name":"ui_enaiup_liuguang_08"},{"time":2.4666,"name":"ui_enaiup_liuguang_08"},{"time":2.5,"name":null},{"time":2.9333,"name":"ui_enaiup_liuguang_00"},{"time":3.0333,"name":"ui_enaiup_liuguang_01"},{"time":3.1333,"name":"ui_enaiup_liuguang_02"},{"time":3.2333,"name":"ui_enaiup_liuguang_03"},{"time":3.3333,"name":"ui_enaiup_liuguang_04"},{"time":3.4333,"name":"ui_enaiup_liuguang_05"},{"time":3.5333,"name":"ui_enaiup_liuguang_06"},{"time":3.6333,"name":"ui_enaiup_liuguang_07"},{"time":3.7333,"name":"ui_enaiup_liuguang_08"},{"time":3.8,"name":"ui_enaiup_liuguang_08"},{"time":3.8333,"name":null},{"time":4.2666,"name":"ui_enaiup_liuguang_00"},{"time":4.3666,"name":"ui_enaiup_liuguang_01"},{"time":4.4666,"name":"ui_enaiup_liuguang_02"},{"time":4.5666,"name":"ui_enaiup_liuguang_03"},{"time":4.6666,"name":"ui_enaiup_liuguang_04"},{"time":4.7666,"name":"ui_enaiup_liuguang_05"},{"time":4.8666,"name":"ui_enaiup_liuguang_06"},{"time":4.9666,"name":"ui_enaiup_liuguang_07"},{"time":5,"name":"ui_enaiup_liuguang_07"}]},"ui_enaiup_liuguang_8":{"attachment":[{"time":0,"name":"ui_enaiup_liuguang_01"},{"time":0.1,"name":"ui_enaiup_liuguang_02"},{"time":0.2,"name":"ui_enaiup_liuguang_03"},{"time":0.3,"name":"ui_enaiup_liuguang_04"},{"time":0.4,"name":"ui_enaiup_liuguang_05"},{"time":0.5,"name":"ui_enaiup_liuguang_06"},{"time":0.6,"name":"ui_enaiup_liuguang_07"},{"time":0.7,"name":"ui_enaiup_liuguang_08"},{"time":0.7666,"name":"ui_enaiup_liuguang_08"},{"time":0.8,"name":null},{"time":0.9333,"name":"ui_enaiup_liuguang_00"},{"time":1.0333,"name":"ui_enaiup_liuguang_01"},{"time":1.1333,"name":"ui_enaiup_liuguang_02"},{"time":1.2333,"name":"ui_enaiup_liuguang_03"},{"time":1.3333,"name":"ui_enaiup_liuguang_04"},{"time":1.4333,"name":"ui_enaiup_liuguang_05"},{"time":1.5333,"name":"ui_enaiup_liuguang_06"},{"time":1.6333,"name":"ui_enaiup_liuguang_07"},{"time":1.7333,"name":"ui_enaiup_liuguang_08"},{"time":1.8,"name":"ui_enaiup_liuguang_08"},{"time":1.8333,"name":null},{"time":2.2666,"name":"ui_enaiup_liuguang_00"},{"time":2.3666,"name":"ui_enaiup_liuguang_01"},{"time":2.4666,"name":"ui_enaiup_liuguang_02"},{"time":2.5666,"name":"ui_enaiup_liuguang_03"},{"time":2.6666,"name":"ui_enaiup_liuguang_04"},{"time":2.7666,"name":"ui_enaiup_liuguang_05"},{"time":2.8666,"name":"ui_enaiup_liuguang_06"},{"time":2.9666,"name":"ui_enaiup_liuguang_07"},{"time":3.0666,"name":"ui_enaiup_liuguang_08"},{"time":3.1333,"name":"ui_enaiup_liuguang_08"},{"time":3.1666,"name":null},{"time":3.6,"name":"ui_enaiup_liuguang_00"},{"time":3.7,"name":"ui_enaiup_liuguang_01"},{"time":3.8,"name":"ui_enaiup_liuguang_02"},{"time":3.9,"name":"ui_enaiup_liuguang_03"},{"time":4,"name":"ui_enaiup_liuguang_04"},{"time":4.1,"name":"ui_enaiup_liuguang_05"},{"time":4.2,"name":"ui_enaiup_liuguang_06"},{"time":4.3,"name":"ui_enaiup_liuguang_07"},{"time":4.4,"name":"ui_enaiup_liuguang_08"},{"time":4.4666,"name":"ui_enaiup_liuguang_08"},{"time":4.5,"name":null},{"time":4.9333,"name":"ui_enaiup_liuguang_00"},{"time":5,"name":"ui_enaiup_liuguang_00"}]},"ui_enaiup_liuguang_9":{"attachment":[{"time":0,"name":"ui_enaiup_liuguang_00"},{"time":0.1,"name":"ui_enaiup_liuguang_01"},{"time":0.2,"name":"ui_enaiup_liuguang_02"},{"time":0.3,"name":"ui_enaiup_liuguang_03"},{"time":0.4,"name":"ui_enaiup_liuguang_04"},{"time":0.5,"name":"ui_enaiup_liuguang_05"},{"time":0.6,"name":"ui_enaiup_liuguang_06"},{"time":0.7,"name":"ui_enaiup_liuguang_07"},{"time":0.8,"name":"ui_enaiup_liuguang_08"},{"time":0.8666,"name":"ui_enaiup_liuguang_08"},{"time":0.9,"name":null},{"time":1.2,"name":"ui_enaiup_liuguang_00"},{"time":1.3,"name":"ui_enaiup_liuguang_01"},{"time":1.4,"name":"ui_enaiup_liuguang_02"},{"time":1.5,"name":"ui_enaiup_liuguang_03"},{"time":1.6,"name":"ui_enaiup_liuguang_04"},{"time":1.7,"name":"ui_enaiup_liuguang_05"},{"time":1.8,"name":"ui_enaiup_liuguang_06"},{"time":1.9,"name":"ui_enaiup_liuguang_07"},{"time":2,"name":"ui_enaiup_liuguang_08"},{"time":2.0666,"name":"ui_enaiup_liuguang_08"},{"time":2.1,"name":null},{"time":2.6333,"name":"ui_enaiup_liuguang_00"},{"time":2.7333,"name":"ui_enaiup_liuguang_01"},{"time":2.8333,"name":"ui_enaiup_liuguang_02"},{"time":2.9333,"name":"ui_enaiup_liuguang_03"},{"time":3.0333,"name":"ui_enaiup_liuguang_04"},{"time":3.1333,"name":"ui_enaiup_liuguang_05"},{"time":3.2333,"name":"ui_enaiup_liuguang_06"},{"time":3.3333,"name":"ui_enaiup_liuguang_07"},{"time":3.4333,"name":"ui_enaiup_liuguang_08"},{"time":3.5,"name":"ui_enaiup_liuguang_08"},{"time":3.5333,"name":null},{"time":4,"name":"ui_enaiup_liuguang_00"},{"time":4.1,"name":"ui_enaiup_liuguang_01"},{"time":4.2,"name":"ui_enaiup_liuguang_02"},{"time":4.3,"name":"ui_enaiup_liuguang_03"},{"time":4.4,"name":"ui_enaiup_liuguang_04"},{"time":4.5,"name":"ui_enaiup_liuguang_05"},{"time":4.6,"name":"ui_enaiup_liuguang_06"},{"time":4.7,"name":"ui_enaiup_liuguang_07"},{"time":4.8,"name":"ui_enaiup_liuguang_08"},{"time":4.8666,"name":"ui_enaiup_liuguang_08"},{"time":4.9,"name":null}]},"ui_enaiup_liuguang_10":{"attachment":[{"time":0,"name":null},{"time":0.1333,"name":"ui_enaiup_liuguang_00"},{"time":0.2333,"name":"ui_enaiup_liuguang_01"},{"time":0.3333,"name":"ui_enaiup_liuguang_02"},{"time":0.4333,"name":"ui_enaiup_liuguang_03"},{"time":0.5333,"name":"ui_enaiup_liuguang_04"},{"time":0.6333,"name":"ui_enaiup_liuguang_05"},{"time":0.7333,"name":"ui_enaiup_liuguang_06"},{"time":0.8333,"name":"ui_enaiup_liuguang_07"},{"time":0.9333,"name":"ui_enaiup_liuguang_08"},{"time":1,"name":"ui_enaiup_liuguang_08"},{"time":1.0333,"name":null},{"time":1.5666,"name":"ui_enaiup_liuguang_00"},{"time":1.6666,"name":"ui_enaiup_liuguang_01"},{"time":1.7666,"name":"ui_enaiup_liuguang_02"},{"time":1.8666,"name":"ui_enaiup_liuguang_03"},{"time":1.9666,"name":"ui_enaiup_liuguang_04"},{"time":2.0666,"name":"ui_enaiup_liuguang_05"},{"time":2.1666,"name":"ui_enaiup_liuguang_06"},{"time":2.2666,"name":"ui_enaiup_liuguang_07"},{"time":2.3666,"name":"ui_enaiup_liuguang_08"},{"time":2.4333,"name":"ui_enaiup_liuguang_08"},{"time":2.4666,"name":null},{"time":2.6666,"name":"ui_enaiup_liuguang_00"},{"time":2.7666,"name":"ui_enaiup_liuguang_01"},{"time":2.8666,"name":"ui_enaiup_liuguang_02"},{"time":2.9666,"name":"ui_enaiup_liuguang_03"},{"time":3.0666,"name":"ui_enaiup_liuguang_04"},{"time":3.1666,"name":"ui_enaiup_liuguang_05"},{"time":3.2666,"name":"ui_enaiup_liuguang_06"},{"time":3.3666,"name":"ui_enaiup_liuguang_07"},{"time":3.4666,"name":"ui_enaiup_liuguang_08"},{"time":3.5333,"name":"ui_enaiup_liuguang_08"},{"time":3.5666,"name":null},{"time":4.1,"name":"ui_enaiup_liuguang_00"},{"time":4.2,"name":"ui_enaiup_liuguang_01"},{"time":4.3,"name":"ui_enaiup_liuguang_02"},{"time":4.4,"name":"ui_enaiup_liuguang_03"},{"time":4.5,"name":"ui_enaiup_liuguang_04"},{"time":4.6,"name":"ui_enaiup_liuguang_05"},{"time":4.7,"name":"ui_enaiup_liuguang_06"},{"time":4.8,"name":"ui_enaiup_liuguang_07"},{"time":4.9,"name":"ui_enaiup_liuguang_08"},{"time":4.9666,"name":"ui_enaiup_liuguang_08"},{"time":5,"name":null}]},"ui_lvlup_bg2_01_00":{"color":[{"time":0,"color":"ffffffff"}]},"ui_lvlup_bg_00":{"color":[{"time":0,"color":"ffffffff"}]},"ui_lvlup_duandai_00":{"color":[{"time":0,"color":"ffffff00"}]},"ui_lvlup_duandai_01":{"color":[{"time":0,"color":"ffffffff"}]},"ui_lvlup_wing":{"color":[{"time":0,"color":"ffffffff"}]},"ui_lvlup_wing2":{"color":[{"time":0,"color":"ffffffff"}]}},"bones":{"ui_lvlup_duandai":{"scale":[{"time":0,"x":1,"y":1}]},"ui_lvlup_bg2":{"rotate":[{"time":0,"angle":0},{"time":1.6666,"angle":-120},{"time":3.3333,"angle":120},{"time":5,"angle":0}],"scale":[{"time":0,"x":1,"y":1}]},"ui_lvlup_bg":{"scale":[{"time":0,"x":1,"y":1}]},"ui_lvlup_wing":{"rotate":[{"time":0,"angle":0,"curve":[0.25,0,0.75,1]},{"time":2.5,"angle":355,"curve":[0.25,0,0.75,1]},{"time":5,"angle":0}],"translate":[{"time":0,"x":0,"y":0}],"scale":[{"time":0,"x":1,"y":1}]},"bone4":{"rotate":[{"time":0,"angle":0,"curve":[0.25,0,0.75,1]},{"time":1.1666,"angle":1.37,"curve":[0.25,0,0.75,1]},{"time":3.8333,"angle":-1.9,"curve":[0.25,0,0.75,1]},{"time":5,"angle":0}]},"bone3":{"rotate":[{"time":0,"angle":0,"curve":[0.25,0,0.75,1]},{"time":1.1666,"angle":1.37,"curve":[0.25,0,0.75,1]},{"time":3.8333,"angle":-1.9,"curve":[0.25,0,0.75,1]},{"time":5,"angle":0}]},"bone2":{"rotate":[{"time":0,"angle":0,"curve":[0.25,0,0.75,1]},{"time":1.1666,"angle":1.37,"curve":[0.25,0,0.75,1]},{"time":3.8333,"angle":-1.9,"curve":[0.25,0,0.75,1]},{"time":5,"angle":0}]},"bone":{"rotate":[{"time":0,"angle":0,"curve":[0.25,0,0.75,1]},{"time":1.1666,"angle":1.37,"curve":[0.25,0,0.75,1]},{"time":3.8333,"angle":-1.9,"curve":[0.25,0,0.75,1]},{"time":5,"angle":0}]},"ui_lvlup_wing2":{"rotate":[{"time":0,"angle":0.82,"curve":[0.25,0,0.75,1]},{"time":2.5,"angle":5.82,"curve":[0.25,0,0.75,1]},{"time":5,"angle":0.82}],"translate":[{"time":0,"x":0,"y":0}],"scale":[{"time":0,"x":1,"y":1}]},"bone5":{"rotate":[{"time":0,"angle":-0.42,"curve":[0.25,0,0.75,1]},{"time":1.1666,"angle":-1.8,"curve":[0.25,0,0.75,1]},{"time":3.8333,"angle":1.72,"curve":[0.25,0,0.75,1]},{"time":5,"angle":-0.42}]},"bone6":{"rotate":[{"time":0,"angle":-0.42,"curve":[0.25,0,0.75,1]},{"time":1.1666,"angle":-1.8,"curve":[0.25,0,0.75,1]},{"time":3.8333,"angle":1.72,"curve":[0.25,0,0.75,1]},{"time":5,"angle":-0.42}]},"bone7":{"rotate":[{"time":0,"angle":-0.42,"curve":[0.25,0,0.75,1]},{"time":1.1666,"angle":-1.8,"curve":[0.25,0,0.75,1]},{"time":3.8333,"angle":1.72,"curve":[0.25,0,0.75,1]},{"time":5,"angle":-0.42}]},"bone8":{"rotate":[{"time":0,"angle":-1.68,"curve":[0.25,0,0.75,1]},{"time":1.1666,"angle":-3.06,"curve":[0.25,0,0.75,1]},{"time":3.8333,"angle":0.46,"curve":[0.25,0,0.75,1]},{"time":5,"angle":-1.68}]},"ui_chengjiu_text":{"translate":[{"time":0,"x":0,"y":-7.28}]},"ui_chengjiu_star4":{"rotate":[{"time":0,"angle":134.53,"curve":"stepped"},{"time":1.0666,"angle":134.53},{"time":2.4,"angle":-28.78}],"scale":[{"time":0,"x":0.414,"y":0.414,"curve":"stepped"},{"time":1.0666,"x":0.414,"y":0.414},{"time":1.7333,"x":1,"y":1},{"time":2.4,"x":0.317,"y":0.317}]},"ui_chengjiu_star3":{"rotate":[{"time":0,"angle":-36.05},{"time":1.3333,"angle":160.62}],"scale":[{"time":0,"x":0.414,"y":0.414},{"time":0.6666,"x":1,"y":1},{"time":1.3333,"x":0.317,"y":0.317}]},"ui_chengjiu_star2":{"rotate":[{"time":0,"angle":118.67,"curve":"stepped"},{"time":3.2333,"angle":118.67},{"time":4.5666,"angle":-44.64}],"scale":[{"time":0,"x":0.414,"y":0.414,"curve":"stepped"},{"time":3.2333,"x":0.414,"y":0.414},{"time":3.9,"x":1,"y":1},{"time":4.5666,"x":0.317,"y":0.317}]},"ui_chengjiu_star":{"rotate":[{"time":0,"angle":-27.38,"curve":"stepped"},{"time":2.3666,"angle":-27.38},{"time":3.7,"angle":169.3}],"scale":[{"time":0,"x":0.414,"y":0.414,"curve":"stepped"},{"time":2.3666,"x":0.414,"y":0.414},{"time":3.0333,"x":1,"y":1},{"time":3.7,"x":0.317,"y":0.317}]}}},"vipup":{"slots":{"ui_chengjiu_huangguan_01_00":{"color":[{"time":0,"color":"ffffff00","curve":"stepped"},{"time":0.3333,"color":"ffffff00"},{"time":0.5333,"color":"ffffffff"},{"time":0.8,"color":"ffffff00"}]},"ui_chengjiu_huangguan_01_01":{"color":[{"time":0,"color":"ffffff00","curve":"stepped"},{"time":0.5,"color":"ffffff00"},{"time":0.5333,"color":"ffffffff"}]},"ui_chengjiu_star_01_0":{"attachment":[{"time":0,"name":null}]},"ui_chengjiu_star_01_00":{"attachment":[{"time":0,"name":null}]},"ui_chengjiu_star_01_1":{"attachment":[{"time":0,"name":null}]},"ui_chengjiu_star_01_2":{"attachment":[{"time":0,"name":null}]},"ui_chengjiu_text_00":{"attachment":[{"time":0,"name":"ui_vipup_text_02_00"}],"color":[{"time":0,"color":"ffffff00","curve":"stepped"},{"time":0.4333,"color":"ffffff00"},{"time":0.6333,"color":"ffffffff"},{"time":0.7666,"color":"ffffff00"}]},"ui_chengjiu_text_01":{"attachment":[{"time":0,"name":"ui_vipup_text"}],"color":[{"time":0,"color":"ffffff00","curve":"stepped"},{"time":0.6,"color":"ffffff00"},{"time":0.6333,"color":"ffffffff"}]},"ui_enaiup_liuguang_0":{"attachment":[{"time":0,"name":null}]},"ui_enaiup_liuguang_00":{"attachment":[{"time":0,"name":null}]},"ui_enaiup_liuguang_1":{"attachment":[{"time":0,"name":null}]},"ui_enaiup_liuguang_2":{"attachment":[{"time":0,"name":null}]},"ui_enaiup_liuguang_3":{"attachment":[{"time":0,"name":null}]},"ui_enaiup_liuguang_4":{"attachment":[{"time":0,"name":null}]},"ui_enaiup_liuguang_5":{"attachment":[{"time":0,"name":null}]},"ui_enaiup_liuguang_6":{"attachment":[{"time":0,"name":null}]},"ui_enaiup_liuguang_7":{"attachment":[{"time":0,"name":null}]},"ui_enaiup_liuguang_8":{"attachment":[{"time":0,"name":null}]},"ui_enaiup_liuguang_9":{"attachment":[{"time":0,"name":null}]},"ui_enaiup_liuguang_10":{"attachment":[{"time":0,"name":null}]},"ui_enaiup_mubu_00":{"color":[{"time":0,"color":"ffffff00","curve":"stepped"},{"time":0.6,"color":"ffffff00"},{"time":0.7,"color":"ffffffff"}]},"ui_lvlup_bg2_01_00":{"color":[{"time":0,"color":"ffffff00"},{"time":0.1666,"color":"ffffffff"}]},"ui_lvlup_bg_00":{"color":[{"time":0,"color":"ffffff00"},{"time":0.1666,"color":"ffffffff"}]},"ui_lvlup_duandai_00":{"color":[{"time":0,"color":"ffffff00"},{"time":0.1666,"color":"ffffffff","curve":"stepped"},{"time":0.4333,"color":"ffffffff"},{"time":0.5666,"color":"ffffff00"}]},"ui_lvlup_duandai_01":{"color":[{"time":0,"color":"ffffff00","curve":"stepped"},{"time":0.1,"color":"ffffff00"},{"time":0.2666,"color":"ffffffff"}]},"ui_lvlup_wing":{"color":[{"time":0,"color":"ffffff00","curve":"stepped"},{"time":0.3333,"color":"ffffff00"},{"time":0.4666,"color":"ffffffff"}]},"ui_lvlup_wing2":{"color":[{"time":0,"color":"ffffff00","curve":"stepped"},{"time":0.3333,"color":"ffffff00"},{"time":0.4666,"color":"ffffffff"}]}},"bones":{"ui_lvlup_duandai":{"scale":[{"time":0,"x":0.164,"y":1,"curve":[0.25,0,0.75,1]},{"time":0.4333,"x":1,"y":1}]},"ui_lvlup_bg2":{"rotate":[{"time":0,"angle":60},{"time":0.8333,"angle":0}],"scale":[{"time":0,"x":0.361,"y":0.361,"curve":[0.25,0,0.75,1]},{"time":0.8333,"x":1,"y":1}]},"ui_lvlup_bg":{"scale":[{"time":0,"x":0.361,"y":0.361,"curve":[0.25,0,0.75,1]},{"time":0.8333,"x":1,"y":1}]},"ui_lvlup_wing":{"rotate":[{"time":0,"angle":-19.46,"curve":"stepped"},{"time":0.3333,"angle":-19.46},{"time":0.6333,"angle":14.67},{"time":0.7666,"angle":0,"curve":"stepped"},{"time":0.8333,"angle":0}],"translate":[{"time":0,"x":-17.85,"y":-24.19,"curve":"stepped"},{"time":0.3333,"x":-17.85,"y":-24.19,"curve":[0.25,0,0.75,1]},{"time":0.7666,"x":0,"y":0}],"scale":[{"time":0,"x":0.533,"y":0.533,"curve":"stepped"},{"time":0.3333,"x":0.533,"y":0.533,"curve":[0.25,0,0.75,1]},{"time":0.6333,"x":1,"y":1}]},"bone4":{"rotate":[{"time":0,"angle":-20.12,"curve":"stepped"},{"time":0.5,"angle":-20.12},{"time":0.7333,"angle":1.44},{"time":0.8333,"angle":0}]},"bone3":{"rotate":[{"time":0,"angle":-16.96,"curve":"stepped"},{"time":0.5,"angle":-16.96},{"time":0.7333,"angle":1.44},{"time":0.8333,"angle":0}]},"bone2":{"rotate":[{"time":0,"angle":-12.76,"curve":"stepped"},{"time":0.5,"angle":-12.76},{"time":0.7333,"angle":1.44},{"time":0.8333,"angle":0}]},"bone":{"rotate":[{"time":0,"angle":-8.18,"curve":"stepped"},{"time":0.5,"angle":-8.18},{"time":0.7333,"angle":1.44},{"time":0.8333,"angle":0}]},"ui_lvlup_wing2":{"rotate":[{"time":0,"angle":20.45,"curve":"stepped"},{"time":0.3333,"angle":20.45},{"time":0.5,"angle":1.47},{"time":0.6333,"angle":-12.15},{"time":0.7666,"angle":0.82,"curve":"stepped"},{"time":0.8333,"angle":0.82}],"translate":[{"time":0,"x":20,"y":-24.71,"curve":"stepped"},{"time":0.3333,"x":20,"y":-24.71},{"time":0.7666,"x":0,"y":0}],"scale":[{"time":0,"x":0.533,"y":0.533,"curve":"stepped"},{"time":0.3333,"x":0.533,"y":0.533,"curve":[0.25,0,0.75,1]},{"time":0.6333,"x":1,"y":1}]},"bone5":{"rotate":[{"time":0,"angle":8.3,"curve":"stepped"},{"time":0.5,"angle":8.3},{"time":0.7333,"angle":-1.75},{"time":0.8333,"angle":-0.42}]},"bone6":{"rotate":[{"time":0,"angle":11.35},{"time":0.5,"angle":10.99},{"time":0.7333,"angle":-4.4},{"time":0.8333,"angle":-0.42}]},"bone7":{"rotate":[{"time":0,"angle":19.31,"curve":"stepped"},{"time":0.5,"angle":19.31},{"time":0.7333,"angle":-0.74},{"time":0.8333,"angle":-0.42}]},"bone8":{"rotate":[{"time":0,"angle":-20.12},{"time":0.5,"angle":20.18},{"time":0.7333,"angle":-3.3},{"time":0.8333,"angle":-1.68}]},"ui_chengjiu_huangguan":{"translate":[{"time":0,"x":0,"y":-40.03,"curve":"stepped"},{"time":0.3333,"x":0,"y":-40.03,"curve":[0.25,0,0.75,1]},{"time":0.5333,"x":0,"y":5.42,"curve":[0.25,0,0.75,1]},{"time":0.6666,"x":0,"y":0}]},"ui_chengjiu_text":{"scale":[{"time":0,"x":1.5,"y":1.5,"curve":"stepped"},{"time":0.4333,"x":1.5,"y":1.5,"curve":[0.25,0,0.75,1]},{"time":0.6333,"x":0.941,"y":0.941,"curve":[0.25,0,0.75,1]},{"time":0.7666,"x":1,"y":1}]},"ui_enaiup_mubu_00":{"scale":[{"time":0,"x":0.533,"y":1,"curve":"stepped"},{"time":0.6,"x":0.533,"y":1,"curve":[0.25,0,0.75,1]},{"time":0.7,"x":1.1,"y":1,"curve":[0.25,0,0.75,1]},{"time":0.8333,"x":1,"y":1}]}}},"vipup_chixu":{"slots":{"ui_chengjiu_huangguan_01_00":{"attachment":[{"time":0,"name":null}]},"ui_chengjiu_star_01_0":{"color":[{"time":0,"color":"ffffff00","curve":"stepped"},{"time":3.2333,"color":"ffffff00"},{"time":3.4,"color":"ffffffff","curve":"stepped"},{"time":4.4,"color":"ffffffff"},{"time":4.5666,"color":"ffffff00"}]},"ui_chengjiu_star_01_00":{"color":[{"time":0,"color":"ffffff00","curve":"stepped"},{"time":2.3666,"color":"ffffff00"},{"time":2.5333,"color":"ffffffff","curve":"stepped"},{"time":3.5333,"color":"ffffffff"},{"time":3.7,"color":"ffffff00"}]},"ui_chengjiu_star_01_1":{"color":[{"time":0,"color":"ffffff00"},{"time":0.1666,"color":"ffffffff","curve":"stepped"},{"time":1.1666,"color":"ffffffff"},{"time":1.3333,"color":"ffffff00"}]},"ui_chengjiu_star_01_2":{"color":[{"time":0,"color":"ffffff00","curve":"stepped"},{"time":1.0666,"color":"ffffff00"},{"time":1.2333,"color":"ffffffff","curve":"stepped"},{"time":2.2333,"color":"ffffffff"},{"time":2.4,"color":"ffffff00"}]},"ui_chengjiu_text_00":{"attachment":[{"time":0,"name":null}]},"ui_chengjiu_text_01":{"attachment":[{"time":0,"name":"ui_vipup_text"}]},"ui_enaiup_liuguang_0":{"attachment":[{"time":0,"name":"ui_enaiup_liuguang_00"},{"time":0.1,"name":"ui_enaiup_liuguang_01"},{"time":0.2,"name":"ui_enaiup_liuguang_02"},{"time":0.3,"name":"ui_enaiup_liuguang_03"},{"time":0.4,"name":"ui_enaiup_liuguang_04"},{"time":0.5,"name":"ui_enaiup_liuguang_05"},{"time":0.6,"name":"ui_enaiup_liuguang_06"},{"time":0.7,"name":"ui_enaiup_liuguang_07"},{"time":0.8,"name":"ui_enaiup_liuguang_08"},{"time":0.8666,"name":"ui_enaiup_liuguang_08"},{"time":0.9,"name":null},{"time":1.3333,"name":"ui_enaiup_liuguang_00"},{"time":1.4333,"name":"ui_enaiup_liuguang_01"},{"time":1.5333,"name":"ui_enaiup_liuguang_02"},{"time":1.6333,"name":"ui_enaiup_liuguang_03"},{"time":1.7333,"name":"ui_enaiup_liuguang_04"},{"time":1.8333,"name":"ui_enaiup_liuguang_05"},{"time":1.9333,"name":"ui_enaiup_liuguang_06"},{"time":2.0333,"name":"ui_enaiup_liuguang_07"},{"time":2.1333,"name":"ui_enaiup_liuguang_08"},{"time":2.2,"name":"ui_enaiup_liuguang_08"},{"time":2.2333,"name":null},{"time":2.8,"name":"ui_enaiup_liuguang_00"},{"time":2.9,"name":"ui_enaiup_liuguang_01"},{"time":3,"name":"ui_enaiup_liuguang_02"},{"time":3.1,"name":"ui_enaiup_liuguang_03"},{"time":3.2,"name":"ui_enaiup_liuguang_04"},{"time":3.3,"name":"ui_enaiup_liuguang_05"},{"time":3.4,"name":"ui_enaiup_liuguang_06"},{"time":3.5,"name":"ui_enaiup_liuguang_07"},{"time":3.6,"name":"ui_enaiup_liuguang_08"},{"time":3.6666,"name":"ui_enaiup_liuguang_08"},{"time":3.7,"name":null},{"time":4,"name":"ui_enaiup_liuguang_00"},{"time":4.1,"name":"ui_enaiup_liuguang_01"},{"time":4.2,"name":"ui_enaiup_liuguang_02"},{"time":4.3,"name":"ui_enaiup_liuguang_03"},{"time":4.4,"name":"ui_enaiup_liuguang_04"},{"time":4.5,"name":"ui_enaiup_liuguang_05"},{"time":4.6,"name":"ui_enaiup_liuguang_06"},{"time":4.7,"name":"ui_enaiup_liuguang_07"},{"time":4.8,"name":"ui_enaiup_liuguang_08"},{"time":4.8666,"name":"ui_enaiup_liuguang_08"},{"time":4.9,"name":null}]},"ui_enaiup_liuguang_00":{"attachment":[{"time":0,"name":"ui_enaiup_liuguang_05"},{"time":0.1,"name":"ui_enaiup_liuguang_06"},{"time":0.2,"name":"ui_enaiup_liuguang_07"},{"time":0.3,"name":"ui_enaiup_liuguang_08"},{"time":0.3666,"name":"ui_enaiup_liuguang_08"},{"time":0.4,"name":null},{"time":0.5333,"name":"ui_enaiup_liuguang_00"},{"time":0.6333,"name":"ui_enaiup_liuguang_01"},{"time":0.7333,"name":"ui_enaiup_liuguang_02"},{"time":0.8333,"name":"ui_enaiup_liuguang_03"},{"time":0.9333,"name":"ui_enaiup_liuguang_04"},{"time":1.0333,"name":"ui_enaiup_liuguang_05"},{"time":1.1333,"name":"ui_enaiup_liuguang_06"},{"time":1.2333,"name":"ui_enaiup_liuguang_07"},{"time":1.3333,"name":"ui_enaiup_liuguang_08"},{"time":1.4,"name":"ui_enaiup_liuguang_08"},{"time":1.4333,"name":null},{"time":1.6333,"name":"ui_enaiup_liuguang_00"},{"time":1.7333,"name":"ui_enaiup_liuguang_01"},{"time":1.8333,"name":"ui_enaiup_liuguang_02"},{"time":1.9333,"name":"ui_enaiup_liuguang_03"},{"time":2.0333,"name":"ui_enaiup_liuguang_04"},{"time":2.1333,"name":"ui_enaiup_liuguang_05"},{"time":2.2333,"name":"ui_enaiup_liuguang_06"},{"time":2.3333,"name":"ui_enaiup_liuguang_07"},{"time":2.4333,"name":"ui_enaiup_liuguang_08"},{"time":2.5,"name":"ui_enaiup_liuguang_08"},{"time":2.5333,"name":null},{"time":3.2,"name":"ui_enaiup_liuguang_00"},{"time":3.3,"name":"ui_enaiup_liuguang_01"},{"time":3.4,"name":"ui_enaiup_liuguang_02"},{"time":3.5,"name":"ui_enaiup_liuguang_03"},{"time":3.6,"name":"ui_enaiup_liuguang_04"},{"time":3.7,"name":"ui_enaiup_liuguang_05"},{"time":3.8,"name":"ui_enaiup_liuguang_06"},{"time":3.9,"name":"ui_enaiup_liuguang_07"},{"time":4,"name":"ui_enaiup_liuguang_08"},{"time":4.0666,"name":"ui_enaiup_liuguang_08"},{"time":4.1,"name":null},{"time":4.5333,"name":"ui_enaiup_liuguang_00"},{"time":4.6333,"name":"ui_enaiup_liuguang_01"},{"time":4.7333,"name":"ui_enaiup_liuguang_02"},{"time":4.8333,"name":"ui_enaiup_liuguang_03"},{"time":4.9333,"name":"ui_enaiup_liuguang_04"},{"time":5,"name":"ui_enaiup_liuguang_04"}]},"ui_enaiup_liuguang_1":{"attachment":[{"time":0,"name":null},{"time":0.1333,"name":"ui_enaiup_liuguang_00"},{"time":0.2333,"name":"ui_enaiup_liuguang_01"},{"time":0.3333,"name":"ui_enaiup_liuguang_02"},{"time":0.4333,"name":"ui_enaiup_liuguang_03"},{"time":0.5333,"name":"ui_enaiup_liuguang_04"},{"time":0.6333,"name":"ui_enaiup_liuguang_05"},{"time":0.7333,"name":"ui_enaiup_liuguang_06"},{"time":0.8333,"name":"ui_enaiup_liuguang_07"},{"time":0.9333,"name":"ui_enaiup_liuguang_08"},{"time":1,"name":"ui_enaiup_liuguang_08"},{"time":1.0333,"name":null},{"time":1.4666,"name":"ui_enaiup_liuguang_00"},{"time":1.5666,"name":"ui_enaiup_liuguang_01"},{"time":1.6666,"name":"ui_enaiup_liuguang_02"},{"time":1.7666,"name":"ui_enaiup_liuguang_03"},{"time":1.8666,"name":"ui_enaiup_liuguang_04"},{"time":1.9666,"name":"ui_enaiup_liuguang_05"},{"time":2.0666,"name":"ui_enaiup_liuguang_06"},{"time":2.1666,"name":"ui_enaiup_liuguang_07"},{"time":2.2666,"name":"ui_enaiup_liuguang_08"},{"time":2.3333,"name":"ui_enaiup_liuguang_08"},{"time":2.3666,"name":null},{"time":2.8,"name":"ui_enaiup_liuguang_00"},{"time":2.9,"name":"ui_enaiup_liuguang_01"},{"time":3,"name":"ui_enaiup_liuguang_02"},{"time":3.1,"name":"ui_enaiup_liuguang_03"},{"time":3.2,"name":"ui_enaiup_liuguang_04"},{"time":3.3,"name":"ui_enaiup_liuguang_05"},{"time":3.4,"name":"ui_enaiup_liuguang_06"},{"time":3.5,"name":"ui_enaiup_liuguang_07"},{"time":3.6,"name":"ui_enaiup_liuguang_08"},{"time":3.6666,"name":"ui_enaiup_liuguang_08"},{"time":3.7,"name":null},{"time":4.1333,"name":"ui_enaiup_liuguang_00"},{"time":4.2333,"name":"ui_enaiup_liuguang_01"},{"time":4.3333,"name":"ui_enaiup_liuguang_02"},{"time":4.4333,"name":"ui_enaiup_liuguang_03"},{"time":4.5333,"name":"ui_enaiup_liuguang_04"},{"time":4.6333,"name":"ui_enaiup_liuguang_05"},{"time":4.7333,"name":"ui_enaiup_liuguang_06"},{"time":4.8333,"name":"ui_enaiup_liuguang_07"},{"time":4.9333,"name":"ui_enaiup_liuguang_08"},{"time":5,"name":"ui_enaiup_liuguang_08"}]},"ui_enaiup_liuguang_2":{"attachment":[{"time":0,"name":"ui_enaiup_liuguang_01"},{"time":0.0666,"name":"ui_enaiup_liuguang_02"},{"time":0.1666,"name":"ui_enaiup_liuguang_03"},{"time":0.2666,"name":"ui_enaiup_liuguang_04"},{"time":0.3666,"name":"ui_enaiup_liuguang_05"},{"time":0.4666,"name":"ui_enaiup_liuguang_06"},{"time":0.5666,"name":"ui_enaiup_liuguang_07"},{"time":0.6666,"name":"ui_enaiup_liuguang_08"},{"time":0.7333,"name":"ui_enaiup_liuguang_08"},{"time":0.7666,"name":null},{"time":0.9,"name":"ui_enaiup_liuguang_00"},{"time":1,"name":"ui_enaiup_liuguang_01"},{"time":1.1,"name":"ui_enaiup_liuguang_02"},{"time":1.2,"name":"ui_enaiup_liuguang_03"},{"time":1.3,"name":"ui_enaiup_liuguang_04"},{"time":1.4,"name":"ui_enaiup_liuguang_05"},{"time":1.5,"name":"ui_enaiup_liuguang_06"},{"time":1.6,"name":"ui_enaiup_liuguang_07"},{"time":1.7,"name":"ui_enaiup_liuguang_08"},{"time":1.7666,"name":"ui_enaiup_liuguang_08"},{"time":1.8,"name":null},{"time":2.5,"name":"ui_enaiup_liuguang_00"},{"time":2.6,"name":"ui_enaiup_liuguang_01"},{"time":2.7,"name":"ui_enaiup_liuguang_02"},{"time":2.8,"name":"ui_enaiup_liuguang_03"},{"time":2.9,"name":"ui_enaiup_liuguang_04"},{"time":3,"name":"ui_enaiup_liuguang_05"},{"time":3.1,"name":"ui_enaiup_liuguang_06"},{"time":3.2,"name":"ui_enaiup_liuguang_07"},{"time":3.3,"name":"ui_enaiup_liuguang_08"},{"time":3.3666,"name":"ui_enaiup_liuguang_08"},{"time":3.4,"name":null},{"time":3.5666,"name":"ui_enaiup_liuguang_00"},{"time":3.6666,"name":"ui_enaiup_liuguang_01"},{"time":3.7666,"name":"ui_enaiup_liuguang_02"},{"time":3.8666,"name":"ui_enaiup_liuguang_03"},{"time":3.9666,"name":"ui_enaiup_liuguang_04"},{"time":4.0666,"name":"ui_enaiup_liuguang_05"},{"time":4.1666,"name":"ui_enaiup_liuguang_06"},{"time":4.2666,"name":"ui_enaiup_liuguang_07"},{"time":4.3666,"name":"ui_enaiup_liuguang_08"},{"time":4.4333,"name":"ui_enaiup_liuguang_08"},{"time":4.4666,"name":null},{"time":4.9,"name":"ui_enaiup_liuguang_00"},{"time":5,"name":"ui_enaiup_liuguang_01"}]},"ui_enaiup_liuguang_3":{"attachment":[{"time":0,"name":"ui_enaiup_liuguang_04"},{"time":0.0666,"name":"ui_enaiup_liuguang_05"},{"time":0.1666,"name":"ui_enaiup_liuguang_06"},{"time":0.2666,"name":"ui_enaiup_liuguang_07"},{"time":0.3666,"name":"ui_enaiup_liuguang_08"},{"time":0.4333,"name":"ui_enaiup_liuguang_08"},{"time":0.4666,"name":null},{"time":0.6,"name":"ui_enaiup_liuguang_00"},{"time":0.7,"name":"ui_enaiup_liuguang_01"},{"time":0.8,"name":"ui_enaiup_liuguang_02"},{"time":0.9,"name":"ui_enaiup_liuguang_03"},{"time":1,"name":"ui_enaiup_liuguang_04"},{"time":1.1,"name":"ui_enaiup_liuguang_05"},{"time":1.2,"name":"ui_enaiup_liuguang_06"},{"time":1.3,"name":"ui_enaiup_liuguang_07"},{"time":1.4,"name":"ui_enaiup_liuguang_08"},{"time":1.4666,"name":"ui_enaiup_liuguang_08"},{"time":1.5,"name":null},{"time":1.9333,"name":"ui_enaiup_liuguang_00"},{"time":2.0333,"name":"ui_enaiup_liuguang_01"},{"time":2.1333,"name":"ui_enaiup_liuguang_02"},{"time":2.2333,"name":"ui_enaiup_liuguang_03"},{"time":2.3333,"name":"ui_enaiup_liuguang_04"},{"time":2.4333,"name":"ui_enaiup_liuguang_05"},{"time":2.5333,"name":"ui_enaiup_liuguang_06"},{"time":2.6333,"name":"ui_enaiup_liuguang_07"},{"time":2.7333,"name":"ui_enaiup_liuguang_08"},{"time":2.8,"name":"ui_enaiup_liuguang_08"},{"time":2.8333,"name":null},{"time":3.2666,"name":"ui_enaiup_liuguang_00"},{"time":3.3666,"name":"ui_enaiup_liuguang_01"},{"time":3.4666,"name":"ui_enaiup_liuguang_02"},{"time":3.5666,"name":"ui_enaiup_liuguang_03"},{"time":3.6666,"name":"ui_enaiup_liuguang_04"},{"time":3.7666,"name":"ui_enaiup_liuguang_05"},{"time":3.8666,"name":"ui_enaiup_liuguang_06"},{"time":3.9666,"name":"ui_enaiup_liuguang_07"},{"time":4.0666,"name":"ui_enaiup_liuguang_08"},{"time":4.1333,"name":"ui_enaiup_liuguang_08"},{"time":4.1666,"name":null},{"time":4.6,"name":"ui_enaiup_liuguang_00"},{"time":4.7,"name":"ui_enaiup_liuguang_01"},{"time":4.8,"name":"ui_enaiup_liuguang_02"},{"time":4.9,"name":"ui_enaiup_liuguang_03"},{"time":5,"name":"ui_enaiup_liuguang_04"}]},"ui_enaiup_liuguang_4":{"attachment":[{"time":0,"name":"ui_enaiup_liuguang_08"},{"time":0.0666,"name":"ui_enaiup_liuguang_08"},{"time":0.1,"name":null},{"time":0.2333,"name":"ui_enaiup_liuguang_00"},{"time":0.3333,"name":"ui_enaiup_liuguang_01"},{"time":0.4333,"name":"ui_enaiup_liuguang_02"},{"time":0.5333,"name":"ui_enaiup_liuguang_03"},{"time":0.6333,"name":"ui_enaiup_liuguang_04"},{"time":0.7333,"name":"ui_enaiup_liuguang_05"},{"time":0.8333,"name":"ui_enaiup_liuguang_06"},{"time":0.9333,"name":"ui_enaiup_liuguang_07"},{"time":1.0333,"name":"ui_enaiup_liuguang_08"},{"time":1.1,"name":"ui_enaiup_liuguang_08"},{"time":1.1333,"name":null},{"time":1.4666,"name":"ui_enaiup_liuguang_00"},{"time":1.5666,"name":"ui_enaiup_liuguang_01"},{"time":1.6666,"name":"ui_enaiup_liuguang_02"},{"time":1.7666,"name":"ui_enaiup_liuguang_03"},{"time":1.8666,"name":"ui_enaiup_liuguang_04"},{"time":1.9666,"name":"ui_enaiup_liuguang_05"},{"time":2.0666,"name":"ui_enaiup_liuguang_06"},{"time":2.1666,"name":"ui_enaiup_liuguang_07"},{"time":2.2666,"name":"ui_enaiup_liuguang_08"},{"time":2.3333,"name":"ui_enaiup_liuguang_08"},{"time":2.3666,"name":null},{"time":2.9666,"name":"ui_enaiup_liuguang_00"},{"time":3.0666,"name":"ui_enaiup_liuguang_01"},{"time":3.1666,"name":"ui_enaiup_liuguang_02"},{"time":3.2666,"name":"ui_enaiup_liuguang_03"},{"time":3.3666,"name":"ui_enaiup_liuguang_04"},{"time":3.4666,"name":"ui_enaiup_liuguang_05"},{"time":3.5666,"name":"ui_enaiup_liuguang_06"},{"time":3.6666,"name":"ui_enaiup_liuguang_07"},{"time":3.7666,"name":"ui_enaiup_liuguang_08"},{"time":3.8333,"name":"ui_enaiup_liuguang_08"},{"time":3.8666,"name":null},{"time":4.2333,"name":"ui_enaiup_liuguang_00"},{"time":4.3333,"name":"ui_enaiup_liuguang_01"},{"time":4.4333,"name":"ui_enaiup_liuguang_02"},{"time":4.5333,"name":"ui_enaiup_liuguang_03"},{"time":4.6333,"name":"ui_enaiup_liuguang_04"},{"time":4.7333,"name":"ui_enaiup_liuguang_05"},{"time":4.8333,"name":"ui_enaiup_liuguang_06"},{"time":4.9333,"name":"ui_enaiup_liuguang_07"},{"time":5,"name":"ui_enaiup_liuguang_07"}]},"ui_enaiup_liuguang_5":{"attachment":[{"time":0,"name":"ui_enaiup_liuguang_06"},{"time":0.1,"name":"ui_enaiup_liuguang_07"},{"time":0.2,"name":"ui_enaiup_liuguang_08"},{"time":0.2666,"name":"ui_enaiup_liuguang_08"},{"time":0.3,"name":null},{"time":0.4333,"name":"ui_enaiup_liuguang_00"},{"time":0.5333,"name":"ui_enaiup_liuguang_01"},{"time":0.6333,"name":"ui_enaiup_liuguang_02"},{"time":0.7333,"name":"ui_enaiup_liuguang_03"},{"time":0.8333,"name":"ui_enaiup_liuguang_04"},{"time":0.9333,"name":"ui_enaiup_liuguang_05"},{"time":1.0333,"name":"ui_enaiup_liuguang_06"},{"time":1.1333,"name":"ui_enaiup_liuguang_07"},{"time":1.2333,"name":"ui_enaiup_liuguang_08"},{"time":1.3,"name":"ui_enaiup_liuguang_08"},{"time":1.3333,"name":null},{"time":1.7666,"name":"ui_enaiup_liuguang_00"},{"time":1.8666,"name":"ui_enaiup_liuguang_01"},{"time":1.9666,"name":"ui_enaiup_liuguang_02"},{"time":2.0666,"name":"ui_enaiup_liuguang_03"},{"time":2.1666,"name":"ui_enaiup_liuguang_04"},{"time":2.2666,"name":"ui_enaiup_liuguang_05"},{"time":2.3666,"name":"ui_enaiup_liuguang_06"},{"time":2.4666,"name":"ui_enaiup_liuguang_07"},{"time":2.5666,"name":"ui_enaiup_liuguang_08"},{"time":2.6333,"name":"ui_enaiup_liuguang_08"},{"time":2.6666,"name":null},{"time":3.1,"name":"ui_enaiup_liuguang_00"},{"time":3.2,"name":"ui_enaiup_liuguang_01"},{"time":3.3,"name":"ui_enaiup_liuguang_02"},{"time":3.4,"name":"ui_enaiup_liuguang_03"},{"time":3.5,"name":"ui_enaiup_liuguang_04"},{"time":3.6,"name":"ui_enaiup_liuguang_05"},{"time":3.7,"name":"ui_enaiup_liuguang_06"},{"time":3.8,"name":"ui_enaiup_liuguang_07"},{"time":3.9,"name":"ui_enaiup_liuguang_08"},{"time":3.9666,"name":"ui_enaiup_liuguang_08"},{"time":4,"name":null},{"time":4.4333,"name":"ui_enaiup_liuguang_00"},{"time":4.5333,"name":"ui_enaiup_liuguang_01"},{"time":4.6333,"name":"ui_enaiup_liuguang_02"},{"time":4.7333,"name":"ui_enaiup_liuguang_03"},{"time":4.8333,"name":"ui_enaiup_liuguang_04"},{"time":4.9333,"name":"ui_enaiup_liuguang_05"},{"time":5,"name":"ui_enaiup_liuguang_05"}]},"ui_enaiup_liuguang_6":{"attachment":[{"time":0,"name":"ui_enaiup_liuguang_05"},{"time":0.0666,"name":"ui_enaiup_liuguang_06"},{"time":0.1666,"name":"ui_enaiup_liuguang_07"},{"time":0.2666,"name":"ui_enaiup_liuguang_08"},{"time":0.3333,"name":"ui_enaiup_liuguang_08"},{"time":0.3666,"name":null},{"time":0.5,"name":"ui_enaiup_liuguang_00"},{"time":0.6,"name":"ui_enaiup_liuguang_01"},{"time":0.7,"name":"ui_enaiup_liuguang_02"},{"time":0.8,"name":"ui_enaiup_liuguang_03"},{"time":0.9,"name":"ui_enaiup_liuguang_04"},{"time":1,"name":"ui_enaiup_liuguang_05"},{"time":1.1,"name":"ui_enaiup_liuguang_06"},{"time":1.2,"name":"ui_enaiup_liuguang_07"},{"time":1.3,"name":"ui_enaiup_liuguang_08"},{"time":1.3666,"name":"ui_enaiup_liuguang_08"},{"time":1.4,"name":null},{"time":1.9,"name":"ui_enaiup_liuguang_00"},{"time":2,"name":"ui_enaiup_liuguang_01"},{"time":2.1,"name":"ui_enaiup_liuguang_02"},{"time":2.2,"name":"ui_enaiup_liuguang_03"},{"time":2.3,"name":"ui_enaiup_liuguang_04"},{"time":2.4,"name":"ui_enaiup_liuguang_05"},{"time":2.5,"name":"ui_enaiup_liuguang_06"},{"time":2.6,"name":"ui_enaiup_liuguang_07"},{"time":2.7,"name":"ui_enaiup_liuguang_08"},{"time":2.7666,"name":"ui_enaiup_liuguang_08"},{"time":2.8,"name":null},{"time":3.2666,"name":"ui_enaiup_liuguang_00"},{"time":3.3666,"name":"ui_enaiup_liuguang_01"},{"time":3.4666,"name":"ui_enaiup_liuguang_02"},{"time":3.5666,"name":"ui_enaiup_liuguang_03"},{"time":3.6666,"name":"ui_enaiup_liuguang_04"},{"time":3.7666,"name":"ui_enaiup_liuguang_05"},{"time":3.8666,"name":"ui_enaiup_liuguang_06"},{"time":3.9666,"name":"ui_enaiup_liuguang_07"},{"time":4.0666,"name":"ui_enaiup_liuguang_08"},{"time":4.1333,"name":"ui_enaiup_liuguang_08"},{"time":4.1666,"name":null},{"time":4.5,"name":"ui_enaiup_liuguang_00"},{"time":4.6,"name":"ui_enaiup_liuguang_01"},{"time":4.7,"name":"ui_enaiup_liuguang_02"},{"time":4.8,"name":"ui_enaiup_liuguang_03"},{"time":4.9,"name":"ui_enaiup_liuguang_04"},{"time":5,"name":"ui_enaiup_liuguang_05"}]},"ui_enaiup_liuguang_7":{"attachment":[{"time":0,"name":"ui_enaiup_liuguang_07"},{"time":0.0333,"name":"ui_enaiup_liuguang_08"},{"time":0.1,"name":"ui_enaiup_liuguang_08"},{"time":0.1333,"name":null},{"time":0.2666,"name":"ui_enaiup_liuguang_00"},{"time":0.3666,"name":"ui_enaiup_liuguang_01"},{"time":0.4666,"name":"ui_enaiup_liuguang_02"},{"time":0.5666,"name":"ui_enaiup_liuguang_03"},{"time":0.6666,"name":"ui_enaiup_liuguang_04"},{"time":0.7666,"name":"ui_enaiup_liuguang_05"},{"time":0.8666,"name":"ui_enaiup_liuguang_06"},{"time":0.9666,"name":"ui_enaiup_liuguang_07"},{"time":1.0666,"name":"ui_enaiup_liuguang_08"},{"time":1.1333,"name":"ui_enaiup_liuguang_08"},{"time":1.1666,"name":null},{"time":1.6,"name":"ui_enaiup_liuguang_00"},{"time":1.7,"name":"ui_enaiup_liuguang_01"},{"time":1.8,"name":"ui_enaiup_liuguang_02"},{"time":1.9,"name":"ui_enaiup_liuguang_03"},{"time":2,"name":"ui_enaiup_liuguang_04"},{"time":2.1,"name":"ui_enaiup_liuguang_05"},{"time":2.2,"name":"ui_enaiup_liuguang_06"},{"time":2.3,"name":"ui_enaiup_liuguang_07"},{"time":2.4,"name":"ui_enaiup_liuguang_08"},{"time":2.4666,"name":"ui_enaiup_liuguang_08"},{"time":2.5,"name":null},{"time":2.9333,"name":"ui_enaiup_liuguang_00"},{"time":3.0333,"name":"ui_enaiup_liuguang_01"},{"time":3.1333,"name":"ui_enaiup_liuguang_02"},{"time":3.2333,"name":"ui_enaiup_liuguang_03"},{"time":3.3333,"name":"ui_enaiup_liuguang_04"},{"time":3.4333,"name":"ui_enaiup_liuguang_05"},{"time":3.5333,"name":"ui_enaiup_liuguang_06"},{"time":3.6333,"name":"ui_enaiup_liuguang_07"},{"time":3.7333,"name":"ui_enaiup_liuguang_08"},{"time":3.8,"name":"ui_enaiup_liuguang_08"},{"time":3.8333,"name":null},{"time":4.2666,"name":"ui_enaiup_liuguang_00"},{"time":4.3666,"name":"ui_enaiup_liuguang_01"},{"time":4.4666,"name":"ui_enaiup_liuguang_02"},{"time":4.5666,"name":"ui_enaiup_liuguang_03"},{"time":4.6666,"name":"ui_enaiup_liuguang_04"},{"time":4.7666,"name":"ui_enaiup_liuguang_05"},{"time":4.8666,"name":"ui_enaiup_liuguang_06"},{"time":4.9666,"name":"ui_enaiup_liuguang_07"},{"time":5,"name":"ui_enaiup_liuguang_07"}]},"ui_enaiup_liuguang_8":{"attachment":[{"time":0,"name":"ui_enaiup_liuguang_01"},{"time":0.1,"name":"ui_enaiup_liuguang_02"},{"time":0.2,"name":"ui_enaiup_liuguang_03"},{"time":0.3,"name":"ui_enaiup_liuguang_04"},{"time":0.4,"name":"ui_enaiup_liuguang_05"},{"time":0.5,"name":"ui_enaiup_liuguang_06"},{"time":0.6,"name":"ui_enaiup_liuguang_07"},{"time":0.7,"name":"ui_enaiup_liuguang_08"},{"time":0.7666,"name":"ui_enaiup_liuguang_08"},{"time":0.8,"name":null},{"time":0.9333,"name":"ui_enaiup_liuguang_00"},{"time":1.0333,"name":"ui_enaiup_liuguang_01"},{"time":1.1333,"name":"ui_enaiup_liuguang_02"},{"time":1.2333,"name":"ui_enaiup_liuguang_03"},{"time":1.3333,"name":"ui_enaiup_liuguang_04"},{"time":1.4333,"name":"ui_enaiup_liuguang_05"},{"time":1.5333,"name":"ui_enaiup_liuguang_06"},{"time":1.6333,"name":"ui_enaiup_liuguang_07"},{"time":1.7333,"name":"ui_enaiup_liuguang_08"},{"time":1.8,"name":"ui_enaiup_liuguang_08"},{"time":1.8333,"name":null},{"time":2.2666,"name":"ui_enaiup_liuguang_00"},{"time":2.3666,"name":"ui_enaiup_liuguang_01"},{"time":2.4666,"name":"ui_enaiup_liuguang_02"},{"time":2.5666,"name":"ui_enaiup_liuguang_03"},{"time":2.6666,"name":"ui_enaiup_liuguang_04"},{"time":2.7666,"name":"ui_enaiup_liuguang_05"},{"time":2.8666,"name":"ui_enaiup_liuguang_06"},{"time":2.9666,"name":"ui_enaiup_liuguang_07"},{"time":3.0666,"name":"ui_enaiup_liuguang_08"},{"time":3.1333,"name":"ui_enaiup_liuguang_08"},{"time":3.1666,"name":null},{"time":3.6,"name":"ui_enaiup_liuguang_00"},{"time":3.7,"name":"ui_enaiup_liuguang_01"},{"time":3.8,"name":"ui_enaiup_liuguang_02"},{"time":3.9,"name":"ui_enaiup_liuguang_03"},{"time":4,"name":"ui_enaiup_liuguang_04"},{"time":4.1,"name":"ui_enaiup_liuguang_05"},{"time":4.2,"name":"ui_enaiup_liuguang_06"},{"time":4.3,"name":"ui_enaiup_liuguang_07"},{"time":4.4,"name":"ui_enaiup_liuguang_08"},{"time":4.4666,"name":"ui_enaiup_liuguang_08"},{"time":4.5,"name":null},{"time":4.9333,"name":"ui_enaiup_liuguang_00"},{"time":5,"name":"ui_enaiup_liuguang_00"}]},"ui_enaiup_liuguang_9":{"attachment":[{"time":0,"name":"ui_enaiup_liuguang_00"},{"time":0.1,"name":"ui_enaiup_liuguang_01"},{"time":0.2,"name":"ui_enaiup_liuguang_02"},{"time":0.3,"name":"ui_enaiup_liuguang_03"},{"time":0.4,"name":"ui_enaiup_liuguang_04"},{"time":0.5,"name":"ui_enaiup_liuguang_05"},{"time":0.6,"name":"ui_enaiup_liuguang_06"},{"time":0.7,"name":"ui_enaiup_liuguang_07"},{"time":0.8,"name":"ui_enaiup_liuguang_08"},{"time":0.8666,"name":"ui_enaiup_liuguang_08"},{"time":0.9,"name":null},{"time":1.2,"name":"ui_enaiup_liuguang_00"},{"time":1.3,"name":"ui_enaiup_liuguang_01"},{"time":1.4,"name":"ui_enaiup_liuguang_02"},{"time":1.5,"name":"ui_enaiup_liuguang_03"},{"time":1.6,"name":"ui_enaiup_liuguang_04"},{"time":1.7,"name":"ui_enaiup_liuguang_05"},{"time":1.8,"name":"ui_enaiup_liuguang_06"},{"time":1.9,"name":"ui_enaiup_liuguang_07"},{"time":2,"name":"ui_enaiup_liuguang_08"},{"time":2.0666,"name":"ui_enaiup_liuguang_08"},{"time":2.1,"name":null},{"time":2.6333,"name":"ui_enaiup_liuguang_00"},{"time":2.7333,"name":"ui_enaiup_liuguang_01"},{"time":2.8333,"name":"ui_enaiup_liuguang_02"},{"time":2.9333,"name":"ui_enaiup_liuguang_03"},{"time":3.0333,"name":"ui_enaiup_liuguang_04"},{"time":3.1333,"name":"ui_enaiup_liuguang_05"},{"time":3.2333,"name":"ui_enaiup_liuguang_06"},{"time":3.3333,"name":"ui_enaiup_liuguang_07"},{"time":3.4333,"name":"ui_enaiup_liuguang_08"},{"time":3.5,"name":"ui_enaiup_liuguang_08"},{"time":3.5333,"name":null},{"time":4,"name":"ui_enaiup_liuguang_00"},{"time":4.1,"name":"ui_enaiup_liuguang_01"},{"time":4.2,"name":"ui_enaiup_liuguang_02"},{"time":4.3,"name":"ui_enaiup_liuguang_03"},{"time":4.4,"name":"ui_enaiup_liuguang_04"},{"time":4.5,"name":"ui_enaiup_liuguang_05"},{"time":4.6,"name":"ui_enaiup_liuguang_06"},{"time":4.7,"name":"ui_enaiup_liuguang_07"},{"time":4.8,"name":"ui_enaiup_liuguang_08"},{"time":4.8666,"name":"ui_enaiup_liuguang_08"},{"time":4.9,"name":null}]},"ui_enaiup_liuguang_10":{"attachment":[{"time":0,"name":null},{"time":0.1333,"name":"ui_enaiup_liuguang_00"},{"time":0.2333,"name":"ui_enaiup_liuguang_01"},{"time":0.3333,"name":"ui_enaiup_liuguang_02"},{"time":0.4333,"name":"ui_enaiup_liuguang_03"},{"time":0.5333,"name":"ui_enaiup_liuguang_04"},{"time":0.6333,"name":"ui_enaiup_liuguang_05"},{"time":0.7333,"name":"ui_enaiup_liuguang_06"},{"time":0.8333,"name":"ui_enaiup_liuguang_07"},{"time":0.9333,"name":"ui_enaiup_liuguang_08"},{"time":1,"name":"ui_enaiup_liuguang_08"},{"time":1.0333,"name":null},{"time":1.5666,"name":"ui_enaiup_liuguang_00"},{"time":1.6666,"name":"ui_enaiup_liuguang_01"},{"time":1.7666,"name":"ui_enaiup_liuguang_02"},{"time":1.8666,"name":"ui_enaiup_liuguang_03"},{"time":1.9666,"name":"ui_enaiup_liuguang_04"},{"time":2.0666,"name":"ui_enaiup_liuguang_05"},{"time":2.1666,"name":"ui_enaiup_liuguang_06"},{"time":2.2666,"name":"ui_enaiup_liuguang_07"},{"time":2.3666,"name":"ui_enaiup_liuguang_08"},{"time":2.4333,"name":"ui_enaiup_liuguang_08"},{"time":2.4666,"name":null},{"time":2.6666,"name":"ui_enaiup_liuguang_00"},{"time":2.7666,"name":"ui_enaiup_liuguang_01"},{"time":2.8666,"name":"ui_enaiup_liuguang_02"},{"time":2.9666,"name":"ui_enaiup_liuguang_03"},{"time":3.0666,"name":"ui_enaiup_liuguang_04"},{"time":3.1666,"name":"ui_enaiup_liuguang_05"},{"time":3.2666,"name":"ui_enaiup_liuguang_06"},{"time":3.3666,"name":"ui_enaiup_liuguang_07"},{"time":3.4666,"name":"ui_enaiup_liuguang_08"},{"time":3.5333,"name":"ui_enaiup_liuguang_08"},{"time":3.5666,"name":null},{"time":4.1,"name":"ui_enaiup_liuguang_00"},{"time":4.2,"name":"ui_enaiup_liuguang_01"},{"time":4.3,"name":"ui_enaiup_liuguang_02"},{"time":4.4,"name":"ui_enaiup_liuguang_03"},{"time":4.5,"name":"ui_enaiup_liuguang_04"},{"time":4.6,"name":"ui_enaiup_liuguang_05"},{"time":4.7,"name":"ui_enaiup_liuguang_06"},{"time":4.8,"name":"ui_enaiup_liuguang_07"},{"time":4.9,"name":"ui_enaiup_liuguang_08"},{"time":4.9666,"name":"ui_enaiup_liuguang_08"},{"time":5,"name":null}]},"ui_lvlup_bg2_01_00":{"color":[{"time":0,"color":"ffffffff"}]},"ui_lvlup_bg_00":{"color":[{"time":0,"color":"ffffffff"}]},"ui_lvlup_duandai_00":{"color":[{"time":0,"color":"ffffff00"}]},"ui_lvlup_duandai_01":{"color":[{"time":0,"color":"ffffffff"}]},"ui_lvlup_wing":{"color":[{"time":0,"color":"ffffffff"}]},"ui_lvlup_wing2":{"color":[{"time":0,"color":"ffffffff"}]}},"bones":{"ui_lvlup_duandai":{"scale":[{"time":0,"x":1,"y":1}]},"ui_lvlup_bg2":{"rotate":[{"time":0,"angle":0},{"time":1.6666,"angle":-120},{"time":3.3333,"angle":120},{"time":5,"angle":0}],"scale":[{"time":0,"x":1,"y":1}]},"ui_lvlup_bg":{"scale":[{"time":0,"x":1,"y":1}]},"ui_lvlup_wing":{"rotate":[{"time":0,"angle":0,"curve":[0.25,0,0.75,1]},{"time":2.5,"angle":355,"curve":[0.25,0,0.75,1]},{"time":5,"angle":0}],"translate":[{"time":0,"x":0,"y":0}],"scale":[{"time":0,"x":1,"y":1}]},"bone4":{"rotate":[{"time":0,"angle":0,"curve":[0.25,0,0.75,1]},{"time":1.1666,"angle":1.37,"curve":[0.25,0,0.75,1]},{"time":3.8333,"angle":-1.9,"curve":[0.25,0,0.75,1]},{"time":5,"angle":0}]},"bone3":{"rotate":[{"time":0,"angle":0,"curve":[0.25,0,0.75,1]},{"time":1.1666,"angle":1.37,"curve":[0.25,0,0.75,1]},{"time":3.8333,"angle":-1.9,"curve":[0.25,0,0.75,1]},{"time":5,"angle":0}]},"bone2":{"rotate":[{"time":0,"angle":0,"curve":[0.25,0,0.75,1]},{"time":1.1666,"angle":1.37,"curve":[0.25,0,0.75,1]},{"time":3.8333,"angle":-1.9,"curve":[0.25,0,0.75,1]},{"time":5,"angle":0}]},"bone":{"rotate":[{"time":0,"angle":0,"curve":[0.25,0,0.75,1]},{"time":1.1666,"angle":1.37,"curve":[0.25,0,0.75,1]},{"time":3.8333,"angle":-1.9,"curve":[0.25,0,0.75,1]},{"time":5,"angle":0}]},"ui_lvlup_wing2":{"rotate":[{"time":0,"angle":0.82,"curve":[0.25,0,0.75,1]},{"time":2.5,"angle":5.82,"curve":[0.25,0,0.75,1]},{"time":5,"angle":0.82}],"translate":[{"time":0,"x":0,"y":0}],"scale":[{"time":0,"x":1,"y":1}]},"bone5":{"rotate":[{"time":0,"angle":-0.42,"curve":[0.25,0,0.75,1]},{"time":1.1666,"angle":-1.8,"curve":[0.25,0,0.75,1]},{"time":3.8333,"angle":1.72,"curve":[0.25,0,0.75,1]},{"time":5,"angle":-0.42}]},"bone6":{"rotate":[{"time":0,"angle":-0.42,"curve":[0.25,0,0.75,1]},{"time":1.1666,"angle":-1.8,"curve":[0.25,0,0.75,1]},{"time":3.8333,"angle":1.72,"curve":[0.25,0,0.75,1]},{"time":5,"angle":-0.42}]},"bone7":{"rotate":[{"time":0,"angle":-0.42,"curve":[0.25,0,0.75,1]},{"time":1.1666,"angle":-1.8,"curve":[0.25,0,0.75,1]},{"time":3.8333,"angle":1.72,"curve":[0.25,0,0.75,1]},{"time":5,"angle":-0.42}]},"bone8":{"rotate":[{"time":0,"angle":-1.68,"curve":[0.25,0,0.75,1]},{"time":1.1666,"angle":-3.06,"curve":[0.25,0,0.75,1]},{"time":3.8333,"angle":0.46,"curve":[0.25,0,0.75,1]},{"time":5,"angle":-1.68}]},"ui_chengjiu_text":{"translate":[{"time":0,"x":0,"y":0}]},"ui_chengjiu_star4":{"rotate":[{"time":0,"angle":134.53,"curve":"stepped"},{"time":1.0666,"angle":134.53},{"time":2.4,"angle":-28.78}],"scale":[{"time":0,"x":0.414,"y":0.414,"curve":"stepped"},{"time":1.0666,"x":0.414,"y":0.414},{"time":1.7333,"x":1,"y":1},{"time":2.4,"x":0.317,"y":0.317}]},"ui_chengjiu_star3":{"rotate":[{"time":0,"angle":-36.05},{"time":1.3333,"angle":160.62}],"scale":[{"time":0,"x":0.414,"y":0.414},{"time":0.6666,"x":1,"y":1},{"time":1.3333,"x":0.317,"y":0.317}]},"ui_chengjiu_star2":{"rotate":[{"time":0,"angle":118.67,"curve":"stepped"},{"time":3.2333,"angle":118.67},{"time":4.5666,"angle":-44.64}],"scale":[{"time":0,"x":0.414,"y":0.414,"curve":"stepped"},{"time":3.2333,"x":0.414,"y":0.414},{"time":3.9,"x":1,"y":1},{"time":4.5666,"x":0.317,"y":0.317}]},"ui_chengjiu_star":{"rotate":[{"time":0,"angle":-27.38,"curve":"stepped"},{"time":2.3666,"angle":-27.38},{"time":3.7,"angle":169.3}],"scale":[{"time":0,"x":0.414,"y":0.414,"curve":"stepped"},{"time":2.3666,"x":0.414,"y":0.414},{"time":3.0333,"x":1,"y":1},{"time":3.7,"x":0.317,"y":0.317}]}}}}}