{"skeleton":{"hash":"Bh4XUFQu0H50RXCyRoMSugWfU8U","spine":"2.1.27","width":426,"height":229.29,"images":""},"bones":[{"name":"root"},{"name":"text","parent":"root"},{"name":"text_tisheng","parent":"root"},{"name":"ui_lvlup_bg","parent":"root","length":36.65,"scaleX":1.897,"scaleY":1.897},{"name":"ui_lvlup_bg2","parent":"root","length":16.42,"scaleX":1.897,"scaleY":1.897},{"name":"ui_lvlup_duandai","parent":"root","length":88.41},{"name":"wing","parent":"root"},{"name":"tisheng","parent":"text_tisheng","length":33.49,"y":-41.05},{"name":"tisheng2","parent":"text_tisheng","length":16.43,"y":-41.05,"scaleX":2.5,"scaleY":2.5},{"name":"ui_lvlup_text","parent":"text","length":72,"y":32},{"name":"ui_lvlup_textB","parent":"text","length":31.58,"x":0.63,"y":32,"scaleX":2.041,"scaleY":2.041},{"name":"ui_lvlup_wing","parent":"wing","length":38.94,"x":37.54,"y":59.59,"rotation":-0.45},{"name":"ui_lvlup_wing2","parent":"wing","length":38.94,"x":-38.27,"y":59.59,"scaleX":-1,"rotation":-0.45},{"name":"bone","parent":"ui_lvlup_wing","length":33.46,"x":37.76,"y":-0.3,"rotation":9.38},{"name":"bone5","parent":"ui_lvlup_wing2","length":33.46,"x":37.76,"y":-0.3,"rotation":-9.9},{"name":"bone2","parent":"bone","length":31.77,"x":33.46,"y":0.11,"rotation":12.96},{"name":"bone6","parent":"bone5","length":31.77,"x":33.46,"y":0.11,"rotation":-11.46},{"name":"bone3","parent":"bone2","length":29.29,"x":31.99,"y":0.49,"rotation":12.43},{"name":"bone7","parent":"bone6","length":29.29,"x":31.99,"y":0.49,"rotation":-10.9},{"name":"bone4","parent":"bone3","length":38.8,"x":29.29,"rotation":9.82},{"name":"bone8","parent":"bone7","length":38.8,"x":29.29,"rotation":-12.42}],"slots":[{"name":"ui_lvlup_bg_00","bone":"ui_lvlup_bg","attachment":"ui_lvlup_bg_00"},{"name":"ui_lvlup_bg2_01_00","bone":"ui_lvlup_bg2","attachment":"ui_lvlup_bg2_01_00"},{"name":"ui_lvlup_wing","bone":"ui_lvlup_wing","attachment":"ui_lvlup_wing"},{"name":"ui_lvlup_wing2","bone":"ui_lvlup_wing2","attachment":"ui_lvlup_wing"},{"name":"ui_lvlup_duandai_01","bone":"ui_lvlup_duandai","attachment":"ui_lvlup_duandai_01"},{"name":"ui_lvlup_duandai_00","bone":"ui_lvlup_duandai","attachment":"ui_lvlup_duandai_00"},{"name":"ui_lvlup_text","bone":"ui_lvlup_text","attachment":"ui_lvlup_textB_01_01"},{"name":"ui_lvlup_textB","bone":"ui_lvlup_textB","attachment":"ui_lvlup_textB_01_00"},{"name":"common_icon_tisheng","bone":"tisheng","attachment":"common_icon_tisheng"},{"name":"ui_tisheng_text","bone":"tisheng2","attachment":"ui_tisheng_text"}],"skins":{"default":{"common_icon_tisheng":{"common_icon_tisheng":{"width":118,"height":66}},"ui_lvlup_bg2_01_00":{"ui_lvlup_bg2_01_00":{"width":96,"height":96}},"ui_lvlup_bg_00":{"ui_lvlup_bg_00":{"width":97,"height":97}},"ui_lvlup_duandai_00":{"ui_lvlup_duandai_00":{"width":426,"height":127}},"ui_lvlup_duandai_01":{"ui_lvlup_duandai_01":{"width":426,"height":127}},"ui_lvlup_text":{"common_icon_jingjitisheng":{"width":282,"height":115},"common_icon_pwspwdj":{"width":282,"height":115},"common_icon_shidedtisheng":{"width":282,"height":115},"ui_lvlup_textB_01_01":{"width":282,"height":115},"ui_xingongneng_text_01_01":{"width":282,"height":115}},"ui_lvlup_textB":{"ui_jingji_text":{"x":0.31,"y":-0.62,"scaleX":1.27,"scaleY":1.2,"width":110,"height":45},"ui_lvlup_textB_01_00":{"scaleX":1.233,"scaleY":1.233,"width":110,"height":45},"ui_paiwei_text":{"x":0.31,"y":-0.62,"scaleX":1.27,"scaleY":1.2,"width":110,"height":45},"ui_shide_text":{"x":0.31,"y":-0.62,"scaleX":1.27,"scaleY":1.195,"width":110,"height":45},"ui_xingongneng_text_01_00":{"scaleX":1.236,"scaleY":1.236,"width":110,"height":45}},"ui_lvlup_wing":{"ui_lvlup_wing":{"type":"skinnedmesh","uvs":[1,0.1883,1,0.41447,1,1,0.68266,1,0.53844,1,0.43683,1,0.30244,1,0.191,1,0,1,0,0.83239,0,0.70947,0,0.48822,0,0.34564,0,0,0.72527,0,0.84655,0,1,0,0.11561,0.26205,0.22705,0.20797,0.34505,0.15389,0.46961,0.11947,0.58761,0.08506,0.94816,0.65047,0.87933,0.82255,0.79083,0.90614,0.08939,0.9258],"triangles":[22,1,2,14,22,21,14,1,22,0,1,14,14,15,0,15,16,0,21,20,14,14,20,13,3,24,2,24,23,2,23,22,2,19,20,24,24,20,22,22,20,21,23,24,22,3,4,24,24,4,19,19,4,5,5,18,19,5,6,18,8,25,7,6,7,25,25,18,6,8,9,25,11,17,18,10,18,25,25,9,10,18,10,11,11,12,17,12,13,17,17,13,18,18,13,19,19,13,20],"vertices":[3,11,169.99,54.96,0,17,78.51,-9.32,8.6E-4,19,46.91,-17.58,0.99913,4,11,170.19,27.82,0,15,100.55,-16.87999,0.01908,17,63.21,-31.74,0.18519,19,28,-37.06,0.79572,4,11,170.72,-42.43,0,15,74.35,-82.08,0.25883,17,23.58,-89.76,0.54759,19,-20.93,-87.47,0.19356,4,13,67.9,-54.32,0.10733,15,21.35,-60.78,0.53133,17,-23.58,-57.54,0.32196,19,-61.91,-47.68,0.03936,5,11,87.64,-43.05,0.01265,13,42.26,-50.29,0.35748,15,-2.73,-51.09,0.52481,17,-45.02,-42.9,0.10271,19,-80.54,-29.59,0.00232,4,11,69.35,-43.19,0.08493,13,24.19,-47.45,0.56804,15,-19.7,-44.27,0.32563,17,-60.12,-32.59,0.02138,3,11,45.16,-43.37,0.39267,13,0.29,-43.69,0.52758,15,-42.14,-35.25,0.07972,3,11,25.1,-43.52,0.73848,13,-19.51,-40.58,0.25294,15,-60.76,-27.77,0.00856,2,11,-9.27,-43.78,0.98181,13,-53.48,-35.24,0.01818,2,11,-9.42,-23.67,0.99574,13,-50.35,-15.37,0.00425,1,11,-9.53,-8.92,1,3,11,-9.72999,17.62,0.98464,13,-43.94,25.42,0.01314,17,-90.42,62.46,0.0022,4,11,-9.85999,34.73,0.92338,13,-41.28,42.32,0.06516,15,-63.37,57.9,0.0011,17,-80.76999,76.58999,0.01033,4,11,-10.17,76.21,0.8084,13,-34.84999,83.29,0.14977,15,-47.91,96.38,0.01205,17,-57.37,110.85,0.02976,5,11,120.37,77.18,0.00139,13,94.11,63.02,0.0151,15,73.22,47.7,0.01538,17,50.42,37.22,0.15391,19,27.17,33.07,0.8142,3,13,115.68,59.63,6.7E-4,17,68.44999,24.9,0.0071,19,42.83,17.86,0.99221,2,15,119.1,29.26,2.0E-5,19,62.65,-1.37,0.99997,4,11,10.87,44.92,0.80367,13,-19.17,49,0.15274,15,-40.32,59.44,0.01668,17,-57.92,73.14,0.02688,5,11,30.88,51.56,0.51364,13,1.64,52.29,0.29556,15,-19.29,57.98,0.09507,17,-37.7,67.19,0.08885,19,-54.55,77.62999,0.00686,5,11,52.07,58.21,0.30857,13,23.63,55.41,0.30297,15,2.83,56.09,0.17537,17,-16.5,60.57,0.17705,19,-34.79,67.49,0.03599,5,11,74.46,62.5,0.09155,13,46.42,56.01,0.18063,15,25.17,51.56,0.20708,17,4.33,51.33,0.34932,19,-15.83,54.84,0.17138,5,11,95.67,66.79,0.01777,13,68.05,56.79,0.06543,15,46.42,47.47,0.10212,17,24.2,42.76,0.40271,19,2.28,43,0.41194,4,11,161.07,-0.56,0,15,81.33,-39.68,0.1696,17,39.53,-49.86,0.50984,19,1.58,-50.87,0.32054,5,11,148.84,-21.3,0,13,106.18,-38.78,0.00224,15,62.14,-54.22,0.24895,17,17.65,-59.92,0.53363,19,-21.68,-57.06,0.21516,5,11,132.98,-31.45,0,13,88.89,-46.22,0.02444,15,43.62,-57.59,0.38487,17,-1.15,-59.22,0.47853,19,-40.09999,-53.16,0.11214,2,11,6.75,-34.75999,0.92471,13,-36.2,-28.95,0.07528],"hull":17,"edges":[24,26,26,28,28,30,30,32,0,32,0,2,2,4,4,6,6,8,8,10,10,12,12,14,14,16,16,18,18,20,20,22,22,24,48,40],"width":180,"height":120}},"ui_lvlup_wing2":{"ui_lvlup_wing":{"type":"skinnedmesh","uvs":[1,0.1883,1,0.41447,1,1,0.68266,1,0.53844,1,0.43683,1,0.30244,1,0.191,1,0,1,0,0.83239,0,0.70947,0,0.48822,0,0.34564,0,0,0.72527,0,0.84655,0,1,0,0.11561,0.26205,0.22705,0.20797,0.34505,0.15389,0.46961,0.11947,0.58761,0.08506,0.94816,0.65047,0.87933,0.82255,0.79083,0.90614,0.08939,0.9258],"triangles":[22,1,2,14,22,21,14,1,22,0,1,14,14,15,0,15,16,0,21,20,14,14,20,13,3,24,2,24,23,2,23,22,2,19,20,24,24,20,22,22,20,21,23,24,22,3,4,24,24,4,19,19,4,5,5,18,19,5,6,18,8,25,7,6,7,25,25,18,6,8,9,25,11,17,18,10,18,25,25,9,10,18,10,11,11,12,17,12,13,17,17,13,18,18,13,19,19,13,20],"vertices":[3,12,169.99,54.96,0,18,78.51,-9.32,8.6E-4,20,46.91,-17.58,0.99913,4,12,170.19,27.82,0,16,100.55,-16.87999,0.01908,18,63.21,-31.74,0.18519,20,28,-37.06,0.79572,4,12,170.72,-42.43,0,16,74.35,-82.08,0.25883,18,23.58,-89.76,0.54759,20,-20.93,-87.47,0.19356,4,14,67.9,-54.32,0.10733,16,21.35,-60.78,0.53133,18,-23.58,-57.54,0.32196,20,-61.91,-47.68,0.03936,5,12,87.64,-43.05,0.01265,14,42.26,-50.29,0.35748,16,-2.73,-51.09,0.52481,18,-45.02,-42.9,0.10271,20,-80.54,-29.59,0.00232,4,12,69.35,-43.19,0.08493,14,24.19,-47.45,0.56804,16,-19.7,-44.27,0.32563,18,-60.12,-32.59,0.02138,3,12,45.16,-43.37,0.39267,14,0.29,-43.69,0.52758,16,-42.14,-35.25,0.07972,3,12,25.1,-43.52,0.73848,14,-19.51,-40.58,0.25294,16,-60.76,-27.77,0.00856,2,12,-9.27,-43.78,0.98181,14,-53.48,-35.24,0.01818,2,12,-9.42,-23.67,0.99574,14,-50.35,-15.37,0.00425,1,12,-9.53,-8.92,1,3,12,-9.72999,17.62,0.98464,14,-43.94,25.42,0.01314,18,-90.42,62.46,0.0022,4,12,-9.85999,34.73,0.92338,14,-41.28,42.32,0.06516,16,-63.37,57.9,0.0011,18,-80.76999,76.58999,0.01033,4,12,-10.17,76.21,0.8084,14,-34.84999,83.29,0.14977,16,-47.91,96.38,0.01205,18,-57.37,110.85,0.02976,5,12,120.37,77.18,0.00139,14,94.11,63.02,0.0151,16,73.22,47.7,0.01538,18,50.42,37.22,0.15391,20,27.17,33.07,0.8142,3,14,115.68,59.63,6.7E-4,18,68.44999,24.9,0.0071,20,42.83,17.86,0.99221,2,16,119.1,29.26,2.0E-5,20,62.65,-1.37,0.99997,4,12,10.87,44.92,0.80367,14,-19.17,49,0.15274,16,-40.32,59.44,0.01668,18,-57.92,73.14,0.02688,5,12,30.88,51.56,0.51364,14,1.64,52.29,0.29556,16,-19.29,57.98,0.09507,18,-37.7,67.19,0.08885,20,-54.55,77.62999,0.00686,5,12,52.07,58.21,0.30857,14,23.63,55.41,0.30297,16,2.83,56.09,0.17537,18,-16.5,60.57,0.17705,20,-34.79,67.49,0.03599,5,12,74.46,62.5,0.09155,14,46.42,56.01,0.18063,16,25.17,51.56,0.20708,18,4.33,51.33,0.34932,20,-15.83,54.84,0.17138,5,12,95.67,66.79,0.01777,14,68.05,56.79,0.06543,16,46.42,47.47,0.10212,18,24.2,42.76,0.40271,20,2.28,43,0.41194,4,12,161.07,-0.56,0,16,81.33,-39.68,0.1696,18,39.53,-49.86,0.50984,20,1.58,-50.87,0.32054,5,12,148.84,-21.3,0,14,106.18,-38.78,0.00224,16,62.14,-54.22,0.24895,18,17.65,-59.92,0.53363,20,-21.68,-57.06,0.21516,5,12,132.98,-31.45,0,14,88.89,-46.22,0.02444,16,43.62,-57.59,0.38487,18,-1.15,-59.22,0.47853,20,-40.09999,-53.16,0.11214,2,12,6.75,-34.75999,0.92471,14,-36.2,-28.95,0.07528],"hull":17,"edges":[24,26,26,28,28,30,30,32,0,32,0,2,2,4,4,6,6,8,8,10,10,12,12,14,14,16,16,18,18,20,20,22,22,24,48,40],"width":180,"height":120}},"ui_tisheng_text":{"ui_tisheng_text":{"x":0.17,"scaleX":0.83,"scaleY":0.83,"width":56,"height":32}}}},"animations":{"jingji":{"slots":{"common_icon_tisheng":{"color":[{"time":0,"color":"ffffff00","curve":"stepped"},{"time":0.7333,"color":"ffffff00"},{"time":0.7666,"color":"ffffffff","curve":"stepped"},{"time":0.8333,"color":"ffffffff"}]},"ui_lvlup_bg2_01_00":{"color":[{"time":0,"color":"ffffff00"},{"time":0.1666,"color":"ffffffff"}]},"ui_lvlup_bg_00":{"color":[{"time":0,"color":"ffffff00"},{"time":0.1666,"color":"ffffffff"}]},"ui_lvlup_duandai_00":{"color":[{"time":0,"color":"ffffff00"},{"time":0.1666,"color":"ffffffff","curve":"stepped"},{"time":0.4333,"color":"ffffffff"},{"time":0.5666,"color":"ffffff00"}]},"ui_lvlup_duandai_01":{"color":[{"time":0,"color":"ffffff00","curve":"stepped"},{"time":0.1,"color":"ffffff00"},{"time":0.2666,"color":"ffffffff"}]},"ui_lvlup_text":{"attachment":[{"time":0,"name":"common_icon_jingjitisheng"}],"color":[{"time":0,"color":"ffffff00","curve":"stepped"},{"time":0.6333,"color":"ffffff00"},{"time":0.6666,"color":"ffffffff"}]},"ui_lvlup_textB":{"attachment":[{"time":0,"name":"ui_jingji_text"}],"color":[{"time":0,"color":"ffffff00","curve":"stepped"},{"time":0.4333,"color":"ffffff00"},{"time":0.6333,"color":"ffffffff"},{"time":0.7666,"color":"ffffff00"}]},"ui_lvlup_wing":{"color":[{"time":0,"color":"ffffff00","curve":"stepped"},{"time":0.3333,"color":"ffffff00"},{"time":0.4666,"color":"ffffffff"}]},"ui_lvlup_wing2":{"color":[{"time":0,"color":"ffffff00","curve":"stepped"},{"time":0.3333,"color":"ffffff00"},{"time":0.4666,"color":"ffffffff"}]},"ui_tisheng_text":{"color":[{"time":0,"color":"ffffff00","curve":"stepped"},{"time":0.6333,"color":"ffffff00"},{"time":0.7666,"color":"ffffffff"},{"time":0.8333,"color":"ffffff00"}]}},"bones":{"ui_lvlup_duandai":{"scale":[{"time":0,"x":0.164,"y":1,"curve":[0.25,0,0.75,1]},{"time":0.4333,"x":1,"y":1}]},"ui_lvlup_bg2":{"rotate":[{"time":0,"angle":60},{"time":0.8333,"angle":0}],"scale":[{"time":0,"x":0.361,"y":0.361,"curve":[0.25,0,0.75,1]},{"time":0.8333,"x":1,"y":1}]},"ui_lvlup_bg":{"scale":[{"time":0,"x":0.361,"y":0.361,"curve":[0.25,0,0.75,1]},{"time":0.8333,"x":1,"y":1}]},"text":{"scale":[{"time":0,"x":1.636,"y":1.636,"curve":"stepped"},{"time":0.4333,"x":1.636,"y":1.636},{"time":0.6333,"x":0.911,"y":0.911},{"time":0.7666,"x":1,"y":1}]},"ui_lvlup_wing":{"rotate":[{"time":0,"angle":-19.46,"curve":"stepped"},{"time":0.3333,"angle":-19.46},{"time":0.6333,"angle":14.67},{"time":0.7666,"angle":0,"curve":"stepped"},{"time":0.8333,"angle":0}],"translate":[{"time":0,"x":-17.85,"y":-24.19,"curve":"stepped"},{"time":0.3333,"x":-17.85,"y":-24.19,"curve":[0.25,0,0.75,1]},{"time":0.7666,"x":0,"y":0}],"scale":[{"time":0,"x":0.533,"y":0.533,"curve":"stepped"},{"time":0.3333,"x":0.533,"y":0.533,"curve":[0.25,0,0.75,1]},{"time":0.6333,"x":1,"y":1}]},"bone4":{"rotate":[{"time":0,"angle":-20.12,"curve":"stepped"},{"time":0.5,"angle":-20.12},{"time":0.7333,"angle":1.44},{"time":0.8333,"angle":0}]},"bone3":{"rotate":[{"time":0,"angle":-16.96,"curve":"stepped"},{"time":0.5,"angle":-16.96},{"time":0.7333,"angle":1.44},{"time":0.8333,"angle":0}]},"bone2":{"rotate":[{"time":0,"angle":-12.76,"curve":"stepped"},{"time":0.5,"angle":-12.76},{"time":0.7333,"angle":1.44},{"time":0.8333,"angle":0}]},"bone":{"rotate":[{"time":0,"angle":-8.18,"curve":"stepped"},{"time":0.5,"angle":-8.18},{"time":0.7333,"angle":1.44},{"time":0.8333,"angle":0}]},"ui_lvlup_wing2":{"rotate":[{"time":0,"angle":20.45,"curve":"stepped"},{"time":0.3333,"angle":20.45},{"time":0.5,"angle":1.47},{"time":0.6333,"angle":-12.15},{"time":0.7666,"angle":0.82,"curve":"stepped"},{"time":0.8333,"angle":0.82}],"translate":[{"time":0,"x":20,"y":-24.71,"curve":"stepped"},{"time":0.3333,"x":20,"y":-24.71},{"time":0.7666,"x":0,"y":0}],"scale":[{"time":0,"x":0.533,"y":0.533,"curve":"stepped"},{"time":0.3333,"x":0.533,"y":0.533,"curve":[0.25,0,0.75,1]},{"time":0.6333,"x":1,"y":1}]},"bone5":{"rotate":[{"time":0,"angle":8.3,"curve":"stepped"},{"time":0.5,"angle":8.3},{"time":0.7333,"angle":-1.75},{"time":0.8333,"angle":-0.42}]},"bone6":{"rotate":[{"time":0,"angle":11.35},{"time":0.5,"angle":10.99},{"time":0.7333,"angle":-4.4},{"time":0.8333,"angle":-0.42}]},"bone7":{"rotate":[{"time":0,"angle":19.31,"curve":"stepped"},{"time":0.5,"angle":19.31},{"time":0.7333,"angle":-0.74},{"time":0.8333,"angle":-0.42}]},"bone8":{"rotate":[{"time":0,"angle":-20.12},{"time":0.5,"angle":20.18},{"time":0.7333,"angle":-3.3},{"time":0.8333,"angle":-1.68}]},"text_tisheng":{"translate":[{"time":0.6333,"x":0,"y":-31.24,"curve":[0.25,0,0.75,1]},{"time":0.7666,"x":0,"y":11.24,"curve":[0.25,0,0.75,1]},{"time":0.8333,"x":0,"y":0}],"scale":[{"time":0.6333,"x":0.561,"y":0.561,"curve":[0.25,0,0.75,1]},{"time":0.7666,"x":1.07,"y":1.07,"curve":[0.25,0,0.75,1]},{"time":0.8333,"x":1,"y":1}]}}},"jingji_chixu":{"slots":{"common_icon_tisheng":{"attachment":[{"time":0,"name":"common_icon_tisheng"}]},"ui_lvlup_bg2_01_00":{"color":[{"time":0,"color":"ffffffff"}]},"ui_lvlup_bg_00":{"color":[{"time":0,"color":"ffffffff"}]},"ui_lvlup_duandai_00":{"color":[{"time":0,"color":"ffffff00"}]},"ui_lvlup_duandai_01":{"color":[{"time":0,"color":"ffffffff"}]},"ui_lvlup_text":{"attachment":[{"time":0,"name":"common_icon_jingjitisheng"}],"color":[{"time":0,"color":"ffffffff"}]},"ui_lvlup_textB":{"attachment":[{"time":0,"name":null}],"color":[{"time":0,"color":"ffffff00"}]},"ui_lvlup_wing":{"color":[{"time":0,"color":"ffffffff"}]},"ui_lvlup_wing2":{"color":[{"time":0,"color":"ffffffff"}]},"ui_tisheng_text":{"attachment":[{"time":0,"name":null}]}},"bones":{"ui_lvlup_duandai":{"scale":[{"time":0,"x":1,"y":1}]},"ui_lvlup_bg2":{"rotate":[{"time":0,"angle":0},{"time":1.6666,"angle":-120},{"time":3.3333,"angle":120},{"time":5,"angle":0}],"scale":[{"time":0,"x":1,"y":1}]},"ui_lvlup_bg":{"scale":[{"time":0,"x":1,"y":1}]},"text":{"scale":[{"time":0,"x":1,"y":1}]},"ui_lvlup_wing":{"rotate":[{"time":0,"angle":0,"curve":[0.25,0,0.75,1]},{"time":2.5,"angle":355,"curve":[0.25,0,0.75,1]},{"time":5,"angle":0}],"translate":[{"time":0,"x":0,"y":0}],"scale":[{"time":0,"x":1,"y":1}]},"bone4":{"rotate":[{"time":0,"angle":0,"curve":[0.25,0,0.75,1]},{"time":1.1666,"angle":1.37,"curve":[0.25,0,0.75,1]},{"time":3.8333,"angle":-1.9,"curve":[0.25,0,0.75,1]},{"time":5,"angle":0}]},"bone3":{"rotate":[{"time":0,"angle":0,"curve":[0.25,0,0.75,1]},{"time":1.1666,"angle":1.37,"curve":[0.25,0,0.75,1]},{"time":3.8333,"angle":-1.9,"curve":[0.25,0,0.75,1]},{"time":5,"angle":0}]},"bone2":{"rotate":[{"time":0,"angle":0,"curve":[0.25,0,0.75,1]},{"time":1.1666,"angle":1.37,"curve":[0.25,0,0.75,1]},{"time":3.8333,"angle":-1.9,"curve":[0.25,0,0.75,1]},{"time":5,"angle":0}]},"bone":{"rotate":[{"time":0,"angle":0,"curve":[0.25,0,0.75,1]},{"time":1.1666,"angle":1.37,"curve":[0.25,0,0.75,1]},{"time":3.8333,"angle":-1.9,"curve":[0.25,0,0.75,1]},{"time":5,"angle":0}]},"ui_lvlup_wing2":{"rotate":[{"time":0,"angle":0.82,"curve":[0.25,0,0.75,1]},{"time":2.5,"angle":5.82,"curve":[0.25,0,0.75,1]},{"time":5,"angle":0.82}],"translate":[{"time":0,"x":0,"y":0}],"scale":[{"time":0,"x":1,"y":1}]},"bone5":{"rotate":[{"time":0,"angle":-0.42,"curve":[0.25,0,0.75,1]},{"time":1.1666,"angle":-1.8,"curve":[0.25,0,0.75,1]},{"time":3.8333,"angle":1.72,"curve":[0.25,0,0.75,1]},{"time":5,"angle":-0.42}]},"bone6":{"rotate":[{"time":0,"angle":-0.42,"curve":[0.25,0,0.75,1]},{"time":1.1666,"angle":-1.8,"curve":[0.25,0,0.75,1]},{"time":3.8333,"angle":1.72,"curve":[0.25,0,0.75,1]},{"time":5,"angle":-0.42}]},"bone7":{"rotate":[{"time":0,"angle":-0.42,"curve":[0.25,0,0.75,1]},{"time":1.1666,"angle":-1.8,"curve":[0.25,0,0.75,1]},{"time":3.8333,"angle":1.72,"curve":[0.25,0,0.75,1]},{"time":5,"angle":-0.42}]},"bone8":{"rotate":[{"time":0,"angle":-1.68,"curve":[0.25,0,0.75,1]},{"time":1.1666,"angle":-3.06,"curve":[0.25,0,0.75,1]},{"time":3.8333,"angle":0.46,"curve":[0.25,0,0.75,1]},{"time":5,"angle":-1.68}]}}},"paiwei":{"slots":{"common_icon_tisheng":{"color":[{"time":0,"color":"ffffff00","curve":"stepped"},{"time":0.7333,"color":"ffffff00"},{"time":0.7666,"color":"ffffffff","curve":"stepped"},{"time":0.8333,"color":"ffffffff"}]},"ui_lvlup_bg2_01_00":{"color":[{"time":0,"color":"ffffff00"},{"time":0.1666,"color":"ffffffff"}]},"ui_lvlup_bg_00":{"color":[{"time":0,"color":"ffffff00"},{"time":0.1666,"color":"ffffffff"}]},"ui_lvlup_duandai_00":{"color":[{"time":0,"color":"ffffff00"},{"time":0.1666,"color":"ffffffff","curve":"stepped"},{"time":0.4333,"color":"ffffffff"},{"time":0.5666,"color":"ffffff00"}]},"ui_lvlup_duandai_01":{"color":[{"time":0,"color":"ffffff00","curve":"stepped"},{"time":0.1,"color":"ffffff00"},{"time":0.2666,"color":"ffffffff"}]},"ui_lvlup_text":{"attachment":[{"time":0,"name":"common_icon_pwspwdj"}],"color":[{"time":0,"color":"ffffff00","curve":"stepped"},{"time":0.6333,"color":"ffffff00"},{"time":0.6666,"color":"ffffffff"}]},"ui_lvlup_textB":{"attachment":[{"time":0,"name":"ui_paiwei_text"}],"color":[{"time":0,"color":"ffffff00","curve":"stepped"},{"time":0.4333,"color":"ffffff00"},{"time":0.6333,"color":"ffffffff"},{"time":0.7666,"color":"ffffff00"}]},"ui_lvlup_wing":{"color":[{"time":0,"color":"ffffff00","curve":"stepped"},{"time":0.3333,"color":"ffffff00"},{"time":0.4666,"color":"ffffffff"}]},"ui_lvlup_wing2":{"color":[{"time":0,"color":"ffffff00","curve":"stepped"},{"time":0.3333,"color":"ffffff00"},{"time":0.4666,"color":"ffffffff"}]},"ui_tisheng_text":{"color":[{"time":0,"color":"ffffff00","curve":"stepped"},{"time":0.6333,"color":"ffffff00"},{"time":0.7666,"color":"ffffffff"},{"time":0.8333,"color":"ffffff00"}]}},"bones":{"ui_lvlup_duandai":{"scale":[{"time":0,"x":0.164,"y":1,"curve":[0.25,0,0.75,1]},{"time":0.4333,"x":1,"y":1}]},"ui_lvlup_bg2":{"rotate":[{"time":0,"angle":60},{"time":0.8333,"angle":0}],"scale":[{"time":0,"x":0.361,"y":0.361,"curve":[0.25,0,0.75,1]},{"time":0.8333,"x":1,"y":1}]},"ui_lvlup_bg":{"scale":[{"time":0,"x":0.361,"y":0.361,"curve":[0.25,0,0.75,1]},{"time":0.8333,"x":1,"y":1}]},"text":{"scale":[{"time":0,"x":1.636,"y":1.636,"curve":"stepped"},{"time":0.4333,"x":1.636,"y":1.636},{"time":0.6333,"x":0.911,"y":0.911},{"time":0.7666,"x":1,"y":1}]},"ui_lvlup_wing":{"rotate":[{"time":0,"angle":-19.46,"curve":"stepped"},{"time":0.3333,"angle":-19.46},{"time":0.6333,"angle":14.67},{"time":0.7666,"angle":0,"curve":"stepped"},{"time":0.8333,"angle":0}],"translate":[{"time":0,"x":-17.85,"y":-24.19,"curve":"stepped"},{"time":0.3333,"x":-17.85,"y":-24.19,"curve":[0.25,0,0.75,1]},{"time":0.7666,"x":0,"y":0}],"scale":[{"time":0,"x":0.533,"y":0.533,"curve":"stepped"},{"time":0.3333,"x":0.533,"y":0.533,"curve":[0.25,0,0.75,1]},{"time":0.6333,"x":1,"y":1}]},"bone4":{"rotate":[{"time":0,"angle":-20.12,"curve":"stepped"},{"time":0.5,"angle":-20.12},{"time":0.7333,"angle":1.44},{"time":0.8333,"angle":0}]},"bone3":{"rotate":[{"time":0,"angle":-16.96,"curve":"stepped"},{"time":0.5,"angle":-16.96},{"time":0.7333,"angle":1.44},{"time":0.8333,"angle":0}]},"bone2":{"rotate":[{"time":0,"angle":-12.76,"curve":"stepped"},{"time":0.5,"angle":-12.76},{"time":0.7333,"angle":1.44},{"time":0.8333,"angle":0}]},"bone":{"rotate":[{"time":0,"angle":-8.18,"curve":"stepped"},{"time":0.5,"angle":-8.18},{"time":0.7333,"angle":1.44},{"time":0.8333,"angle":0}]},"ui_lvlup_wing2":{"rotate":[{"time":0,"angle":20.45,"curve":"stepped"},{"time":0.3333,"angle":20.45},{"time":0.5,"angle":1.47},{"time":0.6333,"angle":-12.15},{"time":0.7666,"angle":0.82,"curve":"stepped"},{"time":0.8333,"angle":0.82}],"translate":[{"time":0,"x":20,"y":-24.71,"curve":"stepped"},{"time":0.3333,"x":20,"y":-24.71},{"time":0.7666,"x":0,"y":0}],"scale":[{"time":0,"x":0.533,"y":0.533,"curve":"stepped"},{"time":0.3333,"x":0.533,"y":0.533,"curve":[0.25,0,0.75,1]},{"time":0.6333,"x":1,"y":1}]},"bone5":{"rotate":[{"time":0,"angle":8.3,"curve":"stepped"},{"time":0.5,"angle":8.3},{"time":0.7333,"angle":-1.75},{"time":0.8333,"angle":-0.42}]},"bone6":{"rotate":[{"time":0,"angle":11.35},{"time":0.5,"angle":10.99},{"time":0.7333,"angle":-4.4},{"time":0.8333,"angle":-0.42}]},"bone7":{"rotate":[{"time":0,"angle":19.31,"curve":"stepped"},{"time":0.5,"angle":19.31},{"time":0.7333,"angle":-0.74},{"time":0.8333,"angle":-0.42}]},"bone8":{"rotate":[{"time":0,"angle":-20.12},{"time":0.5,"angle":20.18},{"time":0.7333,"angle":-3.3},{"time":0.8333,"angle":-1.68}]},"text_tisheng":{"translate":[{"time":0.6333,"x":0,"y":-31.24,"curve":[0.25,0,0.75,1]},{"time":0.7666,"x":0,"y":11.24,"curve":[0.25,0,0.75,1]},{"time":0.8333,"x":0,"y":0}],"scale":[{"time":0.6333,"x":0.561,"y":0.561,"curve":[0.25,0,0.75,1]},{"time":0.7666,"x":1.07,"y":1.07,"curve":[0.25,0,0.75,1]},{"time":0.8333,"x":1,"y":1}]}}},"paiwei_chixu":{"slots":{"common_icon_tisheng":{"attachment":[{"time":0,"name":"common_icon_tisheng"}]},"ui_lvlup_bg2_01_00":{"color":[{"time":0,"color":"ffffffff"}]},"ui_lvlup_bg_00":{"color":[{"time":0,"color":"ffffffff"}]},"ui_lvlup_duandai_00":{"color":[{"time":0,"color":"ffffff00"}]},"ui_lvlup_duandai_01":{"color":[{"time":0,"color":"ffffffff"}]},"ui_lvlup_text":{"attachment":[{"time":0,"name":"common_icon_pwspwdj"}],"color":[{"time":0,"color":"ffffffff"}]},"ui_lvlup_textB":{"attachment":[{"time":0,"name":null}],"color":[{"time":0,"color":"ffffff00"}]},"ui_lvlup_wing":{"color":[{"time":0,"color":"ffffffff"}]},"ui_lvlup_wing2":{"color":[{"time":0,"color":"ffffffff"}]},"ui_tisheng_text":{"attachment":[{"time":0,"name":null}]}},"bones":{"ui_lvlup_duandai":{"scale":[{"time":0,"x":1,"y":1}]},"ui_lvlup_bg2":{"rotate":[{"time":0,"angle":0},{"time":1.6666,"angle":-120},{"time":3.3333,"angle":120},{"time":5,"angle":0}],"scale":[{"time":0,"x":1,"y":1}]},"ui_lvlup_bg":{"scale":[{"time":0,"x":1,"y":1}]},"text":{"scale":[{"time":0,"x":1,"y":1}]},"ui_lvlup_wing":{"rotate":[{"time":0,"angle":0,"curve":[0.25,0,0.75,1]},{"time":2.5,"angle":355,"curve":[0.25,0,0.75,1]},{"time":5,"angle":0}],"translate":[{"time":0,"x":0,"y":0}],"scale":[{"time":0,"x":1,"y":1}]},"bone4":{"rotate":[{"time":0,"angle":0,"curve":[0.25,0,0.75,1]},{"time":1.1666,"angle":1.37,"curve":[0.25,0,0.75,1]},{"time":3.8333,"angle":-1.9,"curve":[0.25,0,0.75,1]},{"time":5,"angle":0}]},"bone3":{"rotate":[{"time":0,"angle":0,"curve":[0.25,0,0.75,1]},{"time":1.1666,"angle":1.37,"curve":[0.25,0,0.75,1]},{"time":3.8333,"angle":-1.9,"curve":[0.25,0,0.75,1]},{"time":5,"angle":0}]},"bone2":{"rotate":[{"time":0,"angle":0,"curve":[0.25,0,0.75,1]},{"time":1.1666,"angle":1.37,"curve":[0.25,0,0.75,1]},{"time":3.8333,"angle":-1.9,"curve":[0.25,0,0.75,1]},{"time":5,"angle":0}]},"bone":{"rotate":[{"time":0,"angle":0,"curve":[0.25,0,0.75,1]},{"time":1.1666,"angle":1.37,"curve":[0.25,0,0.75,1]},{"time":3.8333,"angle":-1.9,"curve":[0.25,0,0.75,1]},{"time":5,"angle":0}]},"ui_lvlup_wing2":{"rotate":[{"time":0,"angle":0.82,"curve":[0.25,0,0.75,1]},{"time":2.5,"angle":5.82,"curve":[0.25,0,0.75,1]},{"time":5,"angle":0.82}],"translate":[{"time":0,"x":0,"y":0}],"scale":[{"time":0,"x":1,"y":1}]},"bone5":{"rotate":[{"time":0,"angle":-0.42,"curve":[0.25,0,0.75,1]},{"time":1.1666,"angle":-1.8,"curve":[0.25,0,0.75,1]},{"time":3.8333,"angle":1.72,"curve":[0.25,0,0.75,1]},{"time":5,"angle":-0.42}]},"bone6":{"rotate":[{"time":0,"angle":-0.42,"curve":[0.25,0,0.75,1]},{"time":1.1666,"angle":-1.8,"curve":[0.25,0,0.75,1]},{"time":3.8333,"angle":1.72,"curve":[0.25,0,0.75,1]},{"time":5,"angle":-0.42}]},"bone7":{"rotate":[{"time":0,"angle":-0.42,"curve":[0.25,0,0.75,1]},{"time":1.1666,"angle":-1.8,"curve":[0.25,0,0.75,1]},{"time":3.8333,"angle":1.72,"curve":[0.25,0,0.75,1]},{"time":5,"angle":-0.42}]},"bone8":{"rotate":[{"time":0,"angle":-1.68,"curve":[0.25,0,0.75,1]},{"time":1.1666,"angle":-3.06,"curve":[0.25,0,0.75,1]},{"time":3.8333,"angle":0.46,"curve":[0.25,0,0.75,1]},{"time":5,"angle":-1.68}]}}},"shengji":{"slots":{"common_icon_tisheng":{"attachment":[{"time":0,"name":null}]},"ui_lvlup_bg2_01_00":{"color":[{"time":0,"color":"ffffff00"},{"time":0.1666,"color":"ffffffff"}]},"ui_lvlup_bg_00":{"color":[{"time":0,"color":"ffffff00"},{"time":0.1666,"color":"ffffffff"}]},"ui_lvlup_duandai_00":{"color":[{"time":0,"color":"ffffff00"},{"time":0.1666,"color":"ffffffff","curve":"stepped"},{"time":0.4333,"color":"ffffffff"},{"time":0.5666,"color":"ffffff00"}]},"ui_lvlup_duandai_01":{"color":[{"time":0,"color":"ffffff00","curve":"stepped"},{"time":0.1,"color":"ffffff00"},{"time":0.2666,"color":"ffffffff"}]},"ui_lvlup_text":{"attachment":[{"time":0,"name":"ui_lvlup_textB_01_01"}],"color":[{"time":0,"color":"ffffff00","curve":"stepped"},{"time":0.6333,"color":"ffffff00"},{"time":0.6666,"color":"ffffffff"}]},"ui_lvlup_textB":{"attachment":[{"time":0,"name":"ui_lvlup_textB_01_00"}],"color":[{"time":0,"color":"ffffff00","curve":"stepped"},{"time":0.4333,"color":"ffffff00"},{"time":0.6333,"color":"ffffffff"},{"time":0.7666,"color":"ffffff00"}]},"ui_lvlup_wing":{"color":[{"time":0,"color":"ffffff00","curve":"stepped"},{"time":0.3333,"color":"ffffff00"},{"time":0.4666,"color":"ffffffff"}]},"ui_lvlup_wing2":{"color":[{"time":0,"color":"ffffff00","curve":"stepped"},{"time":0.3333,"color":"ffffff00"},{"time":0.4666,"color":"ffffffff"}]},"ui_tisheng_text":{"attachment":[{"time":0,"name":null}]}},"bones":{"ui_lvlup_duandai":{"scale":[{"time":0,"x":0.164,"y":1,"curve":[0.25,0,0.75,1]},{"time":0.4333,"x":1,"y":1}]},"ui_lvlup_bg2":{"rotate":[{"time":0,"angle":60},{"time":0.8333,"angle":0}],"scale":[{"time":0,"x":0.361,"y":0.361,"curve":[0.25,0,0.75,1]},{"time":0.8333,"x":1,"y":1}]},"ui_lvlup_bg":{"scale":[{"time":0,"x":0.361,"y":0.361,"curve":[0.25,0,0.75,1]},{"time":0.8333,"x":1,"y":1}]},"text":{"scale":[{"time":0,"x":1.636,"y":1.636,"curve":"stepped"},{"time":0.4333,"x":1.636,"y":1.636},{"time":0.6333,"x":0.911,"y":0.911},{"time":0.7666,"x":1,"y":1}]},"ui_lvlup_wing":{"rotate":[{"time":0,"angle":-19.46,"curve":"stepped"},{"time":0.3333,"angle":-19.46},{"time":0.6333,"angle":14.67},{"time":0.7666,"angle":0,"curve":"stepped"},{"time":0.8333,"angle":0}],"translate":[{"time":0,"x":-17.85,"y":-24.19,"curve":"stepped"},{"time":0.3333,"x":-17.85,"y":-24.19,"curve":[0.25,0,0.75,1]},{"time":0.7666,"x":0,"y":0}],"scale":[{"time":0,"x":0.533,"y":0.533,"curve":"stepped"},{"time":0.3333,"x":0.533,"y":0.533,"curve":[0.25,0,0.75,1]},{"time":0.6333,"x":1,"y":1}]},"bone4":{"rotate":[{"time":0,"angle":-20.12,"curve":"stepped"},{"time":0.5,"angle":-20.12},{"time":0.7333,"angle":1.44},{"time":0.8333,"angle":0}]},"bone3":{"rotate":[{"time":0,"angle":-16.96,"curve":"stepped"},{"time":0.5,"angle":-16.96},{"time":0.7333,"angle":1.44},{"time":0.8333,"angle":0}]},"bone2":{"rotate":[{"time":0,"angle":-12.76,"curve":"stepped"},{"time":0.5,"angle":-12.76},{"time":0.7333,"angle":1.44},{"time":0.8333,"angle":0}]},"bone":{"rotate":[{"time":0,"angle":-8.18,"curve":"stepped"},{"time":0.5,"angle":-8.18},{"time":0.7333,"angle":1.44},{"time":0.8333,"angle":0}]},"ui_lvlup_wing2":{"rotate":[{"time":0,"angle":20.45,"curve":"stepped"},{"time":0.3333,"angle":20.45},{"time":0.5,"angle":1.47},{"time":0.6333,"angle":-12.15},{"time":0.7666,"angle":0.82,"curve":"stepped"},{"time":0.8333,"angle":0.82}],"translate":[{"time":0,"x":20,"y":-24.71,"curve":"stepped"},{"time":0.3333,"x":20,"y":-24.71},{"time":0.7666,"x":0,"y":0}],"scale":[{"time":0,"x":0.533,"y":0.533,"curve":"stepped"},{"time":0.3333,"x":0.533,"y":0.533,"curve":[0.25,0,0.75,1]},{"time":0.6333,"x":1,"y":1}]},"bone5":{"rotate":[{"time":0,"angle":8.3,"curve":"stepped"},{"time":0.5,"angle":8.3},{"time":0.7333,"angle":-1.75},{"time":0.8333,"angle":-0.42}]},"bone6":{"rotate":[{"time":0,"angle":11.35},{"time":0.5,"angle":10.99},{"time":0.7333,"angle":-4.4},{"time":0.8333,"angle":-0.42}]},"bone7":{"rotate":[{"time":0,"angle":19.31,"curve":"stepped"},{"time":0.5,"angle":19.31},{"time":0.7333,"angle":-0.74},{"time":0.8333,"angle":-0.42}]},"bone8":{"rotate":[{"time":0,"angle":-20.12},{"time":0.5,"angle":20.18},{"time":0.7333,"angle":-3.3},{"time":0.8333,"angle":-1.68}]}}},"shengji_chixu":{"slots":{"common_icon_tisheng":{"attachment":[{"time":0,"name":null}]},"ui_lvlup_bg2_01_00":{"color":[{"time":0,"color":"ffffffff"}]},"ui_lvlup_bg_00":{"color":[{"time":0,"color":"ffffffff"}]},"ui_lvlup_duandai_00":{"color":[{"time":0,"color":"ffffff00"}]},"ui_lvlup_duandai_01":{"color":[{"time":0,"color":"ffffffff"}]},"ui_lvlup_text":{"attachment":[{"time":0,"name":"ui_lvlup_textB_01_01"}],"color":[{"time":0,"color":"ffffffff"}]},"ui_lvlup_textB":{"attachment":[{"time":0,"name":null}],"color":[{"time":0,"color":"ffffff00"}]},"ui_lvlup_wing":{"color":[{"time":0,"color":"ffffffff"}]},"ui_lvlup_wing2":{"color":[{"time":0,"color":"ffffffff"}]},"ui_tisheng_text":{"attachment":[{"time":0,"name":null}]}},"bones":{"ui_lvlup_duandai":{"scale":[{"time":0,"x":1,"y":1}]},"ui_lvlup_bg2":{"rotate":[{"time":0,"angle":0},{"time":1.6666,"angle":-120},{"time":3.3333,"angle":120},{"time":5,"angle":0}],"scale":[{"time":0,"x":1,"y":1}]},"ui_lvlup_bg":{"scale":[{"time":0,"x":1,"y":1}]},"text":{"scale":[{"time":0,"x":1,"y":1}]},"ui_lvlup_wing":{"rotate":[{"time":0,"angle":0,"curve":[0.25,0,0.75,1]},{"time":2.5,"angle":355,"curve":[0.25,0,0.75,1]},{"time":5,"angle":0}],"translate":[{"time":0,"x":0,"y":0}],"scale":[{"time":0,"x":1,"y":1}]},"bone4":{"rotate":[{"time":0,"angle":0,"curve":[0.25,0,0.75,1]},{"time":1.1666,"angle":1.37,"curve":[0.25,0,0.75,1]},{"time":3.8333,"angle":-1.9,"curve":[0.25,0,0.75,1]},{"time":5,"angle":0}]},"bone3":{"rotate":[{"time":0,"angle":0,"curve":[0.25,0,0.75,1]},{"time":1.1666,"angle":1.37,"curve":[0.25,0,0.75,1]},{"time":3.8333,"angle":-1.9,"curve":[0.25,0,0.75,1]},{"time":5,"angle":0}]},"bone2":{"rotate":[{"time":0,"angle":0,"curve":[0.25,0,0.75,1]},{"time":1.1666,"angle":1.37,"curve":[0.25,0,0.75,1]},{"time":3.8333,"angle":-1.9,"curve":[0.25,0,0.75,1]},{"time":5,"angle":0}]},"bone":{"rotate":[{"time":0,"angle":0,"curve":[0.25,0,0.75,1]},{"time":1.1666,"angle":1.37,"curve":[0.25,0,0.75,1]},{"time":3.8333,"angle":-1.9,"curve":[0.25,0,0.75,1]},{"time":5,"angle":0}]},"ui_lvlup_wing2":{"rotate":[{"time":0,"angle":0.82,"curve":[0.25,0,0.75,1]},{"time":2.5,"angle":5.82,"curve":[0.25,0,0.75,1]},{"time":5,"angle":0.82}],"translate":[{"time":0,"x":0,"y":0}],"scale":[{"time":0,"x":1,"y":1}]},"bone5":{"rotate":[{"time":0,"angle":-0.42,"curve":[0.25,0,0.75,1]},{"time":1.1666,"angle":-1.8,"curve":[0.25,0,0.75,1]},{"time":3.8333,"angle":1.72,"curve":[0.25,0,0.75,1]},{"time":5,"angle":-0.42}]},"bone6":{"rotate":[{"time":0,"angle":-0.42,"curve":[0.25,0,0.75,1]},{"time":1.1666,"angle":-1.8,"curve":[0.25,0,0.75,1]},{"time":3.8333,"angle":1.72,"curve":[0.25,0,0.75,1]},{"time":5,"angle":-0.42}]},"bone7":{"rotate":[{"time":0,"angle":-0.42,"curve":[0.25,0,0.75,1]},{"time":1.1666,"angle":-1.8,"curve":[0.25,0,0.75,1]},{"time":3.8333,"angle":1.72,"curve":[0.25,0,0.75,1]},{"time":5,"angle":-0.42}]},"bone8":{"rotate":[{"time":0,"angle":-1.68,"curve":[0.25,0,0.75,1]},{"time":1.1666,"angle":-3.06,"curve":[0.25,0,0.75,1]},{"time":3.8333,"angle":0.46,"curve":[0.25,0,0.75,1]},{"time":5,"angle":-1.68}]}}},"shide":{"slots":{"common_icon_tisheng":{"color":[{"time":0,"color":"ffffff00","curve":"stepped"},{"time":0.7333,"color":"ffffff00"},{"time":0.7666,"color":"ffffffff","curve":"stepped"},{"time":0.8333,"color":"ffffffff"}]},"ui_lvlup_bg2_01_00":{"color":[{"time":0,"color":"ffffff00"},{"time":0.1666,"color":"ffffffff"}]},"ui_lvlup_bg_00":{"color":[{"time":0,"color":"ffffff00"},{"time":0.1666,"color":"ffffffff"}]},"ui_lvlup_duandai_00":{"color":[{"time":0,"color":"ffffff00"},{"time":0.1666,"color":"ffffffff","curve":"stepped"},{"time":0.4333,"color":"ffffffff"},{"time":0.5666,"color":"ffffff00"}]},"ui_lvlup_duandai_01":{"color":[{"time":0,"color":"ffffff00","curve":"stepped"},{"time":0.1,"color":"ffffff00"},{"time":0.2666,"color":"ffffffff"}]},"ui_lvlup_text":{"attachment":[{"time":0,"name":"common_icon_shidedtisheng"}],"color":[{"time":0,"color":"ffffff00","curve":"stepped"},{"time":0.6333,"color":"ffffff00"},{"time":0.6666,"color":"ffffffff"}]},"ui_lvlup_textB":{"attachment":[{"time":0,"name":"ui_shide_text"}],"color":[{"time":0,"color":"ffffff00","curve":"stepped"},{"time":0.4333,"color":"ffffff00"},{"time":0.6333,"color":"ffffffff"},{"time":0.7666,"color":"ffffff00"}]},"ui_lvlup_wing":{"color":[{"time":0,"color":"ffffff00","curve":"stepped"},{"time":0.3333,"color":"ffffff00"},{"time":0.4666,"color":"ffffffff"}]},"ui_lvlup_wing2":{"color":[{"time":0,"color":"ffffff00","curve":"stepped"},{"time":0.3333,"color":"ffffff00"},{"time":0.4666,"color":"ffffffff"}]},"ui_tisheng_text":{"color":[{"time":0,"color":"ffffff00","curve":"stepped"},{"time":0.6333,"color":"ffffff00"},{"time":0.7666,"color":"ffffffff"},{"time":0.8333,"color":"ffffff00"}]}},"bones":{"ui_lvlup_duandai":{"scale":[{"time":0,"x":0.164,"y":1,"curve":[0.25,0,0.75,1]},{"time":0.4333,"x":1,"y":1}]},"ui_lvlup_bg2":{"rotate":[{"time":0,"angle":60},{"time":0.8333,"angle":0}],"scale":[{"time":0,"x":0.361,"y":0.361,"curve":[0.25,0,0.75,1]},{"time":0.8333,"x":1,"y":1}]},"ui_lvlup_bg":{"scale":[{"time":0,"x":0.361,"y":0.361,"curve":[0.25,0,0.75,1]},{"time":0.8333,"x":1,"y":1}]},"text":{"scale":[{"time":0,"x":1.636,"y":1.636,"curve":"stepped"},{"time":0.4333,"x":1.636,"y":1.636},{"time":0.6333,"x":0.911,"y":0.911},{"time":0.7666,"x":1,"y":1}]},"ui_lvlup_wing":{"rotate":[{"time":0,"angle":-19.46,"curve":"stepped"},{"time":0.3333,"angle":-19.46},{"time":0.6333,"angle":14.67},{"time":0.7666,"angle":0,"curve":"stepped"},{"time":0.8333,"angle":0}],"translate":[{"time":0,"x":-17.85,"y":-24.19,"curve":"stepped"},{"time":0.3333,"x":-17.85,"y":-24.19,"curve":[0.25,0,0.75,1]},{"time":0.7666,"x":0,"y":0}],"scale":[{"time":0,"x":0.533,"y":0.533,"curve":"stepped"},{"time":0.3333,"x":0.533,"y":0.533,"curve":[0.25,0,0.75,1]},{"time":0.6333,"x":1,"y":1}]},"bone4":{"rotate":[{"time":0,"angle":-20.12,"curve":"stepped"},{"time":0.5,"angle":-20.12},{"time":0.7333,"angle":1.44},{"time":0.8333,"angle":0}]},"bone3":{"rotate":[{"time":0,"angle":-16.96,"curve":"stepped"},{"time":0.5,"angle":-16.96},{"time":0.7333,"angle":1.44},{"time":0.8333,"angle":0}]},"bone2":{"rotate":[{"time":0,"angle":-12.76,"curve":"stepped"},{"time":0.5,"angle":-12.76},{"time":0.7333,"angle":1.44},{"time":0.8333,"angle":0}]},"bone":{"rotate":[{"time":0,"angle":-8.18,"curve":"stepped"},{"time":0.5,"angle":-8.18},{"time":0.7333,"angle":1.44},{"time":0.8333,"angle":0}]},"ui_lvlup_wing2":{"rotate":[{"time":0,"angle":20.45,"curve":"stepped"},{"time":0.3333,"angle":20.45},{"time":0.5,"angle":1.47},{"time":0.6333,"angle":-12.15},{"time":0.7666,"angle":0.82,"curve":"stepped"},{"time":0.8333,"angle":0.82}],"translate":[{"time":0,"x":20,"y":-24.71,"curve":"stepped"},{"time":0.3333,"x":20,"y":-24.71},{"time":0.7666,"x":0,"y":0}],"scale":[{"time":0,"x":0.533,"y":0.533,"curve":"stepped"},{"time":0.3333,"x":0.533,"y":0.533,"curve":[0.25,0,0.75,1]},{"time":0.6333,"x":1,"y":1}]},"bone5":{"rotate":[{"time":0,"angle":8.3,"curve":"stepped"},{"time":0.5,"angle":8.3},{"time":0.7333,"angle":-1.75},{"time":0.8333,"angle":-0.42}]},"bone6":{"rotate":[{"time":0,"angle":11.35},{"time":0.5,"angle":10.99},{"time":0.7333,"angle":-4.4},{"time":0.8333,"angle":-0.42}]},"bone7":{"rotate":[{"time":0,"angle":19.31,"curve":"stepped"},{"time":0.5,"angle":19.31},{"time":0.7333,"angle":-0.74},{"time":0.8333,"angle":-0.42}]},"bone8":{"rotate":[{"time":0,"angle":-20.12},{"time":0.5,"angle":20.18},{"time":0.7333,"angle":-3.3},{"time":0.8333,"angle":-1.68}]},"text_tisheng":{"translate":[{"time":0.6333,"x":0,"y":-31.24,"curve":[0.25,0,0.75,1]},{"time":0.7666,"x":0,"y":11.24,"curve":[0.25,0,0.75,1]},{"time":0.8333,"x":0,"y":0}],"scale":[{"time":0.6333,"x":0.561,"y":0.561,"curve":[0.25,0,0.75,1]},{"time":0.7666,"x":1.07,"y":1.07,"curve":[0.25,0,0.75,1]},{"time":0.8333,"x":1,"y":1}]}}},"shide_chixu":{"slots":{"common_icon_tisheng":{"attachment":[{"time":0,"name":"common_icon_tisheng"}]},"ui_lvlup_bg2_01_00":{"color":[{"time":0,"color":"ffffffff"}]},"ui_lvlup_bg_00":{"color":[{"time":0,"color":"ffffffff"}]},"ui_lvlup_duandai_00":{"color":[{"time":0,"color":"ffffff00"}]},"ui_lvlup_duandai_01":{"color":[{"time":0,"color":"ffffffff"}]},"ui_lvlup_text":{"attachment":[{"time":0,"name":"common_icon_shidedtisheng"}],"color":[{"time":0,"color":"ffffffff"}]},"ui_lvlup_textB":{"attachment":[{"time":0,"name":null}],"color":[{"time":0,"color":"ffffff00"}]},"ui_lvlup_wing":{"color":[{"time":0,"color":"ffffffff"}]},"ui_lvlup_wing2":{"color":[{"time":0,"color":"ffffffff"}]},"ui_tisheng_text":{"attachment":[{"time":0,"name":null}]}},"bones":{"ui_lvlup_duandai":{"scale":[{"time":0,"x":1,"y":1}]},"ui_lvlup_bg2":{"rotate":[{"time":0,"angle":0},{"time":1.6666,"angle":-120},{"time":3.3333,"angle":120},{"time":5,"angle":0}],"scale":[{"time":0,"x":1,"y":1}]},"ui_lvlup_bg":{"scale":[{"time":0,"x":1,"y":1}]},"text":{"scale":[{"time":0,"x":1,"y":1}]},"ui_lvlup_wing":{"rotate":[{"time":0,"angle":0,"curve":[0.25,0,0.75,1]},{"time":2.5,"angle":355,"curve":[0.25,0,0.75,1]},{"time":5,"angle":0}],"translate":[{"time":0,"x":0,"y":0}],"scale":[{"time":0,"x":1,"y":1}]},"bone4":{"rotate":[{"time":0,"angle":0,"curve":[0.25,0,0.75,1]},{"time":1.1666,"angle":1.37,"curve":[0.25,0,0.75,1]},{"time":3.8333,"angle":-1.9,"curve":[0.25,0,0.75,1]},{"time":5,"angle":0}]},"bone3":{"rotate":[{"time":0,"angle":0,"curve":[0.25,0,0.75,1]},{"time":1.1666,"angle":1.37,"curve":[0.25,0,0.75,1]},{"time":3.8333,"angle":-1.9,"curve":[0.25,0,0.75,1]},{"time":5,"angle":0}]},"bone2":{"rotate":[{"time":0,"angle":0,"curve":[0.25,0,0.75,1]},{"time":1.1666,"angle":1.37,"curve":[0.25,0,0.75,1]},{"time":3.8333,"angle":-1.9,"curve":[0.25,0,0.75,1]},{"time":5,"angle":0}]},"bone":{"rotate":[{"time":0,"angle":0,"curve":[0.25,0,0.75,1]},{"time":1.1666,"angle":1.37,"curve":[0.25,0,0.75,1]},{"time":3.8333,"angle":-1.9,"curve":[0.25,0,0.75,1]},{"time":5,"angle":0}]},"ui_lvlup_wing2":{"rotate":[{"time":0,"angle":0.82,"curve":[0.25,0,0.75,1]},{"time":2.5,"angle":5.82,"curve":[0.25,0,0.75,1]},{"time":5,"angle":0.82}],"translate":[{"time":0,"x":0,"y":0}],"scale":[{"time":0,"x":1,"y":1}]},"bone5":{"rotate":[{"time":0,"angle":-0.42,"curve":[0.25,0,0.75,1]},{"time":1.1666,"angle":-1.8,"curve":[0.25,0,0.75,1]},{"time":3.8333,"angle":1.72,"curve":[0.25,0,0.75,1]},{"time":5,"angle":-0.42}]},"bone6":{"rotate":[{"time":0,"angle":-0.42,"curve":[0.25,0,0.75,1]},{"time":1.1666,"angle":-1.8,"curve":[0.25,0,0.75,1]},{"time":3.8333,"angle":1.72,"curve":[0.25,0,0.75,1]},{"time":5,"angle":-0.42}]},"bone7":{"rotate":[{"time":0,"angle":-0.42,"curve":[0.25,0,0.75,1]},{"time":1.1666,"angle":-1.8,"curve":[0.25,0,0.75,1]},{"time":3.8333,"angle":1.72,"curve":[0.25,0,0.75,1]},{"time":5,"angle":-0.42}]},"bone8":{"rotate":[{"time":0,"angle":-1.68,"curve":[0.25,0,0.75,1]},{"time":1.1666,"angle":-3.06,"curve":[0.25,0,0.75,1]},{"time":3.8333,"angle":0.46,"curve":[0.25,0,0.75,1]},{"time":5,"angle":-1.68}]}}},"xingongneng":{"slots":{"common_icon_tisheng":{"attachment":[{"time":0,"name":null}]},"ui_lvlup_bg2_01_00":{"color":[{"time":0,"color":"ffffff00"},{"time":0.1666,"color":"ffffffff"}]},"ui_lvlup_bg_00":{"color":[{"time":0,"color":"ffffff00"},{"time":0.1666,"color":"ffffffff"}]},"ui_lvlup_duandai_00":{"color":[{"time":0,"color":"ffffff00"},{"time":0.1666,"color":"ffffffff","curve":"stepped"},{"time":0.4333,"color":"ffffffff"},{"time":0.5666,"color":"ffffff00"}]},"ui_lvlup_duandai_01":{"color":[{"time":0,"color":"ffffff00","curve":"stepped"},{"time":0.1,"color":"ffffff00"},{"time":0.2666,"color":"ffffffff"}]},"ui_lvlup_text":{"attachment":[{"time":0,"name":"ui_xingongneng_text_01_01"}],"color":[{"time":0,"color":"ffffff00","curve":"stepped"},{"time":0.6333,"color":"ffffff00"},{"time":0.6666,"color":"ffffffff"}]},"ui_lvlup_textB":{"attachment":[{"time":0,"name":"ui_xingongneng_text_01_00"}],"color":[{"time":0,"color":"ffffff00","curve":"stepped"},{"time":0.4333,"color":"ffffff00"},{"time":0.6333,"color":"ffffffff"},{"time":0.7666,"color":"ffffff00"}]},"ui_lvlup_wing":{"color":[{"time":0,"color":"ffffff00","curve":"stepped"},{"time":0.3333,"color":"ffffff00"},{"time":0.4666,"color":"ffffffff"}]},"ui_lvlup_wing2":{"color":[{"time":0,"color":"ffffff00","curve":"stepped"},{"time":0.3333,"color":"ffffff00"},{"time":0.4666,"color":"ffffffff"}]},"ui_tisheng_text":{"attachment":[{"time":0,"name":null}]}},"bones":{"ui_lvlup_duandai":{"scale":[{"time":0,"x":0.164,"y":1,"curve":[0.25,0,0.75,1]},{"time":0.4333,"x":1,"y":1}]},"ui_lvlup_bg2":{"rotate":[{"time":0,"angle":60},{"time":0.8333,"angle":0}],"scale":[{"time":0,"x":0.361,"y":0.361,"curve":[0.25,0,0.75,1]},{"time":0.8333,"x":1,"y":1}]},"ui_lvlup_bg":{"scale":[{"time":0,"x":0.361,"y":0.361,"curve":[0.25,0,0.75,1]},{"time":0.8333,"x":1,"y":1}]},"text":{"scale":[{"time":0,"x":1.636,"y":1.636,"curve":"stepped"},{"time":0.4333,"x":1.636,"y":1.636},{"time":0.6333,"x":0.911,"y":0.911},{"time":0.7666,"x":1,"y":1}]},"ui_lvlup_wing":{"rotate":[{"time":0,"angle":-19.46,"curve":"stepped"},{"time":0.3333,"angle":-19.46},{"time":0.6333,"angle":14.67},{"time":0.7666,"angle":0,"curve":"stepped"},{"time":0.8333,"angle":0}],"translate":[{"time":0,"x":-17.85,"y":-24.19,"curve":"stepped"},{"time":0.3333,"x":-17.85,"y":-24.19,"curve":[0.25,0,0.75,1]},{"time":0.7666,"x":0,"y":0}],"scale":[{"time":0,"x":0.533,"y":0.533,"curve":"stepped"},{"time":0.3333,"x":0.533,"y":0.533,"curve":[0.25,0,0.75,1]},{"time":0.6333,"x":1,"y":1}]},"bone4":{"rotate":[{"time":0,"angle":-20.12,"curve":"stepped"},{"time":0.5,"angle":-20.12},{"time":0.7333,"angle":1.44},{"time":0.8333,"angle":0}]},"bone3":{"rotate":[{"time":0,"angle":-16.96,"curve":"stepped"},{"time":0.5,"angle":-16.96},{"time":0.7333,"angle":1.44},{"time":0.8333,"angle":0}]},"bone2":{"rotate":[{"time":0,"angle":-12.76,"curve":"stepped"},{"time":0.5,"angle":-12.76},{"time":0.7333,"angle":1.44},{"time":0.8333,"angle":0}]},"bone":{"rotate":[{"time":0,"angle":-8.18,"curve":"stepped"},{"time":0.5,"angle":-8.18},{"time":0.7333,"angle":1.44},{"time":0.8333,"angle":0}]},"ui_lvlup_wing2":{"rotate":[{"time":0,"angle":20.45,"curve":"stepped"},{"time":0.3333,"angle":20.45},{"time":0.5,"angle":1.47},{"time":0.6333,"angle":-12.15},{"time":0.7666,"angle":0.82,"curve":"stepped"},{"time":0.8333,"angle":0.82}],"translate":[{"time":0,"x":20,"y":-24.71,"curve":"stepped"},{"time":0.3333,"x":20,"y":-24.71},{"time":0.7666,"x":0,"y":0}],"scale":[{"time":0,"x":0.533,"y":0.533,"curve":"stepped"},{"time":0.3333,"x":0.533,"y":0.533,"curve":[0.25,0,0.75,1]},{"time":0.6333,"x":1,"y":1}]},"bone5":{"rotate":[{"time":0,"angle":8.3,"curve":"stepped"},{"time":0.5,"angle":8.3},{"time":0.7333,"angle":-1.75},{"time":0.8333,"angle":-0.42}]},"bone6":{"rotate":[{"time":0,"angle":11.35},{"time":0.5,"angle":10.99},{"time":0.7333,"angle":-4.4},{"time":0.8333,"angle":-0.42}]},"bone7":{"rotate":[{"time":0,"angle":19.31,"curve":"stepped"},{"time":0.5,"angle":19.31},{"time":0.7333,"angle":-0.74},{"time":0.8333,"angle":-0.42}]},"bone8":{"rotate":[{"time":0,"angle":-20.12},{"time":0.5,"angle":20.18},{"time":0.7333,"angle":-3.3},{"time":0.8333,"angle":-1.68}]}}},"xingongneng_chixu":{"slots":{"common_icon_tisheng":{"attachment":[{"time":0,"name":null}]},"ui_lvlup_bg2_01_00":{"color":[{"time":0,"color":"ffffffff"}]},"ui_lvlup_bg_00":{"color":[{"time":0,"color":"ffffffff"}]},"ui_lvlup_duandai_00":{"color":[{"time":0,"color":"ffffff00"}]},"ui_lvlup_duandai_01":{"color":[{"time":0,"color":"ffffffff"}]},"ui_lvlup_text":{"attachment":[{"time":0,"name":"ui_xingongneng_text_01_01"}],"color":[{"time":0,"color":"ffffffff"}]},"ui_lvlup_textB":{"attachment":[{"time":0,"name":null}],"color":[{"time":0,"color":"ffffff00"}]},"ui_lvlup_wing":{"color":[{"time":0,"color":"ffffffff"}]},"ui_lvlup_wing2":{"color":[{"time":0,"color":"ffffffff"}]},"ui_tisheng_text":{"attachment":[{"time":0,"name":null}]}},"bones":{"ui_lvlup_duandai":{"scale":[{"time":0,"x":1,"y":1}]},"ui_lvlup_bg2":{"rotate":[{"time":0,"angle":0},{"time":1.6666,"angle":-120},{"time":3.3333,"angle":120},{"time":5,"angle":0}],"scale":[{"time":0,"x":1,"y":1}]},"ui_lvlup_bg":{"scale":[{"time":0,"x":1,"y":1}]},"text":{"scale":[{"time":0,"x":1,"y":1}]},"ui_lvlup_wing":{"rotate":[{"time":0,"angle":0,"curve":[0.25,0,0.75,1]},{"time":2.5,"angle":355,"curve":[0.25,0,0.75,1]},{"time":5,"angle":0}],"translate":[{"time":0,"x":0,"y":0}],"scale":[{"time":0,"x":1,"y":1}]},"bone4":{"rotate":[{"time":0,"angle":0,"curve":[0.25,0,0.75,1]},{"time":1.1666,"angle":1.37,"curve":[0.25,0,0.75,1]},{"time":3.8333,"angle":-1.9,"curve":[0.25,0,0.75,1]},{"time":5,"angle":0}]},"bone3":{"rotate":[{"time":0,"angle":0,"curve":[0.25,0,0.75,1]},{"time":1.1666,"angle":1.37,"curve":[0.25,0,0.75,1]},{"time":3.8333,"angle":-1.9,"curve":[0.25,0,0.75,1]},{"time":5,"angle":0}]},"bone2":{"rotate":[{"time":0,"angle":0,"curve":[0.25,0,0.75,1]},{"time":1.1666,"angle":1.37,"curve":[0.25,0,0.75,1]},{"time":3.8333,"angle":-1.9,"curve":[0.25,0,0.75,1]},{"time":5,"angle":0}]},"bone":{"rotate":[{"time":0,"angle":0,"curve":[0.25,0,0.75,1]},{"time":1.1666,"angle":1.37,"curve":[0.25,0,0.75,1]},{"time":3.8333,"angle":-1.9,"curve":[0.25,0,0.75,1]},{"time":5,"angle":0}]},"ui_lvlup_wing2":{"rotate":[{"time":0,"angle":0.82,"curve":[0.25,0,0.75,1]},{"time":2.5,"angle":5.82,"curve":[0.25,0,0.75,1]},{"time":5,"angle":0.82}],"translate":[{"time":0,"x":0,"y":0}],"scale":[{"time":0,"x":1,"y":1}]},"bone5":{"rotate":[{"time":0,"angle":-0.42,"curve":[0.25,0,0.75,1]},{"time":1.1666,"angle":-1.8,"curve":[0.25,0,0.75,1]},{"time":3.8333,"angle":1.72,"curve":[0.25,0,0.75,1]},{"time":5,"angle":-0.42}]},"bone6":{"rotate":[{"time":0,"angle":-0.42,"curve":[0.25,0,0.75,1]},{"time":1.1666,"angle":-1.8,"curve":[0.25,0,0.75,1]},{"time":3.8333,"angle":1.72,"curve":[0.25,0,0.75,1]},{"time":5,"angle":-0.42}]},"bone7":{"rotate":[{"time":0,"angle":-0.42,"curve":[0.25,0,0.75,1]},{"time":1.1666,"angle":-1.8,"curve":[0.25,0,0.75,1]},{"time":3.8333,"angle":1.72,"curve":[0.25,0,0.75,1]},{"time":5,"angle":-0.42}]},"bone8":{"rotate":[{"time":0,"angle":-1.68,"curve":[0.25,0,0.75,1]},{"time":1.1666,"angle":-3.06,"curve":[0.25,0,0.75,1]},{"time":3.8333,"angle":0.46,"curve":[0.25,0,0.75,1]},{"time":5,"angle":-1.68}]}}}}}