{"skeleton":{"hash":"zIUiz3k5CZbUfpd524u6Sp7ePE8","spine":"2.1.27","width":960,"height":640,"images":""},"bones":[{"name":"root"},{"name":"commom_icon_xhjhcg","parent":"root","length":41.91},{"name":"ui_xinghun_jhcg_light_00","parent":"root","length":37.93},{"name":"ui_xinghun_jhcg_line_0","parent":"root","length":64.26,"x":43.88,"y":6.06,"scaleX":0.505,"rotation":-71.72},{"name":"ui_xinghun_jhcg_line_00","parent":"root","length":64.26,"x":-15.32,"y":27.56,"scaleX":0.963,"rotation":-20.49},{"name":"ui_xinghun_jhcg_line_1","parent":"root","length":64.26,"x":53.31,"y":-24.78,"scaleX":0.756,"scaleY":1.149,"rotation":24.65},{"name":"ui_xinghun_jhcg_line_3","parent":"root","length":64.26,"x":-16.06,"y":27.53,"scaleX":0.689,"rotation":-121.59},{"name":"ui_xinghun_jhcg_line_5","parent":"root","length":64.26,"x":-39.39,"y":-10.35,"scaleX":0.695,"rotation":-150.09},{"name":"ui_xinghun_jhcg_line_6","parent":"root","length":64.26,"x":-78.25,"y":-32.66,"scaleX":0.594,"rotation":148.06},{"name":"ui_xinghun_jhcg_point_0","parent":"root","length":10.12,"x":-77.98,"y":-31.75},{"name":"ui_xinghun_jhcg_point_00","parent":"root","length":10.12,"x":-110.67,"y":-11.2},{"name":"ui_xinghun_jhcg_point_1","parent":"root","length":10.12,"x":-40.16,"y":-9.8},{"name":"ui_xinghun_jhcg_point_2","parent":"root","length":10.12,"x":-16.81,"y":28.02},{"name":"ui_xinghun_jhcg_point_3","parent":"root","length":10.12,"x":43.43,"y":6.53},{"name":"ui_xinghun_jhcg_point_4","parent":"root","length":10.12,"x":53.7,"y":-23.81},{"name":"ui_xinghun_jhcg_point_5","parent":"root","length":10.12,"x":98.53,"y":-4.2}],"slots":[{"name":"BG","bone":"root"},{"name":"ui_xinghun_jhcg_line_00","bone":"ui_xinghun_jhcg_line_00","attachment":"ui_xinghun_jhcg_line_00","blend":"additive"},{"name":"ui_xinghun_jhcg_line_3","bone":"ui_xinghun_jhcg_line_3","attachment":"ui_xinghun_jhcg_line_00","blend":"additive"},{"name":"ui_xinghun_jhcg_line_5","bone":"ui_xinghun_jhcg_line_5","attachment":"ui_xinghun_jhcg_line_00","blend":"additive"},{"name":"ui_xinghun_jhcg_line_6","bone":"ui_xinghun_jhcg_line_6","attachment":"ui_xinghun_jhcg_line_00","blend":"additive"},{"name":"ui_xinghun_jhcg_line_0","bone":"ui_xinghun_jhcg_line_0","attachment":"ui_xinghun_jhcg_line_00","blend":"additive"},{"name":"ui_xinghun_jhcg_line_1","bone":"ui_xinghun_jhcg_line_1","attachment":"ui_xinghun_jhcg_line_00","blend":"additive"},{"name":"ui_xinghun_jhcg_point_00","bone":"ui_xinghun_jhcg_point_00","attachment":"ui_xinghun_jhcg_point_00","blend":"additive"},{"name":"ui_xinghun_jhcg_point_0","bone":"ui_xinghun_jhcg_point_0","attachment":"ui_xinghun_jhcg_point_00","blend":"additive"},{"name":"ui_xinghun_jhcg_point_1","bone":"ui_xinghun_jhcg_point_1","attachment":"ui_xinghun_jhcg_point_00","blend":"additive"},{"name":"ui_xinghun_jhcg_point_2","bone":"ui_xinghun_jhcg_point_2","attachment":"ui_xinghun_jhcg_point_00","blend":"additive"},{"name":"ui_xinghun_jhcg_point_3","bone":"ui_xinghun_jhcg_point_3","attachment":"ui_xinghun_jhcg_point_00","blend":"additive"},{"name":"ui_xinghun_jhcg_point_4","bone":"ui_xinghun_jhcg_point_4","attachment":"ui_xinghun_jhcg_point_00","blend":"additive"},{"name":"ui_xinghun_jhcg_point_5","bone":"ui_xinghun_jhcg_point_5","attachment":"ui_xinghun_jhcg_point_00","blend":"additive"},{"name":"commom_icon_xhjhcg","bone":"commom_icon_xhjhcg","attachment":"commom_icon_xhjhcg"},{"name":"ui_xinghun_jhcg_light_00","bone":"ui_xinghun_jhcg_light_00","attachment":"ui_xinghun_jhcg_light_00","blend":"additive"}],"skins":{"default":{"commom_icon_xhjhcg":{"commom_icon_xhjhcg":{"width":317,"height":49}},"ui_xinghun_jhcg_light_00":{"ui_xinghun_jhcg_light_00":{"width":275,"height":75}},"ui_xinghun_jhcg_line_0":{"ui_xinghun_jhcg_line_00":{"x":32.02,"y":-0.16,"width":78,"height":20}},"ui_xinghun_jhcg_line_00":{"ui_xinghun_jhcg_line_00":{"x":32.02,"y":-0.16,"width":78,"height":20}},"ui_xinghun_jhcg_line_1":{"ui_xinghun_jhcg_line_00":{"x":32.02,"y":-0.16,"width":78,"height":20}},"ui_xinghun_jhcg_line_3":{"ui_xinghun_jhcg_line_00":{"x":32.02,"y":-0.16,"width":78,"height":20}},"ui_xinghun_jhcg_line_5":{"ui_xinghun_jhcg_line_00":{"x":32.02,"y":-0.16,"width":78,"height":20}},"ui_xinghun_jhcg_line_6":{"ui_xinghun_jhcg_line_00":{"x":32.02,"y":-0.16,"width":78,"height":20}},"ui_xinghun_jhcg_point_0":{"ui_xinghun_jhcg_point_00":{"width":50,"height":50}},"ui_xinghun_jhcg_point_00":{"ui_xinghun_jhcg_point_00":{"width":50,"height":50}},"ui_xinghun_jhcg_point_1":{"ui_xinghun_jhcg_point_00":{"width":50,"height":50}},"ui_xinghun_jhcg_point_2":{"ui_xinghun_jhcg_point_00":{"width":50,"height":50}},"ui_xinghun_jhcg_point_3":{"ui_xinghun_jhcg_point_00":{"width":50,"height":50}},"ui_xinghun_jhcg_point_4":{"ui_xinghun_jhcg_point_00":{"width":50,"height":50}},"ui_xinghun_jhcg_point_5":{"ui_xinghun_jhcg_point_00":{"width":50,"height":50}}}},"animations":{"effect":{"slots":{"commom_icon_xhjhcg":{"color":[{"time":0,"color":"ffffff00","curve":"stepped"},{"time":0.3,"color":"ffffff00"},{"time":0.4,"color":"ffffffff"}]},"ui_xinghun_jhcg_light_00":{"color":[{"time":0,"color":"ffffff00","curve":"stepped"},{"time":0.3,"color":"ffffff00"},{"time":0.4,"color":"ffffffff"},{"time":0.6,"color":"ffffff00"}]},"ui_xinghun_jhcg_line_00":{"color":[{"time":0,"color":"ffffff00"},{"time":0.0666,"color":"ffffffff"}]},"ui_xinghun_jhcg_line_0":{"color":[{"time":0,"color":"ffffff00","curve":"stepped"},{"time":0.1333,"color":"ffffff00"},{"time":0.2,"color":"ffffffff"}]},"ui_xinghun_jhcg_line_1":{"color":[{"time":0,"color":"ffffff00","curve":"stepped"},{"time":0.2333,"color":"ffffff00"},{"time":0.3,"color":"ffffffff"}]},"ui_xinghun_jhcg_line_3":{"color":[{"time":0,"color":"ffffff00"},{"time":0.0666,"color":"ffffffff"}]},"ui_xinghun_jhcg_line_5":{"color":[{"time":0,"color":"ffffff00","curve":"stepped"},{"time":0.1,"color":"ffffff00"},{"time":0.1666,"color":"ffffffff"}]},"ui_xinghun_jhcg_line_6":{"color":[{"time":0,"color":"ffffff00","curve":"stepped"},{"time":0.2333,"color":"ffffff00"},{"time":0.3,"color":"ffffffff"}]},"ui_xinghun_jhcg_point_00":{"color":[{"time":0,"color":"ffffff00","curve":"stepped"},{"time":0.3333,"color":"ffffff00"},{"time":0.4333,"color":"ffffffff"}]},"ui_xinghun_jhcg_point_0":{"color":[{"time":0,"color":"ffffff00","curve":"stepped"},{"time":0.2333,"color":"ffffff00"},{"time":0.3333,"color":"ffffffff"}]},"ui_xinghun_jhcg_point_1":{"color":[{"time":0,"color":"ffffff00","curve":"stepped"},{"time":0.1,"color":"ffffff00"},{"time":0.2,"color":"ffffffff"}]},"ui_xinghun_jhcg_point_2":{"color":[{"time":0,"color":"ffffff00"},{"time":0.1,"color":"ffffffff"}]},"ui_xinghun_jhcg_point_3":{"color":[{"time":0,"color":"ffffff00","curve":"stepped"},{"time":0.1333,"color":"ffffff00"},{"time":0.2333,"color":"ffffffff"}]},"ui_xinghun_jhcg_point_4":{"color":[{"time":0,"color":"ffffff00","curve":"stepped"},{"time":0.2333,"color":"ffffff00"},{"time":0.3333,"color":"ffffffff"}]},"ui_xinghun_jhcg_point_5":{"color":[{"time":0,"color":"ffffff00","curve":"stepped"},{"time":0.3666,"color":"ffffff00"},{"time":0.4666,"color":"ffffffff"}]}},"bones":{"ui_xinghun_jhcg_line_00":{"scale":[{"time":0,"x":0.172,"y":0.784},{"time":0.1333,"x":1,"y":1}]},"ui_xinghun_jhcg_line_1":{"scale":[{"time":0,"x":0.172,"y":0.776,"curve":"stepped"},{"time":0.2333,"x":0.172,"y":0.776},{"time":0.3666,"x":1,"y":1}]},"ui_xinghun_jhcg_line_6":{"scale":[{"time":0,"x":0.172,"y":0.784,"curve":"stepped"},{"time":0.2333,"x":0.172,"y":0.784},{"time":0.3333,"x":1,"y":1}]},"ui_xinghun_jhcg_line_5":{"scale":[{"time":0,"x":0.172,"y":0.784,"curve":"stepped"},{"time":0.1,"x":0.172,"y":0.784},{"time":0.2333,"x":1,"y":1}]},"ui_xinghun_jhcg_line_3":{"scale":[{"time":0,"x":0.172,"y":0.784},{"time":0.1,"x":1,"y":1}]},"ui_xinghun_jhcg_line_0":{"scale":[{"time":0,"x":0.172,"y":0.784,"curve":"stepped"},{"time":0.1333,"x":0.172,"y":0.784},{"time":0.2333,"x":1,"y":1}]},"ui_xinghun_jhcg_point_5":{"scale":[{"time":0,"x":0.218,"y":0.218,"curve":"stepped"},{"time":0.3666,"x":0.218,"y":0.218},{"time":0.6,"x":1,"y":1}]},"ui_xinghun_jhcg_point_4":{"scale":[{"time":0,"x":0.218,"y":0.218,"curve":"stepped"},{"time":0.2333,"x":0.218,"y":0.218},{"time":0.4666,"x":1,"y":1}]},"ui_xinghun_jhcg_point_3":{"scale":[{"time":0,"x":0.218,"y":0.218,"curve":"stepped"},{"time":0.1333,"x":0.218,"y":0.218},{"time":0.3666,"x":1,"y":1}]},"ui_xinghun_jhcg_point_2":{"scale":[{"time":0,"x":0.218,"y":0.218},{"time":0.2333,"x":1,"y":1}]},"ui_xinghun_jhcg_point_1":{"scale":[{"time":0,"x":0.218,"y":0.218,"curve":"stepped"},{"time":0.1,"x":0.218,"y":0.218},{"time":0.3333,"x":1,"y":1}]},"ui_xinghun_jhcg_point_00":{"scale":[{"time":0,"x":0.218,"y":0.218,"curve":"stepped"},{"time":0.3333,"x":0.218,"y":0.218},{"time":0.5666,"x":1,"y":1}]},"ui_xinghun_jhcg_point_0":{"scale":[{"time":0,"x":0.218,"y":0.218,"curve":"stepped"},{"time":0.2333,"x":0.218,"y":0.218},{"time":0.4666,"x":1,"y":1}]},"commom_icon_xhjhcg":{"scale":[{"time":0,"x":0.902,"y":0.902,"curve":"stepped"},{"time":0.3,"x":0.902,"y":0.902},{"time":0.4333,"x":1.043,"y":1.043},{"time":0.4666,"x":1,"y":1}]},"ui_xinghun_jhcg_light_00":{"scale":[{"time":0,"x":0.902,"y":0.902,"curve":"stepped"},{"time":0.3,"x":0.902,"y":0.902},{"time":0.4333,"x":1.043,"y":1.043},{"time":0.4666,"x":1,"y":1}]}}}}}