{
"skeleton": { "hash": "7LhRSj7ttDQJguqZ71kjuGmR18o", "spine": "2.1.27", "width": 319.99, "height": 306.99, "images": "" },
"bones": [
	{ "name": "root" },
	{ "name": "zhaocaimao_body", "parent": "root", "length": 277.51, "x": 0.97, "y": 5.41, "rotation": 86.82 },
	{ "name": "zhaocaimao_arm", "parent": "zhaocaimao_body", "length": 25.79, "x": 156.29, "y": -127.37, "rotation": -23.19 },
	{ "name": "bone", "parent": "zhaocaimao_arm", "length": 23.61, "x": 25.72, "y": -0.06, "rotation": 23.58 },
	{ "name": "zhaocaimao_arm1", "parent": "zhaocaimao_arm", "length": 29.85, "x": -17.31, "y": -1.61, "rotation": -4.95 },
	{ "name": "zhaocaimao_hand", "parent": "bone", "length": 43.64, "x": 21.52, "y": 7.29, "rotation": 8.06 },
	{ "name": "zhaocaimao_zhuaxian", "parent": "zhaocaimao_hand", "length": 16.89, "x": 18.39, "y": -3.05 }
],
"slots": [
	{ "name": "zhaocaimao_arm1", "bone": "zhaocaimao_arm1", "attachment": "zhaocaimao_arm1" },
	{ "name": "zhaocaimao_body", "bone": "zhaocaimao_body", "attachment": "zhaocaimao_body" },
	{ "name": "zhaocaimao_arm", "bone": "zhaocaimao_arm", "attachment": "zhaocaimao_arm" },
	{ "name": "zhaocaimao_hand", "bone": "zhaocaimao_hand", "attachment": "zhaocaimao_hand" },
	{ "name": "zhaocaimao_zhuaxian", "bone": "zhaocaimao_zhuaxian", "attachment": "zhaocaimao_zhuaxian" }
],
"skins": {
	"default": {
		"zhaocaimao_arm": {
			"zhaocaimao_arm": {
				"type": "skinnedmesh",
				"uvs": [ 0, 0.27306, 0, 0, 0.50867, 0, 1, 0, 1, 0.2665, 1, 0.43393, 0.86137, 0.81148, 0.72029, 1, 0.3817, 1, 0.11835, 0.83117, 0, 0.54227, 0.203, 0.14174, 0.49926, 0.15487, 0.87548, 0.15159, 0.24532, 0.30589, 0.52748, 0.35514, 0.82375, 0.35185, 0.203, 0.48974, 0.5557, 0.55212, 0.80964, 0.60136, 0.22651, 0.66046, 0.50397, 0.73268, 0.72029, 0.76223, 0.37699, 0.85087, 0.61213, 0.89355, 0.37438, 0.27688, 0.35946, 0.44526, 0.35946, 0.57198, 0.3346, 0.69696, 0.27244, 0.77507, 0.51114, 0.85492, 0.70757, 0.59975, 0.72498, 0.44873, 0.70757, 0.28382, 0.71254, 0.14669, 0.32963, 0.09982, 0.0959, 0.13454, 0.11579, 0.27341 ],
				"triangles": [ 19, 16, 5, 19, 32, 16, 18, 15, 32, 10, 0, 37, 17, 37, 14, 15, 33, 32, 32, 33, 16, 26, 25, 15, 26, 14, 25, 16, 4, 5, 25, 12, 15, 15, 12, 33, 16, 33, 13, 16, 13, 4, 13, 33, 34, 25, 14, 11, 33, 12, 34, 14, 37, 11, 11, 35, 25, 25, 35, 12, 0, 36, 37, 37, 36, 11, 0, 1, 36, 13, 3, 4, 12, 2, 34, 12, 35, 2, 13, 34, 3, 34, 2, 3, 35, 11, 1, 11, 36, 1, 35, 1, 2, 7, 8, 24, 8, 30, 24, 24, 22, 7, 7, 22, 6, 8, 9, 23, 9, 29, 23, 8, 23, 30, 22, 24, 21, 23, 21, 30, 24, 30, 21, 29, 28, 23, 23, 28, 21, 9, 20, 29, 9, 10, 20, 22, 19, 6, 6, 19, 5, 29, 20, 28, 21, 31, 22, 22, 31, 19, 28, 27, 21, 21, 18, 31, 21, 27, 18, 28, 20, 27, 10, 17, 20, 20, 17, 27, 31, 32, 19, 31, 18, 32, 17, 26, 27, 27, 26, 18, 26, 15, 18, 10, 37, 17, 17, 14, 26 ],
				"vertices": [ 2, 2, 25.07, 23.72, 0.24844, 3, 8.91, 22.06, 0.75155, 2, 2, 38.03, 30.15, 0.02153, 3, 23.37, 22.77, 0.97846, 1, 3, 24.29, 3.97, 1, 1, 3, 25.18, -14.17, 1, 2, 2, 41.82, -9.26, 0.02803, 3, 11.07, -14.87, 0.97196, 2, 2, 33.87, -13.2, 0.26167, 3, 2.21, -15.3, 0.73832, 2, 2, 13.67, -17.5, 0.98249, 3, -18.01, -11.16, 0.0175, 1, 2, 2.4, -17.26, 1, 2, 2, -3.16, -6.04, 0.99999, 3, -28.86, 6.07, 0, 1, 2, 0.52, 6.66, 1, 2, 2, 12.29, 17.37999, 0.79261, 3, -5.33, 21.36, 0.20738, 2, 2, 34.64, 20.08, 0.05181, 3, 16.23, 14.9, 0.94818, 2, 2, 38.88, 9.96, 0.0072, 3, 16.07, 3.92, 0.99279, 1, 3, 16.93, -9.97, 1, 2, 2, 27.54, 14.82, 0.31311, 3, 7.62, 12.91, 0.68688, 1, 3, 5.52, 2.34999, 1, 2, 2, 34.87, -5.43, 0.09792, 3, 6.23, -8.58, 0.90207, 2, 2, 18.12, 11.89, 0.71922, 3, -2.18, 13.99, 0.28077, 1, 2, 20.95, -1.26, 1, 2, 2, 22.79, -10.83, 0.75922, 3, -6.99, -8.7, 0.24077, 2, 2, 10.39999, 7.09, 0.96508, 3, -11.17, 12.68, 0.03491, 2, 2, 11.53, -3.8, 0.99925, 3, -14.49, 2.24, 7.4E-4, 2, 2, 13.69, -11.66, 0.98517, 3, -15.66, -5.82, 0.01482, 1, 2, 3.83, -2.36999, 1, 1, 2, 5.67, -11.17, 1, 2, 2, 31.04, 11.22, 0.16353, 3, 9.39, 8.21, 0.83646, 2, 2, 22.8, 7.75, 0.59077, 3, 0.45, 8.33, 0.40922, 2, 2, 16.79, 4.77, 0.78895, 3, -6.25, 8, 0.21104, 2, 2, 10.43999, 2.65, 0.90931, 3, -12.91, 8.59, 0.09068, 2, 2, 5.71, 2.87, 0.95917, 3, -17.15, 10.69, 0.04082, 2, 2, 5.85, -6.91, 0.99989, 3, -20.95, 1.66, 1.0E-4, 2, 2, 21.19, -7.41, 0.87041, 3, -7.09, -4.92999, 0.12958, 2, 2, 28.65, -4.42999, 0.38022, 3, 0.93, -5.17999, 0.61977, 2, 2, 36.18999, 0.02, 0.06522, 3, 9.63, -4.11, 0.93476, 2, 2, 42.78, 3.08, 0.02019, 3, 16.89, -3.93, 0.97979, 2, 2, 38.71, 16.87, 0.03097, 3, 18.68, 10.33, 0.96902, 2, 2, 33.22, 23.8, 0.09199, 3, 16.42, 18.87, 0.908, 2, 2, 26.95, 19.87, 0.26078, 3, 9.1, 17.78, 0.73921 ],
				"hull": 11,
				"edges": [ 10, 12, 12, 14, 14, 16, 16, 18, 18, 20, 2, 0, 0, 20, 6, 8, 8, 10, 2, 4, 4, 6 ],
				"width": 37,
				"height": 53
			}
		},
		"zhaocaimao_arm1": {
			"zhaocaimao_arm1": { "x": 18.96, "y": 1.96, "rotation": -58.67, "width": 25, "height": 40 }
		},
		"zhaocaimao_body": {
			"zhaocaimao_body": { "x": 151.5, "y": -7.13, "rotation": -86.82, "width": 320, "height": 307 }
		},
		"zhaocaimao_hand": {
			"zhaocaimao_hand": { "x": 22.61, "y": -2.9, "rotation": -95.27, "width": 59, "height": 52 }
		},
		"zhaocaimao_zhuaxian": {
			"zhaocaimao_zhuaxian": { "x": 6.4, "y": 0.72, "rotation": -95.27, "width": 37, "height": 24 }
		}
	}
},
"animations": {
	"animation": {
		"bones": {
			"zhaocaimao_body": {
				"rotate": [
					{ "time": 0, "angle": 0, "curve": "stepped" },
					{ "time": 0.5, "angle": 0, "curve": "stepped" },
					{ "time": 1, "angle": 0 }
				],
				"translate": [
					{ "time": 0, "x": 0, "y": 0, "curve": "stepped" },
					{ "time": 0.5, "x": 0, "y": 0, "curve": "stepped" },
					{ "time": 1, "x": 0, "y": 0 }
				],
				"scale": [
					{ "time": 0, "x": 1, "y": 1, "curve": "stepped" },
					{ "time": 0.5, "x": 1, "y": 1, "curve": "stepped" },
					{ "time": 1, "x": 1, "y": 1 }
				]
			},
			"zhaocaimao_arm": {
				"rotate": [
					{
						"time": 0,
						"angle": 0,
						"curve": [ 0.25, 0, 0.75, 1 ]
					},
					{
						"time": 0.5,
						"angle": -13.37,
						"curve": [ 0.25, 0, 0.75, 1 ]
					},
					{ "time": 1, "angle": 0 }
				],
				"translate": [
					{ "time": 0, "x": 0, "y": 0, "curve": "stepped" },
					{ "time": 0.5, "x": 0, "y": 0, "curve": "stepped" },
					{ "time": 1, "x": 0, "y": 0 }
				],
				"scale": [
					{
						"time": 0,
						"x": 1,
						"y": 1,
						"curve": [ 0.25, 0, 0.75, 1 ]
					},
					{
						"time": 0.5,
						"x": 1.1,
						"y": 1.1,
						"curve": [ 0.25, 0, 0.75, 1 ]
					},
					{ "time": 1, "x": 1, "y": 1 }
				]
			},
			"bone": {
				"rotate": [
					{
						"time": 0,
						"angle": 0,
						"curve": [ 0.25, 0, 0.75, 1 ]
					},
					{
						"time": 0.5,
						"angle": -8.62,
						"curve": [ 0.25, 0, 0.75, 1 ]
					},
					{ "time": 1, "angle": 0 }
				],
				"translate": [
					{
						"time": 0,
						"x": 0,
						"y": 0,
						"curve": [ 0.25, 0, 0.75, 1 ]
					},
					{
						"time": 0.5,
						"x": -17.69,
						"y": -0.38,
						"curve": [ 0.25, 0, 0.75, 1 ]
					},
					{ "time": 1, "x": 0, "y": 0 }
				],
				"scale": [
					{
						"time": 0,
						"x": 1,
						"y": 1,
						"curve": [ 0.25, 0, 0.75, 1 ]
					},
					{
						"time": 0.5,
						"x": 1.06,
						"y": 1.06,
						"curve": [ 0.25, 0, 0.75, 1 ]
					},
					{ "time": 1, "x": 1, "y": 1 }
				]
			},
			"zhaocaimao_hand": {
				"rotate": [
					{
						"time": 0,
						"angle": 0,
						"curve": [ 0.25, 0, 0.75, 1 ]
					},
					{
						"time": 0.5,
						"angle": 16.93,
						"curve": [ 0.25, 0, 0.75, 1 ]
					},
					{ "time": 1, "angle": 0 }
				],
				"translate": [
					{
						"time": 0,
						"x": 2.02,
						"y": 0.28,
						"curve": [ 0.25, 0, 0.75, 1 ]
					},
					{
						"time": 0.5,
						"x": -20.19,
						"y": -3.61,
						"curve": [ 0.25, 0, 0.75, 1 ]
					},
					{ "time": 1, "x": 2.02, "y": 0.28 }
				],
				"scale": [
					{
						"time": 0,
						"x": 1,
						"y": 1,
						"curve": [ 0.25, 0, 0.75, 1 ]
					},
					{
						"time": 0.5,
						"x": 0.986,
						"y": 0.986,
						"curve": [ 0.25, 0, 0.75, 1 ]
					},
					{ "time": 1, "x": 1, "y": 1 }
				]
			},
			"zhaocaimao_zhuaxian": {
				"rotate": [
					{ "time": 0, "angle": 0, "curve": "stepped" },
					{ "time": 0.5, "angle": 0, "curve": "stepped" },
					{ "time": 1, "angle": 0 }
				],
				"translate": [
					{
						"time": 0,
						"x": 0,
						"y": 0,
						"curve": [ 0.25, 0, 0.75, 1 ]
					},
					{
						"time": 0.5,
						"x": -16.39,
						"y": 0.03,
						"curve": [ 0.25, 0, 0.75, 1 ]
					},
					{ "time": 1, "x": 0, "y": 0 }
				],
				"scale": [
					{
						"time": 0,
						"x": 1,
						"y": 1,
						"curve": [ 0.25, 0, 0.75, 1 ]
					},
					{
						"time": 0.5,
						"x": 0.876,
						"y": 0.893,
						"curve": [ 0.25, 0, 0.75, 1 ]
					},
					{ "time": 1, "x": 1, "y": 1 }
				]
			},
			"zhaocaimao_arm1": {
				"rotate": [
					{ "time": 0, "angle": 0, "curve": "stepped" },
					{ "time": 0.5, "angle": 0, "curve": "stepped" },
					{ "time": 1, "angle": 0 }
				],
				"translate": [
					{
						"time": 0,
						"x": 0.81,
						"y": 0.4,
						"curve": [ 0.25, 0, 0.75, 1 ]
					},
					{
						"time": 0.5,
						"x": 1.03,
						"y": 0.58,
						"curve": [ 0.25, 0, 0.75, 1 ]
					},
					{ "time": 1, "x": 0.81, "y": 0.4 }
				],
				"scale": [
					{ "time": 0, "x": 1, "y": 1, "curve": "stepped" },
					{ "time": 0.5, "x": 1, "y": 1, "curve": "stepped" },
					{ "time": 1, "x": 1, "y": 1 }
				]
			}
		}
	}
}
}