﻿<?xml version="1.0" ?>
<CellCommunityInfo GUID="{387ab442-966c-4693-b9db-573cee0c9453}">
    <WZUIContainer Type="WZUIContainer" GUID="{E4C27C85-F876-4d47-BCC3-470015F35675}" UseAbsSize="True" AbsContentSize="384,42" Name="CellCommunityInfo" Visible="True" RelativePosition="0.5,0.5">
        <WZUIContainer Type="WZUIContainer" GUID="{52CC667B-B0B0-40ee-8517-50A661F6C752}" UseAbsSize="True" AbsContentSize="384,42" AnchorPoint="0.5,0.5" RelativePosition="0.5,0.5" AbsPosition="-1.67499,38.7972" Name="">
            <WZUIContainer Type="WZUIContainer" GUID="{91CFD3A9-8E36-4905-B0C7-6484E5285899}">
                <WZUIImage Type="WZUIImage" GUID="{A44804C1-E0DA-4571-92AD-1467CE049D9D}" File="ui/hero/hero_scale9_zdlandi.png" Name="imgDi_CellCommunityInfo" />
            </WZUIContainer>
            <WZUIContainer Type="WZUIContainer" GUID="{D7DD7A49-BA78-4b8d-BED8-9F05D9EA12A5}" RelativeSize="1,1" AnchorPoint="0,0.5" RelativePosition="0,0.5">
                <WZUILabelTTF Type="WZUILabelTTF" GUID="{479619CA-4E0D-4215-B802-5E6A2481BF56}" Name="txtLevel_CellCommunityInfo" Text="Lv1" Color="255,227,116" FontSize="20" RelativePosition="0.0511559,0.5" AnchorPoint="0,0.5" BoldFont="True" Alignment="Left" AbsPosition="19.6439,21" />
                <WZUILabelTTF Type="WZUILabelTTF" GUID="{FB1C3806-D22B-4453-A712-E8298A827729}" Name="txtName_CellCommunityInfo" Text="" AnchorPoint="0,0.5" Color="255,227,116" FontSize="20" RelativePosition="0.17875,0.5" BoldFont="True" Alignment="Left" AbsPosition="68.64,21" />
                <WZUIFreeTextBox Type="WZUIFreeTextBox" GUID="{0F899629-91D7-4446-BF4F-7A1455C84560}" Name="ftbName_CellCommunityInfo" MaxWidth="300" AnchorPoint="0,0.5" RelativePosition="0.17875,0.5" />
                <WZUILabelTTF Type="WZUILabelTTF" GUID="{856D9FDC-5D25-4d5b-8BC5-DF524A47AAC9}" Name="txtKill_CellCommunityInfo" Text="0" Color="255,227,116" FontSize="20" RelativePosition="0.55226,0.5" BoldFont="True" AnchorPoint="0.5,0.5" TextKey="" Alignment="Center" AbsPosition="212.068,21" />
                <WZUILabelTTF Type="WZUILabelTTF" GUID="{32B3EE00-1FE8-45f2-814D-C0DCBA082CAF}" Name="txtHitRate_CellCommunityInfo" Text="0%" Color="255,227,116" FontSize="20" RelativePosition="0.641547,0.5" Alignment="Center" AnchorPoint="0.5,0.5" BoldFont="True" Visible="True" AbsPosition="246.354,21" />
                <WZUILabelTTF Type="WZUILabelTTF" GUID="{BCBB1B9F-E747-4410-9798-1D7464828E36}" Text="0%" Name="txtHp_CellCommunityInfo" Color="255,227,116" FontSize="20" RelativePosition="0.716386,0.5" Alignment="Left" AnchorPoint="0,0.5" BoldFont="True" AbsPosition="275.092,21" Visible="True" />
                <WZUILabelTTF Type="WZUILabelTTF" GUID="{fccc53eb-c114-428c-a601-09963225098e}" Text="" Name="txtIntegral_CellCommunityInfo" Color="255,227,116" FontSize="20" RelativePosition="0.864824,0.5" Alignment="Left" AnchorPoint="0,0.5" BoldFont="False" AbsPosition="275.092,21" Visible="True" />
                <WZUIImage Type="WZUIImage" GUID="{755554ab-025f-4e59-9d61-892d05742baf}" Name="imgFirstBlood_CellCommunityInfo" NameCreate="True" File="" UseOriginSize="True" RelativePosition="0.867396,0.5" Visible="True" AbsPosition="333.08,21" />
            </WZUIContainer>
        </WZUIContainer>
    </WZUIContainer>
</CellCommunityInfo>
