<?xml version="1.0" ?>
<CellPetChoiceList GUID="{0C732547-582F-431f-8FBB-A09ECD1EBD14}">
    <WZUIContainer AbsContentSize="383,92" GUID="{24DDA745-3B48-4780-80CD-F78C166313E8}" LuaObjectName="" Name="CellPetChoiceList" NameCreate="True" Type="WZUIContainer" UseAbsSize="True">
        <WZUIContainer Type="WZUIContainer" GUID="{2B5AB2C6-5B95-467a-B84D-9B69243C5006}" AbsContentSize="383,90" UseAbsSize="True" Name="conBg_CellPetChoiceList">
            <WZUI9Image Type="WZUI9Image" GUID="{9D8AE56B-6004-44de-A58E-12896EF356E7}" File="ui/common/common_scale9_di7.png" Visible="True" ScaleY="1.1" />
            <WZUIContainer Type="WZUIContainer" GUID="{698EADB5-430F-455d-BEC4-C23E15D7D690}" AbsContentSize="80,80" UseAbsSize="True" RelativePosition="0.0297699,0.5" AnchorPoint="0,0.5">
                <WZUIImage Type="WZUIImage" GUID="{4DE84AAC-D090-487f-AF8B-690DB53F28EE}" File="ui/common/common_scale9_beibaodi2.png" />
                <WZUIImage File="" GUID="{C6D4F0E3-6457-4385-A4BD-C24FACF32D70}" Name="imgIconBg_CellPetChoiceList" RelativePosition="0.5,0.5" Scale="1" TouchEnable="False" Type="WZUIImage" UseOriginSize="True" Visible="True" AbsPosition="40,40" />
                <WZUIImage Type="WZUIImage" GUID="{DBA989EA-D331-4e74-A4CC-EAB154C8BBDF}" Name="imgIconBgQuality_CellPetChoiceList" />
            </WZUIContainer>
            <WZUIContainer Type="WZUIContainer" GUID="{69660C2F-D8D3-4be1-A9C8-073BFCBE98C6}" AnchorPoint="0,0.5" RelativePosition="0,0.5" Name="conInfo_CellPetChoiceList">
                <WZUIContainer Type="WZUIContainer" GUID="{1494AD69-D443-449c-9481-140F5783A106}" AbsContentSize="210,36" UseAbsSize="True" RelativePosition="0.27,0.726715" AnchorPoint="0,0.5">
                    <WZUI9Image Type="WZUI9Image" GUID="{6ACE7476-44B2-4a66-B37B-DDDC1D80C51A}" File="ui/common/common_scale9_di8.png" />
                    <WZUILabelTTF AnchorPoint="0,0.5" Color="255,255,255" FontSize="24" GUID="{A0189A6F-B2F8-4ec9-980B-A527D8A21174}" MaxLength="" Name="txtName_CellPetChoiceList" RelativePosition="0.037849,0.566537" Text="Name" TouchEnable="False" Type="WZUILabelTTF" Alignment="Left" />
                </WZUIContainer>
                <WZUIContainer Type="WZUIContainer" GUID="{7FF5C43D-848D-4e7c-ACD5-A42BB15B6FE6}" AbsContentSize="180,40" UseAbsSize="True" RelativePosition="0.27,0.25" TouchEnable="False" AnchorPoint="0,0.5">
                    <WZUIImage Type="WZUIImage" GUID="{330A6C65-37C7-495e-B85A-54A35260E5F8}" Name="imgAptitude1_CellPetChoiceList" File="ui/common/common_icon_xingxing2.png" UseOriginSize="True" RelativePosition="0.0675906,0.5" Scale="0.68" />
                    <WZUIImage Type="WZUIImage" GUID="{5E7E008B-B9D5-465e-977F-C79B8C03B0C2}" Name="imgAptitude2_CellPetChoiceList" File="ui/common/common_icon_xingxing2.png" UseOriginSize="True" RelativePosition="0.224489,0.5" Scale="0.68" />
                    <WZUIImage Type="WZUIImage" GUID="{9A764B21-9AC7-4ee7-AE04-E4B1E72C2322}" Name="imgAptitude3_CellPetChoiceList" File="ui/common/common_icon_xingxing2.png" UseOriginSize="True" RelativePosition="0.388895,0.5" Scale="0.68" />
                    <WZUIImage Type="WZUIImage" GUID="{43BE75E4-67F4-473c-8182-572D52F00406}" Name="imgAptitude4_CellPetChoiceList" File="ui/common/common_icon_xingxing2.png" UseOriginSize="True" RelativePosition="0.539037,0.5" Scale="0.68" />
                    <WZUIImage Type="WZUIImage" GUID="{46D76FC4-9CAC-461b-8500-6BE856D4F529}" Name="imgAptitude5_CellPetChoiceList" File="ui/common/common_icon_xingxing2.png" UseOriginSize="True" RelativePosition="0.686927,0.5" Scale="0.68" />
                </WZUIContainer>
                <WZUIContainer Type="WZUIContainer" GUID="{9749B044-5811-4ef1-BE90-A8D18EDCBE89}" AbsContentSize="130,30" UseAbsSize="True" RelativePosition="0.812188,0.25" Name="conExp_CellPetChoiceList" Visible="False">
                    <WZUILabelTTF AnchorPoint="0,0.5" Color="99,255,95" FontSize="24" GUID="{51DBFD3B-1E50-4055-9FA0-8F0DA05B1E8E}" MaxLength="" Name="txtLv_CellPetChoiceList" RelativePosition="0.427476,0.5" Text="10000" TouchEnable="False" Type="WZUILabelTTF" Alignment="Left" EnableStroke="True" StrokeSize="4" StrokeColor="0,72,3" />
                    <WZUIImage Type="WZUIImage" GUID="{FD34DFE5-0A76-413e-88DF-ADA09ECCB132}" File="ui/common/common_icon_exp.png" UseOriginSize="True" RelativePosition="0.191563,0.5" Scale="0.9" />
                </WZUIContainer>
            </WZUIContainer>
            <WZUIContainer Type="WZUIContainer" GUID="{F91D30A1-30C0-4d1d-A74D-A89EC5EC710E}" AbsContentSize="" UseAbsSize="False" RelativePosition="0.5,0.5">
                <Button Type="WZUIButton" GUID="{45E69CFF-22E9-485f-A7D9-D70694027EEA}" LuaDoneFunctionName="onSiClick" AbsPosition="0,0" UseAbsSize="True" AbsContentSize="380,90">
                    <NormalElement Type="WZUIContainer" GUID="{D7177643-D968-4910-A447-37393A84606A}">
                        <WZUIImage Type="WZUIImage" GUID="{49E2084C-2AB7-4c52-8542-672FBB63ED35}" File="ui/common/common_scale9_di13.png" Name="imgBtn1_CellPetChoiceList" UseOriginSize="True" RelativePosition="0.91,0.66" />
                    </NormalElement>
                    <SelectElement Type="WZUIContainer" GUID="{AF1B1C52-FEDC-4dfe-8589-79624FAE125E}">
                        <WZUIImage Type="WZUIImage" GUID="{64E98AE3-A5FA-4fb4-A543-5AEF0A386630}" File="ui/common/common_scale9_di13.png" Name="imgBtn2_CellPetChoiceList" UseOriginSize="True" RelativePosition="0.91,0.66" />
                    </SelectElement>
                    <DisableElement Type="WZUIContainer" GUID="{14F36324-A380-4d08-8BD9-46C9F8F533DC}" />
                </Button>
                <WZUIContainer Type="WZUIContainer" GUID="{773FE3A2-4E01-493f-8445-407A3B69B787}" Name="conGou_CellPetChoiceList" Visible="False" TouchEnable="False" AbsContentSize="40,40" UseAbsSize="True" RelativePosition="0.91,0.66">
                    <WZUIImage Type="WZUIImage" GUID="{84EC19BD-1244-4f3f-B338-74F4E8471A64}" File="ui/common/common_scale9_beibaodi_sel.png" />
                    <WZUIImage Type="WZUIImage" GUID="{DC0B0A08-3826-4880-B774-DA5080EEF69F}" File="ui/common/common_icon_gou.png" />
                </WZUIContainer>
            </WZUIContainer>
            <WZUIContainer Type="WZUIContainer" GUID="{24CD4C9F-6C9C-4ce3-84C2-0540764240AD}" AbsContentSize="160,30" UseAbsSize="True" RelativePosition="0.748632,0.328858" TouchEnable="False" Name="conWar_CellPetChoiceList" Visible="False">
                <WZUIImage Type="WZUIImage" GUID="{A7760EE1-91DC-40e2-A734-A813FFC817E2}" File="ui/common/common_icon_zhanlih.png" UseOriginSize="True" RelativePosition="0.0875,0.5" />
                <WZUILabelAtlasFont Type="WZUILabelAtlasFont" GUID="{CED23E0A-5286-40ae-8BEC-EE922FDDF109}" Name="txtPetWarD_CellPetChoiceList" CharMapFileName="ui/common_num/common_num_zhandouli.png" Text="4444" UseOriginSize="True" RelativePosition="0.413013,0.366667" Height="26" Width="16" Scale="0.85" />
            </WZUIContainer>
        </WZUIContainer>
    </WZUIContainer>
</CellPetChoiceList>
