﻿<CellFireworks GUID="{1e6d45ae-1892-4d08-a03c-f40e55e6092d}">
    <WZUIContainer Type="WZUIContainer" GUID="{bdbef8bf-cb5f-41f6-be46-d5ba0216f645}" LuaObjectName="CellFireworks" Name="CellFireworks" AbsContentSize="587,256" UseAbsSize="True" NameCreate="True">
        <WZUIContainer Type="WZUIContainer" GUID="{9f21d433-22a4-466c-bccd-c9ec5f85637d}" RelativePosition="0.5,0.445">
            <WZUIContainer Type="WZUIContainer" GUID="{3ad2646a-0a68-45ff-8842-0c094e1a278d}" UseAbsSize="True" AbsContentSize="587,256" RelativePosition="0.5,0.45" TouchEnable="False" TouchSwallow="False" Visible="True">
                <WZUIImage Type="WZUIImage" GUID="{32ba3d62-d275-4752-a256-35032fd1149c}" File="ui/gameActivity/threeyear/anniversary_text_004.png" UseOriginSize="True" RelativePosition="0.5,0.877478" />
                <WZUIImage Type="WZUIImage" GUID="{1f21273b-eb6e-4f00-bf88-91ecf6853051}" File="ui/gameActivity/threeyear/anniversary_frame_003_01.png" UseOriginSize="True" RelativePosition="0.5,-0.130334" />
            </WZUIContainer>
            <WZUIContainer Type="WZUIContainer" GUID="{01e8f0e5-80ba-4f99-95dd-7b42bd1e7e19}" AbsContentSize="587,256" UseAbsSize="True" RelativePosition="0.5,0.45" Name="conItem_CellFireworks" AnchorPoint="0.5,0.5" TouchEnable="True" Order="0">
                <WZUIContainer Type="WZUIContainer" GUID="{7eeed54c-3a8a-4d1d-ae70-4f51e7baf4fc}" AbsContentSize="130,166" UseAbsSize="True" RelativePosition="0.2,0.383124">
                    <WZUI9Image Type="WZUI9Image" GUID="{a9d04872-11e9-41ad-8031-64f0ddc3aff4}" File="ui/gameActivity/twoyear/anniversary_frame_001.png" Visible="True" UseOriginSize="False" />
                    <WZUIImage Type="WZUIImage" GUID="{7d3c72fa-f830-436c-978a-a5c6d9356c98}" File="ui/marrige/marry_icon_flpdj1.png" UseOriginSize="True" Visible="True" RelativePosition="0.5,0.560241" />
                    <WZUIImage Type="WZUIImage" GUID="{f55b8581-fb5a-46d9-82c6-cdbaf1e32e1d}" File="ui/gameActivity/twoyear/anniversary_pattern_003.png" UseOriginSize="True" Visible="True" RelativePosition="0.5,0.319277" Scale="1" />
                    <WZUIImage Type="WZUIImage" GUID="{f2487e61-9223-48ca-9bac-e1516fd8f34c}" File="ui/common/common_icon_zuanshi.png" UseOriginSize="True" RelativePosition="0.32,0.214385" Scale="0.65" ScaleX="0.65" ScaleY="0.65" Name="imgCostIcon1_CellFireworks" />
                    <WZUILabelTTF Type="WZUILabelTTF" GUID="{3f504ee8-171e-4f46-b9fd-b764f11c221b}" LabelStyleKey="C18_F18" TextKey="NEWYEARTIP1" RelativePosition="0.5,0.899096" Order="0" Name="txtName1_CellFireworks" />
                    <WZUILabelTTF Type="WZUILabelTTF" GUID="{29072335-dcc0-4bb9-b57a-24cff84d3b2c}" LabelStyleKey="C1_F18" Text="" RelativePosition="0.425495,0.20241" Alignment="Left" AnchorPoint="0,0.5" Name="cost1" />
                    <Button Type="WZUIButton" GUID="{bb208c5e-f9ed-453a-85a3-1655026c1ded}" Tag="1" LuaDoneFunctionName="onFire" Order="1" AbsContentSize="135,160" UseAbsSize="True" RelativePosition="0.5,0.506024" TouchContainerEnable="True" TouchEnable="True" TouchSwallow="True">
                        <NormalElement Type="WZUIContainer" GUID="{2baaeb68-8053-4a2b-b1b7-d674a5d3b710}" TouchContainerEnable="True" />
                        <SelectElement Type="WZUIContainer" GUID="{afa9d934-6097-422c-b317-9a96344d2739}" TouchContainerEnable="True" />
                        <DisableElement Type="WZUIContainer" GUID="{3892273e-515f-45d6-bc17-c16be5a6aad3}" TouchContainerEnable="True" />
                    </Button>
                    <WZUILabelTTF Type="WZUILabelTTF" GUID="{9cfe0b60-76e3-4f79-b89e-5e1a65b63db7}" LabelStyleKey="C1_F18" Text="" RelativePosition="0.5,0.0811383" Name="txtScore1_CellFireworks" />
                </WZUIContainer>
                <WZUIContainer Type="WZUIContainer" GUID="{25bd197a-7764-4d2e-af53-f3f43f527a17}" AbsContentSize="130,166" UseAbsSize="True" RelativePosition="0.5,0.383124">
                    <WZUI9Image Type="WZUI9Image" GUID="{2b737fb2-6316-4f1f-a539-a6691f3d20b3}" File="ui/gameActivity/twoyear/anniversary_frame_001.png" />
                    <WZUIImage Type="WZUIImage" GUID="{9e86f275-bae4-4aad-ae59-384c8751f829}" File="ui/marrige/marry_icon_flpdj2.png" UseOriginSize="True" RelativePosition="0.5,0.560241" />
                    <WZUIImage Type="WZUIImage" GUID="{66252699-ce0a-4c8e-be2b-bdee177a46e7}" File="ui/common/common_icon_zuanshi.png" UseOriginSize="True" RelativePosition="0.32,0.214385" Scale="0.65" ScaleX="0.65" ScaleY="0.65" Name="imgCostIcon2_CellFireworks" />
                    <WZUILabelTTF Type="WZUILabelTTF" GUID="{825ec24e-4baa-4219-bff4-84c538a6ce2a}" LabelStyleKey="C18_F18" TextKey="NEWYEARTIP2" RelativePosition="0.5,0.899096" Name="txtName2_CellFireworks" />
                    <WZUIImage Type="WZUIImage" GUID="{49d38ef0-47aa-4970-bc52-96d6ef764243}" File="ui/gameActivity/twoyear/anniversary_pattern_003.png" UseOriginSize="True" Visible="True" RelativePosition="0.5,0.319277" Scale="1" />
                    <WZUILabelTTF Type="WZUILabelTTF" GUID="{aa3efd15-bb17-4a8d-af3a-d196cb45417f}" LabelStyleKey="C1_F18" Text="" RelativePosition="0.43,0.20241" Alignment="Left" AnchorPoint="0,0.5" Name="cost2" />
                    <Button Type="WZUIButton" GUID="{533df7cb-dfa2-4e7d-884f-dce3284fce5a}" Tag="2" LuaDoneFunctionName="onFire">
                        <NormalElement Type="WZUIContainer" GUID="{6bee2a18-2b65-4f3b-ab57-15bc16cc7d73}" />
                        <SelectElement Type="WZUIContainer" GUID="{553cfa9e-f0e9-4f82-873b-889c8a707499}" />
                        <DisableElement Type="WZUIContainer" GUID="{4554dde2-c594-4a7c-8d9d-f6a54a0fc0dc}" />
                    </Button>
                    <WZUILabelTTF Type="WZUILabelTTF" GUID="{d0473d8c-b27e-4d38-a671-9659645e044d}" LabelStyleKey="C1_F18" Text="" RelativePosition="0.5,0.0811383" Name="txtScore2_CellFireworks" />
                </WZUIContainer>
                <WZUIContainer Type="WZUIContainer" GUID="{2a2b9f75-7669-4b38-897f-2739acfe7efa}" AbsContentSize="130,166" UseAbsSize="True" RelativePosition="0.8,0.383124">
                    <WZUI9Image Type="WZUI9Image" GUID="{8473fdf8-660c-4390-87b4-c6d784f58bd7}" File="ui/gameActivity/twoyear/anniversary_frame_001.png" />
                    <WZUIImage Type="WZUIImage" GUID="{b0bd2ff5-adf3-4b23-8f72-2ade341318dd}" File="ui/marrige/marry_icon_flpdj3.png" UseOriginSize="True" RelativePosition="0.5,0.560241" />
                    <WZUIImage Type="WZUIImage" GUID="{b7f334f0-43d1-41e8-9de3-c46f6fb4c800}" File="ui/common/common_icon_zuanshi.png" UseOriginSize="True" RelativePosition="0.32,0.214385" Scale="0.65" ScaleX="0.65" ScaleY="0.65" Name="imgCostIcon3_CellFireworks" />
                    <WZUILabelTTF Type="WZUILabelTTF" GUID="{1172313a-7f64-4c4f-b359-fbe2a2973043}" LabelStyleKey="C18_F18" TextKey="NEWYEARTIP3" RelativePosition="0.5,0.899096" Name="txtName3_CellFireworks" />
                    <WZUIImage Type="WZUIImage" GUID="{b8496a43-a3e9-477f-8f52-c695e63ac0bb}" File="ui/gameActivity/twoyear/anniversary_pattern_003.png" UseOriginSize="True" Visible="True" RelativePosition="0.5,0.319277" Scale="1" />
                    <WZUILabelTTF Type="WZUILabelTTF" GUID="{1dcad6ca-f28c-4370-8e9e-1ff5a4ec8ed4}" LabelStyleKey="C1_F18" Text="" RelativePosition="0.43,0.20241" Alignment="Left" AnchorPoint="0,0.5" Name="cost3" />
                    <Button Type="WZUIButton" GUID="{02b3e375-9dd5-4302-9802-f86fdb12eccf}" Tag="3" LuaDoneFunctionName="onFire">
                        <NormalElement Type="WZUIContainer" GUID="{04b906b0-3503-4809-b53a-1b8be8b247bc}" />
                        <SelectElement Type="WZUIContainer" GUID="{a74313ab-03f9-47f6-aaf7-b46213a5070c}" />
                        <DisableElement Type="WZUIContainer" GUID="{8ac06208-e59a-4b61-8f0f-9d63caa5ee58}" />
                    </Button>
                    <WZUILabelTTF Type="WZUILabelTTF" GUID="{fd90ed65-dd64-41ab-a026-d60568fefcab}" LabelStyleKey="C1_F18" Text="" RelativePosition="0.5,0.0811383" Name="txtScore3_CellFireworks" />
                </WZUIContainer>
                <WZUILabelTTF Type="WZUILabelTTF" GUID="{db54aea2-43ea-4653-8943-76f481bd3f40}" TextKey="NEWYEARTIP5" LabelStyleKey="C18_F16" RelativePosition="0.296863,-0.163404" Name="txtTip1_CellFireworks" />
                <WZUILabelTTF Type="WZUILabelTTF" GUID="{674afd5a-e3a4-42bc-b7c6-fdbf6728395d}" TextKey="NEWYEARTIP6" LabelStyleKey="C18_F18" RelativePosition="0.845029,-0.13309" Dimensions="150,0" Text="" Name="txtTip2_CellFireworks" />
                <CheckBox AbsContentSize="40,40" AnchorPoint="0,1" GUID="{6bbdd6c0-4b23-4773-ba67-d55095489b87}" LuaSelectedFunctionName="onCheck" Name="checkBox" RelativePosition="0.656461,-0.0513685" SelectedIndex="0" TouchContainerEnable="True" Type="WZUICheckBox" UseAbsSize="True" Visible="True">
                    <CheckElement AbsContentSize="40,40" AnchorPoint="0.5,0.5" GUID="{4fd4faee-ff94-4e9b-b987-5af0ad81bbaf}" RelativePosition="0.5,0.5" TouchContainerEnable="True" Type="WZUIContainer" UseAbsSize="True">
                        <WZUIImage Type="WZUIImage" GUID="{14cecfc9-edc7-4e3b-b8bf-f77ce48c2481}" File="ui/gameActivity/threeyear/anniversary_frame_005.png" UseOriginSize="True" />
                    </CheckElement>
                    <CheckElement AbsContentSize="120,60" AnchorPoint="0.5,0.5" GUID="{95fb7b2c-74e7-4ef2-be0d-f61039c77ae5}" RelativePosition="0.5,0.5" TouchContainerEnable="True" Type="WZUIContainer" UseAbsSize="True">
                        <WZUIImage Type="WZUIImage" GUID="{f7c0b6d2-e019-4d04-937a-c02529232480}" File="ui/gameActivity/threeyear/anniversary_frame_005.png" AbsPosition="40,40" UseOriginSize="True" />
                        <WZUIImage Type="WZUIImage" GUID="{d5e431c5-1ba2-4b81-8ad8-49e435368a5e}" File="ui/common/common_icon_gou.png" UseOriginSize="True" Visible="True" />
                    </CheckElement>
                </CheckBox>
                <WZUILabelTTF Type="WZUILabelTTF" GUID="{a8d35204-f369-4969-ae08-85174eb73185}" TextKey="NEWYEARTIP4" LabelStyleKey="C1_F18" RelativePosition="0.443233,0.0171172" Visible="False" />
                <WZUILabelTTF Type="WZUILabelTTF" GUID="{87b9fc7c-9e09-448a-991a-3515b88f5fc0}" TextKey="" LabelStyleKey="C1_F18" RelativePosition="0.543908,0.017" Text="" Alignment="Left" AnchorPoint="0,0.5" Name="countDown" />
                <WZUIContainer Type="WZUIContainer" GUID="{c5984737-ef88-44f9-ab1f-43f672c174f7}" AbsContentSize="60,60" UseAbsSize="True" RelativePosition="0.865108,0.871597" Visible="True">
                    <Button Type="WZUIButton" GUID="{4f4327c5-9df2-4adf-b5e7-9ea000b0f365}" LuaDoneFunctionName="onClickRank" LuaActionName="Normal">
                        <NormalElement Type="WZUIContainer" GUID="{e018d859-bd02-41d3-a116-cfefccf2a23d}">
                            <WZUIImage Type="WZUIImage" GUID="{1cb567d8-4644-4f46-ae40-0c73efbca55a}" File="ui/anniversary/znq_icon_yh.png" UseOriginSize="True" Scale="0.75" ScaleX="0.75" ScaleY="0.75" />
                        </NormalElement>
                        <SelectElement Type="WZUIContainer" GUID="{06d4b7ee-2ad1-4d77-9825-3f7c24d7353e}">
                            <WZUIImage Type="WZUIImage" GUID="{3656eb9f-d260-4905-85d8-0c47fffb6759}" File="ui/anniversary/znq_icon_yh.png" UseOriginSize="True" Scale="0.75" ScaleX="0.75" ScaleY="0.75" />
                        </SelectElement>
                        <DisableElement Type="WZUIContainer" GUID="{4184c8ee-78a1-454d-bfb3-1edab2ff9cc2}" />
                    </Button>
                </WZUIContainer>
                <WZUILabelTTF AnchorPoint="0,0.5" Color="255,227,116" FontSize="22" GUID="{23992dbc-6aaf-4153-aa54-2792fee58ef3}" Name="txtTimeWord_CellFireworks" RelativePosition="0.0498238,-0.0905173" Text="" Type="WZUILabelTTF" EnableStroke="True" StrokeSize="4" StrokeColor="128,54,13" Visible="True" LabelStyleKey="C18_F16" TextKey="ACTIVE_TIME" />
                <WZUILabelTTF AnchorPoint="0,0.5" Color="255,89,74" FontSize="22" GUID="{f07f61fa-356a-4b9a-a979-623b54709c77}" Name="txtTime_CellFireworks" RelativePosition="0.18789,-0.086611" Text="9天" Type="WZUILabelTTF" StrokeColor="158,0,0" StrokeSize="4" EnableStroke="True" Alignment="Center" LabelStyleKey="C18_F16" />
            </WZUIContainer>
            <WZUIContainer Type="WZUIContainer" GUID="{a40f85d9-e053-41f1-8c82-a7414960da37}" Name="conForRank_CellFireworks" RelativePosition="0.5,0.4375" />
        </WZUIContainer>
    </WZUIContainer>
</CellFireworks>
