<CellCommunityAppoint GUID="{ddcf3d3e-1574-4395-a77b-cbb984f38a3e}">
    <WZUIContainer AbsContentSize="725,110" GUID="{a5df9732-f427-4650-a76e-c42e38523d86}" LuaObjectName="CellCommunityAppoint" Name="CellCommunityAppoint" NameCreate="True" Type="WZUIContainer" UseAbsSize="True" RelativePosition="0.5,0.5">
        <Button GUID="{a71d6edc-34f6-48ed-8fe0-337099c8d426}" LuaDoneFunctionName="onClickCellBtn" Name="btnClickCell_CellCommunityMemberList" RelativePosition="0.5,1" Type="WZUIButton" Visible="True" AbsContentSize="725,100" UseAbsSize="True" AnchorPoint="0.5,1">
            <NormalElement GUID="{07816937-49b0-468d-a997-114017f7dfd0}" Type="WZUIContainer">
                <WZUI9Image Type="WZUI9Image" GUID="{bd198fa1-a117-45da-82db-b92c34fe8c04}" File="ui/common/common_scale9_di7.png" Name="imgBtn1_CellCommunityMemberList" />
            </NormalElement>
            <SelectElement GUID="{106d9397-e6e9-4385-8951-28fb175a44ef}" Type="WZUIContainer">
                <WZUI9Image Type="WZUI9Image" GUID="{fe3649dc-4d94-4c0b-9ae9-a4db67334c14}" File="ui/common/common_scale9_di7.png" Name="imgBtn2_CellCommunityMemberList" />
            </SelectElement>
            <DisableElement GUID="{77d2dcce-8560-45a3-a09c-c256147d6ddf}" RelativePosition="0.5,0.5" ScaleY="1" Type="WZUIContainer" />
        </Button>
        <WZUIContainer Type="WZUIContainer" GUID="{969007df-e3a0-4c97-a96e-598ba27dc3cd}" Name="conText" Visible="True" RelativePosition="0.5,1" AnchorPoint="0.5,1" AbsContentSize="725,100" UseAbsSize="True">
            <WZUILabelTTF ChineseLengthPolicy="2" Color="127,70,26" Dimensions="250,0" FontSize="20" GUID="{e3701ab4-07a9-4484-bc28-c45bf1b1cecc}" MaxLength="14" Name="txtPlayerName" RelativePosition="0.16,0.78" Text="名字名字名字" TouchEnable="False" Type="WZUILabelTTF" UseOriginSize="True" Alignment="Left" AnchorPoint="0,0.5" BoldFont="True" />
            <WZUILabelTTF Type="WZUILabelTTF" GUID="{29b8b9cc-7c06-4e88-8a09-e144b9724102}" Name="txtLevel" Text="20" RelativePosition="0.24,0.5" FontSize="20" Color="127,70,26" BoldFont="True" Alignment="Left" AnchorPoint="0,0.5" />
            <WZUILabelTTF Color="127,70,26" Dimensions="155,0" FontSize="20" GUID="{177b0fef-6366-412f-9884-e0e0bef46f57}" Name="txtJob" RelativePosition="0.24,0.22" Text="精英" TouchEnable="False" Type="WZUILabelTTF" BoldFont="True" Alignment="Left" AnchorPoint="0,0.5" />
            <WZUILabelTTF Color="127,70,26" Dimensions="180,0" FontSize="20" GUID="{81a6642c-47aa-4f9d-94e8-04b45be22da3}" Name="txtContribution1" RelativePosition="0.5,0.78" Text="998" TouchEnable="False" Type="WZUILabelTTF" BoldFont="True" Alignment="Left" AnchorPoint="0,0.5" />
            <WZUILabelTTF Color="127,70,26" Dimensions="180,0" FontSize="20" GUID="{04853b2a-65bc-4754-a0cc-2badcd0d0cd4}" Name="txtContribution2" RelativePosition="0.5,0.5" Text="666" TouchEnable="False" Type="WZUILabelTTF" BoldFont="True" Alignment="Left" AnchorPoint="0,0.5" />
            <WZUILabelTTF Color="127,70,26" Dimensions="180,0" FontSize="20" GUID="{21eb0db9-50e6-4643-b121-116aab575f79}" Name="txtContribution3" RelativePosition="0.5,0.22" Text="2333" TouchEnable="False" Type="WZUILabelTTF" BoldFont="True" Alignment="Left" AnchorPoint="0,0.5" />
            <WZUILabelTTF Color="127,70,26" Dimensions="350,0" FontSize="20" GUID="{3d3a8d58-2425-42f6-bc0d-89e2d74577e8}" Name="txtState" RelativePosition="0.78,0.78" Text="在线" TouchEnable="False" Type="WZUILabelTTF" BoldFont="True" Alignment="Left" AnchorPoint="0,0.5" />
            <WZUILabelTTF Type="WZUILabelTTF" GUID="{4ef58676-41e6-48e4-8a3d-34ca3446bb2a}" TextKey="MOUNT_LEVEL1" Color="79,60,48" FontSize="20" RelativePosition="0.193,0.5" />
            <WZUILabelTTF Type="WZUILabelTTF" GUID="{fe12737b-0ffa-47e4-ae88-86df1e08927d}" TextKey="RANK_KING_DESC7" Color="79,60,48" FontSize="20" RelativePosition="0.193,0.22" />
            <WZUILabelTTF Type="WZUILabelTTF" GUID="{912d2e9d-c497-4e09-b1f6-e27e20222820}" TextKey="" Color="79,60,48" FontSize="20" RelativePosition="0.43,0.78" Name="ttf3" />
            <WZUILabelTTF Type="WZUILabelTTF" GUID="{98cbe178-f11d-4f8f-8b7e-b172d4a98ec2}" TextKey="" Color="79,60,48" FontSize="20" RelativePosition="0.43,0.5" Name="ttf4" />
            <WZUILabelTTF Type="WZUILabelTTF" GUID="{f579660b-76bd-4ef7-b3a0-72a277b1a713}" TextKey="" Color="79,60,48" FontSize="20" RelativePosition="0.415,0.22" Name="ttf5" />
            <WZUILabelTTF Type="WZUILabelTTF" GUID="{6277db51-cebe-4c4d-8f26-45c6c541d42e}" TextKey="" Color="79,60,48" FontSize="20" RelativePosition="0.71,0.78" Name="ttf6" />
        </WZUIContainer>
        <WZUIContainer Type="WZUIContainer" GUID="{cf892e30-d5fe-4a85-858e-b578e541c7fd}" Name="conHead_Cell" AbsContentSize="80,80" UseAbsSize="True" AnchorPoint="0,0.5" RelativePosition="0.02,0.53">
            <WZUIImage Type="WZUIImage" GUID="{f3cf1e0c-acab-4bdc-aabb-d19580534a0d}" File="ui/common/common_icon_tx.png" UseOriginSize="True" Scale="1.23" RelativePosition="0.505,0.5" />
        </WZUIContainer>
        <CheckBox AbsContentSize="90,60" AnchorPoint="0,1" GUID="{33c55ac8-3f84-4c55-992c-fcd54076a71a}" LuaSelectedFunctionName="setChat" Name="setChat" RelativePosition="0.855,0.83" SelectedIndex="1" TouchContainerEnable="True" Type="WZUICheckBox" UseAbsSize="True" LuaCheckedFunctionName="onCheck">
            <CheckElement AbsContentSize="120,60" AnchorPoint="0.5,0.5" GUID="{67393b33-f03d-4319-b681-add10334a93d}" RelativePosition="0.5,0.5" TouchContainerEnable="True" Type="WZUIContainer" UseAbsSize="True">
                <WZUIImage Type="WZUIImage" GUID="{f019eacd-200f-4737-91cc-3cb36c0f6651}" File="ui/common/common_scale9_di13.png" UseOriginSize="True" />
            </CheckElement>
            <CheckElement AbsContentSize="120,60" AnchorPoint="0.5,0.5" GUID="{428e7593-693b-42ca-a576-afab0891812c}" RelativePosition="0.5,0.5" TouchContainerEnable="True" Type="WZUIContainer" UseAbsSize="True">
                <WZUIImage Type="WZUIImage" GUID="{1bbbfae1-afb3-4a5a-af4a-7492d6cfe45b}" File="ui/common/common_scale9_di13.png" UseOriginSize="True" />
                <WZUIImage Type="WZUIImage" GUID="{134517b9-61e6-454f-9a33-99de5b6401c6}" File="ui/common/common_icon_gou.png" UseOriginSize="True" />
            </CheckElement>
        </CheckBox>
        <Button Type="WZUIButton" GUID="{92334482-05cc-43ea-b974-a2f46a9b429e}" AbsContentSize="500,100" UseAbsSize="True" AnchorPoint="0,1" RelativePosition="0,1" LuaDoneFunctionName="onInfo" Order="2">
            <NormalElement Type="WZUIContainer" GUID="{d3af3849-f684-4f2a-8d41-22dcb43bdc1e}" />
            <SelectElement Type="WZUIContainer" GUID="{e8a9ecd0-2f24-4fe9-bfd6-a75719de2184}" />
            <DisableElement Type="WZUIContainer" GUID="{5557e3ed-f931-421c-b1e0-b0c1ed2701a1}" />
        </Button>
    </WZUIContainer>
</CellCommunityAppoint>
