<CellRankLevel GUID="{5b767568-adb9-4c4c-aa08-0976bd3e4dfa}">
    <WZUIContainer Type="WZUIContainer" GUID="{2441fa41-ad0c-4336-bdfc-e31ab8e76d18}" AbsContentSize="675,85" UseAbsSize="True" LuaObjectName="" BeforeDrawEnable="False" NameCreate="True" Name="CellRankLevel" ShowAll="False">
        <WZUIContainer Type="WZUIContainer" GUID="{6b150f6a-e98a-44c2-964e-1e7932fee7df}">
            <WZUIContainer Type="WZUIContainer" GUID="{2bd7a2b3-2df7-4176-b437-939f52621657}" Visible="True" Order="1" Name="conInfoLabel_n" LuaObjectName="conInfoLabel_n">
                <WZUILabelTTF Type="WZUILabelTTF" GUID="{52125ea0-8392-4eb9-a0de-f51018d09d92}" Text="" FontSize="22" RelativePosition="0.236851,0.5" Name="label_info_n_2" Color="105,65,46" StrokeSize="3" MaxLength="8" AnchorPoint="0,0" />
                <WZUILabelTTF Type="WZUILabelTTF" GUID="{23d65c11-2ace-470e-8c8f-fbd203302026}" Text="" FontSize="22" RelativePosition="0.553,0.5" Name="label_info_n_3" Color="158,0,0" StrokeSize="3" MaxLength="8" AnchorPoint="0.5,0.5" />
                <WZUILabelTTF Type="WZUILabelTTF" GUID="{60422190-eb62-48c6-90f5-d5a91e509c17}" Text="" FontSize="22" RelativePosition="0.85,0.5" Name="label_info_n_4" Color="62,34,8" StrokeSize="4" MaxLength="" AnchorPoint="0.5,0.5" StrokeColor="79,60,48" />
                <WZUILabelTTF Type="WZUILabelTTF" GUID="{fe3becda-6a5f-4aaf-a106-524075bd01a7}" FontSize="22" Name="txtValue2" AnchorPoint="0,1" RelativePosition="0.236851,0.5" Color="62,34,8" />
                <WZUIContainer Type="WZUIContainer" GUID="{9cac0ae9-4873-4402-b3e1-ea70d4e868a0}" AbsContentSize="84,76" UseAbsSize="True" RelativePosition="0.0688883,0.5" AbsPosition="46.4996,42.5">
                    <WZUILabelAtlasFont Type="WZUILabelAtlasFont" GUID="{340b040d-c121-4a2f-821d-bc7b24c3e98a}" CharMapFileName="ui/common_num/common_num_pmsz.png" Height="30" Width="24" UseOriginSize="True" RelativePosition="0.5,0.5" AnchorPoint="0.5,0.5" Visible="True" Name="txtRankNum_CellRankLevel" UseOriginSizeProportion="False" TouchSwallow="False" />
                </WZUIContainer>
            </WZUIContainer>
            <WZUIButton Type="WZUIButton" GUID="{5ec028ba-59bb-498a-a21e-59b9357b23e7}" LuaDoneFunctionName="onCellClickedCallback" Name="btn_cellClick" AbsContentSize="670,75" UseAbsSize="True">
                <NormalElement Type="WZUIContainer" GUID="{a1b7ee38-bf61-4e88-ba58-6ead2962cfaa}" RelativeSize="1,1" />
                <SelectElement Type="WZUIContainer" GUID="{d674e685-b7ee-4e13-81a9-83adb3b07b9d}" />
                <DisableElement Type="WZUIContainer" GUID="{40c020fd-59de-482b-aa04-8f7957937b53}" />
                <WZUI9Image Type="WZUI9Image" GUID="{3bbe7b4f-c81f-4309-ab68-6df46eeb581a}" File="ui/common/common_scale9_di7.png" RelativePosition="0.5,0.5" Name="imgBK_CellRankLevel" />
            </WZUIButton>
            <WZUIContainer Type="WZUIContainer" GUID="{d5770824-d4e5-4a4c-a520-4f81649fd3e0}" AbsContentSize="70,70" UseAbsSize="True" RelativePosition="0.182254,0.5" Name="conPlayerHead_CellRankLevel" TouchSwallow="False">
                <WZUIImage Type="WZUIImage" GUID="{55f72baa-9488-4b27-a8c1-ed75882b93e8}" File="ui/common/common_icon_tx.png" UseOriginSize="True" Scale="1" Name="imgHead1BK_CellRankLevel" />
                <WZUIContainer AnchorPoint="0.5,0.5" GUID="{4ea8a5ca-5fa4-46d7-b84c-db63b674d392}" RelativePosition="0.5,0.5" RelativeSize="1,1" TouchEnable="False" Type="WZUIContainer" Name="conHead1_CellRankLevel" TouchSwallow="True" />
            </WZUIContainer>
            <WZUIImage Type="WZUIImage" GUID="{666a52f0-5aa9-4e23-8994-51a4feab00fe}" Name="imgRankIcon_CellRankLevel" UseOriginSize="True" AnchorPoint="0,0.5" RelativePosition="0.032,0.525" Visible="False" File="ui/common/common_icon_1st.png" TouchSwallow="False" AbsPosition="10.75,42.5" />
        </WZUIContainer>
    </WZUIContainer>
</CellRankLevel>
