﻿<?xml version="1.0" ?>
<CellPvpRankList GUID="{5bd30577-f812-44a9-ad51-8451227d63a3}">
    <WZUIContainer AbsContentSize="726,94" GUID="{E3AD270E-281C-4734-9906-710B39D32926}" LuaObjectName="" Name="CellPvpRankList" NameCreate="True" Type="WZUIContainer" UseAbsSize="True" RelativePosition="0.5,0.5">
        <WZUIContainer GUID="{9B5626B1-5E0E-486d-935D-5942B25410C4}" Type="WZUIContainer" ShowAll="False" RelativePosition="0.5,0.5" Visible="True">
            <WZUI9Image Type="WZUI9Image" GUID="{6FB668C0-88D1-4fbc-9835-2971F3D37597}" File="ui/common/common_scale9_di7.png" Opacity="255" />
        </WZUIContainer>
        <WZUIContainer Type="WZUIContainer" GUID="{995672A8-AA89-4846-8CA6-A78E0159C3F0}" RelativeSize="0.2,1" RelativePosition="0.0484177,0.5" AnchorPoint="0,0.5">
            <WZUIImage Type="WZUIImage" GUID="{8E37DF3C-A369-477b-825A-F1ABE40F4359}" File="" UseOriginSize="True" Name="imgRank_CellPvpRankList" RelativePosition="0.45,1" AbsPosition="70.0667,39.5" AnchorPoint="0.5,1" />
            <WZUILabelTTF Alignment="Center" AnchorPoint="0.5,0.5" Color="158,0,0" EnableStroke="False" FontSize="20" GUID="{FA517FD2-E037-4022-AA9E-05D59B061691}" Name="txtRank_CellPvpRankList" RelativePosition="0.5,0.5" Text="" Type="WZUILabelTTF" StrokeColor="60,19,12" StrokeSize="3" Dimensions="200,0" />
        </WZUIContainer>
        <WZUIContainer Type="WZUIContainer" GUID="{E6C621E6-CD53-45ac-B560-195DE22F2C0F}" RelativeSize="0.8,1" RelativePosition="0.302341,0.5" AnchorPoint="0,0.5" AbsContentSize="480,94" UseAbsSize="True">
            <WZUIContainer AbsContentSize="80,80" GUID="{910fa2c6-00b1-406b-bc48-c20086b68320}" Name="conItem1_CellPvpRankReward" RelativePosition="0,0.5" Type="WZUIContainer" UseAbsSize="True" AnchorPoint="0,0.5" />
            <WZUIContainer AbsContentSize="80,80" GUID="{6a96a043-e9b7-4551-b19b-28107d666915}" Name="conItem2_CellPvpRankReward" RelativePosition="0.335417,0.5" Type="WZUIContainer" UseAbsSize="True" AnchorPoint="1,0.5" />
            <WZUIContainer AbsContentSize="80,80" GUID="{8b95823c-9c3f-4b21-b920-766813b5a1dd}" Name="conItem3_CellPvpRankReward" RelativePosition="0.505,0.5" Type="WZUIContainer" UseAbsSize="True" AnchorPoint="1,0.5" />
            <WZUIContainer AbsContentSize="80,80" GUID="{d49d9853-8c78-4344-b044-1d4d98c5a5c8}" Name="conItem4_CellPvpRankReward" RelativePosition="0.67375,0.5" Type="WZUIContainer" UseAbsSize="True" AnchorPoint="1,0.5" />
            <WZUIContainer AbsContentSize="80,80" GUID="{9ee608cd-8a89-4d9c-bfe1-fdab306e8b2e}" Name="conItem5_CellPvpRankReward" RelativePosition="0.8425,0.5" Type="WZUIContainer" UseAbsSize="True" AnchorPoint="1,0.5" />
            <WZUIContainer AbsContentSize="80,80" GUID="{70e9d1a2-b63a-4435-89c4-35e3c8a0b0b8}" Name="conItem6_CellPvpRankReward" RelativePosition="1.01125,0.5" Type="WZUIContainer" UseAbsSize="True" AnchorPoint="1,0.5" />
        </WZUIContainer>
    </WZUIContainer>
</CellPvpRankList>
