﻿<?xml version="1.0" ?>
<CellCommunityInfoList GUID="{E8D9959E-D46D-4480-B25C-D444627E3AB3}">
    <WZUIContainer AbsContentSize="720,55" GUID="{B8CFA339-1D54-43d3-9207-5652DE02B4A7}" Name="CellCommunityInfoList" NameCreate="True" Type="WZUIContainer" UseAbsSize="True" RelativePosition="0.5,0.5">
        <WZUIContainer Type="WZUIContainer" GUID="{A8EA7038-7B66-4088-83F7-C31BA65D7FCE}" AbsContentSize="720,40" UseAbsSize="True" Visible="False">
            <WZUI9Image Type="WZUI9Image" GUID="{70098CF0-B1D2-4336-94C7-E9858AF3B74D}" File="ui/common/common_scale9_di4.png" Name="imgBtn_CellCommunityInfoList" />
        </WZUIContainer>
        <WZUIContainer Type="WZUIContainer" GUID="{AF32FBA9-1C8D-427f-AF1A-C274CA947112}" Name="conCommunityInfo" Visible="True">
            <WZUILabelTTF Alignment="Right" BoldFont="True" ChineseLengthPolicy="2" Color="255,255,255" Dimensions="250,0" EnableShadow="True" EnableStroke="True" FontSize="28" GUID="{A529A714-ED9F-4afa-9C93-5C676B6C6036}" MaxLength="17" Name="txtName_CellCommunityInfoList" RelativePosition="0.11,0.5" StrokeColor="0,0,0" StrokeSize="3" Text="txtContent_" Type="WZUILabelTTF" Visible="True" />
            <WZUILabelTTF Alignment="Left" ChineseLengthPolicy="2" Color="85,34,0" Dimensions="250,0" FontSize="26" GUID="{3B58B9C5-DAB7-4e61-8808-082598744D63}" MaxLength="17" Name="txtContent_CellCommunityInfoList" RelativePosition="0.87,0.5" Text="txtContent_" Type="WZUILabelTTF" BoldFont="True" />
        </WZUIContainer>
        <WZUIContainer Type="WZUIContainer" GUID="{78AC4FDD-4784-4545-86DE-F07C57732061}" Name="conCommunityLog" Visible="False" RelativePosition="0.5,0.5">
            <WZUIImage Type="WZUIImage" GUID="{73bbd263-5d76-44c3-9f24-62469f1d2581}" File="ui/community/commom_icon_anbiaoqian.png" UseOriginSize="True" RelativePosition="0,0.5" Name="imgTitle" />
            <WZUIFreeTextBox Type="WZUIFreeTextBox" GUID="{67f689ca-9dbd-4bef-b90a-3fd4822b2d22}" RelativePosition="0.19,0.5" Name="logDetail_Cell" MaxWidth="600" AnchorPoint="0,0.5" />
            <WZUILabelTTF Type="WZUILabelTTF" GUID="{3ce605ac-c6b5-45a1-9742-20e8558cdc8f}" Text="06-15" FontSize="18" Color="158,139,121" RelativePosition="0,0.5" Name="txtTime" LabelStyleKey="C11_F18" />
            <WZUILabelTTF Type="WZUILabelTTF" GUID="{e9f2c9e1-d856-4dab-bc9a-5a4a146f9be4}" Text="23:50" FontSize="18" Color="158,139,121" RelativePosition="0.12,0.5" Name="txtTime1" LabelStyleKey="C1_F20_S4_C5" />
        </WZUIContainer>
    </WZUIContainer>
</CellCommunityInfoList>
