﻿<?xml version="1.0" ?>
<CellActivityVipItem GUID="{6C59E392-7AA1-4772-A27B-71EE5CF05489}">
    <WZUIContainer Type="WZUIContainer" GUID="{8C507745-911B-4ffd-8E18-CEBFAB9059C2}" AbsContentSize="486,138" UseAbsSize="True" LuaObjectName="" Name="CellActivityVipItem">
        <WZUIContainer Type="WZUIContainer" GUID="{82109849-103C-45dd-BC79-C9270AB6B596}" AbsContentSize="486,138" UseAbsSize="True">
            <WZUI9Image Type="WZUI9Image" GUID="{4E4C7A4B-CFF9-4fa2-A0A0-ABE9A1ED4603}" File="ui/common/common_scale9_di18.png" />
            <WZUIContainer Type="WZUIContainer" GUID="{C2206A6F-5EF1-4193-9649-691AB37BC44C}" AbsContentSize="480,40" UseAbsSize="True" AnchorPoint="0.5,1" RelativePosition="0.5,0.985507">
                <WZUI9Image Type="WZUI9Image" GUID="{F3B1B1EE-BAB7-48ef-B096-AA5C197D0F02}" File="" Opacity="78" />
                <WZUIImage Type="WZUIImage" GUID="{0BBE483B-EF4E-498b-A77B-DBC626E327FB}" File="ui/common/common_pic_jiantou4.png" UseOriginSize="True" RelativePosition="0.395062,0.5" Name="imgArrow_CellActivityVipItem" />
                <WZUIImage Type="WZUIImage" GUID="{FD032F80-6B80-4174-9746-FDD7CDDB053A}" UseOriginSize="True" File="ui/common/commom_icon_v.png" RelativePosition="0.0740741,0.5" Scale="0.55" Visible="True" />
                <WZUILabelAtlasFont Type="WZUILabelAtlasFont" GUID="{A724F4AA-C538-4b16-888E-B6B904C86A86}" CharMapFileName="ui/common_num/common_num_vip.png" Height="40" Width="22" UseOriginSizeProportion="False" UseOriginSize="True" AnchorPoint="0,0.5" RelativePosition="0.125,0.5" Name="txtVipLevelNum_CellActivityVipItem" Scale="0.55" />
                <WZUILabelTTF Type="WZUILabelTTF" GUID="{C4AD1800-CCD0-4411-990A-52CB8CE9B672}" AnchorPoint="1,0.5" RelativePosition="0.28,0.5" Color="255,236,193" EnableStroke="True" Font="" FontSize="22" StrokeColor="105,65,46" StrokeSize="4" Name="txtCanGet_CellActivityVipItem" TextKey="ATH_REWARD_CHECK" UseOriginSizeProportion="False" Text="Reward " />
            </WZUIContainer>
        </WZUIContainer>
        <WZUIContainer Type="WZUIContainer" GUID="{9B62ACAA-1B8F-40a6-80FD-69028766C3C7}" AbsContentSize="486,98" UseAbsSize="True" AnchorPoint="0.5,0" RelativePosition="0.5,0">
            <WZUIContainer Type="WZUIContainer" GUID="{B579544B-F3D4-4c0c-852D-FAC4AAAF9FF7}" AbsContentSize="80,80" UseAbsSize="True" RelativePosition="0.105,0.5" Name="conItem_1_CellActivityVipItem" />
            <WZUIContainer Type="WZUIContainer" GUID="{0F28CFA3-72DE-48df-9D8F-31BAC4F55BBB}" AbsContentSize="80,80" UseAbsSize="True" RelativePosition="0.286,0.5" Name="conItem_2_CellActivityVipItem" />
            <WZUIContainer Type="WZUIContainer" GUID="{1135A3BF-EC11-44b7-84B6-AFAB7FBE5635}" AbsContentSize="80,80" UseAbsSize="True" RelativePosition="0.467,0.5" Name="conItem_3_CellActivityVipItem" />
            <WZUIContainer Type="WZUIContainer" GUID="{8F09B93F-577B-4260-882E-C82F78E47851}" AbsContentSize="80,80" UseAbsSize="True" RelativePosition="0.648,0.5" Name="conItem_4_CellActivityVipItem" />
            <WZUIContainer AbsContentSize="116,56" GUID="{E8E7C8FC-21C5-4efa-8287-54E71CE4F227}" RelativePosition="0.864,0.5" Scale="1" ScaleX="1" Type="WZUIContainer" UseAbsSize="True" ScaleY="1" AnchorPoint="0.5,0.5">
                <Button GUID="{77BD8C25-FF21-4d1d-860E-CA633CE392FD}" LuaDoneFunctionName="event_getReward" Name="btn_getReward_item" Type="WZUIButton" AbsContentSize="116,56" UseAbsSize="True" RelativePosition="0.5,0.5" Visible="True" LuaActionName="Normal">
                    <NormalElement GUID="{4B2FB302-1430-4062-83A2-0704DE72BC17}" Type="WZUIContainer">
                        <WZUI9Image File="ui/common/common_btn_anniu10_0.png" GUID="{A1C5CA37-2E05-46bb-8956-1FC998A2D50A}" Type="WZUI9Image" UseOriginSize="True" />
                        <WZUILabelTTF Color="255,255,255" FontSize="24" GUID="{6a2ff66b-de13-4b7d-b32a-e137939cadaa}" Name="" Scale="1" ShadowColor="" StrokeColor="78,38,5" StrokeSize="1" Text="" Type="WZUILabelTTF" ScaleX="1" ScaleY="1" LabelStyleKey="SMALL_GREEN_BTN" TextKey="INVITE_RECEIVE" />
                    </NormalElement>
                    <SelectElement GUID="{19E8EFF7-66D3-461b-8F29-6301DD571C03}" Type="WZUIContainer">
                        <WZUI9Image File="ui/common/common_btn_anniu10_0_sel.png" GUID="{8C33781A-FEDE-464e-931A-97D469CB6D0B}" Type="WZUI9Image" Scale="1" UseOriginSize="True" />
                        <WZUILabelTTF Color="255,255,255" FontSize="24" GUID="{a67b813b-cbdb-413a-b30b-d7dbce94ac88}" Name="" Scale="1" ShadowColor="" StrokeColor="78,38,5" StrokeSize="1" Text="" Type="WZUILabelTTF" ScaleX="1" ScaleY="1" LabelStyleKey="SMALL_GREEN_BTN" TextKey="INVITE_RECEIVE" />
                    </SelectElement>
                    <DisableElement GUID="{9244C8E6-D245-49db-9DB5-562E36775D91}" Type="WZUIContainer">
                        <WZUIImage Type="WZUIImage" GUID="{d323b4b0-e4b4-4ff9-84fd-3363e22cda14}" File="ui/common/commom_icon_ylq.png" Rotation="28" UseOriginSize="True" />
                    </DisableElement>
                </Button>
            </WZUIContainer>
        </WZUIContainer>
    </WZUIContainer>
</CellActivityVipItem>
