﻿<CellTimeChallengePanel GUID="{117cf546-15c9-4b47-9371-e2f8c195ef54}">
    <WZUIContainer Type="WZUIContainer" GUID="{98ad32e6-9b44-4489-ac71-1f6321a30493}" AbsContentSize="502,453" UseAbsSize="True" LuaObjectName="CellTimeChallengePanel" Name="CellTimeChallengePanel" NameCreate="True">
        <WZUIContainer Type="WZUIContainer" GUID="{640e5f33-6c8c-4b07-895c-5f30aa202da9}" AbsContentSize="502,210" UseAbsSize="True" AnchorPoint="0.5,1" RelativePosition="0.5,1">
            <WZUIImage Type="WZUIImage" GUID="{6d0fa8e5-b99c-456b-ad6d-c92658cfbc40}" Name="imgBK_CellTimeChallengePanel" />
            <WZUIContainer Type="WZUIContainer" GUID="{add2006a-8440-4df8-b295-e6d5a1314a31}" AbsContentSize="500,42" UseAbsSize="True" AnchorPoint="0.5,1" RelativePosition="0.5,1">
                <WZUI9Image Type="WZUI9Image" GUID="{808253ac-09b4-4ff7-bf15-f1b0b6200456}" File="ui/common/common_scale9_heidi7.png" Opacity="150" />
                <WZUILabelTTF Type="WZUILabelTTF" GUID="{f2d871a5-30fc-4ce1-b9ef-5d5f9023edea}" TextKey="" FontSize="22" Color="255,227,116" EnableStroke="True" StrokeSize="4" StrokeColor="128,54,13" AnchorPoint="0,0.5" RelativePosition="0.05,0.5" Text="ACTIVE_TIME" Name="txtActivityWord_CellTimeChallengePanel" />
                <WZUILabelTTF Type="WZUILabelTTF" GUID="{c08ef870-dbbd-4f04-9dcb-13f95b07aea6}" FontSize="22" EnableStroke="True" Color="255,89,74" StrokeColor="158,0,0" StrokeSize="4" Text="" AnchorPoint="0,0.5" RelativePosition="0.27,0.5" Name="txtLastDay_CellTimeChallengePanel" />
            </WZUIContainer>
            <Button Type="WZUIButton" GUID="{fd5fbb56-6ca1-4bb0-a75f-dc9b42424690}" AbsContentSize="116,58" UseAbsSize="True" RelativePosition="0.840637,0.157143" LuaActionName="Normal" LuaDoneFunctionName="onClickGoto">
                <NormalElement Type="WZUIContainer" GUID="{cea08912-43b0-4f08-a0e5-0bc4bb797cad}">
                    <WZUIImage Type="WZUIImage" GUID="{c47e8fd2-5602-4577-956d-4a196196074c}" File="ui/common/common_btn_anniu3_0.png" UseOriginSize="True" />
                </NormalElement>
                <SelectElement Type="WZUIContainer" GUID="{008d98d7-22c7-4086-af0e-91d3017a6657}">
                    <WZUIImage Type="WZUIImage" GUID="{4b12caf9-2bda-460e-a2f6-a2d139d989ac}" File="ui/common/common_btn_anniu3_0_sel.png" UseOriginSize="True" />
                </SelectElement>
                <DisableElement Type="WZUIContainer" GUID="{2cbb5bad-92a4-425c-abd2-d6ae445fbfc8}" />
                <WZUILabelTTF Type="WZUILabelTTF" GUID="{e538fcfe-3024-410a-9d7b-fa19c43688a4}" TextKey="ACTIVE_BTN_GO" LabelStyleKey="SMALL_ORANGE_BTN" />
            </Button>
        </WZUIContainer>
        <WZUIContainer Type="WZUIContainer" GUID="{52855a5f-2566-4306-8edf-b013a03c88a8}" AbsContentSize="502,242" UseAbsSize="True" RelativePosition="0.5,0" AnchorPoint="0.5,0">
            <WZUITableContainer Type="WZUITableContainer" GUID="{4fb62f40-a517-40f7-8e9e-f11db93814c3}" EnableMoveHorizontal="False" Name="tableRewardList_CellTimeChallengePanel" RelativeSize="1,0.92" CellElementHeight="0.45" />
        </WZUIContainer>
    </WZUIContainer>
</CellTimeChallengePanel>
