﻿<CellCutePetPanel GUID="{a2b0c9d2-d3d4-448f-b6be-ca765d479998}">
    <WZUIContainer AbsContentSize="502,453" GUID="{da38992f-4d72-4c25-9367-e43b64ed0fa1}" LuaObjectName="CellCutePetPanel" Name="CellCutePetPanel" NameCreate="True" Type="WZUIContainer" UseAbsSize="True">
        <WZUIContainer AbsContentSize="500,170" GUID="{d5c16eea-bbbb-496d-ae6a-18d8a5befca1}" RelativePosition="0.5,0" Type="WZUIContainer" UseAbsSize="True" AnchorPoint="0.5,0" Order="2">
            <WZUIContainer AbsContentSize="480,130" GUID="{7ae3d24a-9c42-4026-bed5-a92803749532}" RelativePosition="0.5,0.48" Type="WZUIContainer" UseAbsSize="True">
                <WZUIScrollContainer EnableHorizontalScroll="False" EnableMoveHorizontal="False" EnableVerticalScroll="True" GUID="{d5e722b8-5909-42c5-bbe8-9ba912dd28fc}" Name="rollconExplanation_CellCutePetPanel" ScrollPictureDown="" ScrollPictureMid="" ScrollPictureTop="" Type="WZUIScrollContainer" EnableBounceBack="True" RelativeSize="0.7,0.8" AnchorPoint="0,0" RelativePosition="0,0">
                    <MoveElement GUID="{32e89ab2-5f0a-44a1-a492-c6a798f471c5}" Type="WZUIContainer" Visible="True" RelativeSize="1,1" AnchorPoint="0.5,0.5" RelativePosition="0.5,0.5">
                        <WZUIFreeTextBox Type="WZUIFreeTextBox" GUID="{2cbf1d61-2255-42e3-9c15-07108724af4e}" Name="txtDesc1" MaxWidth="340" AnchorPoint="0,1" RelativePosition="0.02,0.95" />
                    </MoveElement>
                </WZUIScrollContainer>
                <WZUIContainer Type="WZUIContainer" GUID="{336b35a1-f910-4923-ae36-7b28ec35606a}" RelativeSize="1,1" AnchorPoint="0.5,0" RelativePosition="0.5,-0.0615385" Name="conRedPackInfo_CellCutePetPanel" Visible="True" AbsContentSize="502,80" UseAbsSize="True">
                    <WZUI9Image Type="WZUI9Image" GUID="{eba5cb1b-a18b-482b-ab54-f6b16c45aff5}" File="ui/common/common_shade_chushouheidi.png" />
                    <WZUIFreeTextBox Type="WZUIFreeTextBox" GUID="{b56cb179-a752-4dc2-8863-4070204c73d7}" AnchorPoint="0,0.5" RelativePosition="0.05,0.7" MaxWidth="300" Name="ftxtLeftTimes_CellCutePetPanel" UseAbsSize="True" />
                    <WZUIFreeTextBox Type="WZUIFreeTextBox" GUID="{ce9b3947-241e-4060-bc16-88af80edc8de}" AnchorPoint="0,0.5" RelativePosition="0.05,0.3" MaxWidth="300" Name="ftxtCDTime_CellCutePetPanel" UseAbsSize="True" />
                </WZUIContainer>
                <WZUIButton GUID="{86f248fe-00d9-407f-bf88-b2e31fe4ad2d}" LuaDoneFunctionName="onClickGoTo" Name="btnGoto_CellCutePetPanel" Type="WZUIButton" LuaActionName="Normal" RelativePosition="0.85,0.35" AbsContentSize="136,65" UseAbsSize="True">
                    <NormalElement GUID="{39382710-6ff1-4ad0-a12a-2d57528c27a4}" Type="WZUIContainer" UseAbsSize="False">
                        <WZUI9Image CapInsets="20,10,15,35" File="ui/common/common_btn_anniu10_1.png" GUID="{06ec0b2e-f3a7-4318-bfee-d80b2e673085}" RelativeSize="1.1,1" Type="WZUI9Image" UseOriginSizeProportion="False" UseOriginSize="True" />
                    </NormalElement>
                    <SelectElement GUID="{3f8c4003-6fa0-48fe-a03a-ff88ed77eea7}" Type="WZUIContainer">
                        <WZUI9Image CapInsets="20,10,15,35" File="ui/common/common_btn_anniu10_1_sel.png" GUID="{d5313636-d219-4fb4-80ad-01311d38f842}" RelativeSize="1.1,1" Type="WZUI9Image" Scale="1" UseOriginSize="True" />
                    </SelectElement>
                    <DisableElement GUID="{35e9bd21-5c21-492b-be9f-0e49b198898b}" Type="WZUIContainer">
                        <WZUI9Image CapInsets="20,10,15,35" File="ui/common/common_btn_anniu10_1_sel.png" GUID="{8d62ac8c-2790-4ae3-825f-855dd7ab4cdc}" RelativePosition="0.5,0.5" RelativeSize="1.1,1" Type="WZUI9Image" GrayRender="True" UseOriginSize="True" />
                    </DisableElement>
                    <WZUILabelTTF Color="255,236,193" FontSize="26" GUID="{a26c69d2-9ce6-4dac-90e8-78da6584abfa}" Name="txtgotoWord_CellCutePetPanel" RelativePosition="0.5,0.5" StrokeColor="128,54,13" StrokeSize="4" Text="" Type="WZUILabelTTF" LabelStyleKey="NORMAL_GREEN_BTN" EnableStroke="True" />
                </WZUIButton>
            </WZUIContainer>
        </WZUIContainer>
        <WZUIContainer AbsContentSize="502,300" GUID="{044172bd-907d-4d4f-a6d5-92e487234708}" RelativePosition="0.5,1" Type="WZUIContainer" UseAbsSize="True" AnchorPoint="0.5,1">
            <WZUIImage Type="WZUIImage" GUID="{ce6df28c-2462-43d8-b91e-3df187872e01}" File="ui/gameActivity/activity_pic_mcsx.png" UseOriginSize="True" AnchorPoint="0.5,1" RelativePosition="0.5,1.00667" ScaleX="1.002" Name="imgBK_CellCutePetPanel" ScaleY="1" />
        </WZUIContainer>
        <WZUIContainer Type="WZUIContainer" GUID="{36945a69-b634-4d05-bf48-856de2b34daa}" AbsContentSize="500,42" UseAbsSize="True" AnchorPoint="0.5,1" RelativePosition="0.5,1.00221">
            <WZUI9Image Type="WZUI9Image" GUID="{4e01dcb3-84d9-4e0f-a981-3c443c84ffd2}" File="ui/common/common_scale9_heidi7.png" />
            <WZUILabelTTF Type="WZUILabelTTF" GUID="{a2011aaa-0b26-4bcc-8fe3-deed9aa097f9}" TextKey="" FontSize="22" Color="255,227,116" EnableStroke="True" StrokeSize="4" StrokeColor="128,54,13" AnchorPoint="0,0.5" RelativePosition="0.05,0.5" Text="ACTIVE_TIME" Name="txtTimeWord_CellCutePetPanel" />
            <WZUILabelTTF Type="WZUILabelTTF" GUID="{59e72386-793e-4b35-890a-6107ce09aa25}" FontSize="22" EnableStroke="True" Color="255,89,74" StrokeColor="158,0,0" StrokeSize="4" Text="" AnchorPoint="0,0.5" RelativePosition="0.27,0.5" Name="txtTime_CellCutePetPanel" />
        </WZUIContainer>
        <WZUIContainer Type="WZUIContainer" GUID="{8e5097c0-e541-4fca-a7d5-48571d917ab5}" Name="conRedPack_CellCutePetPanel" RelativeSize="0.46,0.65" RelativePosition="0.48008,0.533113" Visible="False">
            <WZUILabelTTF Type="WZUILabelTTF" GUID="{2e9ad38c-039c-4ceb-8734-4511bcfe5ca3}" TextKey="REDPACK_ATT" FontSize="20" Color="195,171,148" Text="哈啊哈啊" RelativePosition="0.5,0.22" AnchorPoint="0.5,1" Name="txtRed_CellCutePetPanel" />
            <WZUIContainer Type="WZUIContainer" GUID="{e7317fe0-7f1c-4dcf-b337-1a9bba4812b4}" RelativeSize="1,0.16" RelativePosition="0.5,0.56">
                <WZUIImage Type="WZUIImage" GUID="{5b388aea-9797-41c3-8520-820793d42bec}" UseOriginSize="True" File="ui/combat/common_scale9_lundaonichushou_bg.png" RelativePosition="0.5,0.5" Opacity="125" ScaleX="0.38" ScaleY="0.5" />
                <WZUIEditBox Type="WZUIEditBox" GUID="{485b8301-c698-4752-b5ab-e163c435ae65}" FontSize="20" TextFieldPadding="0" Text="" PlaceHolder="" BgHidden="False" InputMode="ModeAny" BgPicture="ui/common/transparent_bg.png" Name="editOrder_CellCutePetPanel" MaxLength="20" Color="255,255,255" PlaceHolderAlignment="0" FontColor="255,255,255" PlaceholderFontColor="195,171,148" Alignment="1" ChinesePlaceholderNum="2" RelativeSize="1,1" AnchorPoint="0.5,0.5" RelativePosition="0.5,0.5" LuaEditBoxEditingDidEnd="onFinishInput" Dimensions="150,25" Opacity="255" />
                <Button Type="WZUIButton" GUID="{68e336d7-5769-4c8d-93df-63fa26dc8110}" Name="btnJumpForIos_CellCutePetPanel" LuaDoneFunctionName="onJumpToWorldChat" Visible="False">
                    <NormalElement Type="WZUIContainer" GUID="{c299a934-5334-45f8-b3b8-21ce5d7ac8f1}" />
                    <SelectElement Type="WZUIContainer" GUID="{535299be-f9d5-4149-a741-4f0ee29d5a55}" />
                    <DisableElement Type="WZUIContainer" GUID="{94e7ad07-ce80-4062-8f33-9f53b76e68c0}" />
                    <WZUILabelTTF Type="WZUILabelTTF" GUID="{91c4eb5f-cdd9-49e4-846f-8d7c637f891f}" FontSize="20" Color="255,255,255" EnableStroke="True" Name="txtOrderCode_CellCutePetPanel" StrokeColor="158,0,0" StrokeSize="4" />
                </Button>
            </WZUIContainer>
        </WZUIContainer>
    </WZUIContainer>
</CellCutePetPanel>
