﻿<?xml version="1.0" ?>
<CellTotalRechargeItem GUID="{FF4B055A-7422-49cd-89ED-9A0BA3C5A073}">
    <WZUIContainer AbsContentSize="486,138" GUID="{C285F7FE-1FFF-4cf9-A2F3-6B5F5100900A}" LuaObjectName="" Name="CellTotalRechargeItem" NameCreate="True" Type="WZUIContainer" UseAbsSize="True">
        <WZUIContainer GUID="{403CBA06-5C87-439b-A0B1-ADB1A11D0870}" Type="WZUIContainer" AbsContentSize="486,138" UseAbsSize="True" RelativePosition="0.5,0.5">
            <WZUI9Image File="ui/common/common_scale9_di18.png" GUID="{51EBCB5A-EC78-4715-B566-FF7193438AAA}" Type="WZUI9Image" />
        </WZUIContainer>
        <WZUIContainer Type="WZUIContainer" GUID="{85D3BDAF-4015-40e8-87BC-44CD91A753B1}" AbsContentSize="486,98" AnchorPoint="0.5,0" RelativePosition="0.5,0" UseAbsSize="True">
            <WZUIContainer AbsContentSize="80,80" GUID="{AE7B91C3-8297-4a84-8105-9B62F87E956F}" Name="img_con_1_Item" RelativePosition="0.105,0.5" TouchContainerEnable="True" TouchEnable="True" Type="WZUIContainer" UseAbsSize="True" />
            <WZUIContainer AbsContentSize="80,80" GUID="{E70A1E6C-C4D0-4123-B347-C9B6EAAABCF8}" Name="img_con_2_Item" RelativePosition="0.286,0.5" TouchContainerEnable="True" TouchEnable="True" Type="WZUIContainer" UseAbsSize="True" />
            <WZUIContainer AbsContentSize="80,80" GUID="{42901310-1FA5-41b0-87C0-9E5434F9D326}" Name="img_con_3_Item" RelativePosition="0.467,0.5" TouchContainerEnable="True" TouchEnable="True" Type="WZUIContainer" UseAbsSize="True" />
            <WZUIContainer AbsContentSize="80,80" GUID="{FEAA166B-B83A-426c-AB2C-FC4408357B6E}" Name="img_con_4_Item" RelativePosition="0.648,0.5" TouchContainerEnable="True" TouchEnable="True" Type="WZUIContainer" UseAbsSize="True" />
            <WZUIContainer AbsContentSize="116,56" GUID="{872F750B-DE1E-475b-B778-1AF889124929}" RelativePosition="0.864,0.5" Scale="1" ScaleX="1" Type="WZUIContainer" UseAbsSize="True" ScaleY="1" Name="conBtn_CellTotalRechargeItem">
                <Button GUID="{4093B6F9-F088-4b5b-8271-80F6D9380047}" LuaDoneFunctionName="event_getReward" Name="btn_getReward_item" Type="WZUIButton" AbsContentSize="0,0" UseAbsSize="False" RelativePosition="0.5,0.5" Visible="True" LuaActionName="Normal">
                    <NormalElement GUID="{75FB4243-AB13-4045-9550-CFB9947B0B8C}" Type="WZUIContainer">
                        <WZUI9Image File="ui/common/common_btn_anniu10_0.png" GUID="{A42B81F8-28BB-42bc-900D-41F190776B42}" Type="WZUI9Image" UseOriginSize="True" />
                    </NormalElement>
                    <SelectElement GUID="{E1907993-8139-4cc5-AA6B-727993B92F88}" Type="WZUIContainer">
                        <WZUI9Image File="ui/common/common_btn_anniu10_0_sel.png" GUID="{34825E25-CA4A-4755-84CE-2B46C4251934}" Type="WZUI9Image" UseOriginSize="True" />
                    </SelectElement>
                    <DisableElement GUID="{D82BD556-44D0-4637-B5FF-137B453D8A2D}" Type="WZUIContainer">
                        <WZUI9Image File="ui/common/common_btn_anniu10_0.png" GUID="{6D6F3776-2B3C-4896-BFC7-15A6D6CF91A3}" Type="WZUI9Image" GrayRender="True" UseOriginSize="True" />
                    </DisableElement>
                    <WZUILabelTTF Color="255,236,193" FontSize="24" GUID="{92292657-A793-4c85-997F-D613584ECB5D}" Name="txt_button_item" Scale="1" ShadowColor="" StrokeColor="0,72,3" StrokeSize="4" Text="" Type="WZUILabelTTF" ScaleX="1" ScaleY="1" LabelStyleKey="" EnableStroke="True" />
                </Button>
            </WZUIContainer>
        </WZUIContainer>
        <WZUIContainer AbsContentSize="480,40" AnchorPoint="0.5,0.5" GUID="{ADEF4865-D0D2-46ca-954D-260D4902C642}" RelativePosition="0.5,0.840008" Type="WZUIContainer" UseAbsSize="True" Name="conMsgInfo_CellTotalRechargeItem">
            <WZUIImage Type="WZUIImage" GUID="{CAB57575-D922-41f1-9736-2A4C46C228EE}" File="ui/common/common_pic_jiantou4.png" UseOriginSize="True" Name="imgArrow_CellTotalRechargeItem" />
        </WZUIContainer>
    </WZUIContainer>
</CellTotalRechargeItem>
