<CellLeagueMatch2 GUID="{83f12b5d-de07-42ac-8a98-5dcd27f318f3}">
    <WZUIContainer AbsContentSize="705,420" GUID="{52eb5937-3040-496e-a446-f3b2beeabac2}" LuaObjectName="" Name="CellLeagueMatch2" NameCreate="True" Type="WZUIContainer" UseAbsSize="True">
        <WZUIContainer Type="WZUIContainer" GUID="{52aefc49-58f3-444f-8715-1cdb113c1dc7}" Name="conRow1" AbsContentSize="705,105" UseAbsSize="True" RelativePosition="0.5,0.875">
            <WZUIContainer Type="WZUIContainer" GUID="{43726899-c650-478e-88ec-14386f69bf36}" AbsContentSize="330,96" UseAbsSize="True" RelativePosition="0.26,1" TouchEnable="True" Name="con1" AnchorPoint="0.5,1">
                <WZUI9Image File="ui/common/common_scale9_di7.png" GUID="{dac53c53-2e4b-4963-96e8-83f31e7fc949}" RelativePosition="0.5,0.5" RelativeSize="1,1" Type="WZUI9Image" Visible="True" TouchEnable="False" Opacity="230" />
                <WZUIContainer Type="WZUIContainer" GUID="{afe085d3-9f7b-4742-9968-cac3de13c196}" AbsContentSize="150,30" UseAbsSize="True" RelativePosition="0.23,0.82">
                    <WZUI9Image Type="WZUI9Image" GUID="{3797c8f8-682d-412a-8c0f-87fca355cc45}" File="ui/hero/common_scale9_di66.png" />
                </WZUIContainer>
                <WZUIContainer Type="WZUIContainer" GUID="{7e972c3a-979b-4ec4-9942-759f8ac31f2a}" AbsContentSize="150,30" UseAbsSize="True" RelativePosition="0.77,0.82">
                    <WZUI9Image Type="WZUI9Image" GUID="{b4e0b263-e2de-44d6-bc85-8c62673b4545}" File="ui/hero/common_scale9_di66.png" FlipX="False" ScaleX="-1" />
                </WZUIContainer>
                <WZUIContainer Type="WZUIContainer" GUID="{76d949e4-1508-41e8-ad41-682d929f55e2}">
                    <Button Type="WZUIButton" GUID="{7633c251-5eeb-4da1-96fc-63ed55aed01c}" UseAbsSize="True" AbsContentSize="50,50" RelativePosition="0.102,0.345" LuaDoneFunctionName="onCheck" LuaActionName="" Tag="1">
                        <WZUI9Image Type="WZUI9Image" GUID="{37933e34-7b6a-486d-ae77-758b8e6bfb53}" File="ui/common/common_scale9_beibaodi.png" />
                        <WZUI9Image Type="WZUI9Image" GUID="{3f3623c2-8edb-48a1-bc31-3e06ee6d4990}" File="ui/common/common_scale9_wuse.png" UseOriginSize="True" Scale="0.64999997615814209" />
                        <NormalElement Type="WZUIContainer" GUID="{c0181141-c331-4375-bc4c-9001f7f06cbf}">
                            <WZUI9Image Type="WZUI9Image" GUID="{35b810d8-599a-4e51-9ae7-13e31b5652b8}" File="ui/hero/hero_icon_yxlsdb.png" UseOriginSize="True" Scale="0.45" />
                        </NormalElement>
                        <SelectElement Type="WZUIContainer" GUID="{c4ab7184-1d13-424f-9a48-24f065863890}">
                            <WZUI9Image Type="WZUI9Image" GUID="{806c14df-c840-4913-b84c-115ae88d562a}" File="ui/hero/hero_icon_yxlsdb.png" UseOriginSize="True" Scale="0.45" />
                        </SelectElement>
                        <DisableElement Type="WZUIContainer" GUID="{ff72fde3-09d6-472e-9b98-656e39cf2764}" />
                        <WZUIClippingContainer Type="WZUIClippingContainer" GUID="{4fdd392b-d0fb-4978-8380-55b0bd4e791d}" TouchEnable="False" RelativePosition="0.5,0.5" AnchorPoint="0.5,0.5" Visible="True" AbsContentSize="42,42" UseAbsSize="True">
                            <Stencil Type="WZUIImage" GUID="{1df1c729-ca32-4866-ba0a-db013de5a626}" File="ui/bag/common_shade_touxiang2.png" UseOriginSize="True" Scale="0.72" RelativePosition="0.5,0.5" Visible="True" />
                            <WZUIContainer Type="WZUIContainer" GUID="{623c4c9f-7fd6-4534-a397-3a7f75060e05}" Name="conHead11" />
                        </WZUIClippingContainer>
                        <WZUI9Image Type="WZUI9Image" GUID="{d1aa2d03-c19e-4a98-9cdc-222aa484cb44}" File="ui/hero/hero_icon_vssheng.png" UseOriginSize="True" RelativePosition="1,0.27" AnchorPoint="0,0.5" Name="imgResult11" />
                    </Button>
                    <Button Type="WZUIButton" GUID="{9ee005a4-bbd7-43d6-8b8d-e9b5b9dd6000}" UseAbsSize="True" AbsContentSize="50,50" RelativePosition="0.9,0.345" LuaDoneFunctionName="onCheck" LuaActionName="" Tag="2">
                        <WZUI9Image Type="WZUI9Image" GUID="{87aff9af-47ed-4e6c-824c-08632ee7d7d2}" File="ui/common/common_scale9_beibaodi.png" />
                        <WZUI9Image Type="WZUI9Image" GUID="{44618f33-4143-4452-8f66-789442b51557}" File="ui/common/common_scale9_wuse.png" UseOriginSize="True" Scale="0.64999997615814209" />
                        <NormalElement Type="WZUIContainer" GUID="{39269232-dcb6-4bc2-8652-2d4f5482b5ad}">
                            <WZUI9Image Type="WZUI9Image" GUID="{e477e3fa-8587-49d8-8a20-43864fb5a569}" File="ui/hero/hero_icon_yxlsdb.png" UseOriginSize="True" Scale="0.45" />
                        </NormalElement>
                        <SelectElement Type="WZUIContainer" GUID="{b9eff0fd-b09e-4785-90b4-443dbb92dc23}">
                            <WZUI9Image Type="WZUI9Image" GUID="{37ba3044-1480-43aa-9a43-5c42e5910605}" File="ui/hero/hero_icon_yxlsdb.png" UseOriginSize="True" Scale="0.45" />
                        </SelectElement>
                        <DisableElement Type="WZUIContainer" GUID="{2a4f985e-64d0-454e-a653-07ba756051b2}" />
                        <WZUIClippingContainer Type="WZUIClippingContainer" GUID="{471a0f2c-17ca-4467-af71-3ca4ef38b3d8}" TouchEnable="False" RelativePosition="0.5,0.5" AnchorPoint="0.5,0.5" Visible="True" AbsContentSize="42,42" UseAbsSize="True">
                            <Stencil Type="WZUIImage" GUID="{157cbecf-eee2-4473-82fc-d28a5639a82b}" File="ui/bag/common_shade_touxiang2.png" UseOriginSize="True" Scale="0.72" RelativePosition="0.5,0.5" Visible="True" />
                            <WZUIContainer Type="WZUIContainer" GUID="{63470887-b748-4449-9271-e5eb3e1442aa}" Name="conHead12" />
                        </WZUIClippingContainer>
                        <WZUI9Image Type="WZUI9Image" GUID="{8d5bbd2e-efc2-435c-8da4-b0daffcda607}" File="ui/hero/hero_icon_vsfu.png" UseOriginSize="True" RelativePosition="0,0.27" AnchorPoint="1,0.5" Name="imgResult12" />
                    </Button>
                    <WZUILabelTTF Alignment="Center" AnchorPoint="0.5,0.5" BoldFont="True" Color="218,212,185" FontSize="22" GUID="{c0ffdcca-df96-4c2c-a375-498d8feaaacd}" MaxLength="10" Name="" Order="1" RelativePosition="0.5,0.7" Text="VS" Type="WZUILabelTTF" TouchEnable="False" AbsPosition="114,67" LabelStyleKey="C13_F20" />
                </WZUIContainer>
                <WZUILabelTTF Type="WZUILabelTTF" GUID="{0b1f2f6c-0df2-4cc5-9d8b-0ecb593f0b33}" Text="玩家" LabelStyleKey="" RelativePosition="0.04,0.8" Alignment="Left" AnchorPoint="0,0.5" Name="teamName11" Color="255,236,193" FontSize="20" TextKey="PLAYER" />
                <WZUILabelTTF Type="WZUILabelTTF" GUID="{b320c974-6569-45f4-b52c-a329f44cfc07}" Text="玩家" LabelStyleKey="" RelativePosition="0.96,0.81" Alignment="Right" AnchorPoint="1,0.5" Name="teamName12" Color="255,236,193" FontSize="20" TextKey="PLAYER" />
                <WZUILabelTTF Type="WZUILabelTTF" GUID="{0bd2e78f-431e-4b84-9027-71fdbe3ef1c8}" Text="" LabelStyleKey="C11_F20" RelativePosition="0.19,0.19" Alignment="Left" AnchorPoint="0,0.5" Name="ttfResult11" />
                <WZUILabelTTF Type="WZUILabelTTF" GUID="{5a7016d9-3179-4794-a72c-df3f82882b9a}" Text="" LabelStyleKey="C11_F20" RelativePosition="0.81,0.19" Alignment="Right" AnchorPoint="1,0.5" Name="ttfResult12" />
            </WZUIContainer>
            <WZUIContainer Type="WZUIContainer" GUID="{8a516163-8041-4418-99e8-350b35acb3c6}" AbsContentSize="330,96" UseAbsSize="True" RelativePosition="0.74,1" TouchEnable="True" Name="con2" Visible="True" AnchorPoint="0.5,1">
                <WZUI9Image File="ui/common/common_scale9_di7.png" GUID="{5e40007d-774c-4856-9473-fcf92ca0e8bb}" RelativePosition="0.5,0.5" RelativeSize="1,1" Type="WZUI9Image" Visible="True" TouchEnable="False" Opacity="230" />
                <WZUIContainer Type="WZUIContainer" GUID="{943fe795-ef0e-4446-b9d5-3cec5ebeca97}" AbsContentSize="150,30" UseAbsSize="True" RelativePosition="0.23,0.82">
                    <WZUI9Image Type="WZUI9Image" GUID="{72332f51-7309-4c8b-affd-ff6a0286f37e}" File="ui/hero/common_scale9_di66.png" />
                </WZUIContainer>
                <WZUIContainer Type="WZUIContainer" GUID="{40fe03a4-43aa-4287-ad3d-9e62a90075e1}" AbsContentSize="150,30" UseAbsSize="True" RelativePosition="0.77,0.82">
                    <WZUI9Image Type="WZUI9Image" GUID="{0c2d7af3-849c-4620-9192-5f0665abbd09}" File="ui/hero/common_scale9_di66.png" FlipX="False" ScaleX="-1" />
                </WZUIContainer>
                <WZUIContainer Type="WZUIContainer" GUID="{a6d5563e-3668-4995-90cb-9dc8535dcd88}">
                    <Button Type="WZUIButton" GUID="{2c982509-e92d-4176-8e23-4db34eae8590}" UseAbsSize="True" AbsContentSize="50,50" RelativePosition="0.102,0.345" LuaDoneFunctionName="onCheck" LuaActionName="" Tag="3">
                        <WZUI9Image Type="WZUI9Image" GUID="{f5d25ab7-c35d-4508-9b1f-51092e5f49bc}" File="ui/common/common_scale9_beibaodi.png" Visible="True" />
                        <WZUI9Image Type="WZUI9Image" GUID="{382b4965-c0f2-41a9-a640-8519a9e2797e}" File="ui/common/common_scale9_wuse.png" UseOriginSize="True" Visible="True" Scale="0.65" />
                        <NormalElement Type="WZUIContainer" GUID="{fd903c86-ffdf-40e4-bb6c-0b41e68749ea}">
                            <WZUI9Image Type="WZUI9Image" GUID="{bfde2e3d-fd79-4b42-889b-ef6a07ecd2e0}" File="ui/hero/hero_icon_yxlsdb.png" UseOriginSize="True" Scale="0.45" Visible="True" />
                        </NormalElement>
                        <SelectElement Type="WZUIContainer" GUID="{b600453b-ac5a-4566-881b-c4f517caac1b}">
                            <WZUI9Image Type="WZUI9Image" GUID="{cc30841e-b1fa-4c50-bbde-854015921e90}" File="ui/hero/hero_icon_yxlsdb.png" UseOriginSize="True" Scale="0.45" />
                        </SelectElement>
                        <DisableElement Type="WZUIContainer" GUID="{b3d3019f-2afe-41af-8ae8-cff956120b79}" />
                        <WZUIClippingContainer Type="WZUIClippingContainer" GUID="{63ded06c-ea81-40f2-a4c5-59f256228476}" TouchEnable="False" RelativePosition="0.5,0.5" AnchorPoint="0.5,0.5" Visible="True" AbsContentSize="42,42" UseAbsSize="True">
                            <Stencil Type="WZUIImage" GUID="{3db63442-9e44-4d7d-8582-26666272086f}" File="ui/bag/common_shade_touxiang2.png" UseOriginSize="True" Scale="0.72" RelativePosition="0.5,0.5" Visible="True" />
                            <WZUIContainer Type="WZUIContainer" GUID="{9bcae9ad-e44c-4059-8afa-c1dd85c37891}" Name="conHead21" />
                        </WZUIClippingContainer>
                        <WZUI9Image Type="WZUI9Image" GUID="{5cf2305b-48a8-4a37-b57d-f062dd9be47a}" File="ui/hero/hero_icon_vssheng.png" UseOriginSize="True" RelativePosition="1,0.27" AnchorPoint="0,0.5" Name="imgResult21" />
                    </Button>
                    <Button Type="WZUIButton" GUID="{cd37f97f-5eee-472c-a9a1-b99d6b643f10}" UseAbsSize="True" AbsContentSize="50,50" RelativePosition="0.9,0.345" LuaDoneFunctionName="onCheck" LuaActionName="" Tag="4">
                        <WZUI9Image Type="WZUI9Image" GUID="{f4d32e82-4664-461e-b381-7d692cac2ff7}" File="ui/common/common_scale9_beibaodi.png" />
                        <WZUI9Image Type="WZUI9Image" GUID="{99f3829b-e4e5-4743-b2c0-7150071f37dc}" File="ui/common/common_scale9_wuse.png" UseOriginSize="True" Scale="0.64999997615814209" />
                        <NormalElement Type="WZUIContainer" GUID="{00fd941f-ef19-4318-96be-db94b2cff728}">
                            <WZUI9Image Type="WZUI9Image" GUID="{4c2c65fe-1fa1-4d33-99c9-310145563bbe}" File="ui/hero/hero_icon_yxlsdb.png" UseOriginSize="True" Scale="0.45" />
                        </NormalElement>
                        <SelectElement Type="WZUIContainer" GUID="{0fa3fcdb-22fd-486c-adb2-e68b5e65ef78}">
                            <WZUI9Image Type="WZUI9Image" GUID="{726cf123-47d6-487c-be49-f60bc80a7959}" File="ui/hero/hero_icon_yxlsdb.png" UseOriginSize="True" Scale="0.45" />
                        </SelectElement>
                        <DisableElement Type="WZUIContainer" GUID="{646b97d7-c12b-49a2-b018-40cd5330b410}" />
                        <WZUIClippingContainer Type="WZUIClippingContainer" GUID="{b698ca09-7999-4fac-af11-ba172beddeec}" TouchEnable="False" RelativePosition="0.5,0.5" AnchorPoint="0.5,0.5" Visible="True" AbsContentSize="42,42" UseAbsSize="True">
                            <Stencil Type="WZUIImage" GUID="{812404e2-f22d-4362-bc95-84833d39c8eb}" File="ui/bag/common_shade_touxiang2.png" UseOriginSize="True" Scale="0.72" RelativePosition="0.5,0.5" Visible="True" />
                            <WZUIContainer Type="WZUIContainer" GUID="{135ff8b1-c206-4ec0-80ee-0c3ad4297f68}" Name="conHead22" />
                        </WZUIClippingContainer>
                        <WZUI9Image Type="WZUI9Image" GUID="{0a5aea2f-4df6-4327-b50d-d24d62e79960}" File="ui/hero/hero_icon_vsfu.png" UseOriginSize="True" RelativePosition="0,0.27" AnchorPoint="1,0.5" Name="imgResult22" />
                    </Button>
                    <WZUILabelTTF Alignment="Center" AnchorPoint="0.5,0.5" BoldFont="True" Color="218,212,185" FontSize="22" GUID="{ef32e642-92d9-48e1-998e-74d8363b62ac}" MaxLength="10" Name="" Order="1" RelativePosition="0.5,0.7" Text="VS" Type="WZUILabelTTF" TouchEnable="False" AbsPosition="114,67" LabelStyleKey="C13_F20" />
                </WZUIContainer>
                <WZUILabelTTF Type="WZUILabelTTF" GUID="{64e9bcc1-13b7-422a-b9bf-4c94a68c7c14}" Text="玩家" LabelStyleKey="" RelativePosition="0.04,0.8" Alignment="Left" AnchorPoint="0,0.5" Name="teamName21" Color="255,236,193" FontSize="20" TextKey="PLAYER" />
                <WZUILabelTTF Type="WZUILabelTTF" GUID="{6f0d28e0-05a4-4238-b925-527a07075e34}" Text="玩家" LabelStyleKey="" RelativePosition="0.96,0.81" Alignment="Right" AnchorPoint="1,0.5" Name="teamName22" Color="255,236,193" FontSize="20" TextKey="PLAYER" />
                <WZUILabelTTF Type="WZUILabelTTF" GUID="{0a71bbb5-83a3-49fd-949a-3256f5c42b20}" Text="" LabelStyleKey="C11_F20" RelativePosition="0.19,0.19" Alignment="Left" AnchorPoint="0,0.5" Name="ttfResult21" />
                <WZUILabelTTF Type="WZUILabelTTF" GUID="{625ec969-a79d-47be-9f96-70c3387aee38}" Text="" LabelStyleKey="C11_F20" RelativePosition="0.81,0.19" Alignment="Right" AnchorPoint="1,0.5" Name="ttfResult22" />
            </WZUIContainer>
        </WZUIContainer>
        <WZUIContainer Type="WZUIContainer" GUID="{fb726eb2-5f9e-4d50-99bd-1b1c12f7b9d6}" Name="conRow2" AbsContentSize="705,105" UseAbsSize="True" RelativePosition="0.5,0.625">
            <WZUIContainer Type="WZUIContainer" GUID="{85d8ffb3-9b56-4736-890d-839b8e04a04b}" AbsContentSize="330,96" UseAbsSize="True" RelativePosition="0.26,1" TouchEnable="True" Name="con3" AnchorPoint="0.5,1">
                <WZUI9Image File="ui/common/common_scale9_di7.png" GUID="{6e797503-b326-472b-8213-023aa4f4155c}" RelativePosition="0.5,0.5" RelativeSize="1,1" Type="WZUI9Image" Visible="True" TouchEnable="False" Opacity="230" />
                <WZUIContainer Type="WZUIContainer" GUID="{1f8f6dcc-0d45-48f0-a368-2dc4879ea7d3}" AbsContentSize="150,30" UseAbsSize="True" RelativePosition="0.23,0.82">
                    <WZUI9Image Type="WZUI9Image" GUID="{a61de2da-0f40-4c0a-b801-270b38b56412}" File="ui/hero/common_scale9_di66.png" />
                </WZUIContainer>
                <WZUIContainer Type="WZUIContainer" GUID="{fda68d12-2b65-4e60-8acb-590720d02c06}" AbsContentSize="150,30" UseAbsSize="True" RelativePosition="0.77,0.82">
                    <WZUI9Image Type="WZUI9Image" GUID="{b68fb0d4-c6f0-4ac1-98dd-c02dfb65a590}" File="ui/hero/common_scale9_di66.png" FlipX="False" ScaleX="-1" />
                </WZUIContainer>
                <WZUIContainer Type="WZUIContainer" GUID="{2b1f3c23-b4d4-4bd6-aa78-0d0b22948b6e}">
                    <Button Type="WZUIButton" GUID="{e495f65e-a784-4834-92f2-6d57e3474737}" UseAbsSize="True" AbsContentSize="50,50" RelativePosition="0.102,0.345" LuaDoneFunctionName="onCheck" LuaActionName="" Tag="5">
                        <WZUI9Image Type="WZUI9Image" GUID="{571a0cb4-59b1-4e22-8170-a40de86717c7}" File="ui/common/common_scale9_beibaodi.png" />
                        <WZUI9Image Type="WZUI9Image" GUID="{2877a47c-91f3-461b-a5ff-67d39f2d6a32}" File="ui/common/common_scale9_wuse.png" UseOriginSize="True" Scale="0.64999997615814209" />
                        <NormalElement Type="WZUIContainer" GUID="{2c197ef8-92c5-4c49-bb1e-1ca44c1724a6}">
                            <WZUI9Image Type="WZUI9Image" GUID="{77afca0e-789c-4b78-816b-5957ad28a1f6}" File="ui/hero/hero_icon_yxlsdb.png" UseOriginSize="True" Scale="0.45" />
                        </NormalElement>
                        <SelectElement Type="WZUIContainer" GUID="{c253162e-0b75-45f6-a9c9-260960044735}">
                            <WZUI9Image Type="WZUI9Image" GUID="{23d2d75a-dc74-45bc-9b09-c73f86e8ac29}" File="ui/hero/hero_icon_yxlsdb.png" UseOriginSize="True" Scale="0.45" />
                        </SelectElement>
                        <DisableElement Type="WZUIContainer" GUID="{109147e2-0c1f-4b60-96f1-662e42520da3}" />
                        <WZUIClippingContainer Type="WZUIClippingContainer" GUID="{0e9a3414-2e4c-47fb-966a-1688d5a55ebe}" TouchEnable="False" RelativePosition="0.5,0.5" AnchorPoint="0.5,0.5" Visible="True" AbsContentSize="42,42" UseAbsSize="True">
                            <Stencil Type="WZUIImage" GUID="{bb209d82-9df1-4ea6-9b42-cfa9c42c1292}" File="ui/bag/common_shade_touxiang2.png" UseOriginSize="True" Scale="0.72" RelativePosition="0.5,0.5" Visible="True" />
                            <WZUIContainer Type="WZUIContainer" GUID="{c2c26881-b05b-4c73-91a6-f2fb3c717c65}" Name="conHead31" />
                        </WZUIClippingContainer>
                        <WZUI9Image Type="WZUI9Image" GUID="{43b2b4a6-8a5a-40ac-8cd8-a9c38d9c34b8}" File="ui/hero/hero_icon_vssheng.png" UseOriginSize="True" RelativePosition="1,0.27" AnchorPoint="0,0.5" Name="imgResult31" />
                    </Button>
                    <Button Type="WZUIButton" GUID="{4eb5eddc-21ae-490d-89a4-2e9f5df6d06a}" UseAbsSize="True" AbsContentSize="50,50" RelativePosition="0.9,0.345" LuaDoneFunctionName="onCheck" LuaActionName="" Tag="6">
                        <WZUI9Image Type="WZUI9Image" GUID="{678c9078-ba2b-477e-ba97-1a951b3f677e}" File="ui/common/common_scale9_beibaodi.png" />
                        <WZUI9Image Type="WZUI9Image" GUID="{cdd190a8-36a0-4181-b97b-071b926f418c}" File="ui/common/common_scale9_wuse.png" UseOriginSize="True" Scale="0.64999997615814209" />
                        <NormalElement Type="WZUIContainer" GUID="{e5b3138b-ad37-4f09-9543-7f6e9c2b8430}">
                            <WZUI9Image Type="WZUI9Image" GUID="{aa42443c-7767-4091-b9c4-5e3cebf96b60}" File="ui/hero/hero_icon_yxlsdb.png" UseOriginSize="True" Scale="0.45" />
                        </NormalElement>
                        <SelectElement Type="WZUIContainer" GUID="{e61cc910-7e6c-4f87-8a56-15710ff3cbd6}">
                            <WZUI9Image Type="WZUI9Image" GUID="{d18bdce5-57e0-4e35-972b-930e092f35fb}" File="ui/hero/hero_icon_yxlsdb.png" UseOriginSize="True" Scale="0.45" />
                        </SelectElement>
                        <DisableElement Type="WZUIContainer" GUID="{abb18347-573d-4fb8-bbac-64f8e84e5668}" />
                        <WZUIClippingContainer Type="WZUIClippingContainer" GUID="{25c85838-ad0a-46b8-9be2-e3e3667946b5}" TouchEnable="False" RelativePosition="0.5,0.5" AnchorPoint="0.5,0.5" Visible="True" AbsContentSize="42,42" UseAbsSize="True">
                            <Stencil Type="WZUIImage" GUID="{dd0de527-3817-48aa-803f-e50919419546}" File="ui/bag/common_shade_touxiang2.png" UseOriginSize="True" Scale="0.72" RelativePosition="0.5,0.5" Visible="True" />
                            <WZUIContainer Type="WZUIContainer" GUID="{a6ab14d5-e761-4d9b-aff3-54630b787c98}" Name="conHead32" />
                        </WZUIClippingContainer>
                        <WZUI9Image Type="WZUI9Image" GUID="{6004c76e-80f1-487a-8908-80c570df0631}" File="ui/hero/hero_icon_vsfu.png" UseOriginSize="True" RelativePosition="0,0.27" AnchorPoint="1,0.5" Name="imgResult32" />
                    </Button>
                    <WZUILabelTTF Alignment="Center" AnchorPoint="0.5,0.5" BoldFont="True" Color="218,212,185" FontSize="22" GUID="{a6edc967-6416-4e39-bc85-d0b5ca6e5c71}" MaxLength="10" Name="" Order="1" RelativePosition="0.5,0.7" Text="VS" Type="WZUILabelTTF" TouchEnable="False" AbsPosition="114,67" LabelStyleKey="C13_F20" />
                </WZUIContainer>
                <WZUILabelTTF Type="WZUILabelTTF" GUID="{4ecb3470-1d22-497a-9e1f-aeaa0934fb9a}" Text="玩家" LabelStyleKey="" RelativePosition="0.04,0.8" Alignment="Left" AnchorPoint="0,0.5" Name="teamName31" Color="255,236,193" FontSize="20" TextKey="PLAYER" />
                <WZUILabelTTF Type="WZUILabelTTF" GUID="{e1b7bbf7-5155-49ce-9738-de9b00b51551}" Text="玩家" LabelStyleKey="" RelativePosition="0.96,0.81" Alignment="Right" AnchorPoint="1,0.5" Name="teamName32" Color="255,236,193" FontSize="20" TextKey="PLAYER" />
                <WZUILabelTTF Type="WZUILabelTTF" GUID="{f522a59b-e764-4bf8-bb31-a5e96acd81f6}" Text="" LabelStyleKey="C11_F20" RelativePosition="0.19,0.19" Alignment="Left" AnchorPoint="0,0.5" Name="ttfResult31" Visible="True" />
                <WZUILabelTTF Type="WZUILabelTTF" GUID="{63a16f89-e5c9-4abc-b3e0-1dea9343c129}" Text="" LabelStyleKey="C11_F20" RelativePosition="0.81,0.19" Alignment="Right" AnchorPoint="1,0.5" Name="ttfResult32" />
            </WZUIContainer>
            <WZUIContainer Type="WZUIContainer" GUID="{6a299173-e0e6-4c53-bd6b-cda39b2b2359}" AbsContentSize="330,96" UseAbsSize="True" RelativePosition="0.74,1" TouchEnable="True" Name="con4" Visible="True" AnchorPoint="0.5,1">
                <WZUI9Image File="ui/common/common_scale9_di7.png" GUID="{2a3fcc93-1442-41a3-b3c4-c39cd7057adc}" RelativePosition="0.5,0.5" RelativeSize="1,1" Type="WZUI9Image" Visible="True" TouchEnable="False" Opacity="230" />
                <WZUIContainer Type="WZUIContainer" GUID="{03a6d063-5562-44a8-a5b2-99891eb908ab}" AbsContentSize="150,30" UseAbsSize="True" RelativePosition="0.23,0.82">
                    <WZUI9Image Type="WZUI9Image" GUID="{5744f93b-9ec3-4852-a082-bbc09e0336a8}" File="ui/hero/common_scale9_di66.png" />
                </WZUIContainer>
                <WZUIContainer Type="WZUIContainer" GUID="{41af662b-5aa2-4b06-aa7a-d8d89f0d031f}" AbsContentSize="150,30" UseAbsSize="True" RelativePosition="0.77,0.82">
                    <WZUI9Image Type="WZUI9Image" GUID="{bd584ea8-12d9-4aba-ad13-4a7f422fb779}" File="ui/hero/common_scale9_di66.png" FlipX="False" ScaleX="-1" />
                </WZUIContainer>
                <WZUIContainer Type="WZUIContainer" GUID="{35ca0b17-7349-4a72-9898-695a3bba5e13}">
                    <Button Type="WZUIButton" GUID="{17d131fd-3547-45d4-8182-9acf9475bde9}" UseAbsSize="True" AbsContentSize="50,50" RelativePosition="0.102,0.345" LuaDoneFunctionName="onCheck" LuaActionName="" Tag="7">
                        <WZUI9Image Type="WZUI9Image" GUID="{1535afde-5517-446d-bfa5-3c5fbaa1dc9d}" File="ui/common/common_scale9_beibaodi.png" Visible="True" />
                        <WZUI9Image Type="WZUI9Image" GUID="{ad485479-858c-465c-a4a3-921321b9acd0}" File="ui/common/common_scale9_wuse.png" UseOriginSize="True" Visible="True" Scale="0.65" />
                        <NormalElement Type="WZUIContainer" GUID="{142c7c89-1183-4e7f-ab41-371bc707c28f}">
                            <WZUI9Image Type="WZUI9Image" GUID="{15a7e587-57bd-4e42-9172-41e42dd94245}" File="ui/hero/hero_icon_yxlsdb.png" UseOriginSize="True" Scale="0.45" Visible="True" />
                        </NormalElement>
                        <SelectElement Type="WZUIContainer" GUID="{fd10cd2c-3075-4d1c-84e7-83d684d1b9ed}">
                            <WZUI9Image Type="WZUI9Image" GUID="{02016412-a0b8-4580-82ef-df1f1b652b9b}" File="ui/hero/hero_icon_yxlsdb.png" UseOriginSize="True" Scale="0.45" />
                        </SelectElement>
                        <DisableElement Type="WZUIContainer" GUID="{4d665d5d-1e6c-4139-9d18-d1368a405240}" />
                        <WZUIClippingContainer Type="WZUIClippingContainer" GUID="{c907888e-87f0-4a95-afef-7540cd79bea4}" TouchEnable="False" RelativePosition="0.5,0.5" AnchorPoint="0.5,0.5" Visible="True" AbsContentSize="42,42" UseAbsSize="True">
                            <Stencil Type="WZUIImage" GUID="{17746fcc-1724-4cad-9bb4-ede19c80d8ea}" File="ui/bag/common_shade_touxiang2.png" UseOriginSize="True" Scale="0.72" RelativePosition="0.5,0.5" Visible="True" />
                            <WZUIContainer Type="WZUIContainer" GUID="{73853e8e-e47f-4899-ab84-3a9a29dfed14}" Name="conHead41" />
                        </WZUIClippingContainer>
                        <WZUI9Image Type="WZUI9Image" GUID="{adf8cc1f-0442-4ba8-ad69-e52da5fcab23}" File="ui/hero/hero_icon_vssheng.png" UseOriginSize="True" RelativePosition="1,0.27" AnchorPoint="0,0.5" Name="imgResult41" />
                    </Button>
                    <Button Type="WZUIButton" GUID="{7627bb30-7734-471c-a59d-f0af893c818d}" UseAbsSize="True" AbsContentSize="50,50" RelativePosition="0.9,0.345" LuaDoneFunctionName="onCheck" LuaActionName="" Tag="8">
                        <WZUI9Image Type="WZUI9Image" GUID="{1a93fbae-5e3d-4a94-acf2-2c6973424277}" File="ui/common/common_scale9_beibaodi.png" />
                        <WZUI9Image Type="WZUI9Image" GUID="{fb967d42-0222-4c32-80c6-56ff66682282}" File="ui/common/common_scale9_wuse.png" UseOriginSize="True" Scale="0.64999997615814209" />
                        <NormalElement Type="WZUIContainer" GUID="{992e381e-7e51-42af-8cb0-1866b69274ad}">
                            <WZUI9Image Type="WZUI9Image" GUID="{bb8895b5-8637-4b1d-b993-0b16f01d46a5}" File="ui/hero/hero_icon_yxlsdb.png" UseOriginSize="True" Scale="0.45" />
                        </NormalElement>
                        <SelectElement Type="WZUIContainer" GUID="{3e3e2e77-45bd-45ea-824d-cbdb83d7ff1e}">
                            <WZUI9Image Type="WZUI9Image" GUID="{90213709-eb0e-4858-80a1-81dd4f153a80}" File="ui/hero/hero_icon_yxlsdb.png" UseOriginSize="True" Scale="0.45" />
                        </SelectElement>
                        <DisableElement Type="WZUIContainer" GUID="{c1767233-189e-43f7-b114-7f9f29d4e991}" />
                        <WZUIClippingContainer Type="WZUIClippingContainer" GUID="{0263b3fe-5926-4a4f-9c7a-00bfe1e149b2}" TouchEnable="False" RelativePosition="0.5,0.5" AnchorPoint="0.5,0.5" Visible="True" AbsContentSize="42,42" UseAbsSize="True">
                            <Stencil Type="WZUIImage" GUID="{fae395fb-780b-43ec-812f-2dfed4b82179}" File="ui/bag/common_shade_touxiang2.png" UseOriginSize="True" Scale="0.72" RelativePosition="0.5,0.5" Visible="True" />
                            <WZUIContainer Type="WZUIContainer" GUID="{6d2072c6-f169-4760-96d6-4b2d39a5463b}" Name="conHead42" />
                        </WZUIClippingContainer>
                        <WZUI9Image Type="WZUI9Image" GUID="{3f2cde19-83e1-4fc3-8cb3-4c13972953af}" File="ui/hero/hero_icon_vsfu.png" UseOriginSize="True" RelativePosition="0,0.27" AnchorPoint="1,0.5" Name="imgResult42" />
                    </Button>
                    <WZUILabelTTF Alignment="Center" AnchorPoint="0.5,0.5" BoldFont="True" Color="218,212,185" FontSize="22" GUID="{188efa1b-f315-4670-bddf-57345970f4a8}" MaxLength="10" Name="" Order="1" RelativePosition="0.5,0.7" Text="VS" Type="WZUILabelTTF" TouchEnable="False" AbsPosition="114,67" LabelStyleKey="C13_F20" />
                </WZUIContainer>
                <WZUILabelTTF Type="WZUILabelTTF" GUID="{17ad1c0c-4a5f-46b5-bb91-c16b4261e6d8}" Text="玩家" LabelStyleKey="" RelativePosition="0.04,0.8" Alignment="Left" AnchorPoint="0,0.5" Name="teamName41" Color="255,236,193" FontSize="20" TextKey="PLAYER" />
                <WZUILabelTTF Type="WZUILabelTTF" GUID="{66e12519-d05c-45b4-a75d-8230e79582b2}" Text="玩家" LabelStyleKey="" RelativePosition="0.96,0.81" Alignment="Right" AnchorPoint="1,0.5" Name="teamName42" Color="255,236,193" FontSize="20" TextKey="PLAYER" />
                <WZUILabelTTF Type="WZUILabelTTF" GUID="{9bb632bb-dbab-4f6b-9998-d953f8b311c7}" Text="" LabelStyleKey="C11_F20" RelativePosition="0.19,0.19" Alignment="Left" AnchorPoint="0,0.5" Name="ttfResult41" />
                <WZUILabelTTF Type="WZUILabelTTF" GUID="{b1daa187-307a-4658-87b5-3ef45e622da1}" Text="" LabelStyleKey="C11_F20" RelativePosition="0.81,0.19" Alignment="Right" AnchorPoint="1,0.5" Name="ttfResult42" />
            </WZUIContainer>
        </WZUIContainer>
        <WZUIContainer Type="WZUIContainer" GUID="{8bd7950c-212c-40ce-bcd7-bf6801ea7a10}" Name="conRow3" AbsContentSize="705,105" UseAbsSize="True" RelativePosition="0.5,0.375">
            <WZUIContainer Type="WZUIContainer" GUID="{4e8157d9-ac55-4906-b7fe-ca3cf8c4fdb4}" AbsContentSize="330,96" UseAbsSize="True" RelativePosition="0.26,1" TouchEnable="True" Name="con5" AnchorPoint="0.5,1">
                <WZUI9Image File="ui/common/common_scale9_di7.png" GUID="{e40b1c0b-cf3a-4d1f-a28f-d0a279f04e1a}" RelativePosition="0.5,0.5" RelativeSize="1,1" Type="WZUI9Image" Visible="True" TouchEnable="False" Opacity="230" />
                <WZUIContainer Type="WZUIContainer" GUID="{5ae6894a-4b26-48d0-a660-666f4635fbf1}" AbsContentSize="150,30" UseAbsSize="True" RelativePosition="0.23,0.82">
                    <WZUI9Image Type="WZUI9Image" GUID="{6a9014c4-52d5-4e20-95da-c16fc4534736}" File="ui/hero/common_scale9_di66.png" />
                </WZUIContainer>
                <WZUIContainer Type="WZUIContainer" GUID="{1b4e30cb-b7e2-4964-9127-a84897654dbe}" AbsContentSize="150,30" UseAbsSize="True" RelativePosition="0.77,0.82">
                    <WZUI9Image Type="WZUI9Image" GUID="{0c3f1c92-a1af-40a5-8e10-a470ec502e52}" File="ui/hero/common_scale9_di66.png" FlipX="False" ScaleX="-1" />
                </WZUIContainer>
                <WZUIContainer Type="WZUIContainer" GUID="{71d8bd27-4d8f-4488-9bbd-c860fd709ca7}">
                    <Button Type="WZUIButton" GUID="{fe86e942-0e99-4325-a46b-47d712caf4b6}" UseAbsSize="True" AbsContentSize="50,50" RelativePosition="0.102,0.345" LuaDoneFunctionName="onCheck" LuaActionName="" Tag="9">
                        <WZUI9Image Type="WZUI9Image" GUID="{94cea69b-83c3-48a6-9d8b-6a9ae6d035da}" File="ui/common/common_scale9_beibaodi.png" />
                        <WZUI9Image Type="WZUI9Image" GUID="{5e63f1d8-687d-4bdf-964e-b5ca44ef74d3}" File="ui/common/common_scale9_wuse.png" UseOriginSize="True" Scale="0.64999997615814209" />
                        <NormalElement Type="WZUIContainer" GUID="{c3f7d1a8-cb69-48b6-887f-ea1a3002c3db}">
                            <WZUI9Image Type="WZUI9Image" GUID="{6e0422f4-d51f-446e-8cef-e5d7bf37e73a}" File="ui/hero/hero_icon_yxlsdb.png" UseOriginSize="True" Scale="0.45" />
                        </NormalElement>
                        <SelectElement Type="WZUIContainer" GUID="{6d9013d1-f41c-40cd-a0ea-5f15c73b08ce}">
                            <WZUI9Image Type="WZUI9Image" GUID="{633850cc-79f0-4b01-a9ac-2cbcb0a9f2a6}" File="ui/hero/hero_icon_yxlsdb.png" UseOriginSize="True" Scale="0.45" />
                        </SelectElement>
                        <DisableElement Type="WZUIContainer" GUID="{2f8d5ba7-c30b-417e-90d6-8b5f352b2b81}" />
                        <WZUIClippingContainer Type="WZUIClippingContainer" GUID="{89a494ca-4256-4aaf-ae57-cb5d1c05d94c}" TouchEnable="False" RelativePosition="0.5,0.5" AnchorPoint="0.5,0.5" Visible="True" AbsContentSize="42,42" UseAbsSize="True">
                            <Stencil Type="WZUIImage" GUID="{ead32ea5-1b09-4e29-802a-afa183848ea5}" File="ui/bag/common_shade_touxiang2.png" UseOriginSize="True" Scale="0.72" RelativePosition="0.5,0.5" Visible="True" />
                            <WZUIContainer Type="WZUIContainer" GUID="{04c3418b-140d-4525-9efc-8953087a4e13}" Name="conHead51" />
                        </WZUIClippingContainer>
                        <WZUI9Image Type="WZUI9Image" GUID="{f0eaf598-cc22-44d4-bec5-1b4150ad83b6}" File="ui/hero/hero_icon_vssheng.png" UseOriginSize="True" RelativePosition="1,0.27" AnchorPoint="0,0.5" Name="imgResult51" />
                    </Button>
                    <Button Type="WZUIButton" GUID="{119b45a5-0caf-44c8-aa87-954f873e3d6d}" UseAbsSize="True" AbsContentSize="50,50" RelativePosition="0.9,0.345" LuaDoneFunctionName="onCheck" LuaActionName="" Tag="10">
                        <WZUI9Image Type="WZUI9Image" GUID="{01825e72-3281-4cad-936a-01edff9c658d}" File="ui/common/common_scale9_beibaodi.png" />
                        <WZUI9Image Type="WZUI9Image" GUID="{5cb6edab-44d9-43e0-b63e-f4a777b6a7fd}" File="ui/common/common_scale9_wuse.png" UseOriginSize="True" Scale="0.64999997615814209" />
                        <NormalElement Type="WZUIContainer" GUID="{21fc4ac6-eabf-4d64-bd42-3ce812f1bfc0}">
                            <WZUI9Image Type="WZUI9Image" GUID="{46d239fa-086b-47e4-9aa2-976b4872ad3b}" File="ui/hero/hero_icon_yxlsdb.png" UseOriginSize="True" Scale="0.45" />
                        </NormalElement>
                        <SelectElement Type="WZUIContainer" GUID="{074c2f73-abe8-4eee-a7a2-f11775b77607}">
                            <WZUI9Image Type="WZUI9Image" GUID="{61b201a5-5175-4a2c-a1b5-77bfd22ae9b6}" File="ui/hero/hero_icon_yxlsdb.png" UseOriginSize="True" Scale="0.45" />
                        </SelectElement>
                        <DisableElement Type="WZUIContainer" GUID="{4101c976-65e0-4439-bf91-7598dba6ff6a}" />
                        <WZUIClippingContainer Type="WZUIClippingContainer" GUID="{c365de17-8262-4c32-afc4-feee4d491f9b}" TouchEnable="False" RelativePosition="0.5,0.5" AnchorPoint="0.5,0.5" Visible="True" AbsContentSize="42,42" UseAbsSize="True">
                            <Stencil Type="WZUIImage" GUID="{835471f9-57dc-444e-9775-46bda6c1ec24}" File="ui/bag/common_shade_touxiang2.png" UseOriginSize="True" Scale="0.72" RelativePosition="0.5,0.5" Visible="True" />
                            <WZUIContainer Type="WZUIContainer" GUID="{28b53d5d-fd0b-4d1c-b8cc-e3781da47312}" Name="conHead52" />
                        </WZUIClippingContainer>
                        <WZUI9Image Type="WZUI9Image" GUID="{17a9aa45-9f58-4bdf-9247-d0b0f56111a0}" File="ui/hero/hero_icon_vsfu.png" UseOriginSize="True" RelativePosition="0,0.27" AnchorPoint="1,0.5" Name="imgResult52" />
                    </Button>
                    <WZUILabelTTF Alignment="Center" AnchorPoint="0.5,0.5" BoldFont="True" Color="218,212,185" FontSize="22" GUID="{d4ffddd7-4277-4c48-9bfe-0c042b839033}" MaxLength="10" Name="" Order="1" RelativePosition="0.5,0.7" Text="VS" Type="WZUILabelTTF" TouchEnable="False" AbsPosition="114,67" LabelStyleKey="C13_F20" />
                </WZUIContainer>
                <WZUILabelTTF Type="WZUILabelTTF" GUID="{c0cd1a55-c4c6-4cae-9b78-4ee3711080d7}" Text="玩家" LabelStyleKey="" RelativePosition="0.04,0.8" Alignment="Left" AnchorPoint="0,0.5" Name="teamName51" Color="255,236,193" FontSize="20" TextKey="PLAYER" />
                <WZUILabelTTF Type="WZUILabelTTF" GUID="{ec55c5e7-e62d-4818-b845-ad35eee41049}" Text="玩家" LabelStyleKey="" RelativePosition="0.96,0.81" Alignment="Right" AnchorPoint="1,0.5" Name="teamName52" Color="255,236,193" FontSize="20" TextKey="PLAYER" />
                <WZUILabelTTF Type="WZUILabelTTF" GUID="{7bbb2abb-f9ec-43e8-9635-3a6fb5de1070}" Text="" LabelStyleKey="C11_F20" RelativePosition="0.19,0.19" Alignment="Left" AnchorPoint="0,0.5" Name="ttfResult51" />
                <WZUILabelTTF Type="WZUILabelTTF" GUID="{2fbf0c8e-b2ae-4d29-9eb9-4281d1fadd53}" Text="" LabelStyleKey="C11_F20" RelativePosition="0.81,0.19" Alignment="Right" AnchorPoint="1,0.5" Name="ttfResult52" />
            </WZUIContainer>
            <WZUIContainer Type="WZUIContainer" GUID="{db460016-f3ab-442c-9d49-ec61d726e005}" AbsContentSize="330,96" UseAbsSize="True" RelativePosition="0.74,1" TouchEnable="True" Name="con6" Visible="True" AnchorPoint="0.5,1">
                <WZUI9Image File="ui/common/common_scale9_di7.png" GUID="{928d7532-bb8d-41a8-a8e0-f8906a125881}" RelativePosition="0.5,0.5" RelativeSize="1,1" Type="WZUI9Image" Visible="True" TouchEnable="False" Opacity="230" />
                <WZUIContainer Type="WZUIContainer" GUID="{6de55ed4-e0f5-45f9-b3fa-24c1d27f7033}" AbsContentSize="150,30" UseAbsSize="True" RelativePosition="0.23,0.82">
                    <WZUI9Image Type="WZUI9Image" GUID="{108eb5f4-58ec-4137-9c56-01ceb31a8bdf}" File="ui/hero/common_scale9_di66.png" />
                </WZUIContainer>
                <WZUIContainer Type="WZUIContainer" GUID="{7b1e9a04-8ba1-46cf-8d7d-c4aa7b5f11fd}" AbsContentSize="150,30" UseAbsSize="True" RelativePosition="0.77,0.82">
                    <WZUI9Image Type="WZUI9Image" GUID="{068d713c-dfc2-4b11-8d25-bdaf86d32519}" File="ui/hero/common_scale9_di66.png" FlipX="False" ScaleX="-1" />
                </WZUIContainer>
                <WZUIContainer Type="WZUIContainer" GUID="{370b8efc-fca3-4648-9f39-4c75d3f22b68}">
                    <Button Type="WZUIButton" GUID="{10999898-58bc-440b-8fcf-7c5572960c3e}" UseAbsSize="True" AbsContentSize="50,50" RelativePosition="0.102,0.345" LuaDoneFunctionName="onCheck" LuaActionName="" Tag="11">
                        <WZUI9Image Type="WZUI9Image" GUID="{7a88d6e6-affd-41e5-9be5-dd5d8830126c}" File="ui/common/common_scale9_beibaodi.png" Visible="True" />
                        <WZUI9Image Type="WZUI9Image" GUID="{ec39fecd-4346-42eb-a7a7-0507b2829edd}" File="ui/common/common_scale9_wuse.png" UseOriginSize="True" Visible="True" Scale="0.65" />
                        <NormalElement Type="WZUIContainer" GUID="{2557aedb-7492-4ecb-acd0-c98e695bf7b3}">
                            <WZUI9Image Type="WZUI9Image" GUID="{bedd3c73-1bdf-4bc6-9969-97a80ce3e4b5}" File="ui/hero/hero_icon_yxlsdb.png" UseOriginSize="True" Scale="0.45" Visible="True" />
                        </NormalElement>
                        <SelectElement Type="WZUIContainer" GUID="{efc23a9f-819a-4e57-a6f3-51e6cafd1d16}">
                            <WZUI9Image Type="WZUI9Image" GUID="{39a8dc1d-ec5b-4559-9403-8f10d01c0398}" File="ui/hero/hero_icon_yxlsdb.png" UseOriginSize="True" Scale="0.45" />
                        </SelectElement>
                        <DisableElement Type="WZUIContainer" GUID="{d7efddc5-0f1d-43d3-8d72-8876731704ad}" />
                        <WZUIClippingContainer Type="WZUIClippingContainer" GUID="{5e15d4d6-2342-49cc-a5b7-6e6b9a75b223}" TouchEnable="False" RelativePosition="0.5,0.5" AnchorPoint="0.5,0.5" Visible="True" AbsContentSize="42,42" UseAbsSize="True">
                            <Stencil Type="WZUIImage" GUID="{241dadb3-ee80-4de9-a94b-d793a454f068}" File="ui/bag/common_shade_touxiang2.png" UseOriginSize="True" Scale="0.72" RelativePosition="0.5,0.5" Visible="True" />
                            <WZUIContainer Type="WZUIContainer" GUID="{345fa4d1-cde9-4e1a-a008-31cbe9d1e166}" Name="conHead61" />
                        </WZUIClippingContainer>
                        <WZUI9Image Type="WZUI9Image" GUID="{2483045a-8fe7-495e-88da-9e2bc6d8816c}" File="ui/hero/hero_icon_vssheng.png" UseOriginSize="True" RelativePosition="1,0.27" AnchorPoint="0,0.5" Name="imgResult61" />
                    </Button>
                    <Button Type="WZUIButton" GUID="{54e66446-78a5-4498-ad8b-6531f9d08e28}" UseAbsSize="True" AbsContentSize="50,50" RelativePosition="0.9,0.345" LuaDoneFunctionName="onCheck" LuaActionName="" Tag="12">
                        <WZUI9Image Type="WZUI9Image" GUID="{e97c3ccd-2408-469b-b33c-b73ee9d9cc4a}" File="ui/common/common_scale9_beibaodi.png" />
                        <WZUI9Image Type="WZUI9Image" GUID="{ed342088-2f4e-4a8b-9caf-7bce89c6a975}" File="ui/common/common_scale9_wuse.png" UseOriginSize="True" Scale="0.64999997615814209" />
                        <NormalElement Type="WZUIContainer" GUID="{1755df60-03eb-441a-965a-7775fd1ee9fc}">
                            <WZUI9Image Type="WZUI9Image" GUID="{d763449a-2b22-4f20-a2f2-efc02155987b}" File="ui/hero/hero_icon_yxlsdb.png" UseOriginSize="True" Scale="0.45" />
                        </NormalElement>
                        <SelectElement Type="WZUIContainer" GUID="{61fa3f0e-2aed-4646-a54b-093ceba4dd33}">
                            <WZUI9Image Type="WZUI9Image" GUID="{af38c077-8d70-4719-ae79-930356214959}" File="ui/hero/hero_icon_yxlsdb.png" UseOriginSize="True" Scale="0.45" />
                        </SelectElement>
                        <DisableElement Type="WZUIContainer" GUID="{912b1458-a6b2-490d-833b-2de50c24cbf1}" />
                        <WZUIClippingContainer Type="WZUIClippingContainer" GUID="{4b1d0585-0fdb-4272-8bef-bf292c1e04a9}" TouchEnable="False" RelativePosition="0.5,0.5" AnchorPoint="0.5,0.5" Visible="True" AbsContentSize="42,42" UseAbsSize="True">
                            <Stencil Type="WZUIImage" GUID="{0ee21037-2914-4c88-ab22-3f27137ff8a5}" File="ui/bag/common_shade_touxiang2.png" UseOriginSize="True" Scale="0.72" RelativePosition="0.5,0.5" Visible="True" />
                            <WZUIContainer Type="WZUIContainer" GUID="{29f3c42b-a454-46fb-aa7a-cc69b9da8b96}" Name="conHead62" />
                        </WZUIClippingContainer>
                        <WZUI9Image Type="WZUI9Image" GUID="{08d8f51a-8467-4f6a-ad94-407145dd2fa8}" File="ui/hero/hero_icon_vsfu.png" UseOriginSize="True" RelativePosition="0,0.27" AnchorPoint="1,0.5" Name="imgResult62" />
                    </Button>
                    <WZUILabelTTF Alignment="Center" AnchorPoint="0.5,0.5" BoldFont="True" Color="218,212,185" FontSize="22" GUID="{3cfa36f0-2f03-41a6-88c1-796d28bcb837}" MaxLength="10" Name="" Order="1" RelativePosition="0.5,0.7" Text="VS" Type="WZUILabelTTF" TouchEnable="False" AbsPosition="114,67" LabelStyleKey="C13_F20" />
                </WZUIContainer>
                <WZUILabelTTF Type="WZUILabelTTF" GUID="{2fb87857-f885-4c78-b49e-fa1032addd0c}" Text="玩家" LabelStyleKey="" RelativePosition="0.04,0.8" Alignment="Left" AnchorPoint="0,0.5" Name="teamName61" Color="255,236,193" FontSize="20" TextKey="PLAYER" />
                <WZUILabelTTF Type="WZUILabelTTF" GUID="{85384956-2f4d-4e4f-ad4b-f35ded39ea83}" Text="玩家" LabelStyleKey="" RelativePosition="0.96,0.81" Alignment="Right" AnchorPoint="1,0.5" Name="teamName62" Color="255,236,193" FontSize="20" TextKey="PLAYER" />
                <WZUILabelTTF Type="WZUILabelTTF" GUID="{c77bf2b8-5ab1-4362-83ae-d5d75c337fee}" Text="" LabelStyleKey="C11_F20" RelativePosition="0.19,0.19" Alignment="Left" AnchorPoint="0,0.5" Name="ttfResult61" />
                <WZUILabelTTF Type="WZUILabelTTF" GUID="{b7bdde02-5a4c-4901-9cca-8d34e528af98}" Text="" LabelStyleKey="C11_F20" RelativePosition="0.81,0.19" Alignment="Right" AnchorPoint="1,0.5" Name="ttfResult62" />
            </WZUIContainer>
        </WZUIContainer>
        <WZUIContainer Type="WZUIContainer" GUID="{cffdb7fa-4c14-4b15-a1f8-8b5f648effea}" Name="conRow4" AbsContentSize="705,105" UseAbsSize="True" RelativePosition="0.5,0.125">
            <WZUIContainer Type="WZUIContainer" GUID="{951dc3e7-2b11-47b0-8f1c-ae8dc314bbc3}" AbsContentSize="330,96" UseAbsSize="True" RelativePosition="0.26,1" TouchEnable="True" Name="con7" AnchorPoint="0.5,1">
                <WZUI9Image File="ui/common/common_scale9_di7.png" GUID="{4f8a3f36-be06-4a8f-baca-b62be43daae1}" RelativePosition="0.5,0.5" RelativeSize="1,1" Type="WZUI9Image" Visible="True" TouchEnable="False" Opacity="230" />
                <WZUIContainer Type="WZUIContainer" GUID="{5b676616-7569-4023-a544-a17f5513ebd4}" AbsContentSize="150,30" UseAbsSize="True" RelativePosition="0.23,0.82">
                    <WZUI9Image Type="WZUI9Image" GUID="{3fa7898f-a951-4ca9-900d-43f889a53b8b}" File="ui/hero/common_scale9_di66.png" />
                </WZUIContainer>
                <WZUIContainer Type="WZUIContainer" GUID="{484efa08-dca5-4d0a-85fa-05623082e4a7}" AbsContentSize="150,30" UseAbsSize="True" RelativePosition="0.77,0.82">
                    <WZUI9Image Type="WZUI9Image" GUID="{5634f2c4-08bc-4bb3-a83c-b28223337488}" File="ui/hero/common_scale9_di66.png" FlipX="False" ScaleX="-1" />
                </WZUIContainer>
                <WZUIContainer Type="WZUIContainer" GUID="{d865487f-d944-43b2-a6c4-7f7927489947}">
                    <Button Type="WZUIButton" GUID="{488f5ef2-9516-4537-8f4d-bc18d4149286}" UseAbsSize="True" AbsContentSize="50,50" RelativePosition="0.102,0.345" LuaDoneFunctionName="onCheck" LuaActionName="" Tag="13">
                        <WZUI9Image Type="WZUI9Image" GUID="{2ec8a6c4-7cc6-4192-ab93-8dc9db26eade}" File="ui/common/common_scale9_beibaodi.png" />
                        <WZUI9Image Type="WZUI9Image" GUID="{ef9bd95b-acba-4249-9da1-ca353e7421e5}" File="ui/common/common_scale9_wuse.png" UseOriginSize="True" Scale="0.64999997615814209" />
                        <NormalElement Type="WZUIContainer" GUID="{06df8a9a-4e8e-4fc6-bc50-3ed8845188c6}">
                            <WZUI9Image Type="WZUI9Image" GUID="{c2e7311b-cdc9-4648-9de7-14378c74b189}" File="ui/hero/hero_icon_yxlsdb.png" UseOriginSize="True" Scale="0.45" />
                        </NormalElement>
                        <SelectElement Type="WZUIContainer" GUID="{388cbe2a-cfbf-4cbd-8fa7-6a43b15ec8c3}">
                            <WZUI9Image Type="WZUI9Image" GUID="{3184310e-987a-4fd5-b3a5-92b0fd8678a3}" File="ui/hero/hero_icon_yxlsdb.png" UseOriginSize="True" Scale="0.45" />
                        </SelectElement>
                        <DisableElement Type="WZUIContainer" GUID="{ad68008c-ff18-4b5b-b675-1c991f3de045}" />
                        <WZUIClippingContainer Type="WZUIClippingContainer" GUID="{b939644a-3f7a-4df5-9452-493d97278ab7}" TouchEnable="False" RelativePosition="0.5,0.5" AnchorPoint="0.5,0.5" Visible="True" AbsContentSize="42,42" UseAbsSize="True">
                            <Stencil Type="WZUIImage" GUID="{a2a95495-f68e-4551-a7be-9f07ff2604a5}" File="ui/bag/common_shade_touxiang2.png" UseOriginSize="True" Scale="0.72" RelativePosition="0.5,0.5" Visible="True" />
                            <WZUIContainer Type="WZUIContainer" GUID="{97c798ea-28e7-430b-a3c7-569b4ffe1005}" Name="conHead71" />
                        </WZUIClippingContainer>
                        <WZUI9Image Type="WZUI9Image" GUID="{e597d6cd-c17b-4bb0-8891-5652e390743c}" File="ui/hero/hero_icon_vssheng.png" UseOriginSize="True" RelativePosition="1,0.27" AnchorPoint="0,0.5" Name="imgResult71" />
                    </Button>
                    <Button Type="WZUIButton" GUID="{91938faa-d94e-4d40-bee5-c1c3036bc57c}" UseAbsSize="True" AbsContentSize="50,50" RelativePosition="0.9,0.345" LuaDoneFunctionName="onCheck" LuaActionName="" Tag="14">
                        <WZUI9Image Type="WZUI9Image" GUID="{c4d84d94-d629-4004-9785-a80c56193b1c}" File="ui/common/common_scale9_beibaodi.png" />
                        <WZUI9Image Type="WZUI9Image" GUID="{e637e539-32e6-4535-8755-4aa4f2b06e6d}" File="ui/common/common_scale9_wuse.png" UseOriginSize="True" Scale="0.64999997615814209" />
                        <NormalElement Type="WZUIContainer" GUID="{d272de05-d08d-4834-a93b-02074b4d3dd1}">
                            <WZUI9Image Type="WZUI9Image" GUID="{5a2f94b8-e8c1-4a08-97f1-d975e9616c77}" File="ui/hero/hero_icon_yxlsdb.png" UseOriginSize="True" Scale="0.45" />
                        </NormalElement>
                        <SelectElement Type="WZUIContainer" GUID="{7b3a55c8-f56f-4428-9777-83a43da91d75}">
                            <WZUI9Image Type="WZUI9Image" GUID="{0fecb39e-a47f-49aa-bf8b-06fe2c024568}" File="ui/hero/hero_icon_yxlsdb.png" UseOriginSize="True" Scale="0.45" />
                        </SelectElement>
                        <DisableElement Type="WZUIContainer" GUID="{ac7ef1e0-c878-4de6-b992-e0680f4cc5a6}" />
                        <WZUIClippingContainer Type="WZUIClippingContainer" GUID="{68378286-f1d5-4ed9-9e2a-cefb6bd838d6}" TouchEnable="False" RelativePosition="0.5,0.5" AnchorPoint="0.5,0.5" Visible="True" AbsContentSize="42,42" UseAbsSize="True">
                            <Stencil Type="WZUIImage" GUID="{1a67d6e8-1472-405e-928c-aaa74e0e452c}" File="ui/bag/common_shade_touxiang2.png" UseOriginSize="True" Scale="0.72" RelativePosition="0.5,0.5" Visible="True" />
                            <WZUIContainer Type="WZUIContainer" GUID="{ef4a9b7c-251c-4411-8135-fb5baeba9c87}" Name="conHead72" />
                        </WZUIClippingContainer>
                        <WZUI9Image Type="WZUI9Image" GUID="{489b8e10-9bdd-4896-b698-ec7f9fa4e63b}" File="ui/hero/hero_icon_vsfu.png" UseOriginSize="True" RelativePosition="0,0.27" AnchorPoint="1,0.5" Name="imgResult72" />
                    </Button>
                    <WZUILabelTTF Alignment="Center" AnchorPoint="0.5,0.5" BoldFont="True" Color="218,212,185" FontSize="22" GUID="{c94e31ea-2556-4251-9982-1d545cb68ace}" MaxLength="10" Name="" Order="1" RelativePosition="0.5,0.7" Text="VS" Type="WZUILabelTTF" TouchEnable="False" AbsPosition="114,67" LabelStyleKey="C13_F20" />
                </WZUIContainer>
                <WZUILabelTTF Type="WZUILabelTTF" GUID="{77045822-990a-4bb0-8add-fdf70dba990e}" Text="玩家" LabelStyleKey="" RelativePosition="0.04,0.8" Alignment="Left" AnchorPoint="0,0.5" Name="teamName71" Color="255,236,193" FontSize="20" TextKey="PLAYER" />
                <WZUILabelTTF Type="WZUILabelTTF" GUID="{87759a34-1b7b-42ec-8c5b-909e9642a5dd}" Text="玩家" LabelStyleKey="" RelativePosition="0.96,0.81" Alignment="Right" AnchorPoint="1,0.5" Name="teamName72" Color="255,236,193" FontSize="20" TextKey="PLAYER" />
                <WZUILabelTTF Type="WZUILabelTTF" GUID="{f98d01a2-a166-4e58-a7d9-c8821c7f4523}" Text="" LabelStyleKey="C11_F20" RelativePosition="0.19,0.19" Alignment="Left" AnchorPoint="0,0.5" Name="ttfResult71" />
                <WZUILabelTTF Type="WZUILabelTTF" GUID="{8f4a08d0-f242-450e-af97-cd8cf4ec3f4b}" Text="" LabelStyleKey="C11_F20" RelativePosition="0.81,0.19" Alignment="Right" AnchorPoint="1,0.5" Name="ttfResult72" />
            </WZUIContainer>
            <WZUIContainer Type="WZUIContainer" GUID="{961b6e06-6b93-48cc-920b-643fd5535e5d}" AbsContentSize="330,96" UseAbsSize="True" RelativePosition="0.74,1" TouchEnable="True" Name="con8" Visible="True" AnchorPoint="0.5,1">
                <WZUI9Image File="ui/common/common_scale9_di7.png" GUID="{dd354f18-ee44-4a02-8359-40f21dcc0a3a}" RelativePosition="0.5,0.5" RelativeSize="1,1" Type="WZUI9Image" Visible="True" TouchEnable="False" Opacity="230" />
                <WZUIContainer Type="WZUIContainer" GUID="{b56dd3f0-7522-4608-aa48-eca6f750384f}" AbsContentSize="150,30" UseAbsSize="True" RelativePosition="0.23,0.82">
                    <WZUI9Image Type="WZUI9Image" GUID="{a2da74f8-cd6b-4c93-8631-6e986f9f99c0}" File="ui/hero/common_scale9_di66.png" />
                </WZUIContainer>
                <WZUIContainer Type="WZUIContainer" GUID="{2aff2241-3176-4c21-85c2-4dc2a4c3caec}" AbsContentSize="150,30" UseAbsSize="True" RelativePosition="0.77,0.82">
                    <WZUI9Image Type="WZUI9Image" GUID="{bd7091c4-c280-4882-9c73-bcc8059412f5}" File="ui/hero/common_scale9_di66.png" FlipX="False" ScaleX="-1" />
                </WZUIContainer>
                <WZUIContainer Type="WZUIContainer" GUID="{39399ad0-69b0-4911-b691-93a71a4b7d32}">
                    <Button Type="WZUIButton" GUID="{3fa451fe-0d32-41d5-b3ee-182a46dd91e5}" UseAbsSize="True" AbsContentSize="50,50" RelativePosition="0.102,0.345" LuaDoneFunctionName="onCheck" LuaActionName="" Tag="15">
                        <WZUI9Image Type="WZUI9Image" GUID="{3e4b6553-c79c-41dd-83be-3cf39d9b9e9f}" File="ui/common/common_scale9_beibaodi.png" Visible="True" />
                        <WZUI9Image Type="WZUI9Image" GUID="{9c4a529c-2ddb-45c2-8d99-464185980611}" File="ui/common/common_scale9_wuse.png" UseOriginSize="True" Visible="True" Scale="0.65" />
                        <NormalElement Type="WZUIContainer" GUID="{acaa6bff-00a0-455b-bf89-4fb1ca887ded}">
                            <WZUI9Image Type="WZUI9Image" GUID="{1b13b522-a094-4a5b-a47d-e8ff11ba0cb9}" File="ui/hero/hero_icon_yxlsdb.png" UseOriginSize="True" Scale="0.45" Visible="True" />
                        </NormalElement>
                        <SelectElement Type="WZUIContainer" GUID="{4b376dcf-043a-4a8a-a460-5d19c8a0180a}">
                            <WZUI9Image Type="WZUI9Image" GUID="{1aaba723-1f63-4351-bc9a-bd3769993509}" File="ui/hero/hero_icon_yxlsdb.png" UseOriginSize="True" Scale="0.45" />
                        </SelectElement>
                        <DisableElement Type="WZUIContainer" GUID="{30ec72bf-2b4d-4240-8106-d6bd414b3f2e}" />
                        <WZUIClippingContainer Type="WZUIClippingContainer" GUID="{1f92f55a-2d3c-4246-bc6f-89594351ae62}" TouchEnable="False" RelativePosition="0.5,0.5" AnchorPoint="0.5,0.5" Visible="True" AbsContentSize="42,42" UseAbsSize="True">
                            <Stencil Type="WZUIImage" GUID="{5560514e-a4a1-426b-a69d-75fa8b9f9731}" File="ui/bag/common_shade_touxiang2.png" UseOriginSize="True" Scale="0.72" RelativePosition="0.5,0.5" Visible="True" />
                            <WZUIContainer Type="WZUIContainer" GUID="{0a7a14f5-dba8-4e69-be74-21ba67829b34}" Name="conHead81" />
                        </WZUIClippingContainer>
                        <WZUI9Image Type="WZUI9Image" GUID="{841c57c4-3875-4804-8159-6986622ef735}" File="ui/hero/hero_icon_vssheng.png" UseOriginSize="True" RelativePosition="1,0.27" AnchorPoint="0,0.5" Name="imgResult81" />
                    </Button>
                    <Button Type="WZUIButton" GUID="{a8158298-9543-4ee1-baef-0d4ede0bb840}" UseAbsSize="True" AbsContentSize="50,50" RelativePosition="0.9,0.345" LuaDoneFunctionName="onCheck" LuaActionName="" Tag="16">
                        <WZUI9Image Type="WZUI9Image" GUID="{422cedf1-2034-4763-873b-804db5d99b62}" File="ui/common/common_scale9_beibaodi.png" />
                        <WZUI9Image Type="WZUI9Image" GUID="{dfccc833-a156-4f2c-8e09-f86aa6ed844a}" File="ui/common/common_scale9_wuse.png" UseOriginSize="True" Scale="0.64999997615814209" />
                        <NormalElement Type="WZUIContainer" GUID="{e97beefb-e8c6-4ec2-9dac-cbef02edc258}">
                            <WZUI9Image Type="WZUI9Image" GUID="{76ef1cf4-b8bb-4771-8818-7f9d0b7b055f}" File="ui/hero/hero_icon_yxlsdb.png" UseOriginSize="True" Scale="0.45" />
                        </NormalElement>
                        <SelectElement Type="WZUIContainer" GUID="{28b4c7b7-9ded-4e18-a2aa-1cdd01f90f54}">
                            <WZUI9Image Type="WZUI9Image" GUID="{24a889f1-c1b2-4e8b-9858-f4b888423059}" File="ui/hero/hero_icon_yxlsdb.png" UseOriginSize="True" Scale="0.45" />
                        </SelectElement>
                        <DisableElement Type="WZUIContainer" GUID="{d788b7b7-b9ef-4006-9b0c-614cc820be87}" />
                        <WZUIClippingContainer Type="WZUIClippingContainer" GUID="{7722d11f-47e8-461d-989e-57b44db21847}" TouchEnable="False" RelativePosition="0.5,0.5" AnchorPoint="0.5,0.5" Visible="True" AbsContentSize="42,42" UseAbsSize="True">
                            <Stencil Type="WZUIImage" GUID="{d1f14cc7-0417-4bd3-bc3c-714cca7dd10c}" File="ui/bag/common_shade_touxiang2.png" UseOriginSize="True" Scale="0.72" RelativePosition="0.5,0.5" Visible="True" />
                            <WZUIContainer Type="WZUIContainer" GUID="{31f53c24-5886-4e9c-8f8f-a85dcf397bf3}" Name="conHead82" />
                        </WZUIClippingContainer>
                        <WZUI9Image Type="WZUI9Image" GUID="{55b64917-acd3-4f6e-a8bc-d927f212d579}" File="ui/hero/hero_icon_vsfu.png" UseOriginSize="True" RelativePosition="0,0.27" AnchorPoint="1,0.5" Name="imgResult82" />
                    </Button>
                    <WZUILabelTTF Alignment="Center" AnchorPoint="0.5,0.5" BoldFont="True" Color="218,212,185" FontSize="22" GUID="{cf6d6df0-9f05-4f3d-b2ee-c29c4366d7dd}" MaxLength="10" Name="" Order="1" RelativePosition="0.5,0.7" Text="VS" Type="WZUILabelTTF" TouchEnable="False" AbsPosition="114,67" LabelStyleKey="C13_F20" />
                </WZUIContainer>
                <WZUILabelTTF Type="WZUILabelTTF" GUID="{bff6876c-4729-472b-add8-031f6fae194a}" Text="玩家" LabelStyleKey="" RelativePosition="0.04,0.8" Alignment="Left" AnchorPoint="0,0.5" Name="teamName81" Color="255,236,193" FontSize="20" TextKey="PLAYER" />
                <WZUILabelTTF Type="WZUILabelTTF" GUID="{9cb75ba4-9119-4330-88d7-cd7d099521b8}" Text="玩家" LabelStyleKey="C1_F20" RelativePosition="0.96,0.81" Alignment="Right" AnchorPoint="1,0.5" Name="teamName82" TextKey="PLAYER" />
                <WZUILabelTTF Type="WZUILabelTTF" GUID="{093b0bfe-c18e-4bd7-9853-a87f785acdd1}" Text="" LabelStyleKey="C11_F20" RelativePosition="0.19,0.19" Alignment="Left" AnchorPoint="0,0.5" Name="ttfResult81" />
                <WZUILabelTTF Type="WZUILabelTTF" GUID="{6c0a2ae1-44cd-4721-aa78-0d97dc836bc7}" Text="" LabelStyleKey="C11_F20" RelativePosition="0.81,0.19" Alignment="Right" AnchorPoint="1,0.5" Name="ttfResult82" />
            </WZUIContainer>
        </WZUIContainer>
    </WZUIContainer>
</CellLeagueMatch2>
