<?xml version="1.0" ?>
<CellDailyCopy GUID="{08811D60-91D9-4e26-A5AB-3ADA235FD986}">
    <WZUIContainer Type="WZUIContainer" GUID="{9EC1486B-1B08-4531-B5C4-5CFFAB69B4D3}" AbsContentSize="210,110" UseAbsSize="True" Name="CellDailyCopy" NameCreate="True" RelativeSize="0.95,1" Scale="1">
        <WZUIContainer Type="WZUIContainer" GUID="{E3A18A14-DE0A-4c16-A92F-0C56381B939E}" AbsContentSize="0,0" UseAbsSize="True" Visible="True" RelativeSize="1,1" RelativePosition="0.502094,0.5">
            <WZUIImage Type="WZUIImage" GUID="{6B48496A-54A6-4136-9E2E-98EEECFDE8AC}" File="" Name="imgMap_CellDailyCopy" NameCreate="True" Visible="True" UseOriginSize="True" RelativeSize="1,1" Scale="0.7" />
        </WZUIContainer>
        <WZUI9Image Type="WZUI9Image" GUID="{7737C96E-3FD5-4bfa-A205-7170A53967BC}" File="ui/common/common_scale9_beibaodi_sel.png" Scale="1" ScaleX="1" ScaleY="1.06" Name="imgSel_CellDailyCopy" NameCreate="True" Visible="True" RelativePosition="0.495238,0.477486" AbsPosition="135.5,72.5" />
        <WZUIImage Type="WZUIImage" GUID="{AD484EB1-8C39-4647-BF56-FBB97E03B776}" Name="imgSel2_CellDailyCopy" File="ui/common/common_icon_xjt.png" RelativePosition="1.02149,0.5" UseOriginSize="True" />
        <Button Type="WZUIButton" LuaDoneFunctionName="OnBtnSelect" GUID="{7B49572B-3392-4156-BA4F-2A2929F95998}">
            <NormalElement Type="WZUIContainer" GUID="{E0993933-7CA6-4592-8F08-8CFBC698E4C7}" />
            <SelectElement Type="WZUIContainer" GUID="{DB04CD88-F619-4831-BBD6-451B681326D0}" />
            <DisableElement Type="WZUIContainer" GUID="{FD1B3CBC-C544-4580-9E7A-05FDD108E6F4}" />
        </Button>
    </WZUIContainer>
</CellDailyCopy>
