﻿<?xml version="1.0" ?>
<CellActivityOnLineItem GUID="{39A4A78F-D150-484e-8BA1-1B87D9E6DCC6}">
    <WZUIContainer AbsContentSize="222,80" GUID="{10F7E4DB-158A-4370-A0EC-3097055F2B19}" LuaObjectName="" Name="CellActivityOnLineItem" NameCreate="True" RelativePosition="0.5,0.5" TouchContainerEnable="True" Type="WZUIContainer" UseAbsSize="True" ShowAll="False">
        <WZUIContainer Type="WZUIContainer" GUID="{90cf89f0-d1aa-4455-b426-e847b8e6444b}" Name="conTop_CellActivityOnLineItem">
            <Button AbsContentSize="212,70" GUID="{2f2c5ca6-6e27-4850-b87b-a04c764283d7}" LuaDoneFunctionName="onClickCellItem" Type="WZUIButton" UseAbsSize="True" Name="btnLeft_CellActivityOnlineItem" Visible="True" TouchEnable="True">
                <NormalElement GUID="{44569a44-bfd6-4668-bd5d-474eb187b71e}" Type="WZUIContainer">
                    <WZUIImage File="ui/common/common_btn_anniu16.png" GUID="{2c0142ef-d37c-489a-b487-a9f7306627c9}" Type="WZUIImage" />
                </NormalElement>
                <SelectElement GUID="{c92e97c0-4ec8-4de8-aa9c-46d85c7159b8}" Type="WZUIContainer">
                    <WZUIImage File="ui/common/common_btn_anniu20.png" GUID="{e76aaa73-da36-4633-ac31-da8c3bc7c537}" Type="WZUIImage" />
                </SelectElement>
                <DisableElement GUID="{dac7bb7b-f754-46fb-9aeb-b946a4b9e6c9}" Type="WZUIContainer" />
            </Button>
            <WZUIContainer GUID="{31e621e1-1cac-4300-ad89-142cca5db0c3}" TouchContainerEnable="False" Type="WZUIContainer" AbsContentSize="212,70" UseAbsSize="True" TouchEnable="False" TouchSwallow="False">
                <WZUILabelTTF Type="WZUILabelTTF" GUID="{504ca1e3-ad6d-404e-846b-9285beaa44f6}" Name="txt_subItemName" FontSize="26" Color="255,236,193" EnableStroke="True" StrokeSize="4" StrokeColor="128,54,13" RelativePosition="0.5,0.485714" />
            </WZUIContainer>
            <WZUIContainer GUID="{c8fa528a-ec19-4e19-90e3-415c249afbce}" Name="con_container" Type="WZUIContainer" Visible="True" UseAbsSize="True" TouchEnable="False" TouchSwallow="False" RelativePosition="0.495495,0.5" AbsPosition="113,38" AbsContentSize="218,74">
                <WZUIImage File="" GUID="{48074591-ad4d-4b85-9c69-2d86629a1b52}" Name="img_itemState" RelativePosition="0.821939,0.455939" Type="WZUIImage" UseOriginSize="True" AbsPosition="180.575,40.7994" Scale="0.95" Visible="True" />
            </WZUIContainer>
        </WZUIContainer>
    </WZUIContainer>
</CellActivityOnLineItem>
