<?xml version="1.0" ?>
<CellBattleCtb GUID="{C043581D-E355-40ff-A713-A16DDFF353EE}">
    <WZUIFrame Type="WZUIFrame" GUID="{192fdf3a-f5a2-4b53-88ea-0cb75f86abdf}">
        <WZUIContainer AbsContentSize="144,38" Name="CellBattleCtb" NameCreate="True" ShowAll="False" Type="WZUIContainer" UseAbsSize="True" GUID="{378a2db4-0bd8-4320-8841-b7a1cb732149}" Scale="1" Visible="True">
            <WZUIContainer Type="WZUIContainer" GUID="{59a8f832-356d-42fb-baf5-49fc65bb9792}" Name="" UseAbsSize="True" AbsContentSize="102,34" RelativePosition="1,0.6" AnchorPoint="1,0.5">
                <WZUIContainer Type="WZUIContainer" GUID="{A693915A-85E2-4ba2-AB98-023BA7D27768}" Name="" UseAbsSize="True" AbsContentSize="102,34" RelativePosition="1,0.5" AnchorPoint="1,0.5">
                    <WZUIImage Type="WZUIImage" GUID="{13BEC30A-3841-4797-B369-7B25F14092BE}" File="ui/combat/battle_progress_xdz_bg.png" UseOriginSize="True" RelativePosition="0.59804,0.5" AbsPosition="57,17" Scale="1" Visible="True" Name="imgProgBgTime_CellBattleCtb" />
                    <WZUIProgress Type="WZUIProgress" GUID="{27A7D8D9-5A3C-4939-931B-B7150B2A5ACA}" Name="progTime_CellBattleCtb" BgPicture="ui/combat/battle_progress_xdzl_fore3.png" UseOriginSize="True" Percentage="100" Visible="False" RelativePosition="0.607843,0.5" AbsPosition="0,0" Opacity="76.5" />
                    <WZUIProgress Type="WZUIProgress" GUID="{B02460D6-89E4-4a7b-9CEC-66F3605FB345}" Name="progTime2_CellBattleCtb" BgPicture="ui/combat/battle_progress_xdzh_fore3.png" UseOriginSize="True" Percentage="100" Visible="False" RelativePosition="0.607843,0.5" Opacity="76.5" />
                    <WZUIProgress Type="WZUIProgress" GUID="{2D98E87B-BCE3-4a3c-B879-4A297D24223B}" Name="progTimeUnder_CellBattleCtb" BgPicture="ui/combat/battle_progress_xdzl_fore3.png" UseOriginSize="True" Percentage="0" Visible="False" RelativePosition="0.607843,0.5" AbsPosition="0,0" Opacity="255" />
                    <WZUIProgress Type="WZUIProgress" GUID="{DAF96B0F-FF9C-4e2c-8D05-0A3DDD077956}" Name="progTimeUnder2_CellBattleCtb" BgPicture="ui/combat/battle_progress_xdzh_fore3.png" UseOriginSize="True" Percentage="0" Visible="False" RelativePosition="0.607843,0.5" Opacity="255" />
                </WZUIContainer>
            </WZUIContainer>
            <WZUIContainer Type="WZUIContainer" GUID="{c0b0d541-a774-4ece-a548-7826b7e7bf99}" RelativePosition="0.0347222,0.652632" AbsContentSize="42,38" UseAbsSize="True" AnchorPoint="0,0.5" TouchEnable="False" Visible="True">
                <WZUIImage Type="WZUIImage" GUID="{4a754ce7-40b4-449b-8baf-5f87cb41a8da}" Name="imgFigureSel_CellBattleCtb" UseOriginSize="True" Visible="False" />
                <WZUIImage Type="WZUIImage" GUID="{8aee4d3e-e728-46a9-a7af-56e629298b2c}" Name="imgFigureBg_CellBattleCtb" UseOriginSize="True" RelativePosition="0.5,0.447" AbsPosition="21,18" />
                <WZUIClippingContainer Type="WZUIClippingContainer" GUID="{6596A3F6-F9C6-4b44-9B4B-C5B65BEC30F4}" TouchEnable="False" RelativePosition="0.5,0.473684" AnchorPoint="0.5,0.5" Scale="1,1" RelativeSize="0.8,0.8" AbsPosition="21,18">
                    <Stencil Type="WZUIImage" GUID="{BA7D4F4E-55C9-4267-88F7-5615FA00B891}" File="ui/city/newUI/common_shade_touxiang.png" UseOriginSize="False" UseOriginSizeProportion="True" />
                    <WZUIImage Type="WZUIImage" GUID="{3E61EF6D-0173-4796-9E2C-1AC710462681}" Scale="0.8" Name="imgFigure_CellBattleCtb" UseOriginSize="True" File="" Visible="True" RelativePosition="0.5,0.449393" />
                </WZUIClippingContainer>
                <WZUIImage Type="WZUIImage" GUID="{3E61EF6D-0173-4796-9E2C-1AC710462681}" Scale="0.8" Name="imgFigure2_CellBattleCtb" UseOriginSize="True" File="" Visible="True" RelativePosition="0.5,0.449393" />
                <WZUIImage Type="WZUIImage" GUID="{D3E3AF2F-25B1-4e68-A9E3-71A3A6F66056}" File="ui/combat/battle_icon_touxiang_sel.png" UseOriginSize="True" Name="imgProgSel2_CellBattleCtb" Visible="False" Order="0" RelativePosition="1.985,0.432" AbsPosition="82.9412,19.1576" />
                <WZUIImage Type="WZUIImage" GUID="{A21D660E-2121-478c-8D59-F3404AFF2561}" Name="imgFigureOut_CellBattleCtb" UseOriginSize="True" RelativePosition="0.8,0.1" AbsPosition="21,18" Order="1" File="ui/common/common_icon_diaoxian.png" Visible="False" />
                <WZUIImage Type="WZUIImage" GUID="{8a1bc0eb-aa15-4daa-ac31-5d161f9ca649}" Name="imgFigureCaptain_CellBattleCtb" UseOriginSize="True" RelativePosition="4.39524,0.415789" AbsPosition="21,18" Order="1" File="shopitems/zd_duizhangjf.png" Visible="False" Scale="0.8" />
                <WZUIImage Type="WZUIImage" GUID="{6a507e26-a0c9-45be-a2f6-ee4b40253b9f}" Name="imgFigureNoVoice_CellBattleCtb" UseOriginSize="True" RelativePosition="0.2,0.09" AbsPosition="21,18" Order="2" File="ui/common/common_icon_yuying03.png" Visible="False" Scale="0.45" />
                <WZUIContainer Type="WZUIContainer" GUID="{33452dea-edaf-49fc-ae9f-0679f8671b63}" Name="conFigureVoice_CellBattleCtb" Visible="True" RelativePosition="0.119048,0.157895">
                    <WZUIImage Type="WZUIImage" GUID="{4742b426-1a5d-4e1b-9239-77080657e945}" Name="imgFigureVoice_CellBattleCtb" File="ui/common/common_icon_yuying_02.png" UseOriginSize="True" RelativePosition="0.97773,0.013165" Scale="0.78" AnchorPoint="1,0" TouchEnable="False" AbsPosition="190.545,9.22543" Rotation="0" NameCreate="False" ScaleX="0.45" ScaleY="0.45" GrayRender="True" Visible="True" />
                    <WZUISpine Type="WZUISpine" GUID="{93a1719c-0f16-4d59-9d9c-a3c4e7aebe67}" FileAtlas="ui/voice_speaking.atlas" FileJson="ui/voice_speaking.json" Loop="True" AnimationName="voice_speaking" RelativePosition="0.579286,0.877626" ScaleX="0.45" ScaleY="0.45" Visible="False" Name="animFigureVoice_CellBattleCtb" Scale="0.45" />
                </WZUIContainer>
            </WZUIContainer>
            <Button Type="WZUIButton" Name="btnCtb_CellBattleCtb" GUID="{caccb34b-0ad4-4e08-8d2f-bb99afb84c41}" TouchContainerEnable="True" Order="3" RelativePosition="0.5,0.6" LuaDoneFunctionName="showBigCtb2" Visible="True">
                <NormalElement Type="WZUIContainer" GUID="{463d5039-c189-4c2f-8515-01e7248a6ab0}" TouchContainerEnable="True" />
                <SelectElement Type="WZUIContainer" GUID="{89516901-ddfb-4451-a0ad-6bde515d2631}" TouchContainerEnable="True" />
                <DisableElement Type="WZUIContainer" GUID="{169afc8f-7be6-4e1c-9ce9-b70ab03fa1a9}" />
            </Button>
        </WZUIContainer>
        <WZUIContainer AbsContentSize="220,58" Name="CellBigBattleCtb" NameCreate="True" ShowAll="False" Type="WZUIContainer" UseAbsSize="True" GUID="{9bb70bcd-165f-4dfe-90c4-0f7e16c0fa50}" Visible="True">
            <WZUIScissorContainer Type="WZUIScissorContainer" GUID="{4AD06341-5F0D-4474-8DFB-685BE74FEACF}">
                <WZUIContainer Type="WZUIContainer" GUID="{7DD1FEDE-D925-413e-889D-7A9E394CD786}" Name="" UseAbsSize="True" AbsContentSize="105,44" RelativePosition="0.8,0.5" AnchorPoint="1,0.5">
                    <WZUIFreeTextBox Type="WZUIFreeTextBox" GUID="{B1F3FEE8-B59D-4ec7-9413-F4845E01EDFD}" MaxWidth="160" AnchorPoint="0,0.5" RelativePosition="0,0.5" Name="txtCharactor_CellBigBattleCtb" ShowText="" />
                </WZUIContainer>
                <WZUIContainer Type="WZUIContainer" GUID="{2EB90D15-E6B1-48d6-88C2-EFA8BFBB5435}" RelativePosition="0.0689839,0.465517" AbsContentSize="44,44" UseAbsSize="True" AnchorPoint="0,0.5" TouchEnable="False">
                    <WZUIImage Type="WZUIImage" GUID="{91A789A4-8371-4099-97F8-5D03B2CBCDC3}" Name="imgFigureBg_CellBigBattleCtb" UseOriginSize="True" Scale="1.2" File="ui/combat/optimize/common_slale9_touxiangdi.png" ScaleX="1.2" ScaleY="1.2" RelativePosition="0.5,0.5" />
                    <WZUIClippingContainer Type="WZUIClippingContainer" GUID="{ADFC54D9-BDD3-45b5-BDDE-1A8288E46466}" TouchEnable="False" RelativePosition="0.5,0.5" AnchorPoint="0.5,0.5" Scale="1,1" RelativeSize="1,1">
                        <Stencil Type="WZUIImage" GUID="{086A246D-4C4B-4350-8502-658B85528EF1}" File="ui/city/newUI/common_shade_touxiang.png" UseOriginSize="False" UseOriginSizeProportion="True" />
                        <WZUIImage Type="WZUIImage" GUID="{5EE6E66C-DBA5-4c7f-96B5-06C2972D2765}" Name="imgFigure_CellBigBattleCtb" UseOriginSize="True" File="" Scale="1" RelativePosition="0.5,0.5" />
                    </WZUIClippingContainer>
                    <WZUIImage Type="WZUIImage" GUID="{5EE6E66C-DBA5-4c7f-96B5-06C2972D2765}" Name="imgFigure2_CellBigBattleCtb" UseOriginSize="True" File="" Scale="1" RelativePosition="0.51,0.5" />
                </WZUIContainer>
                <WZUIImage Type="WZUIImage" GUID="{CE64D41F-6BE4-492a-91C7-2AE344DD1A06}" Name="imgTopLine_CellBigBattleCtb" UseOriginSize="True" AnchorPoint="0.5,1" RelativePosition="0.5,1" File="ui/combat/common_scale9_guangxian.png" />
                <WZUIButton Type="WZUIButton" Name="btnCtb_CellBigBattleCtb" GUID="{CF96477F-EB16-4a47-80E5-36DE1ACE4C53}" TouchContainerEnable="True" Order="3" RelativePosition="0.5,0.5" LuaDoneFunctionName="showInfo">
                    <NormalElement Type="WZUIContainer" GUID="{CA48967B-D520-4e8e-9CDC-E2E3F1CA8FB0}" TouchContainerEnable="True" />
                    <SelectElement Type="WZUIContainer" GUID="{100D4E8C-CABF-4025-AC0B-1DD83A2A224F}" TouchContainerEnable="True" />
                    <DisableElement Type="WZUIContainer" GUID="{633FF987-BCC1-4c7d-90B6-784C2D8445DC}" />
                </WZUIButton>
                <WZUIButton AbsContentSize="40,40" AnchorPoint="0.5,0.5" LuaDoneFunctionName="onClickSpeaker" Name="btnSpeaker_CellBattleCtb" Order="4" RelativePosition="0.88,0.5" ShowAll="True" Type="WZUIButton" UseAbsSize="True" GUID="{0909185e-d295-4465-b00d-8150b3a725fc}" Scale="1" Visible="True">
                    <NormalElement Type="WZUIContainer" GUID="{22d919f6-7430-47b7-853b-13a0295b1886}">
                        <WZUIImage File="ui/common/common_icon_yuying_02.png" Type="WZUIImage" UseOriginSize="True" GUID="{08148ead-a4d0-43c4-84b8-1836d29cbab5}" Visible="True" Scale="0.8" Name="imgSpeaker3_CellBattleCtb" />
                    </NormalElement>
                    <SelectElement Type="WZUIContainer" GUID="{f09e29ab-e170-4c0a-aff3-7da1755f1b47}">
                        <WZUIImage File="ui/common/common_icon_yuying_02.png" Type="WZUIImage" UseOriginSize="True" Scale="0.8" GUID="{09aff8cc-4394-47b6-b926-da1280b297b5}" Name="imgSpeaker4_CellBattleCtb" ScaleY="0.8" ScaleX="0.8" />
                    </SelectElement>
                    <DisableElement Type="WZUIContainer" GUID="{81ccdba9-7014-4551-a2d9-c67924d978e0}" />
                    <WZUIImage File="ui/common/common_icon_yuying03.png" Type="WZUIImage" UseOriginSize="True" GUID="{1c2f370c-ad6f-4c38-8f53-aba3d9786bcf}" Visible="False" Scale="0.8" Name="imgSpeaker1_CellBattleCtb" isValid="True" />
                </WZUIButton>
            </WZUIScissorContainer>
        </WZUIContainer>
    </WZUIFrame>
</CellBattleCtb>
