﻿<CellPvpLevelIcon GUID="{b0bb2cf8-399c-4eb1-ab29-96cdd45b8882}">
    <WZUIContainer Type="WZUIContainer" GUID="{b4323a07-636e-4353-854a-0e5d883c152c}" NameCreate="True" Name="CellPvpLevelIcon" LuaObjectName="CellPvpLevelIcon" AbsContentSize="210,210" UseAbsSize="True">
        <WZUIContainer Type="WZUIContainer" GUID="{0f919e53-0ad8-4196-a5a4-86d23f9d7370}">
            <WZUIImage Type="WZUIImage" GUID="{1d461e0e-7f8e-43c0-8e37-1ab0ddbbed57}" File="ui/copy_settlement/common_pic_sgxttp5.png" Name="imgCircle_CellPvpLevelIcon" Opacity="150" />
            <WZUIImage Type="WZUIImage" GUID="{e46accf5-e16f-4035-b3df-f809c2f9833e}" Name="imgIcon_CellPvpLevelIcon" File="ui/common/common_icon_pws1.png" UseOriginSize="True" />
            <Button Type="WZUIButton" GUID="{6c129b32-36b5-44ad-9d93-20f669ea5d4f}" LuaDoneFunctionName="onCheck" Name="btnTip_CellPvpLevelIcon">
                <NormalElement Type="WZUIContainer" GUID="{736fe533-d586-402b-acf4-07f995d03967}" />
                <SelectElement Type="WZUIContainer" GUID="{162c958a-b8b9-457a-a25a-2ecef44e5573}" />
                <DisableElement Type="WZUIContainer" GUID="{81ce3fce-1cfb-4060-a0ad-febcee13569c}" />
            </Button>
        </WZUIContainer>
    </WZUIContainer>
</CellPvpLevelIcon>
