<CellExchangePanel GUID="{f5061c96-8685-435d-a4be-b3a97f44be03}">
    <WZUIContainer AbsContentSize="502,453" GUID="{b9dc9ed8-9a69-4ee6-8ad7-c02bf81b6d96}" LuaObjectName="CellExchangePanel" Name="CellExchangePanel" NameCreate="True" Type="WZUIContainer" UseAbsSize="True">
        <WZUIContainer Type="WZUIContainer" GUID="{79e3afa9-3732-48e1-9f9e-d911543a6f25}" AbsContentSize="502,150" UseAbsSize="True" AnchorPoint="0.5,1" RelativePosition="0.5,1">
            <WZUIImage Type="WZUIImage" GUID="{567cacab-eca6-4a61-97bb-b9d5dac53d08}" File="ui/gameActivity/activity_pic_dhhd.png" UseOriginSize="True" AnchorPoint="0.5,1" RelativePosition="0.5,1" ScaleX="1.007" Name="imgBK_CellExchangePanel" />
            <WZUIContainer Type="WZUIContainer" GUID="{3bfadcea-3242-467f-9a2e-9e584eea083b}" Name="conRole1_CellExchangePanel" AbsContentSize="100,150" UseAbsSize="True" RelativePosition="0.65,0.5" />
            <WZUIContainer Type="WZUIContainer" GUID="{e69c4ba8-4974-4351-aae1-2f5879fbbffb}" Name="conRole2_CellExchangePanel" AbsContentSize="100,150" UseAbsSize="True" RelativePosition="0.85,0.5" />
            <WZUIContainer Type="WZUIContainer" GUID="{4ef95778-8841-425e-9ad9-db497670a3e0}" Name="conForTitle_CellExchangePanel" />
            <WZUIContainer AbsContentSize="486,60" GUID="{237ca14f-1119-4930-97dc-8f185f1976b8}" RelativePosition="0.5,0.48" Type="WZUIContainer" UseAbsSize="True" Name="conRule_CellExchangePanel">
                <WZUIScrollContainer EnableHorizontalScroll="False" EnableMoveHorizontal="False" EnableVerticalScroll="True" GUID="{7ab81f1f-b8b3-4e26-9219-ee70a3898dbf}" Name="rollconExplanation_CellExchangePanel" ScrollPictureDown="" ScrollPictureMid="" ScrollPictureTop="" Type="WZUIScrollContainer" EnableBounceBack="True" RelativeSize="1,1" AnchorPoint="0,0" RelativePosition="0,0">
                    <MoveElement GUID="{924ce8ce-d334-4e24-98e2-c0a1a6660ad1}" Type="WZUIContainer" Visible="True" RelativeSize="1,1" AnchorPoint="0.5,0.5" RelativePosition="0.5,0.5">
                        <WZUIFreeTextBox Type="WZUIFreeTextBox" GUID="{56e9b63a-ec0a-4fa8-8de0-285e7c776920}" Name="txtDesc1" MaxWidth="480" AnchorPoint="0,1" RelativePosition="0,0.95" />
                    </MoveElement>
                </WZUIScrollContainer>
            </WZUIContainer>
        </WZUIContainer>
        <WZUIContainer Type="WZUIContainer" GUID="{5a1c4ab9-eefd-400b-908d-0f39b9138446}" Name="conConSume_CellExchangePanel" AbsContentSize="500,310" UseAbsSize="True" RelativePosition="0.5,0.03" AnchorPoint="0.5,0">
            <WZUIFreeListContainer EnableMoveHorizontal="False" GUID="{6d5250dc-5dc7-4ab6-8166-d1edd86fad07}" Name="flconList_CellExchangePanel" Type="WZUIFreeListContainer" Resistance="0.95" VisibleHeight="70" ListItemInterval="6" />
        </WZUIContainer>
        <WZUIContainer AbsContentSize="480,40" GUID="{e303e1b3-105c-4602-bbd9-9bd7517abdf9}" RelativePosition="0,1" RelativeSize="1,1" Type="WZUIContainer" UseAbsCoordinate="False" UseAbsSize="True" AnchorPoint="0,1" Order="0" Name="conTime_CellExchangePanel">
            <WZUI9Image Type="WZUI9Image" GUID="{796cb5e2-2703-40be-a1b0-d45059aadfb0}" File="ui/common/common_scale9_heidi7.png" />
            <WZUILabelTTF AnchorPoint="0,0.5" Color="255,227,116" FontSize="22" GUID="{47cf4f21-c7f9-4948-b636-f3b0a028eb06}" Name="txtTimeWord_CellExchangePanel" RelativePosition="0.025,0.5" Text="活动时间" Type="WZUILabelTTF" EnableStroke="True" StrokeSize="4" StrokeColor="128,54,13" AbsPosition="25,31" />
            <WZUILabelTTF Type="WZUILabelTTF" GUID="{07837a6f-cdda-48e9-b62b-ae830c460d82}" Alignment="Left" AnchorPoint="0,0.5" FontSize="22" Color="255,89,74" Text="10天" Name="txtTime_CellExchangePanel" RelativePosition="0.26,0.5" NameCreate="True" StrokeColor="158,0,0" StrokeSize="4" EnableStroke="True" Order="0" />
        </WZUIContainer>
    </WZUIContainer>
</CellExchangePanel>
