﻿<CellPetSell GUID="{9495e0ca-46f7-46c8-a347-eaaf299278f2}">
    <WZUIContainer Type="WZUIContainer" GUID="{23e6ec58-7362-4943-a533-a07b0ac623fd}" AbsContentSize="80,80" UseAbsSize="True" RelativePosition="0.5,0.5" AnchorPoint="0.5,0.5" Name="CellPetSell" LuaObjectName="CellPetSell">
        <WZUIImage Type="WZUIImage" GUID="{eeb2533a-3163-4cca-a72d-8d4b8cf1b863}" File="ui/common/common_scale9_beibaodi2.png" />
        <WZUIImage File="" GUID="{03e1f6ce-1b48-4761-873c-021abdaf8946}" Name="imgIconBg_CellPetChoiceList" RelativePosition="0.5,0.5" Scale="1" TouchEnable="False" Type="WZUIImage" UseOriginSize="True" Visible="True" AbsPosition="40,40" />
        <WZUIImage Type="WZUIImage" GUID="{6965a7e4-abc6-44fe-a366-629c92796f4d}" Name="imgIconBgQuality_CellPetChoiceList" />
        <WZUILabelTTF Type="WZUILabelTTF" GUID="{b2442496-9676-4d89-9e2d-55318b3cafe8}" Text="" LabelStyleKey="C11_F18_S4_C3" RelativePosition="0.5,0.14" Alignment="Left" AnchorPoint="0,0.5" Name="lv" />
        <WZUIImage Type="WZUIImage" GUID="{9ca560ac-05b2-44e1-9bfe-b35e3e2bc574}" File="ui/common/common_icon_xingxing2.png" UseOriginSize="True" RelativePosition="0.0807198,0.885381" />
        <WZUILabelTTF Type="WZUILabelTTF" GUID="{420d86d4-e41f-4fac-843a-514fb4d94a97}" Color="255,255,255" Text="0" StrokeSize="4" FontSize="16" RelativePosition="0.0843224,0.884181" BoldFont="True" EnableStroke="True" StrokeColor="128,54,13" Name="star" />
        <WZUIContainer Type="WZUIContainer" GUID="{0dead48a-c8b1-42d6-8c7c-8e7a75f3b52c}" Name="conSelect" Visible="False">
            <WZUIImage Type="WZUIImage" GUID="{f9a165e6-7d87-4e34-be74-1cb3c21747e2}" File="ui/common/common_shade_chushouheidi.png" Opacity="130" />
            <WZUIImage Type="WZUIImage" GUID="{cd246c63-aa37-4dec-9e87-f07b24e5a75e}" File="ui/common/common_icon_gou.png" UseOriginSize="True" RelativePosition="0.884181,0.231215" />
        </WZUIContainer>
        <Button Type="WZUIButton" GUID="{7d22d561-5802-4892-b026-20594bb2f752}" LuaPushFunctionName="onClickBegan" LuaDoneFunctionName="onClickEnd" LuaTouchMoveoutFunctionName="onMoveOut">
            <NormalElement Type="WZUIContainer" GUID="{b6709215-52d3-4e3c-a83f-158a954db814}" />
            <SelectElement Type="WZUIContainer" GUID="{21f82e02-f4ac-4b0b-a5a7-d985df373d91}" />
            <DisableElement Type="WZUIContainer" GUID="{afc34633-661f-443a-aaf0-d9bf91e4c0b5}" />
        </Button>
    </WZUIContainer>
</CellPetSell>
