<CellExchangeItem GUID="{f08c3f11-54f8-410b-bb51-d2d8f315c9f5}">
    <WZUIContainer AbsContentSize="486,106" GUID="{d216265d-cb3d-471f-b8f9-75e3631ec3c1}" Name="CellExchangeItem" NameCreate="True" Type="WZUIContainer" UseAbsSize="True">
        <WZUIContainer Type="WZUIContainer" GUID="{6c1fc191-03e5-45f3-95e6-50313299e539}" Name="conListItem_CellExchangeItem">
            <WZUIContainer GUID="{798e9d04-30f9-4f69-b430-1bc199aa1146}" Type="WZUIContainer" AbsContentSize="486,106" UseAbsSize="True" RelativePosition="0.5,0.5">
                <WZUI9Image File="ui/common/common_scale9_di18.png" GUID="{b97604d2-577f-48fe-b844-e32bb5965e50}" Type="WZUI9Image" />
            </WZUIContainer>
            <WZUIContainer AbsContentSize="486,106" GUID="{04ec2b00-8cc2-4dc6-9d57-b1883374a951}" RelativePosition="0.5,0" Type="WZUIContainer" UseAbsSize="True" AnchorPoint="0.5,0">
                <WZUIContainer AbsContentSize="80,80" GUID="{ee9bd341-b4dc-4e94-9c8b-f5d3e5cb808c}" Name="ConItem" RelativePosition="0.11,0.5" Type="WZUIContainer" UseAbsSize="True" />
                <WZUIContainer Type="WZUIContainer" GUID="{ced1e419-f093-4e6d-8ec2-e33bff98d2d7}" RelativeSize="0.4,1" RelativePosition="0.55,0.5">
                    <WZUIContainer AbsContentSize="60,60" GUID="{4b06da5a-6d5e-44f4-85ec-936b4bc0834a}" Name="ConItem1" RelativePosition="0.18,0.57" Type="WZUIContainer" UseAbsSize="True" RelativeSize="1,1">
                        <WZUILabelTTF Type="WZUILabelTTF" GUID="{a6c622f9-67d7-41f5-9ccc-ebad70ff5ddc}" FontSize="16" Color="255,255,255" EnableStroke="True" StrokeSize="2" StrokeColor="79,60,48" Name="txtNumber1_CellExchangeItem" AnchorPoint="0.5,1" RelativePosition="0.5,0" />
                    </WZUIContainer>
                    <WZUIContainer AbsContentSize="60,60" GUID="{6cb6e027-2560-4a89-8a0d-e230bf468b23}" Name="ConItem2" RelativePosition="0.5,0.57" Type="WZUIContainer" UseAbsSize="True">
                        <WZUILabelTTF Type="WZUILabelTTF" GUID="{a7f1a5c0-45f4-44c0-af1f-4daea4af9f2e}" FontSize="16" Color="255,255,255" EnableStroke="True" StrokeSize="2" StrokeColor="79,60,48" Name="txtNumber2_CellExchangeItem" AnchorPoint="0.5,1" RelativePosition="0.5,0" />
                    </WZUIContainer>
                    <WZUIContainer AbsContentSize="60,60" GUID="{13ddb5a0-790c-4c93-8947-26c4a2d3eae0}" Name="ConItem3" RelativePosition="0.82,0.57" Type="WZUIContainer" UseAbsSize="True">
                        <WZUILabelTTF Type="WZUILabelTTF" GUID="{1799d09c-6735-4cd8-b917-6950b71c4f75}" FontSize="16" Color="255,255,255" EnableStroke="True" StrokeSize="2" StrokeColor="79,60,48" Name="txtNumber3_CellExchangeItem" AnchorPoint="0.5,1" RelativePosition="0.5,0" />
                    </WZUIContainer>
                </WZUIContainer>
                <WZUIImage Type="WZUIImage" GUID="{153e1473-9a46-4634-aff2-05bf9556558b}" File="ui/gameActivity/activity_pic_denghao.png" UseOriginSize="True" RelativePosition="0.285,0.5" />
                <WZUILabelTTF Type="WZUILabelTTF" GUID="{078ad3bf-12a6-456a-9f12-75b7dcd4f0d0}" FontSize="18" EnableStroke="True" Color="255,227,116" StrokeSize="4" StrokeColor="105,65,46" TextKey="duihuan" RelativePosition="0.29,0.5" Name="txtExchangeArrow_CellExchangeItem" />
                <WZUIContainer AbsContentSize="116,56" GUID="{4bc46c1d-0529-457e-b241-bb2c5d7b5b28}" RelativePosition="0.864,0.37" Type="WZUIContainer" UseAbsSize="True" Name="conBtn_CellExchangeItem">
                    <WZUIButton GUID="{8846584e-3125-4a28-acf6-52504d6f0910}" LuaDoneFunctionName="onClickExchange" Name="btn_GetReward" Type="WZUIButton" LuaActionName="Normal">
                        <NormalElement GUID="{cbf33cab-b6b5-48cc-af65-3e789210b763}" Type="WZUIContainer">
                            <WZUI9Image File="ui/common/common_btn_anniu3_0.png" GUID="{639a9c72-565e-4c8a-9dfc-e4d64c6d89e9}" Type="WZUI9Image" UseOriginSize="True" />
                        </NormalElement>
                        <SelectElement GUID="{702306a1-5f31-40d2-9cf9-96a1010b1c89}" Type="WZUIContainer">
                            <WZUI9Image File="ui/common/common_btn_anniu3_0_sel.png" GUID="{8170e5f2-4d55-43f7-ae04-e202269c0a1a}" Type="WZUI9Image" Scale="1" UseOriginSize="True" />
                        </SelectElement>
                        <DisableElement GUID="{878a406d-61e7-4b6a-8960-81733e6c46d5}" Type="WZUIContainer">
                            <WZUI9Image File="ui/common/common_btn_anniu3_0.png" GUID="{9a1d8e20-33a1-4e2b-9f3a-e01a6146d976}" Type="WZUI9Image" GrayRender="True" UseOriginSize="True" />
                        </DisableElement>
                        <WZUILabelTTF Color="255,236,193" EnableStroke="True" FontSize="24" GUID="{6a5e9d7a-9b30-45c7-8371-bad24fcf081e}" Name="txt_buttonName" StrokeColor="128,54,13" StrokeSize="4" Text="" Type="WZUILabelTTF" LabelStyleKey="" TextKey="duihuan" />
                    </WZUIButton>
                    <WZUIFreeTextBox Type="WZUIFreeTextBox" GUID="{a9f26139-3c99-4712-ade4-31927f11ba92}" MaxWidth="120" Name="txtLeftTimes_CellExchangeItem" RelativePosition="0.5,1.25" />
                </WZUIContainer>
            </WZUIContainer>
        </WZUIContainer>
    </WZUIContainer>
</CellExchangeItem>
