<?xml version="1.0"?>
<CellPvpRankKingLog GUID="{5bd30577-f812-44a9-ad51-8451227d63a3}">
	<WZUIContainer AbsContentSize="400,40" GUID="{E3AD270E-281C-4734-9906-710B39D32926}" LuaObjectName="" Name="CellPvpRankKingLog" NameCreate="True" Type="WZUIContainer" UseAbsSize="True" RelativePosition="0.5,0.5">
		<WZUIContainer Type="WZUIContainer" GUID="{3CB5D7D2-D27A-472b-A5A2-DB255633D50B}" Visible="False">
			<WZUI9Image Type="WZUI9Image" GUID="{7B5041A7-F95B-4abd-9CCB-0062472C8117}" File="ui/common/common_scale9_di8.png" />
		</WZUIContainer>
		<WZUIContainer Type="WZUIContainer" GUID="{6DA5D066-F513-4023-9A5E-9993A74AAB52}" Name="">
			<WZUIFreeTextBox Type="WZUIFreeTextBox" GUID="{2C8FE5E7-6D65-4769-B521-10CE39541DBA}" AnchorPoint="0,0.5" RelativePosition="0.04,0.5" Name="ftbLog_CellPvpRankKingLog" MaxWidth="500" />
		</WZUIContainer>
	</WZUIContainer>
</CellPvpRankKingLog>
