﻿<CellRoomSeatSe GUID="{817b0f61-23b0-4a13-bf76-7f4ea93ca1e1}">
    <WZUIContainer Type="WZUIContainer" GUID="{8b9ebf6c-c157-4fa4-95d9-3c36022c93fe}" Name="CellRoomSeatSe" NameCreate="True" AbsContentSize="302,165" UseAbsSize="True">
        <WZUIContainer AbsContentSize="302,165" GUID="{c5f9b762-4251-47c5-8721-1731238c7828}" Name="conBg_CellRoomSeat" Order="0" RelativePosition="0.5,0.5" ShowAll="False" Type="WZUIContainer" UseAbsCoordinate="False" UseAbsSize="True" Visible="True">
            <WZUI9Image Type="WZUI9Image" GUID="{ea4e59c0-d607-45da-aa99-c460260ceeab}" File="ui/hall/battle_scale9_jndj04.png" Name="imgTeamTag_CellRoomSeat" />
            <WZUIImage Type="WZUIImage" GUID="{f2a6483e-9b7b-48f8-912e-a51fb139871f}" File="ui/common/common_pic_diwen2.png" UseOriginSize="True" Scale="0.5" RelativePosition="0.5,0.508163" AbsPosition="100,124.5" TouchEnable="False" Opacity="51" Visible="True" ScaleX="0.5" ScaleY="0.5" Name="imgBgCenterIcon_CellRoomSeat" />
        </WZUIContainer>
        <WZUIContainer Type="WZUIContainer" GUID="{f1dd3539-f9b2-4e7c-8558-ec8d7fefe1b6}" Name="conInfo_CellRoomSeat" AbsContentSize="0,0" UseAbsSize="False" Visible="False" RelativePosition="0.5,0.5">
            <WZUIContainer Type="WZUIContainer" GUID="{1bcdebdd-3793-4b6d-a906-539a26ff14fb}" AbsContentSize="296,64" UseAbsSize="True" AnchorPoint="0.5,0" RelativePosition="0.5,0.0086207" TouchEnable="True" Visible="True">
                <WZUI9Image Type="WZUI9Image" GUID="{663f09b8-104e-4f7c-bd1c-98cfc685b01f}" File="ui/common/common_scale9_heidi2.png" UseOriginSize="False" />
                <Button Type="WZUIButton" GUID="{28352447-4084-44ed-9ceb-d11dda5c59b1}" AbsContentSize="40,40" UseAbsSize="True" RelativePosition="0.343108,0.304144" Name="btnLove_CellRoomSeat" LuaDoneFunctionName="onTouchLove" Visible="False">
                    <NormalElement Type="WZUIContainer" GUID="{5dd12825-f5ee-425b-9d6c-e71576916eb5}">
                        <WZUIImage Type="WZUIImage" GUID="{f9cc1d2b-1f02-4128-ae0b-893fac8ed90f}" File="ui/common/common_icon_hydfq3.png" UseOriginSize="True" Name="imgLove_CellRoomSeat" Scale="1" ScaleX="1" ScaleY="1" />
                    </NormalElement>
                    <SelectElement Type="WZUIContainer" GUID="{18499183-e5e5-4491-9856-c7f7111bb578}">
                        <WZUIImage Type="WZUIImage" GUID="{efbf6201-3234-4d0f-bf84-1dd442094499}" File="ui/common/common_icon_hydfq3.png" Name="imgLove2_CellRoomSeat" Scale="1" ScaleX="1" ScaleY="1" />
                    </SelectElement>
                    <DisableElement Type="WZUIContainer" GUID="{c5d76f59-bd66-4229-a56c-c9534a06188d}" />
                </Button>
                <Button Type="WZUIButton" GUID="{0b610a22-e7be-4049-9bc0-8b9d7fbc58c4}" AbsContentSize="40,40" UseAbsSize="True" RelativePosition="0.787297,0.304144" Name="btnFriend_CellRoomSeat" LuaDoneFunctionName="onTouchFriend" Visible="False">
                    <NormalElement Type="WZUIContainer" GUID="{7d9a02bd-edf5-46cb-a0b8-5a132447e11b}">
                        <WZUIImage Type="WZUIImage" GUID="{b3fc1676-284a-47fb-a1b4-a5e139815862}" File="ui/common/common_icon_hydmy1.png" Name="imgFriend_CellRoomSeat" UseOriginSize="True" Scale="1" ScaleX="1" ScaleY="1" />
                    </NormalElement>
                    <SelectElement Type="WZUIContainer" GUID="{27861de9-54e8-44ca-b712-f5813c052bde}">
                        <WZUIImage Type="WZUIImage" GUID="{802d1f6a-9dc0-4b6a-a99d-c5f2d1bc2a77}" File="ui/common/common_icon_hydmy1.png" UseOriginSize="True" Name="imgFriend2_CellRoomSeat" Scale="1" ScaleX="1" ScaleY="1" />
                    </SelectElement>
                    <DisableElement Type="WZUIContainer" GUID="{07948f0a-a916-47f9-a842-594ac2f0109e}" />
                </Button>
                <Button Type="WZUIButton" GUID="{b10fa938-efb1-408e-a563-f5016cc15e8c}" Name="btnMaster_CellRoomSeat" LuaDoneFunctionName="onClickMaster" AbsContentSize="40,40" UseAbsSize="True" RelativePosition="0.652161,0.304144" Visible="False">
                    <NormalElement Type="WZUIContainer" GUID="{6f22eab9-9a28-4ccd-8267-94c1a21fcd99}">
                        <WZUIImage Type="WZUIImage" GUID="{714f924f-7a8f-4228-89e8-9294c85ec620}" File="ui/common/common_icon_hydsf1.png" UseOriginSize="True" Name="imgMaster_CellRoomSeat" Scale="1" ScaleX="1" ScaleY="1" />
                    </NormalElement>
                    <SelectElement Type="WZUIContainer" GUID="{1476983c-f4e7-412c-afdb-fef97bb3e593}">
                        <WZUIImage Type="WZUIImage" GUID="{1723dc9f-f21f-4ac6-964a-2dd0d3fa8e1d}" File="ui/common/common_icon_hydsf1.png" UseOriginSize="True" Name="imgMaster2_CellRoomSeat" Scale="1" ScaleX="1" ScaleY="1" />
                    </SelectElement>
                    <DisableElement Type="WZUIContainer" GUID="{c2b6ecc7-687f-4700-a398-b2f7a441cbd5}" />
                </Button>
                <WZUILabelTTF Type="WZUILabelTTF" GUID="{3fab0150-a4e0-472a-9f08-ffbb2c2684ec}" Name="txtPlayerLv_CellRoomSeat" RelativePosition="0.425676,0.742424" AnchorPoint="1,0.5" Color="255,227,116" FontSize="18" EnableStroke="True" StrokeSize="4" StrokeColor="105,65,46" Text="" />
                <WZUILabelTTF Type="WZUILabelTTF" GUID="{cb54e7c5-2233-43cb-b10e-2f1d383ebc5d}" Name="txtPlayerName_CellRoomSeat" RelativePosition="0.425676,0.742424" AnchorPoint="0,0.5" Color="255,255,255" EnableStroke="True" FontSize="18" StrokeSize="4" Text="" StrokeColor="79,60,48" />
                <WZUIImage Type="WZUIImage" GUID="{917907f9-abd4-4296-bf37-ae08654d1e64}" TouchEnable="False" File="ui/chat/chat_common_icon_kuafu.png" Visible="False" UseOriginSize="True" RelativePosition="0.947214,0.746636" Name="imgCrossService_CellRoomSeat" />
                <WZUIContainer Type="WZUIContainer" GUID="{36dcebba-95aa-4c07-9bd8-6a4f279c7d2c}" AbsContentSize="40,40" UseAbsSize="True" RelativePosition="0.5,0.0465682" Name="conAthleticLevel_CellRoomSeat" AbsPosition="168.672,180.869" Visible="True" AnchorPoint="0.5,0">
                    <WZUIButton Type="WZUIButton" GUID="{3055a873-4dea-474f-a1b8-ad51043eca5b}" AbsContentSize="40,40" UseAbsSize="True" RelativePosition="0.5,0.5" Name="btnAthleticLevel_CellRoomSeat" Visible="True" LuaDoneFunctionName="onEventSection" TouchEnable="True" Tag="1">
                        <NormalElement Type="WZUIContainer" GUID="{b572e621-5060-428e-95f0-8689ea58201b}" />
                        <SelectElement Type="WZUIContainer" GUID="{fb32241f-b05e-40be-8d4f-29407b5fb74c}" />
                        <DisableElement Type="WZUIContainer" GUID="{e6aa905f-9e76-4f18-820b-dd85eb7e0a8e}" />
                    </WZUIButton>
                    <WZUIImage Type="WZUIImage" GUID="{578d59b4-89d1-4b02-af32-5c173ddbe539}" Name="imgPKLevel_CellRoomSeat" Scale="0.5" File="" UseOriginSize="True" TouchEnable="False" ScaleX="0.5" ScaleY="0.5" />
                </WZUIContainer>
                <WZUIContainer Type="WZUIContainer" GUID="{c10e0927-b3d4-4b48-af4f-9f0d48ac1d12}" AbsContentSize="40,40" UseAbsSize="True" RelativePosition="0.5,0.0465682" Name="conQualifyLevel_CellRoomSeat" AbsPosition="168.672,180.869" Visible="False" AnchorPoint="0.5,0">
                    <WZUIButton Type="WZUIButton" GUID="{c0d7c296-e504-48e2-af08-5565706d22c7}" AbsContentSize="40,40" UseAbsSize="True" RelativePosition="0.5,0.5" Name="btnQualifyLevel_CellRoomSeat" Visible="True" LuaDoneFunctionName="onClickQualifyBtn" TouchEnable="True" Tag="1">
                        <NormalElement Type="WZUIContainer" GUID="{b16c0e9b-567c-4316-9a21-bc711b8d1205}" />
                        <SelectElement Type="WZUIContainer" GUID="{9cd3cb41-7083-4b06-81f3-0ba829656508}" />
                        <DisableElement Type="WZUIContainer" GUID="{a27a4e7e-3221-4437-8abd-79daedd8e4a8}" />
                    </WZUIButton>
                    <WZUIImage Type="WZUIImage" GUID="{1e1b57f6-dde2-4bbd-aa33-fcf6b45eb081}" Name="imgQualifyLevel_CellRoomSeat" Scale="0.2" File="ui/common/common_icon_pws1.png" UseOriginSize="True" TouchEnable="False" ScaleX="0.2" ScaleY="0.2" />
                </WZUIContainer>
                <WZUIContainer Type="WZUIContainer" GUID="{ed7cc3a8-9e07-4861-a296-70bf131fa65f}" />
            </WZUIContainer>
            <WZUIContainer Type="WZUIContainer" GUID="{7acc0c6b-cc52-4355-a1e0-0b02cdd3dfca}" AbsContentSize="30,30" UseAbsSize="True" RelativePosition="0.928148,0.870114" Name="conKickedOut_CellRoomSeat" Visible="True">
                <Button Type="WZUIButton" GUID="{015a39a8-cf8d-489b-93bd-3a8616272a5a}" LuaDoneFunctionName="onClickKickedOut">
                    <NormalElement Type="WZUIContainer" GUID="{1419f39c-341e-49af-a191-5327d2cdf847}">
                        <WZUIImage Type="WZUIImage" GUID="{2578a964-2f94-4646-b5ab-6303b0333311}" File="ui/hall/battle_icon_guanbi.png" UseOriginSize="True" />
                    </NormalElement>
                    <SelectElement Type="WZUIContainer" GUID="{37393cc0-ab39-4060-bdc5-39143cf2e8a7}">
                        <WZUIImage Type="WZUIImage" GUID="{05182506-47fc-4622-bf85-527720fe5de5}" File="ui/hall/battle_icon_guanbi.png" UseOriginSize="True" />
                    </SelectElement>
                    <DisableElement Type="WZUIContainer" GUID="{c312cbff-dbd6-4435-9765-69998071d062}" />
                </Button>
            </WZUIContainer>
        </WZUIContainer>
        <WZUIContainer Type="WZUIContainer" GUID="{23a0a2e9-c772-4ae6-8299-7709cab77990}" Name="conSeatWait_CellRoomSeat" AbsContentSize="0,0" UseAbsSize="False" RelativePosition="0.5,0.5" Visible="False">
            <WZUIContainer Type="WZUIContainer" GUID="{97b73d17-72a2-450b-859d-fb4df291ab2b}" AbsContentSize="190,120" UseAbsSize="True" RelativePosition="0.5,0.506061">
                <WZUIButton Type="WZUIButton" LuaDoneFunctionName="onClickChangSeat" GUID="{30d56196-2982-4c9f-8bc8-be0e5dc7893e}" AbsContentSize="0,0" UseAbsSize="False" RelativePosition="0.5,0.5">
                    <NormalElement Type="WZUIContainer" GUID="{207e5250-4321-4f22-ab69-b0011972e83e}">
                        <WZUIImage Type="WZUIImage" GUID="{0f64cf82-8ce2-4260-bf64-039885570e20}" File="ui/common/common_icon_quan.png" UseOriginSize="True" />
                    </NormalElement>
                    <SelectElement Type="WZUIContainer" GUID="{9d9d2fa9-9cca-476b-bb4f-6f6c105d25ac}">
                        <WZUIImage Type="WZUIImage" GUID="{6a4467ab-4f0e-4358-8f5c-a9d4b4070363}" File="ui/common/common_icon_quan.png" UseOriginSize="True" />
                    </SelectElement>
                    <DisableElement Type="WZUIContainer" GUID="{66812432-2433-4a23-84ab-0775ce12ad52}" />
                </WZUIButton>
                <WZUILabelTTF Type="WZUILabelTTF" GUID="{9c9d0979-5ac1-4cdb-8b05-a740f2ceb06b}" FontSize="20" Color="255,236,193" Text="" Name="txtWaitSeat_CellRoomSeat" TextKey="WAITING" />
            </WZUIContainer>
            <WZUIContainer Type="WZUIContainer" GUID="{289ee2e4-bfd7-4c80-8c89-e1ef207fb637}" AbsContentSize="190,55" UseAbsSize="True" RelativePosition="0.5,0.0122449" Name="conCloseSeat" AnchorPoint="0.5,0" AbsPosition="100,3">
                <WZUIButton Type="WZUIButton" LuaDoneFunctionName="onClickCloseSeat" GUID="{22d1a5e0-d485-433a-a6a5-bcc0af0b916e}">
                    <NormalElement Type="WZUIContainer" GUID="{494a2b43-f198-43a6-97ec-a22a18944440}" />
                    <SelectElement Type="WZUIContainer" GUID="{7c9ce04e-c7d6-4b3b-bc93-3a2a6e142321}" />
                    <DisableElement Type="WZUIContainer" GUID="{792d233d-4505-4c1d-88ee-e05139afe3df}" />
                </WZUIButton>
                <WZUILabelTTF Type="WZUILabelTTF" GUID="{4fabad51-212d-4d9d-9561-a7bf7cca18b7}" FontSize="18" Color="255,236,193" Text="点击关闭" Name="txtCloseSeat_CellRoomSeat" TextKey="CLICK_CLOSE" RelativePosition="0.5,0.254545" AbsPosition="95,32.3334" Visible="True" EnableStroke="True" StrokeColor="79,60,48" StrokeSize="2" />
            </WZUIContainer>
        </WZUIContainer>
        <WZUIContainer Type="WZUIContainer" GUID="{afa5dc28-97b6-4f47-96bd-e4adf33a994d}" Name="conSeatLock_CellRoomSeat" Visible="False" RelativePosition="0.5,0.5" UseAbsSize="False">
            <WZUIImage Type="WZUIImage" GUID="{f59adabc-6e61-460c-8071-a4ff03a12a63}" File="ui/common/common_icon_suo.png" UseOriginSize="True" RelativePosition="0.5,0.509164" AbsPosition="100,103.745" />
        </WZUIContainer>
        <WZUIContainer Type="WZUIContainer" GUID="{a98e7dbb-39ba-4c03-b80b-6cb153767358}" Name="conSeatClose_CellRoomSeat" Visible="False">
            <WZUIImage Type="WZUIImage" GUID="{40506d92-6eeb-4288-8d25-0a68d0c822d1}" File="ui/common/common_icon_suo.png" UseOriginSize="True" RelativePosition="0.5,0.509164" AbsPosition="100,124.745" />
            <WZUIButton Type="WZUIButton" LuaDoneFunctionName="onClickOpenSeat" GUID="{e0965ca4-4eb4-4a5b-8fe9-a0d5305cbe99}" RelativeSize="0.95,0.8" RelativePosition="0.5,0.426531">
                <NormalElement Type="WZUIContainer" GUID="{6c28f6a8-e587-48a7-9901-3d09b7374d04}" />
                <SelectElement Type="WZUIContainer" GUID="{d60591d2-677a-4534-8159-7e4433dc98de}" />
                <DisableElement Type="WZUIContainer" GUID="{63714282-cbde-4b47-90e3-9c6772b228f8}" />
            </WZUIButton>
            <WZUIContainer Type="WZUIContainer" GUID="{c9864d02-7309-498c-ac23-ba11fdcb1e0d}" AbsContentSize="190,58" UseAbsSize="True" RelativePosition="0.5,0.140867" TouchEnable="False">
                <WZUILabelTTF Type="WZUILabelTTF" GUID="{72502354-9bcc-48be-96ce-cf2ae1f9786a}" FontSize="24" Color="255,236,193" Text="" Name="txtOpenSeat_CellRoomSeat" TextKey="CLICK_OPEN" EnableStroke="True" StrokeColor="79,60,48" StrokeSize="2" />
            </WZUIContainer>
        </WZUIContainer>
        <WZUIContainer Type="WZUIContainer" GUID="{355e9961-b2bc-426e-a4aa-a8bf39d2d814}" Name="conSeatProhibit_CellRoomSeat" Visible="False">
            <WZUIImage Type="WZUIImage" GUID="{9dea9961-646c-4f68-b7ca-b871458699cb}" File="ui/common/common_pic_fazheng4.png" UseOriginSize="True" RelativePosition="0.5,0.281426" AbsPosition="100,68.9495" Scale="0.8" ScaleY="0.6" />
            <WZUIImage Type="WZUIImage" GUID="{8d4ec382-3c39-40e4-9db8-4ff262e3bb75}" File="ui/common/common_icon_wenhao.png" UseOriginSize="True" RelativePosition="0.512162,0.521539" />
            <WZUILabelTTF BoldFont="False" Color="255,236,193" EnableStroke="False" Font="" FontSize="24" GUID="{23229a3c-107f-4660-af3b-cdd76ca69b99}" Name="txtSeatStats_CellRoomSeat" RelativePosition="0.5,0.454767" ShadowColor="0,0,0" StrokeColor="60,19,12" StrokeSize="3" Text="" Type="WZUILabelTTF" AnchorPoint="0.5,0.5" TextKey="WAITING_MATCHES" />
        </WZUIContainer>
        <WZUIContainer Type="WZUIContainer" GUID="{2b9a7b30-2d7e-4ef6-b5d4-6c77f620db16}" Name="conSeatGuest_CellRoomSeat" Visible="False">
            <WZUIContainer Type="WZUIContainer" GUID="{6eb53edc-c852-457a-ae6f-7238e4d0c30b}" AbsContentSize="190,120" UseAbsSize="True" RelativePosition="0.5,0.512245" AbsPosition="100,125.5">
                <WZUIButton Type="WZUIButton" LuaDoneFunctionName="onClickChangSeat" GUID="{c7ba17e0-5e3c-4967-b710-d17aff506c27}" AbsContentSize="0,0" UseAbsSize="False" RelativePosition="0.5,0.5">
                    <NormalElement Type="WZUIContainer" GUID="{df678af2-32d8-426b-bb94-27c19550088c}">
                        <WZUIImage Type="WZUIImage" GUID="{d9dc2a19-41e8-4d49-945d-1d2af948709e}" File="ui/common/common_icon_quan.png" UseOriginSize="True" />
                    </NormalElement>
                    <SelectElement Type="WZUIContainer" GUID="{1d8be1a7-e6d8-4d40-9927-871bb1b824b5}">
                        <WZUIImage Type="WZUIImage" GUID="{ac08bea5-f0b9-46ed-830a-bbe1cfe2f2b0}" File="ui/common/common_icon_quan.png" UseOriginSize="True" />
                    </SelectElement>
                    <DisableElement Type="WZUIContainer" GUID="{16e760d1-dd8d-4016-b8e6-38ee69422427}" />
                </WZUIButton>
                <WZUILabelTTF Type="WZUILabelTTF" GUID="{3cf57756-13af-4a3e-a550-9a467704769d}" FontSize="24" Color="255,236,193" Text="" Name="txtWaitSeatGuest_CellRoomSeat" TextKey="WAITING" />
            </WZUIContainer>
        </WZUIContainer>
    </WZUIContainer>
</CellRoomSeatSe>
