﻿<CellTimeChallengeItem GUID="{37cb036c-7062-4174-93c5-afabc5924c79}">
    <WZUIContainer AbsContentSize="486,94" GUID="{b60bf087-63a5-4e55-8a7e-13e5f25a8f4e}" LuaObjectName="" Name="CellTimeChallengeItem" NameCreate="False" Type="WZUIContainer" UseAbsSize="True">
        <WZUIContainer GUID="{857bea58-225e-4f45-8ef8-93ae7734a283}" Type="WZUIContainer" AbsContentSize="486,94" UseAbsSize="True" RelativePosition="0.5,0.5">
            <WZUI9Image File="ui/common/common_scale9_di18.png" GUID="{94a5700e-1d21-4ac8-bdb2-fd0b76df66cd}" Type="WZUI9Image" />
        </WZUIContainer>
        <WZUIContainer Type="WZUIContainer" GUID="{2144c137-6db8-413d-ad1d-982e2c17f2e3}" AbsContentSize="486,94" AnchorPoint="0.5,0" RelativePosition="0.5,0" UseAbsSize="True">
            <WZUIContainer AbsContentSize="80,80" GUID="{dc175e0e-f5fd-438d-872c-b9db9564b5df}" Name="con1_CellTimeChallengeItem" RelativePosition="0.105,0.5" TouchContainerEnable="True" TouchEnable="True" Type="WZUIContainer" UseAbsSize="True" />
            <WZUILabelTTF Type="WZUILabelTTF" GUID="{9f4b9098-8ae2-4977-aaf6-08a7d96b76cc}" Name="txtContent_CellTimeChallengeItem" FontSize="20" Color="79,60,48" AnchorPoint="0,0.5" RelativePosition="0.21,0.5" />
        </WZUIContainer>
        <WZUIImage Type="WZUIImage" GUID="{e5e70609-bd0c-42c0-9af6-4bb91ba94ced}" File="ui/common/commom_icon_ylq.png" UseOriginSize="True" RelativePosition="0.86,0.5" Name="imgHavedGet_CellTimeChallengeItem" Visible="False" />
        <Button Type="WZUIButton" GUID="{4f05614b-b833-471d-ba02-f34ee829df15}" AbsContentSize="116,58" UseAbsSize="True" RelativePosition="0.86,0.5" Name="btnReceive_CellTimeChallengeItem" Visible="False" LuaActionName="Normal" LuaDoneFunctionName="onClickReceive">
            <NormalElement Type="WZUIContainer" GUID="{0dbcfd74-88d9-464f-b7af-84b8825f428c}">
                <WZUIImage Type="WZUIImage" GUID="{97b810e4-253c-40a3-ab09-aee8d6b7a036}" File="ui/common/common_btn_anniu10_0.png" />
                <WZUILabelTTF Type="WZUILabelTTF" GUID="{2f8bfd5d-bc46-4bcf-af64-2f9464c5fe5e}" TextKey="ACTIVE_BTN_GET" LabelStyleKey="SMALL_GREEN_BTN" />
            </NormalElement>
            <SelectElement Type="WZUIContainer" GUID="{004454e6-e37e-4a35-bd27-611cf313c125}">
                <WZUIImage Type="WZUIImage" GUID="{f056ebdb-2c64-4179-a609-e903c6c72f82}" File="ui/common/common_btn_anniu10_0_sel.png" />
                <WZUILabelTTF Type="WZUILabelTTF" GUID="{e7ff4553-4231-4869-bd4b-638b39696bc0}" TextKey="ACTIVE_BTN_GET" LabelStyleKey="SMALL_GREEN_BTN" />
            </SelectElement>
            <DisableElement Type="WZUIContainer" GUID="{49682d3a-0ca4-4f0e-b599-b0fb3a3b7594}">
                <WZUIImage Type="WZUIImage" GUID="{36f9a282-c51c-48f1-8a0e-651ac3d279b2}" File="ui/common/common_btn_anniu10_0.png" GrayRender="True" />
                <WZUILabelTTF Type="WZUILabelTTF" GUID="{f43b718d-1633-46ac-bb32-f7e9a4c9cf14}" TextKey="ACTIVE_BTN_GET" LabelStyleKey="SMALL_GRAY_BTN" />
            </DisableElement>
        </Button>
    </WZUIContainer>
</CellTimeChallengeItem>
