﻿<CellPhantomList GUID="{10613b63-97b3-4e0c-b8e6-92b29452d19a}">
    <WZUIContainer AbsContentSize="350,118" GUID="{e7be1061-976c-4d54-beae-7b5877af81c6}" LuaObjectName="CellPhantomList" Name="CellPhantomList" NameCreate="True" Type="WZUIContainer" UseAbsSize="True">
        <WZUIContainer Type="WZUIContainer" GUID="{cd8174a5-377b-4891-b23a-4442a6d7682a}" Name="constatus1" Visible="True">
            <WZUILabelTTF Type="WZUILabelTTF" GUID="{9a5c8bc9-9e59-457b-8a19-9abf1fa58c2c}" Text="羁绊名字" LabelStyleKey="C11_F20_S4_C5" RelativePosition="0.12,0.78" Name="txtName" Scale="0.8" ScaleX="0.8" ScaleY="0.8" />
            <WZUILabelTTF Type="WZUILabelTTF" GUID="{a06046e7-7b14-45ff-b61b-931bf125a6fd}" Text="生命+100" LabelStyleKey="C11_F20_S4_C5" RelativePosition="0.025,0.49" Name="txtAttr1" Scale="0.8" ScaleX="0.8" ScaleY="0.8" Alignment="Left" AnchorPoint="0,0.5" />
            <WZUILabelTTF Type="WZUILabelTTF" GUID="{4eb66677-7482-4078-8705-42b3f56ff49c}" Text="" LabelStyleKey="C11_F20_S4_C5" RelativePosition="0.025,0.35" Name="txtAttr2" Scale="0.85" ScaleX="0.85" ScaleY="0.85" Alignment="Left" AnchorPoint="0,0.5" />
            <WZUILabelTTF Type="WZUILabelTTF" GUID="{75314966-8f53-4c53-a33f-51e69dbb81b2}" Text="" LabelStyleKey="C11_F20_S4_C5" RelativePosition="0.025,0.63" Name="txtAttr3" Scale="0.85" ScaleX="0.85" ScaleY="0.85" Alignment="Left" AnchorPoint="0,0.5" />
            <WZUILabelTTF Type="WZUILabelTTF" GUID="{a0eb9a4a-b616-436e-ba8c-e44d6d9e04ab}" Text="（已激活）" LabelStyleKey="" RelativePosition="0.115,0.18" Name="txtStatus" FontSize="18" Color="99,255,95" BoldFont="True" EnableStroke="True" StrokeSize="4" StrokeColor="79,60,48" Scale="0.9" ScaleX="0.9" ScaleY="0.9" />
            <WZUIContainer Type="WZUIContainer" GUID="{7a473cdd-6dd8-4cd7-a53f-d40bb957b6a1}" AbsContentSize="85,100" UseAbsSize="True" Name="con1_status1" RelativePosition="0.39,0.5" />
            <WZUIContainer Type="WZUIContainer" GUID="{56a80a05-f248-4c73-aadb-aa4aa4f30c14}" AbsContentSize="85,100" UseAbsSize="True" Name="con2_status1" RelativePosition="0.63,0.5" />
            <WZUIContainer Type="WZUIContainer" GUID="{ff980b66-7324-418b-808f-62d1a87ae5cc}" AbsContentSize="85,100" UseAbsSize="True" Name="con3_status1" RelativePosition="0.87,0.5" />
        </WZUIContainer>
        <WZUIImage Type="WZUIImage" GUID="{0bd0fb2e-8490-4bca-b613-fb3c80c212ac}" File="ui/common/common_scale9_fengexian9.png" UseOriginSize="True" AnchorPoint="0.5,0.5" RelativePosition="0.5,0" />
    </WZUIContainer>
</CellPhantomList>
