﻿<CellFightingRankPanel GUID="{e95fd337-04f9-4ed8-adb4-27197560a4f1}">
    <WZUIContainer Type="WZUIContainer" GUID="{aadfa258-356b-4c7f-a392-a8022cacff83}" LuaObjectName="CellFightingRankPanel" Name="CellFightingRankPanel" NameCreate="True" AbsContentSize="502,453" UseAbsSize="True">
        <WZUIContainer Type="WZUIContainer" GUID="{fcfbb280-612d-4696-87ef-362256f54f8c}" AnchorPoint="0.5,1" RelativePosition="0.5,1" AbsContentSize="500,155" UseAbsSize="True">
            <WZUIImage Type="WZUIImage" GUID="{b29a5a1f-364e-4062-8ae5-8561cd0c9a29}" File="ui/gameActivity/activity_pic_dyjzlzw.png" UseOriginSize="True" AnchorPoint="0.5,1" RelativePosition="0.5,1" Name="imgBK_CellFightingRankPanel" />
            <Button Type="WZUIButton" GUID="{ee8948bd-96ff-4869-aaf5-373e38e36b21}" AbsContentSize="100,50" UseAbsSize="True" RelativePosition="0.920325,0.153008" LuaActionName="Normal" LuaDoneFunctionName="onClickRank" Name="btnRank_CellFightingRankPanel">
                <NormalElement Type="WZUIContainer" GUID="{df191027-1b15-44b6-9fe9-7dc9ad0f5184}" />
                <SelectElement Type="WZUIContainer" GUID="{0bd8f160-fe3a-461b-b117-78a84093c43b}" />
                <DisableElement Type="WZUIContainer" GUID="{444cb52f-919a-4413-b7f9-d9493c7fbc1f}" />
                <WZUIImage Type="WZUIImage" GUID="{93eb3ce6-5399-4916-9178-e267f4c5c3e7}" File="ui/common/common_icon_ghzpm.png" UseOriginSize="True" />
            </Button>
            <WZUIContainer Type="WZUIContainer" GUID="{114943d9-55f9-4738-bd60-1e1ac7db282b}" Name="conFlowerBtn_CellFightingRankPanel" Visible="False">
                <Button Type="WZUIButton" GUID="{761a58e7-3312-45df-83a7-7b9602d5a45a}" AbsContentSize="80,40" UseAbsSize="True" RelativePosition="0.3,0.12" LuaDoneFunctionName="onSwitchGender" Tag="2" LuaActionName="Normal">
                    <NormalElement Type="WZUIContainer" GUID="{8405de96-d61d-4240-b1b6-39b4cfe19d74}">
                        <WZUIImage Type="WZUIImage" GUID="{0956369f-8cfa-4bac-9308-ba9ee9753b35}" File="ui/common/common_btn_anniu3.png" />
                    </NormalElement>
                    <SelectElement Type="WZUIContainer" GUID="{3ce7731c-f993-4ded-a70f-745f676423e9}">
                        <WZUIImage Type="WZUIImage" GUID="{fceef630-fe2e-4286-be80-39d85d65bc8e}" File="ui/common/common_btn_anniu3.png" />
                    </SelectElement>
                    <DisableElement Type="WZUIContainer" GUID="{563861e3-bf85-4409-bf54-d2ac440d66ad}" />
                    <WZUILabelTTF Type="WZUILabelTTF" GUID="{c7dfdf05-d8e0-4622-ab7a-0f7729c80c38}" Text="" FontSize="16" Color="255,236,193" EnableStroke="True" StrokeSize="4" StrokeColor="128,54,13" TextKey="CHARM_TOTAL_RANK" Name="txtSex2_CellFightingRankPanel" />
                </Button>
                <Button Type="WZUIButton" GUID="{fd7443ae-6a26-4617-a3d3-46aff005c4e5}" AbsContentSize="80,40" UseAbsSize="True" RelativePosition="0.5,0.12" LuaDoneFunctionName="onSwitchGender" Tag="0" LuaActionName="Normal">
                    <NormalElement Type="WZUIContainer" GUID="{fb657a1d-dfb2-47bb-a7ee-aa2d169251f1}">
                        <WZUIImage Type="WZUIImage" GUID="{70bd06c3-5ccd-4ebb-9c78-dcb388669269}" File="ui/common/common_btn_anniu3.png" />
                    </NormalElement>
                    <SelectElement Type="WZUIContainer" GUID="{d312b7bd-74fe-44d2-a4a8-ab419c645fd9}">
                        <WZUIImage Type="WZUIImage" GUID="{b3bd359b-d5a4-4d37-9085-59031bf412df}" File="ui/common/common_btn_anniu3.png" />
                    </SelectElement>
                    <DisableElement Type="WZUIContainer" GUID="{8e18bb93-f0a3-48e5-9d6b-b918c24c84a1}" />
                    <WZUILabelTTF Type="WZUILabelTTF" GUID="{3bb710fe-958c-4daf-92c4-208fc3aa315f}" Text="" FontSize="16" Color="255,236,193" EnableStroke="True" StrokeSize="4" StrokeColor="128,54,13" TextKey="CHARM_BOY" Name="txtSex0_CellFightingRankPanel" />
                </Button>
                <Button Type="WZUIButton" GUID="{ca7cda77-f30a-4513-a6ad-e8a3e17bc165}" AbsContentSize="80,40" UseAbsSize="True" RelativePosition="0.7,0.12" LuaDoneFunctionName="onSwitchGender" Tag="1" LuaActionName="Normal">
                    <NormalElement Type="WZUIContainer" GUID="{0444f074-58e4-40ff-898a-64e381407220}">
                        <WZUIImage Type="WZUIImage" GUID="{65ea5a42-8d1a-4c1f-a277-649697c358ed}" File="ui/common/common_btn_anniu3.png" />
                    </NormalElement>
                    <SelectElement Type="WZUIContainer" GUID="{38a7e996-ad26-4cb1-80f8-20014ad7c7ff}">
                        <WZUIImage Type="WZUIImage" GUID="{35871c84-7fae-435e-9f1c-5a45fc2e4d8b}" File="ui/common/common_btn_anniu3.png" />
                    </SelectElement>
                    <DisableElement Type="WZUIContainer" GUID="{7d884fe2-8455-45ba-ba2b-60a636eceba6}" />
                    <WZUILabelTTF Type="WZUILabelTTF" GUID="{4064ac55-731e-4864-af43-517f19cedcca}" Text="" FontSize="16" Color="255,236,193" EnableStroke="True" StrokeSize="4" StrokeColor="128,54,13" TextKey="CHARM_GIRL" Name="txtSex1_CellFightingRankPanel" />
                </Button>
            </WZUIContainer>
        </WZUIContainer>
        <WZUIContainer AbsContentSize="500,40" GUID="{a4718f9b-28c4-4643-948c-32935aae4968}" RelativePosition="0,1" Type="WZUIContainer" UseAbsSize="True" AbsPosition="246,395.25" Name="conForTime_CellFightingRankPanel" AnchorPoint="0,1">
            <WZUI9Image Type="WZUI9Image" GUID="{0bffc925-b600-48ba-acab-ec7f0f959296}" File="ui/common/common_scale9_heidi7.png" Opacity="150" />
            <WZUILabelTTF AnchorPoint="0,0.5" Color="255,227,116" FontSize="22" GUID="{a5f860f7-c66c-4acd-b7ec-fdc4d766f78e}" Name="txtTimeWord_CellFightingRankPanel" RelativePosition="0.05,0.5" Text="活动剩余" Type="WZUILabelTTF" EnableStroke="True" StrokeSize="4" StrokeColor="128,54,13" />
            <WZUILabelTTF AnchorPoint="0,0.5" Color="255,89,74" FontSize="22" GUID="{e1fb2ab6-7842-4191-96ee-8bd2220afdf4}" Name="txtTime_CellFightingRankPanel" RelativePosition="0.28,0.5" Text="9天" Type="WZUILabelTTF" StrokeColor="158,0,0" StrokeSize="4" EnableStroke="True" />
        </WZUIContainer>
        <WZUIContainer Type="WZUIContainer" GUID="{835ad9f6-9d3c-40c9-8b9a-ecc831b1d46b}" AbsContentSize="500,298" UseAbsSize="True" RelativePosition="0.5,0" AnchorPoint="0.5,0">
            <WZUITableContainer Type="WZUITableContainer" GUID="{7976bae4-8411-46ce-b352-c13933c980ae}" CellElementHeight="0.29" EnableMoveVertical="False" IsVerticalMode="False" Name="tableRankList_CellFightingRankPanel" RelativeSize="0.98,1" />
        </WZUIContainer>
        <Button Type="WZUIButton" GUID="{14473cd8-3167-4ea2-984a-1bf21d7a2222}" AbsContentSize="60,60" UseAbsSize="True" LuaActionName="Normal" LuaDoneFunctionName="onClickRule" RelativePosition="0.954275,0.955194">
            <NormalElement Type="WZUIContainer" GUID="{500fc244-bcd9-4ffa-b554-e1e55421d541}" />
            <SelectElement Type="WZUIContainer" GUID="{7d0c84b9-e3ba-4b13-9d9d-f7a9161c668b}" />
            <DisableElement Type="WZUIContainer" GUID="{d7e8a0ca-dafa-4229-9469-ce194f518021}" />
            <WZUIImage Type="WZUIImage" GUID="{3c7453bd-4cc0-46d2-95b8-812fd191012d}" File="ui/common/common_icon_gth.png" UseOriginSize="True" />
        </Button>
    </WZUIContainer>
</CellFightingRankPanel>
