﻿<?xml version="1.0" ?>
<CellCheckOther9 GUID="{C29FC553-C8DF-49d5-BB59-5C054DD42D20}">
    <WZUIContainer Type="WZUIContainer" GUID="{414B6B99-8126-4d75-8B86-5E56D5CB3E0D}" AbsContentSize="460,84" UseAbsSize="True" Name="CellCheckOther9" LuaObjectName="" RelativePosition="0.5,0.5" NameCreate="True">
        <WZUIContainer Type="WZUIContainer" GUID="{7299890B-3C09-446d-AFB1-932167EB499C}" Name="" AbsContentSize="460,84" UseAbsSize="True" AnchorPoint="0.5,0.5" RelativePosition="0.5,0.5">
            <WZUIContainer Type="WZUIContainer" GUID="{67D96B85-EF53-4944-A897-E62435C9AE55}" AbsContentSize="460,84" UseAbsSize="True" RelativePosition="0.5,0.5" Name="conIcon_CellCheckOther9" Visible="True">
                <WZUIContainer Type="WZUIContainer" GUID="{c036234f-b2c8-47dd-b1b2-6b9d2a4ca621}" RelativePosition="0.5,0.5" AbsContentSize="460,80" UseAbsSize="True">
                    <Button Type="WZUIButton" AbsContentSize="76,76" RelativePosition="0.0934,0.5" UseAbsSize="True" GUID="{7fb482b6-428b-4cd0-89c5-7b15f635176d}" Scale="0.91" Tag="1" LuaDoneFunctionName="onClick" Name="btn1" AnchorPoint="0.5,0.5">
                        <WZUI9Image Type="WZUI9Image" GUID="{30b7514b-8d57-4f7d-ac99-2fd7c942afbd}" File="ui/common/common_scale9_beibaodi.png" Name="black1" />
                        <WZUI9Image Type="WZUI9Image" GUID="{0e3b23b4-fdef-43b8-9cb4-0717e0bf769b}" File="" Name="quality1" Visible="True" UseOriginSize="False" />
                        <NormalElement Type="WZUIContainer" GUID="{feefaf87-65b6-4512-b955-528579aabccc}" AbsContentSize="53,53" UseAbsSize="False" RelativePosition="0.5,0.5" Scale="1">
                            <WZUIImage Type="WZUIImage" GUID="{f85fdaa0-b801-4842-b90a-f02c2f76d579}" Name="icon1" Scale="0.9" Visible="True" />
                        </NormalElement>
                        <SelectElement Type="WZUIContainer" GUID="{50bb5bd5-ba7b-49e1-8cb1-64a8496b3d6c}">
                            <WZUI9Image Type="WZUI9Image" GUID="{c05bcb53-678e-49f5-8d84-45d9637bbd37}" File="ui/common/common_scale9_beibaodi_sel.png" UseOriginSize="True" Scale="0.92" RelativePosition="0.5,0.48" />
                            <WZUIImage Type="WZUIImage" GUID="{d9478cb8-e4e7-4505-b4bb-7d420eccd953}" Name="icon1Sel" RelativePosition="0.5,0.5" Visible="True" />
                        </SelectElement>
                        <DisableElement Type="WZUIContainer" GUID="{1ddcbb65-8868-4fc9-ac30-992639d92c74}" />
                    </Button>
                    <Button Type="WZUIButton" AbsContentSize="76,76" RelativePosition="0.253,0.5" UseAbsSize="True" GUID="{fda5cdaa-8d83-43d7-b8d7-60f13df936a8}" Scale="0.91" Tag="2" LuaDoneFunctionName="onClick" Name="btn2" AnchorPoint="0.5,0.5">
                        <WZUI9Image Type="WZUI9Image" GUID="{9de700db-053f-43cd-b2d5-8b691386e088}" File="ui/common/common_scale9_beibaodi.png" Name="black2" />
                        <WZUI9Image Type="WZUI9Image" GUID="{5a88b062-1e74-47d6-b63c-bc6387278eb3}" File="" Name="quality2" />
                        <NormalElement Type="WZUIContainer" GUID="{3206930a-1a13-4755-b1a1-c33c39a8b213}">
                            <WZUIImage Type="WZUIImage" GUID="{279d1101-3683-4fc3-8861-758483c43fe0}" Name="icon2" Scale="0.9" RelativePosition="0.5,0.5" />
                        </NormalElement>
                        <SelectElement Type="WZUIContainer" GUID="{5d03d4a1-db1d-44d1-92e2-8dd9a4859cda}">
                            <WZUI9Image Type="WZUI9Image" GUID="{06a826aa-d299-4f4f-a9f6-f8dff228ef73}" File="ui/common/common_scale9_beibaodi_sel.png" UseOriginSize="True" Scale="0.92" RelativePosition="0.5,0.48" />
                            <WZUIImage Type="WZUIImage" GUID="{60c59dba-5810-4eff-81f2-7850f5105c68}" Name="icon2Sel" />
                        </SelectElement>
                        <DisableElement Type="WZUIContainer" GUID="{10523417-46e3-4330-af6a-ab07324e7ff5}" />
                    </Button>
                    <Button Type="WZUIButton" AbsContentSize="76,76" RelativePosition="0.413,0.5" UseAbsSize="True" GUID="{1e986ce0-46af-4503-86bd-60182f3846d9}" Scale="0.91" Tag="3" LuaDoneFunctionName="onClick" Name="btn3" AnchorPoint="0.5,0.5">
                        <WZUI9Image Type="WZUI9Image" GUID="{b740e011-dfc3-4a2a-8b2b-78ee7d9d0843}" File="ui/common/common_scale9_beibaodi.png" Name="black3" />
                        <WZUI9Image Type="WZUI9Image" GUID="{3f60bd93-c09a-4d61-9a32-5f19ff6c6c22}" File="" Name="quality3" />
                        <NormalElement Type="WZUIContainer" GUID="{704bffaf-4eea-4772-a54d-8c49a804bb0b}">
                            <WZUIImage Type="WZUIImage" GUID="{a03badc0-05bd-473b-89b0-c5ecffe58f45}" Name="icon3" Scale="0.9" />
                        </NormalElement>
                        <SelectElement Type="WZUIContainer" GUID="{36af36e0-dbc6-4cdd-83d0-b0aa723ac4d1}">
                            <WZUI9Image Type="WZUI9Image" GUID="{761ef31d-3ba5-4ccf-a082-b5379189ea95}" File="ui/common/common_scale9_beibaodi_sel.png" UseOriginSize="True" Scale="0.92" RelativePosition="0.5,0.48" />
                            <WZUIImage Type="WZUIImage" GUID="{f5feafdc-b449-41fe-9179-5ca243dcec20}" Name="icon3Sel" />
                        </SelectElement>
                        <DisableElement Type="WZUIContainer" GUID="{299694fa-4bfb-4d02-8805-8cce67a33b6f}" />
                    </Button>
                    <Button Type="WZUIButton" AbsContentSize="76,76" RelativePosition="0.573,0.5" UseAbsSize="True" GUID="{ce27810d-b9a7-4655-9dc9-c3cc42092406}" Scale="0.91" Tag="4" LuaDoneFunctionName="onClick" Name="btn4" AnchorPoint="0.5,0.5">
                        <WZUI9Image Type="WZUI9Image" GUID="{1a2971c9-8a8e-4622-9d74-494804e2a268}" File="ui/common/common_scale9_beibaodi.png" Name="black4" />
                        <WZUI9Image Type="WZUI9Image" GUID="{1521d61b-5813-43fd-bcc3-07e1cac2ddc2}" File="" Name="quality4" />
                        <NormalElement Type="WZUIContainer" GUID="{9af9f7b2-a082-43a0-93e5-f7eba19db8d0}">
                            <WZUIImage Type="WZUIImage" GUID="{6755a1ee-aa64-411c-bb63-2449b1326b00}" Name="icon4" Scale="0.9" />
                        </NormalElement>
                        <SelectElement Type="WZUIContainer" GUID="{3fc3c2b3-970a-44a7-99e1-b9795d22d076}">
                            <WZUI9Image Type="WZUI9Image" GUID="{3acb3502-2e57-4140-992b-8f8340e241e6}" File="ui/common/common_scale9_beibaodi_sel.png" UseOriginSize="True" Scale="0.92" RelativePosition="0.5,0.48" />
                            <WZUIImage Type="WZUIImage" GUID="{8c4ce67f-6725-49ac-b72b-15d8068f8e9b}" Name="icon4Sel" />
                        </SelectElement>
                        <DisableElement Type="WZUIContainer" GUID="{a9d38681-c2a5-44a6-a26e-338954f6aa48}" />
                    </Button>
                    <Button Type="WZUIButton" AbsContentSize="76,76" RelativePosition="0.733,0.5" UseAbsSize="True" GUID="{1e0c21c0-578f-435e-b7c0-47fa1e37c148}" Scale="0.91" Tag="5" LuaDoneFunctionName="onClick" Name="btn5" AnchorPoint="0.5,0.5">
                        <WZUI9Image Type="WZUI9Image" GUID="{fcd234a2-ddd7-4d89-8c62-8458397dca44}" File="ui/common/common_scale9_beibaodi.png" Name="black5" />
                        <WZUI9Image Type="WZUI9Image" GUID="{bc294c7d-cf76-4c54-b080-4308c238bd94}" File="" Name="quality5" />
                        <NormalElement Type="WZUIContainer" GUID="{f69cd814-fba5-4a83-862f-a699dfa9b7c2}">
                            <WZUIImage Type="WZUIImage" GUID="{01dd3206-8873-43aa-8fe6-1a3f9db96cc1}" Name="icon5" Scale="0.9" />
                        </NormalElement>
                        <SelectElement Type="WZUIContainer" GUID="{5d66e957-d174-4231-982a-4f98f3d3b9f2}">
                            <WZUI9Image Type="WZUI9Image" GUID="{b953b9e2-33f4-4116-a4a2-aeb97c11650c}" File="ui/common/common_scale9_beibaodi_sel.png" UseOriginSize="True" Scale="0.92" RelativePosition="0.5,0.48" />
                            <WZUIImage Type="WZUIImage" GUID="{6a5a0666-32c5-4153-87c8-71540521a968}" Name="icon5Sel" />
                        </SelectElement>
                        <DisableElement Type="WZUIContainer" GUID="{376e07d3-3e74-48f8-9efe-f073a1966cf9}" />
                    </Button>
                    <Button Type="WZUIButton" AbsContentSize="76,76" RelativePosition="0.893,0.5" UseAbsSize="True" GUID="{6a009196-922b-4a69-84f6-bd36b36f3552}" Scale="0.91" Tag="6" LuaDoneFunctionName="onClick" Name="btn6" AnchorPoint="0.5,0.5">
                        <WZUI9Image Type="WZUI9Image" GUID="{7bfe11d0-caf4-42ad-a34c-13d5ca16e3ef}" File="ui/common/common_scale9_beibaodi.png" Name="black6" />
                        <WZUI9Image Type="WZUI9Image" GUID="{c4a0a493-e89f-4439-8147-9db277135f67}" File="" Name="quality6" />
                        <NormalElement Type="WZUIContainer" GUID="{80008791-1653-4c28-87ee-4783a4fd1b79}">
                            <WZUIImage Type="WZUIImage" GUID="{4c3530eb-1a72-47e4-bf76-fea03e56c3ee}" Name="icon6" Scale="0.9" />
                        </NormalElement>
                        <SelectElement Type="WZUIContainer" GUID="{7a24d724-5f0c-44d0-aeb6-971f3056e20d}">
                            <WZUI9Image Type="WZUI9Image" GUID="{1008b01e-7ec4-459a-b774-c11860b34f6a}" File="ui/common/common_scale9_beibaodi_sel.png" UseOriginSize="True" Scale="0.92" RelativePosition="0.5,0.48" />
                            <WZUIImage Type="WZUIImage" GUID="{dc581a97-304b-46a3-b651-4b214bdafaf5}" Name="icon6Sel" />
                        </SelectElement>
                        <DisableElement Type="WZUIContainer" GUID="{0e6769be-1820-412c-8b23-dab1c96d9436}" />
                    </Button>
                </WZUIContainer>
            </WZUIContainer>
        </WZUIContainer>
    </WZUIContainer>
</CellCheckOther9>
