<?xml version="1.0" ?>
<CellWorldBossRankRewardItem GUID="{A8D63361-A3B3-49ee-9AA9-CB7A75A58F5F}">
    <WZUIContainer AbsContentSize="400,80" GUID="{7DEE9422-E141-4ca6-9C2C-7EB1CB6828C6}" LuaObjectName="CellWorldBossRankRewardItem" Name="CellWorldBossRankRewardItem" NameCreate="True" Type="WZUIContainer" UseAbsSize="True" RelativePosition="0.5,0.5">
        <WZUIContainer GUID="{2B3A46F0-6F03-4851-B29B-C89C8362EE3B}" Type="WZUIContainer" Visible="True" RelativePosition="0.5,0.5">
            <WZUI9Image File="ui/common/common_scale9_di18.png" GUID="{B2229FC0-0C75-4b77-99D0-F38912490106}" Type="WZUI9Image" />
        </WZUIContainer>
        <WZUIContainer AbsContentSize="" GUID="{280992F6-1EBA-4bca-A129-17842C163F18}" RelativePosition="0,0.5" Type="WZUIContainer" UseAbsSize="False" RelativeSize="0.22,1" AnchorPoint="0,0.5">
            <WZUILabelTTF Alignment="Center" AnchorPoint="0.5,0.5" Color="158,0,0" EnableStroke="False" FontSize="20" GUID="{8DF4A31C-A0E5-4f42-8FB2-B84972DD3324}" Name="txtRank_CellRankRewardItem" RelativePosition="0.5,0.5" Text="" Type="WZUILabelTTF" StrokeColor="60,19,12" StrokeSize="3" Dimensions="80,0" />
            <WZUIImage Type="WZUIImage" GUID="{5FF3E443-DFDB-4e67-BC4C-EFD45E9DB64A}" File="ui/common/common_icon_1st.png" UseOriginSize="True" Name="imgRank_CellRankRewardItem" Visible="False" Scale="0.8" />
        </WZUIContainer>
        <WZUIContainer AbsContentSize="" GUID="{0F93C2C6-5B5B-4a7a-9874-E6510F491FFF}" RelativePosition="0.975,0.5" Type="WZUIContainer" UseAbsSize="False" RelativeSize="0.75,1" AnchorPoint="1,0.5">
            <WZUIContainer AbsContentSize="50,50" GUID="{4A1F2C79-218B-4322-B333-CB16DDC55CB6}" Name="conItem1_CellWorldBossRankRewardItem" RelativePosition="0,0.5" Type="WZUIContainer" UseAbsSize="True" AnchorPoint="0,0.5" />
            <WZUIContainer AbsContentSize="50,50" GUID="{09710001-BC4A-4e10-B053-96B9BDBA0225}" Name="conItem2_CellWorldBossRankRewardItem" RelativePosition="0.25,0.5" Type="WZUIContainer" UseAbsSize="True" AnchorPoint="0,0.5" />
            <WZUIContainer AbsContentSize="50,50" GUID="{A06A3F60-E70E-4c93-BA38-20D1FA53EBFA}" Name="conItem3_CellWorldBossRankRewardItem" RelativePosition="0.5,0.5" Type="WZUIContainer" UseAbsSize="True" AnchorPoint="0,0.5" />
            <WZUIContainer AbsContentSize="50,50" GUID="{B3EB5438-24BC-4568-8439-5D1D94C1C72C}" Name="conItem4_CellWorldBossRankRewardItem" RelativePosition="0.75,0.5" Type="WZUIContainer" UseAbsSize="True" AnchorPoint="0,0.5" />
        </WZUIContainer>
    </WZUIContainer>
</CellWorldBossRankRewardItem>
