﻿<?xml version="1.0" ?>
<CellNewTotalLogin GUID="{74FA54F7-5807-4e30-8278-7E43964A6B3C}">
    <WZUIContainer Type="WZUIContainer" GUID="{C8BE8018-8C6D-443b-B274-B80C39C57890}" AbsContentSize="500,446" UseAbsSize="True" LuaObjectName="CellNewTotalLogin" Name="CellNewTotalLogin" NameCreate="True">
        <WZUIContainer Type="WZUIContainer" GUID="{867d706a-79d0-40a9-a783-50776417a147}" AbsContentSize="500,90" Visible="True" UseAbsSize="True" RelativePosition="0.5,0.908597">
            <WZUIImage Type="WZUIImage" GUID="{086d1aa2-bb48-4bcc-860e-c17e1d599f3f}" File="ui/gameActivity/activity_pic_hhdj.png" UseOriginSize="False" AnchorPoint="0.5,0.5" RelativePosition="0.5,0.5" ScaleX="1" Scale="1" ScaleY="1" />
        </WZUIContainer>
        <WZUIContainer Type="WZUIContainer" GUID="{58b52c8e-337a-4ea7-91f5-952b89388d95}" AbsContentSize="500,344" UseAbsSize="True" AnchorPoint="0.5,1" RelativePosition="0.5,0.81">
            <WZUIFreeListContainer Type="WZUIFreeListContainer" GUID="{2243fb91-59fa-404f-b67c-02949c46d509}" EnableMoveHorizontal="False" ListItemInterval="6" Name="conFreeList_CellTotalLoginPanel" />
        </WZUIContainer>
        <WZUIContainer Type="WZUIContainer" GUID="{bbdb4fa5-ca4f-4744-9557-ab2f0a3b7d34}" AbsContentSize="480,30" UseAbsSize="True" RelativePosition="0.5,0.94" Visible="False">
            <WZUILabelTTF Type="WZUILabelTTF" GUID="{923fb13c-994b-4fd8-b86a-2175d6d853cc}" FontSize="22" Color="255,227,116" EnableStroke="True" Text="" StrokeColor="128,54,13" StrokeSize="4" Alignment="Left" AnchorPoint="0,0.5" RelativePosition="0.025,0.5" Name="txtActivityTime_CellTotalLoginPanel" />
            <WZUILabelTTF Type="WZUILabelTTF" GUID="{96cf2fc2-20ce-491a-a19b-7d74d4336788}" FontSize="22" Color="255,89,74" Text="7" EnableStroke="True" StrokeColor="158,0,0" StrokeSize="4" Alignment="Center" AnchorPoint="0,0.5" RelativePosition="0.28,0.5" Name="txtTimeValue_CellTotalLoginPanel" />
        </WZUIContainer>
        <WZUIContainer Type="WZUIContainer" GUID="{9a00cfe2-99e8-4112-8973-c5351f375616}" AbsContentSize="480,30" UseAbsSize="True" RelativePosition="-0.01,0.86" AnchorPoint="0,0.5" ScaleX="0.9">
            <WZUILabelTTF Type="WZUILabelTTF" GUID="{ff99814d-6f59-44f4-8cf0-8e10726011df}" FontSize="24" Color="255,227,116" EnableStroke="True" Text="已累计签到" StrokeColor="128,54,13" StrokeSize="4" Alignment="Left" AnchorPoint="0,0.5" RelativePosition="0.025,0.5" Name="txtMsgInfo_1_CellTotalLoginPanel" />
            <WZUILabelTTF Type="WZUILabelTTF" GUID="{e3781b18-14a8-47ae-8f46-9fd0d8d7d762}" FontSize="24" Color="255,89,74" Text="30" EnableStroke="True" StrokeColor="158,0,0" StrokeSize="4" Alignment="Center" AnchorPoint="0.5,0.5" RelativePosition="0.310417,0.5" Name="txtMsgInfo_num_CellTotalLoginPanel" />
            <WZUILabelTTF Type="WZUILabelTTF" GUID="{31d12de2-ddad-4db4-9e16-296c41533221}" FontSize="24" Color="255,227,116" EnableStroke="True" Text="天" StrokeColor="128,54,13" StrokeSize="4" Alignment="Left" AnchorPoint="0,0.5" RelativePosition="0.341666,0.5" Name="txtMsgInfo_2_CellTotalLoginPanel" />
        </WZUIContainer>
        <WZUIButton Type="WZUIButton" AbsContentSize="90,90" UseAbsSize="True" LuaDoneFunctionName="onRuleClick" GUID="{86356e4b-df64-4bf1-b884-a18b60749141}" RelativePosition="1.04095,0.945476" AnchorPoint="1,0.5" AbsPosition="797.973,21.0118">
            <NormalElement Type="WZUIContainer" GUID="{9068ef19-4515-4f1f-b2c5-ddaf88587cce}">
                <WZUIImage Type="WZUIImage" GUID="{5a326edc-6261-4233-a281-e9df9963e07c}" File="ui/common/common_icon_gth.png" UseOriginSize="True" />
            </NormalElement>
            <SelectElement Type="WZUIContainer" GUID="{1d45a761-1974-4d16-965c-f6e48c49792d}">
                <WZUIImage Type="WZUIImage" GUID="{90da3554-2405-4868-a923-60e80bb2ce5a}" File="ui/common/common_icon_gth.png" UseOriginSize="True" />
            </SelectElement>
            <DisableElement Type="WZUIContainer" GUID="{ff608887-ca7e-4677-b6b3-cc5b1897dfd5}" />
        </WZUIButton>
    </WZUIContainer>
</CellNewTotalLogin>
