﻿<CellCommunityBossInspire GUID="{9f6bcdda-2973-4c0c-bcd5-db34d161dd96}">
    <WZUIContainer Type="WZUIContainer" GUID="{da6c54e5-7977-4170-aee2-b2d88d4418e0}" UseAbsSize="True" AbsContentSize="280,38" LuaObjectName="CellCommunityBossInspire" Name="CellCommunityBossInspire">
        <WZUIContainer Type="WZUIContainer" GUID="{85e7205a-b5c7-4f2e-883c-1fc4e12f384f}">
            <WZUILabelTTF Type="WZUILabelTTF" GUID="{db0799ce-9bdf-4fe1-8f8c-6133285d1fc2}" AnchorPoint="0,0.5" Text="玩家名字六个" LabelStyleKey="C13_F20" RelativePosition="0.0340069,0.526316" Name="labName_CellCommunityBossInspire" />
            <WZUIImage Type="WZUIImage" GUID="{143eb1c7-7d46-4de3-9e60-858a10a4874e}" File="" UseOriginSize="True" RelativePosition="0.767428,0.605263" Scale="0.8" ScaleY="0.7" ScaleX="0.7" Name="imgCostIcon_CellCommunityBossInspire" />
            <WZUILabelTTF Type="WZUILabelTTF" GUID="{31c1fac3-14b7-4441-a4bd-ddd3640da0db}" AnchorPoint="0,0.5" Text="500" LabelStyleKey="C13_F20" RelativePosition="0.841006,0.526316" Name="labCost_CellCommunityBossInspire" TextKey="" />
            <WZUIImage Type="WZUIImage" GUID="{fafd0fc4-4b81-477b-a1d3-cf36e9059c12}" File="ui/common/common_scale9_fengexian.png" UseOriginSize="True" ScaleX="1.4" RelativePosition="0.5,0.0789474" />
        </WZUIContainer>
    </WZUIContainer>
</CellCommunityBossInspire>
