﻿<CellNewOnLineReward GUID="{148d6cc3-d1df-4ff5-8733-4e8fb4b7dc7d}">
    <WZUIContainer AbsContentSize="502,453" GUID="{9f777d79-b579-460b-843e-1684158eb0a1}" LuaObjectName="CellNewOnLineReward" Name="CellNewOnLineReward" NameCreate="True" Type="WZUIContainer" UseAbsSize="True">
        <WZUIContainer AbsContentSize="502,453" GUID="{97ce8c1c-9f2c-4568-84b8-a3c4771965c4}" RelativePosition="0.5,1" Type="WZUIContainer" UseAbsSize="True" AnchorPoint="0.5,1" Visible="True">
            <WZUIContainer Type="WZUIContainer" GUID="{3550a9fb-26b3-4cdc-b6d7-cda305ae7940}" AbsContentSize="500,90" Visible="True" UseAbsSize="True" RelativePosition="0.5,0.895144">
                <WZUIImage Type="WZUIImage" GUID="{6c57510f-63bd-43fc-8b4e-78218ede0a0c}" File="ui/gameActivity/activity_pic_jpzb.png" UseOriginSize="False" AnchorPoint="0.5,0.5" RelativePosition="0.5,0.5" ScaleX="1" Scale="1" ScaleY="1" />
            </WZUIContainer>
            <WZUIContainer Type="WZUIContainer" GUID="{cba67f69-6bd7-4f62-965f-2864446609b3}" AbsContentSize="502,31" UseAbsSize="True" RelativePosition="0,0.0772629" AnchorPoint="0,1" Name="conLeftTime_CellOnLineReward" Visible="True">
                <WZUIImage Type="WZUIImage" GUID="{f7b0124d-fb80-4118-8693-85a4f521add7}" File="ui/common/common_scale9_di87.png" />
                <WZUILabelTTF Type="WZUILabelTTF" GUID="{03d7ed38-9775-4334-b512-de753ab5e5a0}" Color="255,236,193" FontSize="22" EnableStroke="True" StrokeColor="79,60,48" StrokeSize="2" RelativePosition="0.02,0.5" Name="txt1_CellOnLineReward" Text="" AnchorPoint="0,0.5">
                    <WZUILabelTTF Color="99,255,95" FontSize="22" GUID="{dc161f87-9df8-4275-b628-0ce29381b88d}" Name="txtTime_CellOnLineReward" RelativePosition="1.1,0.5" StrokeSize="2" Text="" Type="WZUILabelTTF" AnchorPoint="0,0.5" EnableStroke="True" StrokeColor="79,60,48" TextKey="">
                        <WZUILabelTTF Type="WZUILabelTTF" GUID="{37f280e9-5356-434f-9843-0997d44bc0b7}" Color="255,236,193" EnableStroke="True" FontSize="22" StrokeColor="79,60,48" StrokeSize="2" Name="txt_CellOnLineReward" RelativePosition="1.1,0.5" AnchorPoint="0,0.5" TextKey="CAN_BE_GET_REWARD1" />
                        <WZUILabelTTF Type="WZUILabelTTF" GUID="{d1152c66-d273-48c4-82ba-347d257c5d15}" Color="255,236,193" EnableStroke="True" FontSize="22" StrokeColor="79,60,48" StrokeSize="2" Name="txt2_CellOnLineReward" RelativePosition="1.1,0.5" AnchorPoint="0,0.5" TextKey="" Text="" />
                    </WZUILabelTTF>
                </WZUILabelTTF>
            </WZUIContainer>
            <WZUIContainer AbsContentSize="500,326" GUID="{573411b1-29a0-4198-8049-e360630c43d0}" RelativePosition="0.5,0.434522" Type="WZUIContainer" UseAbsSize="True" AnchorPoint="0.5,0.5" Visible="True">
                <WZUITableContainer AbsContentSize="470,323" AnchorPoint="0.5,0.5" CellElementHeight="0.34" ColumnCount="1" EnableMoveHorizontal="False" EnableMoveVertical="True" GUID="{5bd35909-39bf-4a72-82ed-849eca4f75f0}" Name="tab_CellOnLineReward" RelativePosition="0.5,0.49727" RelativeSize="1,1" ShowAll="False" Type="WZUITableContainer" UseAbsSize="True" />
            </WZUIContainer>
        </WZUIContainer>
    </WZUIContainer>
</CellNewOnLineReward>
