﻿<CellTransactionTab3 GUID="{696d9e62-8870-4487-b244-2acd7b4d18c5}">
    <WZUIContainer Type="WZUIContainer" GUID="{1a3d814e-e932-4679-9100-00c20103a4f1}" Name="CellTransactionTab3" LuaObjectName="CellTransactionTab3" NameCreate="True" UseAbsSize="True" AbsContentSize="190,180">
        <Button AbsContentSize="185,62" GUID="{aa79b56d-e09c-4426-a98f-05ae87efc1df}" LuaDoneFunctionName="onSubTab" Type="WZUIButton" UseAbsSize="True" Name="" RelativePosition="0.5,0.81" Order="1" TouchEnable="False" TouchSwallow="False">
            <NormalElement GUID="{c525bccb-3190-41c4-952c-45d64c73dad7}" Type="WZUIContainer">
                <WZUIImage File="ui/common/common_btn_anniu16.png" GUID="{43fc2331-6562-45b7-8b25-ac26620509f1}" Type="WZUIImage" UseOriginSize="False" />
            </NormalElement>
            <SelectElement GUID="{c0b2a1c9-e4be-4acc-98de-a9187241064e}" Type="WZUIContainer">
                <WZUIImage File="ui/common/common_btn_anniu20.png" GUID="{79681e66-12bc-476c-8ad0-9771995cfaad}" Type="WZUIImage" />
            </SelectElement>
            <DisableElement GUID="{3ee89720-e240-430a-87bc-2cab08431dcd}" Type="WZUIContainer">
                <WZUIImage File="ui/common/common_btn_anniu16.png" GUID="{fc2a0de7-e591-4fbc-ba39-bf06c2afe677}" Type="WZUIImage" UseOriginSize="False" />
            </DisableElement>
            <WZUILabelTTF Type="WZUILabelTTF" GUID="{ed619d4d-adfe-4508-a093-6f87274765d9}" Name="txt_subItemName" FontSize="26" Color="255,236,193" EnableStroke="True" StrokeSize="4" StrokeColor="128,54,13" RelativePosition="0.63,0.485714" Text="" TextKey="TRANSACTION5" />
        </Button>
        <WZUIContainer Type="WZUIContainer" GUID="{81e406e0-29cd-4ead-abb3-cf2603160f3f}" UseAbsSize="True" AbsContentSize="170,120" RelativePosition="0.5,0.36">
            <WZUIContainer Type="WZUIContainer" GUID="{e448b94a-6f01-45d3-93ed-e3345b9362c3}" AbsContentSize="170,50" UseAbsSize="True" RelativePosition="0.5,0.8">
                <WZUI9Image Type="WZUI9Image" GUID="{2ef3e074-73d7-496f-96c3-4adb6fb0e64b}" File="ui/common/common_scale9_di52.png" Opacity="120" />
            </WZUIContainer>
            <WZUILabelTTF Type="WZUILabelTTF" GUID="{c80d3596-55e0-4725-8001-70f182d36802}" Text="" LabelStyleKey="C1_F20_S4_C2" RelativePosition="0.5,0.765" Alignment="Center" AnchorPoint="0.5,0.5" TextKey="TRANSACTION57" />
            <WZUICheckBoxGroup AbsContentSize="160,105" AnchorPoint="0.5,0.5" GUID="{190c53ea-11f1-4255-9dbf-2f01001f231b}" RelativePosition="0.5,0.45" RelativeSize="1,1" ScaleY="1" TouchContainerEnable="True" Type="WZUICheckBoxGroup" UseAbsSize="True" Order="0" Name="checkBoxGroup">
                <CheckBox AbsContentSize="160,30" AnchorPoint="0,1" GUID="{6bcb09c9-6021-4ac9-b450-682f5506b339}" LuaSelectedFunctionName="onSubTab" Name="" RelativePosition="0,1" SelectedIndex="1" TouchContainerEnable="True" Type="WZUICheckBox" UseAbsSize="True" Visible="True" AbsPosition="0,375.5" Tag="4">
                    <CheckElement AbsContentSize="160,30" AnchorPoint="0.5,0.5" GUID="{ac97070b-c654-4673-9162-30aa9981d16d}" RelativePosition="0.5,0.5" TouchContainerEnable="True" Type="WZUIContainer" UseAbsSize="True" />
                    <CheckElement AbsContentSize="160,30" AnchorPoint="0.5,0.5" GUID="{be693ee6-ac6a-4948-80f0-dbf6409b4e9f}" RelativePosition="0.5,0.5" TouchContainerEnable="True" Type="WZUIContainer" UseAbsSize="True">
                        <WZUI9Image Type="WZUI9Image" GUID="{451cee5e-410a-4c3f-9cce-f30f379d72fc}" File="ui/common/common_scale9_wbbsxz.png" UseOriginSize="False" Scale="1" ScaleX="1" ScaleY="1" />
                    </CheckElement>
                </CheckBox>
            </WZUICheckBoxGroup>
        </WZUIContainer>
        <WZUIImage Type="WZUIImage" GUID="{dee4c909-d6ce-4c82-a3d5-149d7ae82ab8}" File="ui/common/common_icon_zhujiemian.png" UseOriginSize="True" RelativePosition="0.22,0.8" Order="5" ScaleY="-1" TouchEnable="False" TouchSwallow="False" />
    </WZUIContainer>
</CellTransactionTab3>
