<CellOnlineHintFriend GUID="{d7b05e0e-a157-474d-b853-27fa8e680b13}">
    <WZUIContainer AbsContentSize="450,106" GUID="{52412864-dd78-4226-8183-62d19d3555ec}" LuaObjectName="" Name="CellOnlineHintFriend" NameCreate="True" Type="WZUIContainer" UseAbsSize="True">
        <WZUIContainer AbsContentSize="470,75" GUID="{76e211c9-c723-44d0-885e-fb5b97276e89}" Type="WZUIContainer" UseAbsSize="False" RelativeSize="1,1" RelativePosition="0.5,0.5">
            <WZUI9Image Type="WZUI9Image" GUID="{d8e9de20-7cc4-4de8-8d73-2c70f5c9f25f}" File="ui/common/common_scale9_di7.png" />
            <Button GUID="{c7479039-6d27-4f09-9377-898b9de33e82}" LuaDoneFunctionName="onCheckInfo" Type="WZUIButton" Name="btnPlayerInfo_CellOnlineHintFriend" AbsContentSize="350,106" UseAbsSize="True" RelativePosition="0.413953,0.5">
                <NormalElement GUID="{2582cc1b-3e20-42ae-aea5-33ffda875ff4}" Type="WZUIContainer" />
                <SelectElement GUID="{b8b8e650-f888-45d5-8059-8a4c9e64c329}" Type="WZUIContainer" />
                <DisableElement GUID="{d419bcaf-990d-4746-bb17-33df5fd5cfb3}" Type="WZUIContainer" />
            </Button>
        </WZUIContainer>
        <WZUIContainer GUID="{99479a71-9936-4ebd-a52c-928bfa55809c}" Type="WZUIContainer" RelativeSize="0.8,1">
            <WZUIContainer AnchorPoint="0,0.5" GUID="{ee8109a9-efba-4974-812b-f8a21e3f08d8}" RelativePosition="0.92,0.5" RelativeSize="0.2,1" Type="WZUIContainer">
                <Button Type="WZUIButton" GUID="{4012ebab-052d-4682-ae95-bc433bbd9c39}" LuaDoneFunctionName="onChoose">
                    <NormalElement Type="WZUIContainer" GUID="{1b4979de-37e8-4325-afe0-c38d25727803}" Visible="True">
                        <WZUIImage Type="WZUIImage" GUID="{e8e974c9-4807-4a8f-be8d-dedae6bf7427}" File="ui/common/common_scale9_di13.png" Opacity="0" UseOriginSize="True" />
                    </NormalElement>
                    <SelectElement Type="WZUIContainer" GUID="{77487507-8a2d-45ce-8f67-0a7c260d87ff}" />
                    <DisableElement Type="WZUIContainer" GUID="{291fc9d8-fb46-48ad-a6fb-b2a5d317cb74}" />
                    <WZUIImage File="ui/common/common_scale9_di13.png" GUID="{d1094688-1ebe-4d19-b991-d6b1fcede0ae}" Name="imgNor_CellOnlineHintFriend" Type="WZUIImage" UseOriginSize="True" AnchorPoint="0.5,0.5" Visible="True" />
                    <WZUIImage File="" GUID="{4468c34a-2373-454d-8387-523534679d20}" Name="imgSel_CellOnlineHintFriend" Type="WZUIImage" UseOriginSize="True" AnchorPoint="0.5,0.5" Visible="False" />
                </Button>
            </WZUIContainer>
            <WZUIContainer GUID="{9ee5e481-9007-444f-aa27-bcb6b1375eda}" RelativeSize="0.45,1" Type="WZUIContainer" AbsContentSize="240,75" UseAbsSize="True" RelativePosition="0.52,0.5">
                <WZUIFreeTextBox Type="WZUIFreeTextBox" GUID="{bfc1891a-5e3a-4541-86d1-02ac2f76fcfb}" ShowText="" MaxWidth="350" AnchorPoint="0,0.5" RelativePosition="0.03,0.77" Name="txtName_CellOnlineHintFriend" TouchEnable="False" />
                <WZUIContainer Type="WZUIContainer" GUID="{7e8d9400-7e44-4fde-b0a7-22568a3e7963}" AbsContentSize="240,37" UseAbsSize="True" RelativePosition="0.5,0.3" Name="conFriendliness_CellOnlineHintFriend">
                    <WZUI9Image Type="WZUI9Image" GUID="{c385c072-5f13-415f-85c9-3a75fce3475a}" File="ui/common/common_scale9_di8.png" />
                    <WZUIFreeTextBox Type="WZUIFreeTextBox" GUID="{a65cb533-d8fc-46b6-92d7-d5c180977381}" Name="txtFriendsLiness_CellOnlineHintFriend" MaxWidth="240" AnchorPoint="0,0.5" RelativePosition="0.03,0.5" />
                </WZUIContainer>
            </WZUIContainer>
        </WZUIContainer>
        <WZUIContainer Type="WZUIContainer" GUID="{ba0dd3f5-7a23-42d9-93da-e2cd9a979215}" AbsContentSize="75,75" UseAbsSize="True" RelativePosition="0.12,0.5" TouchEnable="True">
            <WZUIImage Type="WZUIImage" GUID="{9fdebe4c-d608-4308-93fc-3b27715fe2d0}" File="ui/common/common_icon_tx.png" UseOriginSize="False" Visible="True" TouchEnable="True" />
            <WZUIContainer AnchorPoint="0.5,0.5" GUID="{385c2e21-11aa-4079-8415-02869c457511}" RelativePosition="0.5,0.5" RelativeSize="1,1" TouchEnable="True" Type="WZUIContainer" Name="conHead_CellOnlineHintFriend">
                <WZUIButton Type="WZUIButton" LuaDoneFunctionName="onCheckInfo" GUID="{34d7b12b-8db0-4418-bd3d-eb4177f9b299}">
                    <NormalElement Type="WZUIContainer" GUID="{e940bf58-b6e9-40b5-9777-c1060957455a}">
                        <WZUIImage Type="WZUIImage" GUID="{22efdf7e-362e-4bbe-ac9a-a9f8456782f8}" File="ui/common/transparent_bg.png" />
                    </NormalElement>
                    <SelectElement Type="WZUIContainer" GUID="{cbf18eba-c441-43f7-a52a-6e88a947d1cb}" />
                    <DisableElement Type="WZUIContainer" GUID="{48a0f5e1-6d82-4a62-b93a-04d3549dbdc7}" />
                </WZUIButton>
            </WZUIContainer>
        </WZUIContainer>
    </WZUIContainer>
</CellOnlineHintFriend>
