﻿<?xml version="1.0" ?>
<CellTotalRechargetPanel GUID="{7E25F46F-7C5E-4fcf-865D-5BE5EAA9405E}">
    <WZUIContainer AbsContentSize="502,453" GUID="{03163E01-B71F-4ef3-AB9E-2A45F9CA6212}" LuaObjectName="CellTotalRechargetPanel" Name="CellTotalRechargetPanel" NameCreate="True" Type="WZUIContainer" UseAbsSize="True">
        <WZUIContainer Type="WZUIContainer" GUID="{FD12478F-5FA8-4862-9875-B351FD4DEB71}" AbsContentSize="502,150" UseAbsSize="True" AnchorPoint="0.5,1" RelativePosition="0.5,1">
            <WZUIContainer Type="WZUIContainer" GUID="{83cd73e3-3ccd-4efe-82bb-a6546d731c56}" Name="conLeijicc_CellRotalRechargePanel" ScaleX="1.002" Visible="False">
                <WZUIImage Type="WZUIImage" GUID="{0cdc2e0d-70c0-484b-b44d-b88055f85853}" File="ui/gameActivity/activity_pic_ggtlc.png" UseOriginSize="True" AnchorPoint="0.5,1" RelativePosition="0.5,1" ScaleX="1.007" Name="imgLJBK_CellTotalRechargetPanel" />
                <WZUIContainer AbsContentSize="500,40" GUID="{a2816c8b-a001-4cbe-8a17-bfd459f60735}" RelativePosition="0,1" Type="WZUIContainer" UseAbsSize="True" AbsPosition="246,395.25" Name="" AnchorPoint="0,1">
                    <WZUI9Image Type="WZUI9Image" GUID="{e673b21a-80fa-4aea-bfc3-5c7e5984984f}" File="ui/common/common_scale9_heidi7.png" />
                </WZUIContainer>
            </WZUIContainer>
            <WZUIContainer Type="WZUIContainer" GUID="{c246f25e-4a9f-4fe1-a198-4840272d07c2}" AbsContentSize="368,64" UseAbsSize="True" RelativePosition="0.4,0.35" Name="ActivityProgressContainer_CellTotalRechargetPanel" Visible="True">
                <WZUI9Image Type="WZUI9Image" GUID="{b4fb730a-d017-4a31-8390-54c34a0a97b7}" File="ui/common/common_scale9_di4.png" Name="img9BKOther_CellTotalRechargetPanel" Visible="False" RelativePosition="0.480978,0.5" />
                <WZUIContainer Type="WZUIContainer" GUID="{f1c068d2-4b40-4c02-b7ed-90c0d56546ef}" AbsContentSize="485,64" UseAbsSize="True" AnchorPoint="0,0.5" RelativePosition="-0.0190217,0.5" Name="conTotalRecharge_CellTotalRechargetPanel" Visible="True">
                    <WZUI9Image Type="WZUI9Image" GUID="{0f54e385-37f3-44e7-958b-d0299b9b14f2}" File="ui/common/common_scale9_di4.png" Name="imgRechargeBK_CellRocalRechargePanel" />
                    <WZUIButton GUID="{712cbf0c-fa36-44d0-b6a3-a3eba782b182}" LuaDoneFunctionName="RechargeEvent" Name="btn_Recharge_event" Type="WZUIButton" NameCreate="True" Visible="True" AbsContentSize="116,56" UseAbsSize="True" AnchorPoint="1,0.5" RelativePosition="0.97,0.5" LuaActionName="Normal">
                        <NormalElement GUID="{0641ee6a-cd46-4a47-b65c-ad28c96aca90}" Type="WZUIContainer">
                            <WZUI9Image CapInsets="20,10,15,35" File="ui/common/common_btn_anniu3_0.png" GUID="{6999eeb4-3fb9-4d26-9550-3b71b1c510e4}" RelativeSize="1.1,1" Type="WZUI9Image" UseOriginSize="True" />
                        </NormalElement>
                        <SelectElement GUID="{87a15ae6-ba88-437e-84c2-4e887e87bf48}" Type="WZUIContainer">
                            <WZUI9Image CapInsets="20,10,15,35" File="ui/common/common_btn_anniu3_0_sel.png" GUID="{73fe11af-82a6-412d-97dd-0bb53ef3143d}" RelativeSize="1.1,1" Type="WZUI9Image" Scale="1" UseOriginSize="True" />
                        </SelectElement>
                        <DisableElement GUID="{b72192ec-bf4d-4267-a797-e44bb2297c00}" Type="WZUIContainer">
                            <WZUI9Image CapInsets="20,10,15,35" File="ui/common/common_btn_anniu3_0.png" GUID="{62b5f41d-2796-4fca-85eb-2dfd0b13e516}" RelativePosition="0.5,0.5" RelativeSize="1.1,1" Type="WZUI9Image" GrayRender="True" UseOriginSize="True" />
                        </DisableElement>
                        <WZUILabelTTF Color="255,236,193" FontSize="22" GUID="{e9d0bfb1-1d97-446d-a828-53be41ac7ade}" Name="txt_gotoButton" RelativePosition="0.5,0.5" StrokeColor="128,54,13" StrokeSize="4" Text="" Type="WZUILabelTTF" EnableStroke="True" LabelStyleKey="SMALL_ORANGE_BTN" TextKey="GOTO_RECHARGE" />
                        <WZUISpine Type="WZUISpine" GUID="{c12b4db9-af34-4432-86e1-e5a458be78c0}" FileAtlas="ui/ui_main_likechongzhi.atlas" FileJson="ui/ui_main_likechongzhi.json" Loop="True" AnimationName="animation" RelativePosition="0.5,1.12308" ScaleX="0.8" ScaleY="0.9" />
                    </WZUIButton>
                </WZUIContainer>
                <WZUILabelTTF AnchorPoint="0,0.5" Color="255,227,116" FontSize="22" GUID="{22e1bdcc-e978-49e7-805e-615ff7f05c22}" Name="txt_tip_recharge_reward" RelativePosition="0.0145435,0.5" Text="" Type="WZUILabelTTF" EnableStroke="True" StrokeColor="105,65,46" StrokeSize="4" />
                <WZUIContainer AbsContentSize="230,18" AnchorPoint="0.5,0.5" GUID="{3ce3ee56-5e99-4ace-8f21-c36b0b18009b}" RelativePosition="0.630978,0.5" RelativeSize="1,0.4" Type="WZUIContainer" UseAbsSize="True" Name="conPrgRecharge_CellTatalRechargetPanel">
                    <WZUIImage File="ui/common/common_progress_exp2_bg.png" GUID="{6c805e1a-f5d0-4d1d-9bfd-cf34548ef5cc}" RelativePosition="0.5,0.5" RelativeSize="1,1" ScaleX="1" Type="WZUIImage" UseOriginSize="True" Visible="True" Name="img_bg_progress_CellTotalRechargePanel" NameCreate="True" Opacity="153" />
                    <WZUIContainer AbsContentSize="230,18" GUID="{f3f672eb-1c27-400b-b41b-2066a0eefff7}" Type="WZUIContainer" UseAbsSize="True" RelativePosition="0.5,0.529">
                        <WZUIProgress BgPicture="ui/common/common_progress_exp2_fore.png" GUID="{3075d8fd-7e4f-4514-b299-8fed8de72eb8}" GrayRender="False" Name="progCostProgress_CellTotal" Percentage="50" RelativePosition="0.5,0.47" Type="WZUIProgress" UseOriginSize="True" Visible="True" />
                    </WZUIContainer>
                    <WZUILabelTTF Color="255,236,193" FontSize="20" GUID="{89bc6e33-8030-44c3-80b0-5841c164e159}" Name="txtCurCostValue_CellTotal" Text="100/200" Type="WZUILabelTTF" UseOriginSize="True" UseOriginSizeProportion="False" Visible="True" EnableStroke="True" StrokeColor="105,65,46" StrokeSize="4" />
                </WZUIContainer>
            </WZUIContainer>
            <WZUIContainer Type="WZUIContainer" GUID="{64027c18-07b6-40da-9beb-db1cf6c8c2eb}" AbsContentSize="139,150" UseAbsSize="True" Scale="0.55" RelativePosition="0.9,0.366" Name="NpcImageContainer_CellTotalRechargetPanel" Visible="True" Order="1">
                <WZUIImage Type="WZUIImage" GUID="{7c193143-cbe0-4e8d-b692-fb1c3a693751}" Name="imgInstructor_CellTotalRechargetPanel" File="ui/combat/common_pic_meinv1.png" ScaleX="-1" Scale="1" FlipX="True" UseOriginSize="True" Visible="True" />
            </WZUIContainer>
            <Button Type="WZUIButton" GUID="{eb650339-a071-4216-8600-7fef354acc95}" AbsContentSize="80,80" UseAbsSize="True" LuaActionName="Normal" LuaDoneFunctionName="onClickRule" RelativePosition="0.962151,0.873333" Name="btnRule_CellTotalRechargetPanel" Visible="False">
                <NormalElement Type="WZUIContainer" GUID="{7c6082cb-9751-4f46-9a5e-bb7978f697fd}" />
                <SelectElement Type="WZUIContainer" GUID="{e53efb4f-d02a-401a-94df-4a4ea9d31f78}" />
                <DisableElement Type="WZUIContainer" GUID="{5e71dd31-3d5f-47cd-8bea-dc170b3bf3a0}" />
                <WZUIImage Type="WZUIImage" GUID="{b331af47-7da0-4d2c-9069-0bd4abf012dd}" Name="" File="ui/common/common_icon_gth.png" ScaleX="-1" Scale="1" FlipX="True" UseOriginSize="True" />
            </Button>
        </WZUIContainer>
        <WZUIContainer Type="WZUIContainer" GUID="{71C454FF-A746-4dd2-8815-40BB04F10E92}" AbsContentSize="500,374" AnchorPoint="0.5,1" RelativePosition="0.5,0.87" UseAbsSize="True">
            <WZUIContainer AbsContentSize="500,374" GUID="{CFA787A1-F37B-4adc-B804-B6194A7FBE00}" Type="WZUIContainer" UseAbsSize="True" Name="TabContainer_Obj_Cy" RelativePosition="0.5,0.985" AnchorPoint="0.5,1">
                <WZUIFreeListContainer EnableMoveHorizontal="False" GUID="{AD5127A7-CC7B-4f84-9F9E-A604FEF4B76A}" Name="confl_cy_listview_rechargePanel" Type="WZUIFreeListContainer" ListItemInterval="6" AbsContentSize="500,425" UseAbsSize="True" AnchorPoint="0.5,0" RelativePosition="0.5,0" />
            </WZUIContainer>
        </WZUIContainer>
        <WZUIContainer AbsContentSize="500,215" GUID="{A5EEF647-6850-4b49-9361-1C0AB6A9FC3F}" RelativePosition="0.5,0.288152" Type="WZUIContainer" UseAbsSize="True" Name="TabParentContainer_Obj" Order="1">
            <WZUIContainer AbsContentSize="500,215" GUID="{43946A5D-8C28-491c-9A36-737BE35E649F}" Type="WZUIContainer" UseAbsSize="True" Name="TabContainer_Obj">
                <WZUIFreeListContainer EnableMoveHorizontal="False" GUID="{0F306407-A7F4-4584-9E73-91A4A10BA243}" Name="confl_listview_rechargePanel" Type="WZUIFreeListContainer" Resistance="0.95" VisibleHeight="70" ListItemInterval="6" />
            </WZUIContainer>
        </WZUIContainer>
        <WZUIContainer Type="WZUIContainer" GUID="{6d767458-a1c2-4618-ab65-d9beb3ed6c90}" Name="conConSume_CellTotalRechargePanel" AbsContentSize="500,280" UseAbsSize="True" RelativePosition="0.5,0.361">
            <WZUIFreeListContainer EnableMoveHorizontal="False" GUID="{bde94c3d-78fd-4d69-bbe8-1e0d679b6bba}" Name="conflConsume_CellTotalRechargePanel" Type="WZUIFreeListContainer" Resistance="0.95" VisibleHeight="70" ListItemInterval="6" />
        </WZUIContainer>
        <WZUIContainer AbsContentSize="480,30" GUID="{773484f8-0c48-45f2-852a-37ccf6eb7fa7}" RelativePosition="0.5,0.93" RelativeSize="1,1" Type="WZUIContainer" UseAbsCoordinate="False" UseAbsSize="True" AnchorPoint="0.5,0.5" Order="0" Name="conTime_CellTocalRechargetPanel">
            <WZUILabelTTF AnchorPoint="0,0.5" Color="255,227,116" FontSize="22" GUID="{1ec48cde-1a23-4ae4-b404-eee6cb413725}" Name="CellTotal_Time_Key" RelativePosition="0.025,0.5" Text="活动时间" Type="WZUILabelTTF" EnableStroke="True" StrokeSize="4" StrokeColor="128,54,13" AbsPosition="25,31" />
            <WZUILabelTTF Type="WZUILabelTTF" GUID="{6f30541d-b253-42b2-8c13-95e37922f6a9}" Alignment="Left" AnchorPoint="0,0.5" FontSize="22" Color="255,89,74" Text="10天" Name="CellTotal_day_value" RelativePosition="0.26,0.5" NameCreate="True" StrokeColor="158,0,0" StrokeSize="4" EnableStroke="True" Order="0" />
            <WZUILabelTTF AnchorPoint="0,0.5" Color="255,89,74" FontSize="24" GUID="{0638d016-6c24-40ba-9fb5-4a0bbd67ce95}" Name="CellTotal_Time_Value" RelativePosition="0.42,0.5" Text="15:00:00" Type="WZUILabelTTF" EnableStroke="True" StrokeColor="158,0,0" StrokeSize="4" Visible="False" />
        </WZUIContainer>
    </WZUIContainer>
</CellTotalRechargetPanel>
