<?xml version="1.0" ?>
<CellFightingPanel GUID="{1D531F62-D8AE-4756-980B-3AEECB20E781}">
    <WZUIContainer Type="WZUIContainer" GUID="{78C91E79-3ABC-4428-A35A-CBF295EFA4BF}" AbsContentSize="502,453" UseAbsSize="True" LuaObjectName="CellFightingPanel" Name="CellFightingPanel" NameCreate="True">
        <WZUIContainer AbsContentSize="500,30" GUID="{2efec775-be11-4d0e-8dfd-c5873bd22769}" RelativePosition="0.5,0.97" Type="WZUIContainer" UseAbsSize="True" AbsPosition="246,395.25" Name="conCurJifen_CellFightingPanel" AnchorPoint="0.5,1">
            <WZUIFreeTextBox Type="WZUIFreeTextBox" GUID="{588ffb29-796f-40f5-ace0-3afe37eaffd8}" Name="txtCurLevel_CellFightingPanel" MaxWidth="300" AnchorPoint="0,0.5" RelativePosition="0.04,0.5" />
        </WZUIContainer>
        <WZUIContainer Type="WZUIContainer" GUID="{f6c53b00-71a2-4408-91dc-3c63f88fd668}" AbsContentSize="486,350" UseAbsSize="True" RelativePosition="0.5,0.418" AnchorPoint="0.5,0.5">
            <WZUIFreeListContainer Type="WZUIFreeListContainer" GUID="{900ab2f2-c680-4081-b7b1-d45fab2f34c1}" EnableMoveHorizontal="False" Name="flFightingList_CellFightingPanel" AbsContentSize="486,390" UseAbsSize="True" ListItemInterval="6" AnchorPoint="0.5,0" RelativePosition="0.5,0" />
        </WZUIContainer>
    </WZUIContainer>
</CellFightingPanel>
