﻿<?xml version="1.0" ?>
<CellGuildWarInvite GUID="{D45F4860-A263-46dd-A755-8437C6808930}">
    <WZUIContainer Type="WZUIContainer" GUID="{03D3BA44-8DAD-4e5d-934D-7E93C4E62208}" Name="CellGuildWarInvite" AbsContentSize="223,80" UseAbsSize="True">
        <WZUIContainer Type="WZUIContainer" GUID="{32040cc3-ac2f-48b9-aa8c-32a4aeccac2d}" AbsContentSize="" UseAbsSize="False" Visible="True">
            <WZUI9Image File="ui/common/common_scale9_di18.png" GUID="{324d56b9-4029-4888-934e-e7e0d9c6ba35}" Type="WZUI9Image" Visible="True" CapInsets="0,0,0,0" />
        </WZUIContainer>
        <WZUIContainer Type="WZUIContainer" GUID="{1ac32fa4-9f60-4f92-a15a-f9d778b2e2cc}" UseAbsSize="True" AbsContentSize="60,60" RelativePosition="0.198523,0.485758" Name="conHead_CellGuildWarInvite">
            <WZUIImage Type="WZUIImage" GUID="{f9aff326-c26c-4e11-92c8-57251d264909}" File="ui/common/common_icon_tx.png" UseOriginSize="True" />
        </WZUIContainer>
        <WZUILabelTTF Type="WZUILabelTTF" GUID="{89859f48-8098-4d6d-a739-cb79338142f1}" Name="labLv_CellGuildWarInvite" AnchorPoint="0,0.5" Text="Lv87" LabelStyleKey="" RelativePosition="0.370837,0.76" Color="255,227,116" ShadowColor="" StrokeSize="4" FontSize="18" StrokeColor="79,60,48" EnableStroke="True" />
        <WZUILabelTTF Type="WZUILabelTTF" GUID="{d5443fd1-ee96-4b25-a361-615b00ad5493}" Name="labName_CellGuildWarInvite" AnchorPoint="0,0.5" Text="玩家名字" LabelStyleKey="C18_F18_S4_C5" RelativePosition="0.558456,0.76" />
        <WZUILabelTTF Type="WZUILabelTTF" GUID="{c16ce1a9-b6c8-4309-987d-ece61513d54b}" Name="labFight_CellGuildWarInvite" AnchorPoint="0,0.5" Text="战力 123456" LabelStyleKey="C14_F18" RelativePosition="0.361868,0.5025" />
        <WZUILabelTTF Type="WZUILabelTTF" GUID="{749b91e1-2e2b-4b63-ab7d-f876f16ec717}" Name="labState_CellGuildWarInvite" AnchorPoint="0,0.5" Text="在线" LabelStyleKey="C15_F18" RelativePosition="0.366352,0.19" />
        <Button Type="WZUIButton" GUID="{c0577be5-a253-4cfb-8d97-bfbd1085f697}" LuaActionName="Normal" LuaDoneFunctionName="onCheckClick">
            <NormalElement Type="WZUIContainer" GUID="{8749dffb-0787-4332-ad3a-a0cb1d85d888}" />
            <SelectElement Type="WZUIContainer" GUID="{5c86ecc9-1da3-42c0-a6b4-2a64b7fd6f63}" />
            <DisableElement Type="WZUIContainer" GUID="{c1264513-ffc5-407c-97d0-7aa5354e0727}" />
        </Button>
        <WZUIContainer Type="WZUIContainer" GUID="{04617d31-ec93-4f60-80d3-f83d5e08360f}" UseAbsSize="True" AbsContentSize="60,32" RelativePosition="0.814285,0.22">
            <Button Type="WZUIButton" GUID="{1e23683b-f7b0-4c2b-8d43-70b4ce63e5b9}" LuaDoneFunctionName="onInviteClick" Name="btnInvite_CellGuildWarInvite" TouchEnable="True">
                <NormalElement Type="WZUIContainer" GUID="{8825da12-7283-42b1-9302-7a094e979661}">
                    <WZUI9Image Type="WZUI9Image" GUID="{19956f40-2697-44fd-9526-00b3f5509b96}" File="ui/common/common_btn_anniu5.png" />
                </NormalElement>
                <SelectElement Type="WZUIContainer" GUID="{d53a8b64-f45f-4a46-888f-94740affeae7}">
                    <WZUI9Image Type="WZUI9Image" GUID="{fb7cdb0f-54f8-4470-b582-dfac5061f235}" File="ui/common/common_btn_anniu5_sel.png" />
                </SelectElement>
                <DisableElement Type="WZUIContainer" GUID="{16680397-92ef-4c68-8fb3-a03e3d38f156}">
                    <WZUI9Image Type="WZUI9Image" GUID="{ff9275e1-0b4e-4ae4-a61c-6f9fa28fcc9d}" File="ui/common/common_btn_anniu5_sel.png" GrayRender="True" />
                </DisableElement>
            </Button>
            <WZUILabelTTF Type="WZUILabelTTF" GUID="{64e2f28c-8227-4c21-9814-992ddbdc4a9a}" Text="Convidar" LabelStyleKey="C1_F18_S4_C3" TextKey="INVITE" Name="txtInvite_CellGuildWarInvite" />
        </WZUIContainer>
    </WZUIContainer>
</CellGuildWarInvite>
