﻿<CellCheckOther10 GUID="{18a4a968-1e33-4d32-a7ff-c9495e3db9ba}">
    <WZUIContainer Type="WZUIContainer" GUID="{b266d964-e40c-4a46-8229-72f3bdef093d}" AbsContentSize="460,84" UseAbsSize="True" Name="CellCheckOther10" LuaObjectName="" RelativePosition="0.5,0.5" NameCreate="True">
        <WZUIContainer Type="WZUIContainer" GUID="{cd598b28-869b-46d3-9530-cae948b5cd9c}" Name="" AbsContentSize="460,84" UseAbsSize="True" AnchorPoint="0.5,0.5" RelativePosition="0.5,0.53">
            <WZUIContainer Type="WZUIContainer" GUID="{c6cc6f7c-9ab7-4f83-8c13-03e1d81fa308}" AbsContentSize="460,84" UseAbsSize="True" RelativePosition="0.5,0.46" Name="conIcon_CellCheckOther10" Visible="True">
                <WZUIContainer Type="WZUIContainer" GUID="{f9745930-ae50-4926-852d-f667d3d80a44}" RelativePosition="0.5,0.478">
                    <Button Type="WZUIButton" AbsContentSize="76,76" RelativePosition="0.0934,0.5" UseAbsSize="True" GUID="{113aafcd-1441-4371-b5a1-9eef273ce341}" Scale="0.91" Tag="1" LuaDoneFunctionName="onClick" Name="btn1">
                        <WZUI9Image Type="WZUI9Image" GUID="{55eabf9d-78b3-458f-9bb2-ecc28a91cec4}" File="ui/common/common_scale9_beibaodi.png" Name="black1" />
                        <WZUI9Image Type="WZUI9Image" GUID="{17371f91-470e-4274-8096-ee37e36bb362}" File="" Name="quality1" Visible="True" UseOriginSize="False" />
                        <NormalElement Type="WZUIContainer" GUID="{67068323-630c-4e7a-83d4-421f99e1c81a}" AbsContentSize="53,53" UseAbsSize="False" RelativePosition="0.5,0.5" Scale="1">
                            <WZUIImage Type="WZUIImage" GUID="{3b1e2462-e352-404f-940f-b42c57decec0}" Name="icon1" Scale="0.9" Visible="True" />
                        </NormalElement>
                        <SelectElement Type="WZUIContainer" GUID="{26f383cd-4ee5-4720-9768-686f7c5e0926}">
                            <WZUI9Image Type="WZUI9Image" GUID="{a826ed5a-61d3-413a-973b-1bb97441cf1c}" File="ui/common/common_scale9_beibaodi_sel.png" UseOriginSize="True" Scale="0.92" RelativePosition="0.5,0.48" />
                            <WZUIImage Type="WZUIImage" GUID="{ada2c49b-ab79-45af-aa30-d9893cb70209}" Name="icon1Sel" RelativePosition="0.5,0.5" Visible="True" />
                        </SelectElement>
                        <DisableElement Type="WZUIContainer" GUID="{1a248e7d-24f7-4850-871e-804d0b0bedd1}" />
                        <WZUISpine Type="WZUISpine" GUID="{1d25d298-0ae9-4b59-833f-a406facb675a}" FileAtlas="ui/ui_qifu.atlas" FileJson="ui/ui_qifu.json" RelativePosition="0.5,0.5" Name="spine1" Loop="True" AbsPosition="36.9459,104.869" AnimationName="pofang_3" Scale="0.9" Visible="False" Order="1" />
                        <WZUIImage Type="WZUIImage" GUID="{f5863478-e297-42ef-978a-d75f6e72f952}" Name="iconBg1" Scale="1" UseOriginSize="True" RelativePosition="0.5,0.5" AbsPosition="36,36" File="ui/bag/common_icon_wuqi.png" Visible="True" />
                        <WZUILabelTTF Type="WZUILabelTTF" GUID="{048ba79e-b219-49f7-a290-63201bb04d8f}" Text="Lv1生命" StrokeColor="79,60,48" StrokeSize="4" Color="255,255,255" FontSize="20" BoldFont="True" EnableStroke="True" RelativePosition="0.5,0.16" Order="2" Name="prayName1" Visible="False" />
                    </Button>
                    <Button Type="WZUIButton" AbsContentSize="76,76" RelativePosition="0.253,0.5" UseAbsSize="True" GUID="{0a4ba5f0-25ba-438c-9bc0-8da42ec127ab}" Scale="0.91" Tag="2" LuaDoneFunctionName="onClick" Name="btn2">
                        <WZUI9Image Type="WZUI9Image" GUID="{38f2b35c-fbbf-4f65-bf8a-4a8d4b2e9847}" File="ui/common/common_scale9_beibaodi.png" Name="black2" />
                        <WZUI9Image Type="WZUI9Image" GUID="{f30402bb-1b80-4258-a26e-95889cfe6c5a}" File="" Name="quality2" />
                        <NormalElement Type="WZUIContainer" GUID="{364c0522-1c82-4d5f-a203-2d6d3bd0a9dd}">
                            <WZUIImage Type="WZUIImage" GUID="{9789faef-d97a-4d4d-93ee-6fa7c74279bc}" Name="icon2" Scale="0.9" RelativePosition="0.5,0.5" />
                        </NormalElement>
                        <SelectElement Type="WZUIContainer" GUID="{0086a119-a1fd-480b-ad14-50853670f8d2}">
                            <WZUI9Image Type="WZUI9Image" GUID="{98e591ed-b3f3-4ba2-ac67-885ee4b7b5de}" File="ui/common/common_scale9_beibaodi_sel.png" UseOriginSize="True" Scale="0.92" RelativePosition="0.5,0.48" />
                            <WZUIImage Type="WZUIImage" GUID="{3fd68d77-d0b0-4026-8228-d2f8152e6763}" Name="icon2Sel" />
                        </SelectElement>
                        <DisableElement Type="WZUIContainer" GUID="{a504dbc0-2ce1-420f-bd42-ffe9d9431c1f}" />
                        <WZUISpine Type="WZUISpine" GUID="{d0c6141a-bc7d-4b40-aa32-57796c805e61}" FileAtlas="ui/ui_qifu.atlas" FileJson="ui/ui_qifu.json" RelativePosition="0.5,0.5" Name="spine2" Loop="True" AbsPosition="36.9459,104.869" AnimationName="pofang_3" Scale="0.9" Visible="False" Order="1" />
                        <WZUIImage Type="WZUIImage" GUID="{3ab56d9c-677b-4689-8835-bd0f08d47120}" Name="iconBg2" Scale="1" UseOriginSize="True" RelativePosition="0.5,0.5" AbsPosition="36,36" File="ui/bag/common_icon_wuqi.png" />
                        <WZUILabelTTF Type="WZUILabelTTF" GUID="{08c6359a-accf-4c35-9fef-80e842a2e457}" Text="Lv1生命" StrokeColor="79,60,48" StrokeSize="4" Color="255,255,255" FontSize="20" BoldFont="True" EnableStroke="True" RelativePosition="0.5,0.16" Order="2" Name="prayName2" Visible="False" />
                    </Button>
                    <Button Type="WZUIButton" AbsContentSize="76,76" RelativePosition="0.413,0.5" UseAbsSize="True" GUID="{d84799ba-df62-43ce-85c6-dba46c12ea9c}" Scale="0.91" Tag="3" LuaDoneFunctionName="onClick" Name="btn3">
                        <WZUI9Image Type="WZUI9Image" GUID="{429c7cbb-ba7d-4b42-99a9-e0eb516bf5e7}" File="ui/common/common_scale9_beibaodi.png" Name="black3" />
                        <WZUI9Image Type="WZUI9Image" GUID="{379419dc-253a-4d6f-a7d3-4e73852fd470}" File="" Name="quality3" />
                        <NormalElement Type="WZUIContainer" GUID="{04836c2d-c437-4529-a5fd-21e422623224}">
                            <WZUIImage Type="WZUIImage" GUID="{2cd944f0-6fa8-46d2-a797-73bf0dc961c5}" Name="icon3" Scale="0.9" />
                        </NormalElement>
                        <SelectElement Type="WZUIContainer" GUID="{f9a673c6-637a-499c-b1c9-b12f1d906bb0}">
                            <WZUI9Image Type="WZUI9Image" GUID="{84360674-b671-4108-bf80-519f38780244}" File="ui/common/common_scale9_beibaodi_sel.png" UseOriginSize="True" Scale="0.92" RelativePosition="0.5,0.48" />
                            <WZUIImage Type="WZUIImage" GUID="{dab454c0-3643-47e6-8a9c-bfeae1e2601e}" Name="icon3Sel" />
                        </SelectElement>
                        <DisableElement Type="WZUIContainer" GUID="{7c8258bf-15ba-4936-a222-658ad082849b}" />
                        <WZUISpine Type="WZUISpine" GUID="{fceb2a4c-db25-4ea6-a69d-184a70e1a152}" FileAtlas="ui/ui_qifu.atlas" FileJson="ui/ui_qifu.json" RelativePosition="0.5,0.5" Name="spine3" Loop="True" AbsPosition="36.9459,104.869" AnimationName="pofang_3" Scale="0.9" Visible="False" Order="1" />
                        <WZUIImage Type="WZUIImage" GUID="{2dcc74b7-e766-4101-a778-3dda84519946}" Name="iconBg3" Scale="1" UseOriginSize="True" RelativePosition="0.5,0.5" AbsPosition="36,36" File="ui/bag/common_icon_wuqi.png" />
                        <WZUILabelTTF Type="WZUILabelTTF" GUID="{27900f12-f847-4dbd-9899-457793081136}" Text="Lv1生命" StrokeColor="79,60,48" StrokeSize="4" Color="255,255,255" FontSize="20" BoldFont="True" EnableStroke="True" RelativePosition="0.5,0.16" Order="2" Name="prayName3" Visible="False" />
                    </Button>
                    <Button Type="WZUIButton" AbsContentSize="76,76" RelativePosition="0.573,0.5" UseAbsSize="True" GUID="{b66c6d1a-a4da-43bf-a9ae-f17357facbe0}" Scale="0.91" Tag="4" LuaDoneFunctionName="onClick" Name="btn4">
                        <WZUI9Image Type="WZUI9Image" GUID="{87c29e14-fee3-4773-88b9-7a55e4a31aba}" File="ui/common/common_scale9_beibaodi.png" Name="black4" />
                        <WZUI9Image Type="WZUI9Image" GUID="{748427c8-ccb7-4fd3-9602-be4812e2b9a4}" File="" Name="quality4" />
                        <NormalElement Type="WZUIContainer" GUID="{f20c0cc3-41a1-4bac-90e7-e19fca037a1b}">
                            <WZUIImage Type="WZUIImage" GUID="{7e8262a0-b6ed-414c-b7a6-6db1c5f67c41}" Name="icon4" Scale="0.9" />
                        </NormalElement>
                        <SelectElement Type="WZUIContainer" GUID="{107e8faa-e27c-4503-a7b9-822d9d332f5c}">
                            <WZUI9Image Type="WZUI9Image" GUID="{1d3f0449-25d2-4811-a058-fcb018b51d87}" File="ui/common/common_scale9_beibaodi_sel.png" UseOriginSize="True" Scale="0.92" RelativePosition="0.5,0.48" />
                            <WZUIImage Type="WZUIImage" GUID="{fa3f9642-ad1e-4ab7-b190-585406ef7f59}" Name="icon4Sel" />
                        </SelectElement>
                        <DisableElement Type="WZUIContainer" GUID="{dde97f46-cda3-4bc6-87a2-e41507cdcca3}" />
                        <WZUISpine Type="WZUISpine" GUID="{6df029ca-5a7e-4eda-8a9c-6f617e28a1d6}" FileAtlas="ui/ui_qifu.atlas" FileJson="ui/ui_qifu.json" RelativePosition="0.5,0.5" Name="spine4" Loop="True" AbsPosition="36.9459,104.869" AnimationName="pofang_3" Scale="0.9" Visible="False" Order="1" />
                        <WZUIImage Type="WZUIImage" GUID="{3a20e71b-6ffa-488f-89ab-339f7c88016e}" Name="iconBg4" Scale="1" UseOriginSize="True" RelativePosition="0.5,0.5" AbsPosition="36,36" File="ui/bag/common_icon_wuqi.png" />
                        <WZUILabelTTF Type="WZUILabelTTF" GUID="{2fb65b34-8d69-4388-b808-ba5a0a826d13}" Text="Lv1生命" StrokeColor="79,60,48" StrokeSize="4" Color="255,255,255" FontSize="20" BoldFont="True" EnableStroke="True" RelativePosition="0.5,0.16" Order="2" Name="prayName4" Visible="False" />
                    </Button>
                    <Button Type="WZUIButton" AbsContentSize="76,76" RelativePosition="0.733,0.5" UseAbsSize="True" GUID="{38f01a23-c9a6-444e-ba09-8efad0e3483a}" Scale="0.91" Tag="5" LuaDoneFunctionName="onClick" Name="btn5">
                        <WZUI9Image Type="WZUI9Image" GUID="{6ed89184-5748-490e-bdc8-c75869362981}" File="ui/common/common_scale9_beibaodi.png" Name="black5" />
                        <WZUI9Image Type="WZUI9Image" GUID="{2d5111a5-51f7-4907-955d-a011ce2fe788}" File="" Name="quality5" />
                        <NormalElement Type="WZUIContainer" GUID="{166ab232-4f84-4fa7-931c-d3711c0f8684}">
                            <WZUIImage Type="WZUIImage" GUID="{dc9a3368-5217-448d-9784-dde8d7efa63a}" Name="icon5" Scale="0.9" />
                        </NormalElement>
                        <SelectElement Type="WZUIContainer" GUID="{9d11c82c-4ee8-46c9-8a44-a728977e7a44}">
                            <WZUI9Image Type="WZUI9Image" GUID="{082685c6-fd3d-470f-98d5-7f4d18861664}" File="ui/common/common_scale9_beibaodi_sel.png" UseOriginSize="True" Scale="0.92" RelativePosition="0.5,0.48" />
                            <WZUIImage Type="WZUIImage" GUID="{731a9710-d26f-4e33-aebf-7a82bc5577d4}" Name="icon5Sel" />
                        </SelectElement>
                        <DisableElement Type="WZUIContainer" GUID="{9fe7f0dc-f33b-4878-98db-e94ee412f970}" />
                        <WZUISpine Type="WZUISpine" GUID="{f4f2334b-be73-4f7a-a4df-7b08816e26d2}" FileAtlas="ui/ui_qifu.atlas" FileJson="ui/ui_qifu.json" RelativePosition="0.5,0.5" Name="spine5" Loop="True" AbsPosition="36.9459,104.869" AnimationName="pofang_3" Scale="0.9" Visible="False" Order="1" />
                        <WZUIImage Type="WZUIImage" GUID="{8f037b86-e559-4e35-8aca-f8c39d0b0510}" Name="iconBg5" Scale="1" UseOriginSize="True" RelativePosition="0.5,0.5" AbsPosition="36,36" File="ui/bag/common_icon_wuqi.png" />
                        <WZUILabelTTF Type="WZUILabelTTF" GUID="{037700bf-48e2-4f41-ad58-adc62e04cf0a}" Text="Lv1生命" StrokeColor="79,60,48" StrokeSize="4" Color="255,255,255" FontSize="20" BoldFont="True" EnableStroke="True" RelativePosition="0.5,0.16" Order="2" Name="prayName5" Visible="False" />
                    </Button>
                    <Button Type="WZUIButton" AbsContentSize="76,76" RelativePosition="0.893,0.5" UseAbsSize="True" GUID="{8d07020b-0147-4bd9-b030-127eb692be09}" Scale="0.91" Tag="6" LuaDoneFunctionName="onClick" Name="btn6">
                        <WZUI9Image Type="WZUI9Image" GUID="{2f1e9625-7bee-458f-87c3-a6df81e1b985}" File="ui/common/common_scale9_beibaodi.png" Name="black6" />
                        <WZUI9Image Type="WZUI9Image" GUID="{31417aa6-eb60-4b51-8702-24acf8cb7ca2}" File="" Name="quality6" />
                        <NormalElement Type="WZUIContainer" GUID="{3880da2e-e61f-4e29-bd2a-35a91633571c}">
                            <WZUIImage Type="WZUIImage" GUID="{e44f55a1-beff-4a8d-b0da-289837b73a30}" Name="icon6" Scale="0.9" />
                        </NormalElement>
                        <SelectElement Type="WZUIContainer" GUID="{d60054ab-8b00-4fec-835a-219c7864cdf5}">
                            <WZUI9Image Type="WZUI9Image" GUID="{273c6b83-4fd2-4612-8387-b91079db12d8}" File="ui/common/common_scale9_beibaodi_sel.png" UseOriginSize="True" Scale="0.92" RelativePosition="0.5,0.48" />
                            <WZUIImage Type="WZUIImage" GUID="{36b3ac1e-6053-4cfe-9881-7508d6536ef8}" Name="icon6Sel" />
                        </SelectElement>
                        <DisableElement Type="WZUIContainer" GUID="{738f62ea-b5eb-426a-869c-ee21f4c4564c}" />
                        <WZUISpine Type="WZUISpine" GUID="{bfa4048a-8989-492c-8573-094ceab4b55c}" FileAtlas="ui/ui_qifu.atlas" FileJson="ui/ui_qifu.json" RelativePosition="0.5,0.5" Name="spine6" Loop="True" AbsPosition="36.9459,104.869" AnimationName="pofang_3" Scale="0.9" Visible="False" Order="1" />
                        <WZUIImage Type="WZUIImage" GUID="{88ff149b-a92d-463e-a6db-549c6e837ecb}" Name="iconBg6" Scale="1" UseOriginSize="True" RelativePosition="0.5,0.5" AbsPosition="36,36" File="ui/bag/common_icon_wuqi.png" Visible="True" />
                        <WZUILabelTTF Type="WZUILabelTTF" GUID="{50c38498-0b0d-4347-afcf-30414a1f4e41}" Text="Lv1生命" StrokeColor="79,60,48" StrokeSize="4" Color="255,255,255" FontSize="20" BoldFont="True" EnableStroke="True" RelativePosition="0.5,0.16" Order="2" Name="prayName6" Visible="False" />
                    </Button>
                </WZUIContainer>
            </WZUIContainer>
        </WZUIContainer>
    </WZUIContainer>
</CellCheckOther10>
