﻿<CellDiscountLimitItem GUID="{f65d49f5-979d-4ab8-aa45-cd5b15b2cce6}">
    <WZUIContainer Type="WZUIContainer" GUID="{ce02cd79-27d2-4257-97b2-dfabecbd562d}" AbsContentSize="250,170" UseAbsSize="True" Name="CellDiscountLimitItem" NameCreate="True">
        <WZUIContainer Type="WZUIContainer" GUID="{b63ef0a5-2be1-4321-bb80-c2e307903b12}" AbsContentSize="240,150" UseAbsSize="True">
            <WZUI9Image Type="WZUI9Image" GUID="{0a835477-ebec-4215-8d1c-c167e63afa7e}" File="ui/common/common_scale9_di18.png" />
            <WZUIContainer Type="WZUIContainer" GUID="{1c850b5b-d6b3-4a4e-889e-cadcdf318ddb}" RelativeSize="0.4,1" RelativePosition="0.211806,0.5">
                <WZUIContainer Type="WZUIContainer" GUID="{291988cb-c9ac-417b-be19-d273db1b6ab3}" AbsContentSize="80,80" UseAbsSize="True" RelativePosition="0.53125,0.635833" Name="conItem_CellDiscountLimitItem" />
                <WZUILabelTTF Type="WZUILabelTTF" GUID="{ef86c441-400d-42d9-b2e8-8accd9c52dba}" RelativePosition="0.5,0.28" Name="txtName_CellDiscountLimitItem" FontSize="16" EnableStroke="True" StrokeSize="4" StrokeColor="79,60,48" Text="asafsafsafs" />
                <WZUILabelTTF Type="WZUILabelTTF" GUID="{ccf683da-081e-4fcf-bfcd-fac6f1e068db}" RelativePosition="0.5,0.127083" FontSize="16" Color="79,60,48" Name="txtLeftTime_CellDiscountLimitItem" Text="safsafsa" />
            </WZUIContainer>
            <WZUIFreeTextBox Type="WZUIFreeTextBox" GUID="{be9ff638-72f5-4a26-97dd-b093eaa89007}" Name="txtOriginPrice_CellDiscountLimitItem" MaxWidth="160" RelativePosition="0.7,0.774167" />
            <WZUIImage Type="WZUIImage" GUID="{22421e99-3f4a-4dd3-b875-bd1dd0477c61}" File="ui/gameActivity/activity_pic_yjkx.png" UseOriginSize="True" RelativePosition="0.7,0.7675" />
            <WZUIFreeTextBox Type="WZUIFreeTextBox" GUID="{762645ff-1a92-475d-be0a-0eb66f8b2930}" Name="txtCurPrice_CellDiscountLimitItem" MaxWidth="160" RelativePosition="0.7.6" />
            <Button Type="WZUIButton" GUID="{1746bad8-c895-4042-afbe-4976c9fe8aeb}" Name="btnBuy_CellDiscountLimitItem" AbsContentSize="116,56" UseAbsSize="True" RelativePosition="0.724917,0.24" LuaActionName="Normal" LuaDoneFunctionName="onClickBuy">
                <NormalElement Type="WZUIContainer" GUID="{07cca577-cb4a-4f49-ae5d-f4d32c7e0e00}">
                    <WZUIImage Type="WZUIImage" GUID="{c57c5e05-f83e-4de3-ae02-aa6cbb59b4b2}" File="ui/common/common_btn_anniu3_0.png" UseOriginSize="True" />
                </NormalElement>
                <SelectElement Type="WZUIContainer" GUID="{87a7a2e5-88c1-4a1f-8326-837af917733e}">
                    <WZUIImage Type="WZUIImage" GUID="{1aa01eda-9850-4500-81ab-c2846f0c1ff4}" File="ui/common/common_btn_anniu3_0_sel.png" UseOriginSize="True" />
                </SelectElement>
                <DisableElement Type="WZUIContainer" GUID="{1e8813e2-5a7b-4d31-9afa-c732fc47a5d2}">
                    <WZUIImage Type="WZUIImage" GUID="{b75e61ba-397d-462f-9f26-fef6a8b23b05}" File="ui/common/common_btn_anniu3_0.png" UseOriginSize="True" />
                </DisableElement>
                <WZUILabelTTF Type="WZUILabelTTF" GUID="{070609a8-64e1-4486-969a-0572bca8cd1f}" Name="txtBuy_CellDiscountLimitItem" TextKey="BUY" FontSize="24" EnableStroke="True" Color="255,236,193" StrokeSize="4" StrokeColor="128,54,13" />
            </Button>
            <WZUIContainer Type="WZUIContainer" GUID="{5136160e-4902-4f8a-8c7e-383f9adc08a3}" Name="conSoldAll_CellDiscountLimitItem" Visible="False" RelativeSize="0.975,0.979">
                <WZUI9Image Type="WZUI9Image" GUID="{2f2c18c9-9cd6-4ea5-96ac-751986317806}" File="ui/common/common_scale9_di51.png" />
                <WZUIImage Type="WZUIImage" GUID="{c2fab731-dfc7-48e2-ab7f-9ada549db9d1}" File="ui/common/common_icon_shouxing.png" UseOriginSize="True" RelativePosition="0.5,0.5" />
            </WZUIContainer>
        </WZUIContainer>
    </WZUIContainer>
</CellDiscountLimitItem>
