﻿<CellShopLottery GUID="{b5ccb0a1-7dca-4ff6-8f08-cf12df73d0d2}">
    <WZUIContainer AbsContentSize="162,112" GUID="{2afbeb55-d9e7-4fc6-9d29-705f13c809e5}" LuaObjectName="" Name="CellShopLottery" NameCreate="True" RelativePosition="0.5,0.5" RelativeSize="1,1" Type="WZUIContainer" UseAbsSize="True" Visible="True">
        <WZUIContainer Type="WZUIContainer" GUID="{dd650733-25da-49b4-be90-4a40d582bd2e}" Name="" AbsContentSize="162,112" UseAbsSize="True">
            <WZUIContainer Type="WZUIContainer" GUID="{bd06063e-575b-42f5-bb49-fd0ad4a58a00}" TouchSwallow="True" AbsContentSize="">
                <WZUIContainer Type="WZUIContainer" GUID="{718c3189-860d-4247-bdaa-1d70cf783c36}" Visible="True">
                    <WZUI9Image Type="WZUI9Image" GUID="{66d7050e-ac2b-499b-8e4a-44fde4287cbb}" File="ui/shop/common_scale9_shop_di11.png" Visible="True" />
                </WZUIContainer>
                <WZUIImage Type="WZUIImage" GUID="{564b55f8-2c74-4044-bc8b-9e30b51c0b27}" File="ui/shop/common_icon_shop_guangxiao.png" UseOriginSize="True" RelativePosition="0.5,0.56" Name="imgRare1" Visible="False" />
                <WZUIContainer Type="WZUIContainer" GUID="{705d46d6-df02-4a4d-a8bf-dcff6228f111}" AbsContentSize="165,115" UseAbsSize="True" Name="conSel_CellShopLottery" Visible="False">
                    <WZUI9Image Type="WZUI9Image" GUID="{01078aad-893f-40db-b720-b2f8183b8c4e}" File="ui/shop/common_scale9_shop_di12.png" Visible="True" Scale="1.05" />
                </WZUIContainer>
                <WZUIContainer Type="WZUIContainer" GUID="{39968db7-fb09-4b5e-887b-ad6a6a7d24de}" AbsContentSize="165,115" UseAbsSize="True" Name="conSelFinal_CellShopLottery" Visible="False">
                    <WZUI9Image Type="WZUI9Image" GUID="{97a21c22-028a-4ee8-93f9-a3ca8ceac529}" File="ui/shop/common_scale9_shop_di12.png" Visible="True" Scale="1.05" />
                    <WZUISpine Type="WZUISpine" GUID="{5b9495ff-6666-4d70-851d-bd987b7c8c51}" FileAtlas="ui/ui_shop_flash.atlas" FileJson="ui/ui_shop_flash.json" AnimationName="flash2" Loop="True" RelativePosition="0.53,0.482609" Name="spineFlash" Visible="True" />
                </WZUIContainer>
                <WZUIContainer AbsContentSize="80,80" GUID="{2b4021b2-ea63-4413-963a-fbbf9e83f6b0}" Name="conItem_CellShopLottery" RelativePosition="0.5,0.585" Type="WZUIContainer" UseAbsSize="True" />
                <WZUILabelTTF Alignment="Center" AnchorPoint="0.5,1" BoldFont="True" Color="79,60,48" Dimensions="150,0" EnableStroke="True" FontSize="20" GUID="{cd38bb2e-db90-4385-a9f1-727ece8d3f30}" Name="txtDescript_CellGoodsList" RelativePosition="0.513789,0.2342" StrokeColor="79,60,48" StrokeSize="4" Text="紫龙头" TouchEnable="False" Type="WZUILabelTTF" Visible="True" />
                <WZUIImage Type="WZUIImage" GUID="{8a5efd71-a553-4f20-9c53-0b5ce83702c5}" File="ui/shop/common_btn_shop_biaoqian5.png" UseOriginSize="True" RelativePosition="0.214223,0.736709" Name="imgRare" />
                <WZUILabelTTF Type="WZUILabelTTF" GUID="{5f12f3d8-5cc1-41da-995e-863e42800f27}" Text="" LabelStyleKey="C18_F20_S4_C5" RelativePosition="0.774968,0.363676" Name="txtNum" />
            </WZUIContainer>
            <Button GUID="{37e3dee3-9c4e-471e-be60-e9149381dfa8}" LuaDoneFunctionName="onClick" Name="" RelativeSize="1,1" Type="WZUIButton" RelativePosition="0.5,0.5" AnchorPoint="0.5,0.5" TouchSwallow="True">
                <NormalElement GUID="{4ad88b10-756f-4929-bb59-11adb46e8d35}" Type="WZUIContainer" />
                <SelectElement GUID="{d873498f-36b0-431b-be2f-5b51a3c85974}" Type="WZUIContainer" />
                <DisableElement GUID="{fa7f6696-10ed-4940-ac27-40e7df15f793}" RelativePosition="0.5,0.507143" Type="WZUIContainer" />
            </Button>
        </WZUIContainer>
    </WZUIContainer>
</CellShopLottery>
