<CellWeChat GUID="{739d991d-60c5-48e8-811a-05fab39e34d7}">
    <WZUIContainer Type="WZUIContainer" GUID="{9a799f17-9fcf-4e97-91d4-cf1f58b4fde9}" LuaObjectName="CellWeChat" Name="CellWeChat" AbsContentSize="120,60" UseAbsSize="True">
        <Button Type="WZUIButton" GUID="{d2a09f52-def3-473c-b55f-cabf8a933412}" LuaDoneFunctionName="onShare" LuaActionName="Normal">
            <NormalElement Type="WZUIContainer" GUID="{de10c5d8-16fe-43f3-8849-aefca411c2d0}">
                <WZUIImage Type="WZUIImage" GUID="{05a6745c-63f5-4a7d-a262-adb171c00b77}" File="ui/common/common_btn_anniu10_0.png" />
            </NormalElement>
            <SelectElement Type="WZUIContainer" GUID="{fcd1a99d-f6c9-44f0-a341-f67531201406}">
                <WZUIImage Type="WZUIImage" GUID="{2ee73dfb-5b0d-453b-ad53-937ad727cd2a}" File="ui/common/common_btn_anniu10_0_sel.png" />
            </SelectElement>
            <DisableElement Type="WZUIContainer" GUID="{1e1b49cb-97cc-42ae-ba06-f524dfc60d9e}" />
        </Button>
        <WZUILabelTTF Type="WZUILabelTTF" GUID="{6045c25e-e95a-4ee2-bfc8-8cf7a267c0a2}" LabelStyleKey="SMALL_GREEN_BTN" Text="share" TextKey="SHARE" />
    </WZUIContainer>
</CellWeChat>
