<CellCompeteMemberList GUID="{8a213e90-0119-482a-9add-4c0d9b2b0edd}">
    <WZUIContainer Type="WZUIContainer" GUID="{390fc8b8-6d13-4b4e-92b2-75b21fde622f}" AbsContentSize="745,85" UseAbsSize="True" Name="CellCompeteMemberList" NameCreate="True">
        <WZUIContainer Type="WZUIContainer" GUID="{e3143778-0aae-4627-aa8a-c9d105390ffa}" AbsContentSize="705,75" UseAbsSize="True" AnchorPoint="1,0.5" RelativePosition="1,0.5">
            <WZUI9Image Type="WZUI9Image" GUID="{f77e238a-0cec-47bf-bf7c-79f38d0760a1}" File="ui/common/common_scale9_di25.png" Name="imgBK_CellCompeteMemberList" />
        </WZUIContainer>
        <WZUIContainer Type="WZUIContainer" GUID="{46fa7f27-9886-445a-8033-ff5e2d9744e1}" AbsContentSize="80,80" UseAbsSize="True" RelativePosition="0.0671141,0.5">
            <WZUIImage Type="WZUIImage" GUID="{53f8a221-a175-4409-a4bd-72d59bda7f8f}" File="ui/common/common_icon_tx.png" UseOriginSize="False" />
            <WZUIContainer Type="WZUIContainer" GUID="{1f4d712f-fe92-43f7-8f5b-9b9c0e027d35}" Name="conHead_CellCompeteMemberList" />
            <Button Type="WZUIButton" GUID="{48f54c22-69b8-4027-baad-719ab0e28886}" LuaDoneFunctionName="onClickHead">
                <NormalElement Type="WZUIContainer" GUID="{899a9824-e48f-4367-af6e-c2667227ec34}" />
                <SelectElement Type="WZUIContainer" GUID="{48723b7d-d87f-46d9-bc58-a85b61cc0b51}" />
                <DisableElement Type="WZUIContainer" GUID="{1fd5233c-c687-4d51-b924-0544941b9164}" />
            </Button>
        </WZUIContainer>
        <WZUILabelTTF Type="WZUILabelTTF" GUID="{505bc4f5-ade4-4f7e-897a-3ef50700b6e2}" FontSize="22" Color="127,70,26" Name="txtName_CellCompeteMemberList" AnchorPoint="0,0.5" RelativePosition="0.13,0.5" Text="" />
        <WZUILabelTTF Type="WZUILabelTTF" GUID="{e1ace297-62ca-4ce9-bd36-843678db5a0b}" FontSize="22" Color="127,70,26" Name="txtLevel_CellCompeteMemberList" Text="" RelativePosition="0.365,0.5" />
        <WZUILabelTTF Type="WZUILabelTTF" GUID="{d2393703-e27a-46ff-94dc-86410f79869e}" FontSize="22" Color="127,70,26" Name="txtPosition_CellCompeteMemberList" Text="" RelativePosition="0.465,0.5" />
        <WZUILabelAtlasFont Type="WZUILabelAtlasFont" GUID="{2e12e5f7-355e-4688-9ee9-1be5d54ef2e7}" Name="txtFighting_CellCompeteMemberList" CharMapFileName="ui/common_num/common_num_zhandouli.png" Height="26" Width="16" UseOriginSize="True" UseOriginSizeProportion="False" Text="" RelativePosition="0.63,0.5" />
        <WZUIContainer Type="WZUIContainer" GUID="{f282f0ca-69ca-4eee-84b4-d021ecf7d9ee}" AbsContentSize="180,75" UseAbsSize="True" AnchorPoint="1,0.5" RelativePosition="0.985,0.5" Name="conBtn_CellCompeteMemberList">
            <Button Type="WZUIButton" GUID="{f9d31cfa-b155-4b0f-9abc-d51c0bc85af0}" AbsContentSize="50,75" UseAbsSize="True" RelativePosition="0.2,0.5" LuaActionName="" Tag="1" LuaDoneFunctionName="onClickTeamBtn" Name="btnNumber1_CellCompeteMemberList">
                <NormalElement Type="WZUIContainer" GUID="{69e8f0d6-01d0-4e04-88e9-e834afeefc3d}" AbsContentSize="44,44" UseAbsSize="True">
                    <WZUIImage Type="WZUIImage" GUID="{b1393907-6674-4cc8-a5f1-f83cb2543ce9}" File="ui/common/common_scale9_di56.png" RelativePosition="0.5,0.5" UseOriginSize="False" />
                </NormalElement>
                <SelectElement Type="WZUIContainer" GUID="{767bcecc-8d09-44e2-9972-77b057a2b7c0}" AbsContentSize="44,44" UseAbsSize="True">
                    <WZUIImage Type="WZUIImage" GUID="{c5d32f06-bbd3-4b9c-b060-f8831a324a87}" File="ui/common/common_scale9_di56_sel.png" RelativePosition="0.5,0.5" />
                </SelectElement>
                <DisableElement Type="WZUIContainer" GUID="{caf7eb64-dfcd-4de8-aa7c-9e5898e8c442}" AbsContentSize="44,44" UseAbsSize="True">
                    <WZUIImage Type="WZUIImage" GUID="{9253b75d-0d39-4315-83d0-8d3b674afa32}" File="ui/common/common_scale9_di56.png" RelativePosition="0.5,0.5" UseOriginSize="False" />
                </DisableElement>
                <WZUIImage Type="WZUIImage" GUID="{2e8c8b92-7474-498d-8033-dcd39f171301}" File="ui/common/common_scale9_di56_sel.png" RelativePosition="0.5,0.5" UseOriginSize="True" Scale="0.75" Visible="False" Name="imgSel1_CellCompeteMemberList" />
                <WZUILabelTTF Type="WZUILabelTTF" GUID="{95a8d56d-276e-477d-8702-67c0801876d8}" FontSize="22" Name="txtTab1_CellCompeteMemberList" Color="255,236,193" EnableStroke="True" StrokeColor="127,70,26" StrokeSize="4" Text="1" />
            </Button>
            <Button Type="WZUIButton" GUID="{8a2d6a59-a60e-4879-956e-5f3bb6ff026a}" AbsContentSize="50,75" UseAbsSize="True" LuaActionName="" Tag="2" LuaDoneFunctionName="onClickTeamBtn" Name="btnNumber2_CellCompeteMemberList">
                <NormalElement Type="WZUIContainer" GUID="{05fd690d-b7f4-4c48-9cc7-87f1e4f6d24a}" AbsContentSize="44,44" UseAbsSize="True">
                    <WZUIImage Type="WZUIImage" GUID="{f41ac8b6-bd16-4f3b-b21d-4abdb0d60781}" File="ui/common/common_scale9_di56.png" RelativePosition="0.5,0.5" />
                </NormalElement>
                <SelectElement Type="WZUIContainer" GUID="{54e0d5e9-08a4-4c3b-9dcd-abf45a381068}" AbsContentSize="44,44" UseAbsSize="True">
                    <WZUIImage Type="WZUIImage" GUID="{8f0065ff-e480-4902-a135-e0cf282f635d}" File="ui/common/common_scale9_di56_sel.png" RelativePosition="0.5,0.5" />
                </SelectElement>
                <DisableElement Type="WZUIContainer" GUID="{8b3316fb-1ea4-449b-aeb1-faf3f86dce6b}" AbsContentSize="44,44" UseAbsSize="True">
                    <WZUIImage Type="WZUIImage" GUID="{44617aad-209b-440b-b5df-537bc0be5fc7}" File="ui/common/common_scale9_di56.png" RelativePosition="0.5,0.5" UseOriginSize="False" />
                </DisableElement>
                <WZUIImage Type="WZUIImage" GUID="{016dc8d9-16c7-42a7-919b-0189963939f4}" File="ui/common/common_scale9_di56_sel.png" RelativePosition="0.5,0.5" UseOriginSize="True" Scale="0.75" Visible="False" Name="imgSel2_CellCompeteMemberList" />
                <WZUILabelTTF Type="WZUILabelTTF" GUID="{ada7893c-8027-48d8-b04a-6ade2ea43227}" FontSize="22" Name="txtTab2_CellCompeteMemberList" Color="255,236,193" EnableStroke="True" StrokeColor="127,70,26" StrokeSize="4" Text="2" />
            </Button>
            <Button Type="WZUIButton" GUID="{88a9748d-08bb-46b8-95f8-61919f8f4efc}" AbsContentSize="50,75" UseAbsSize="True" RelativePosition="0.8,0.5" LuaActionName="" Tag="3" LuaDoneFunctionName="onClickTeamBtn" Name="btnNumber3_CellCompeteMemberList">
                <NormalElement Type="WZUIContainer" GUID="{c7d65374-65a7-4da6-9e47-2ecf8ee46d13}" AbsContentSize="44,44" UseAbsSize="True">
                    <WZUIImage Type="WZUIImage" GUID="{5207e91a-c6fc-4217-b141-c556ced03346}" File="ui/common/common_scale9_di56.png" RelativePosition="0.5,0.5" />
                </NormalElement>
                <SelectElement Type="WZUIContainer" GUID="{d590c249-13d4-4526-9445-1a93f9b45a19}" AbsContentSize="44,44" UseAbsSize="True">
                    <WZUIImage Type="WZUIImage" GUID="{947e6c18-0412-4420-8c19-39e04b70214c}" File="ui/common/common_scale9_di56_sel.png" RelativePosition="0.5,0.5" />
                </SelectElement>
                <DisableElement Type="WZUIContainer" GUID="{483a363f-2e97-430d-a814-3eff0a4a7f02}" AbsContentSize="44,44" UseAbsSize="True">
                    <WZUIImage Type="WZUIImage" GUID="{d3b56d1d-0384-4ffe-aad3-e4a0357a9a17}" File="ui/common/common_scale9_di56.png" RelativePosition="0.5,0.5" UseOriginSize="False" />
                </DisableElement>
                <WZUIImage Type="WZUIImage" GUID="{6e805743-947e-4df0-a4f8-7e9f7a58932b}" File="ui/common/common_scale9_di56_sel.png" RelativePosition="0.5,0.5" UseOriginSize="True" Scale="0.75" Visible="False" Name="imgSel3_CellCompeteMemberList" />
                <WZUILabelTTF Type="WZUILabelTTF" GUID="{cfef83b5-53a7-4881-96c7-bcf4ea3a5d7f}" FontSize="22" Name="txtTab3_CellCompeteMemberList" Color="255,236,193" EnableStroke="True" StrokeColor="127,70,26" StrokeSize="4" Text="3" />
            </Button>
        </WZUIContainer>
        <Button Type="WZUIButton" GUID="{7b61c8ab-a7c7-4078-af25-25effb36d3f5}" AbsContentSize="460,85" UseAbsSize="True" RelativePosition="0.45,0.5" LuaDoneFunctionName="onClickCell">
            <NormalElement Type="WZUIContainer" GUID="{1133cf70-712b-4489-8643-4d475fed5c99}" />
            <SelectElement Type="WZUIContainer" GUID="{5354e209-2067-4b9b-95c5-d1bcfe24a49a}" />
            <DisableElement Type="WZUIContainer" GUID="{55e90912-a2d3-4c51-8972-16d43a52c7b8}" />
        </Button>
    </WZUIContainer>
</CellCompeteMemberList>
