<CellActivityRankList GUID="{1baaddd9-e482-40f3-920d-e697a278e770}">
    <WZUIContainer Type="WZUIContainer" GUID="{d5643731-5d3f-44ed-a1a0-1d9384551e03}" AbsContentSize="730,93" UseAbsSize="True" LuaObjectName="" BeforeDrawEnable="False" NameCreate="True" Name="CellActivityRankList" ShowAll="False">
        <WZUIContainer Type="WZUIContainer" GUID="{5a0c147b-d790-4b8a-90d4-3eaf6048e95a}">
            <WZUIContainer Type="WZUIContainer" GUID="{d47543ea-5068-4fff-9d1d-25c12ce94116}" Visible="True" Order="1" Name="conInfoLabel_n" LuaObjectName="conInfoLabel_n">
                <WZUIImage Type="WZUIImage" GUID="{4e1142f3-749a-4d9d-b883-5c3aa5a29a31}" File="ui/common/commom_icon_lv.png" UseOriginSize="True" Name="imgLv2_CellActivityRankList" AnchorPoint="0,0" RelativePosition="0.245,0.55" />
                <WZUILabelAtlasFont Type="WZUILabelAtlasFont" GUID="{ac64e7f0-74d7-4b7e-9975-45febfedd776}" Name="label_info_n_2" CharMapFileName="ui/common_num/common_num_ghdj.png" Height="24" Width="16" AnchorPoint="0,0" UseOriginSizeProportion="False" UseOriginSize="True" RelativePosition="0.285,0.55" Text="23" />
                <WZUIImage Type="WZUIImage" GUID="{c848f8d9-6305-4463-ab7c-3f52fbed883c}" Name="imgLv3_CellActivityRankList" File="ui/common/commom_icon_lv.png" UseOriginSize="True" AnchorPoint="0,0" RelativePosition="0.58,0.55" />
                <WZUILabelAtlasFont Type="WZUILabelAtlasFont" GUID="{492599ea-58e2-4bd5-b543-a96146961ab1}" Name="label_info_n_3" CharMapFileName="ui/common_num/common_num_ghdj.png" Height="24" Width="16" AnchorPoint="0,0" UseOriginSizeProportion="False" UseOriginSize="True" RelativePosition="0.62,0.55" Text="23" />
                <WZUILabelTTF Type="WZUILabelTTF" GUID="{49975af8-3de8-446d-ac54-532d845311c0}" Text="" FontSize="22" RelativePosition="0.87,0.5" Name="label_info_n_4" Color="62,34,8" StrokeSize="3" MaxLength="" AnchorPoint="0.5,0.5" />
                <WZUILabelTTF Type="WZUILabelTTF" GUID="{9de9c23b-d42f-4d22-9589-059f781c46f3}" FontSize="22" Name="txtValue2" AnchorPoint="0,1" RelativePosition="0.245,0.5" Color="62,34,8" />
                <WZUILabelTTF Type="WZUILabelTTF" GUID="{6d337e46-be9f-498f-ac2a-66114e3de3e8}" Name="txtValue3" RelativePosition="0.58,0.5" AnchorPoint="0,1" FontSize="22" Color="62,34,8" />
                <WZUILabelAtlasFont Type="WZUILabelAtlasFont" GUID="{09288e97-80fa-483c-af32-c569eab68dda}" Name="txtValue4" CharMapFileName="ui/common_num/commom_num_zdljia.png" Height="42" Width="30" AnchorPoint="0.5,0.5" UseOriginSizeProportion="False" UseOriginSize="True" RelativePosition="0.9,0.5" Text="23" AbsPosition="0,0" />
                <WZUILabelAtlasFont Type="WZUILabelAtlasFont" GUID="{f0a09427-d14b-44b9-b4a0-9b2717335df8}" Name="txtValue5" CharMapFileName="ui/common_num/commom_num_zdljia.png" Height="42" Width="30" AnchorPoint="0.5,0.5" UseOriginSizeProportion="False" UseOriginSize="True" RelativePosition="0.553,0.5" Text="23" AbsPosition="0,0" Visible="False" />
                <WZUIContainer Type="WZUIContainer" GUID="{75251b65-0863-4a13-b0e5-250593c5e5b7}" AbsContentSize="84,76" UseAbsSize="True" RelativePosition="0.0688883,0.5" AbsPosition="46.4996,42.5">
                    <WZUILabelAtlasFont Type="WZUILabelAtlasFont" GUID="{f149defa-d95b-4757-a87c-3a8eca2f173b}" CharMapFileName="ui/common_num/common_num_pmsz.png" Height="30" Width="24" UseOriginSize="True" RelativePosition="0.5,0.5" AnchorPoint="0.5,0.5" Visible="True" Name="txtRankNum_CellActivityRankList" UseOriginSizeProportion="False" TouchSwallow="False" />
                </WZUIContainer>
            </WZUIContainer>
            <WZUIButton Type="WZUIButton" GUID="{38f13a68-c11a-4789-932a-41d65871b3ba}" LuaDoneFunctionName="onCellClickedCallback" Name="btn_cellClick" AbsContentSize="730,93" UseAbsSize="True">
                <NormalElement Type="WZUIContainer" GUID="{dbbeedee-89d2-4f27-a5bd-cf9cbf3b547a}" RelativeSize="1,1" />
                <SelectElement Type="WZUIContainer" GUID="{1c654e63-ea9e-4606-96dc-bba27beee51a}" />
                <DisableElement Type="WZUIContainer" GUID="{81ab512a-c0a2-4897-b78c-d04563dba3ef}" />
                <WZUI9Image Type="WZUI9Image" GUID="{d6226461-6a0c-4581-8e83-d9a737752748}" File="ui/common/common_scale9_di7.png" RelativePosition="0.5,0.5" Name="imgBK_CellActivityRankList" />
            </WZUIButton>
            <WZUIContainer Type="WZUIContainer" GUID="{840f395b-2ca7-4c36-af1a-4b8ccf07316a}" AbsContentSize="75,75" UseAbsSize="True" RelativePosition="0.182254,0.5" Name="conPlayerHead_CellActivityRankList" TouchSwallow="False">
                <WZUIImage Type="WZUIImage" GUID="{514c7ff3-41c4-4d1c-81f8-328798557302}" File="ui/common/common_icon_tx.png" UseOriginSize="False" Scale="1" Name="imgHead1BK_CellActivityRankList" />
                <WZUIContainer AnchorPoint="0.5,0.5" GUID="{4e7b0962-c001-4f40-aad9-6563a3a99a68}" RelativePosition="0.5,0.5" RelativeSize="1,1" TouchEnable="False" Type="WZUIContainer" Name="conHead1_CellActivityRankList" TouchSwallow="True" />
            </WZUIContainer>
            <WZUIContainer Type="WZUIContainer" GUID="{e8d8ed8d-fb88-41b3-9eb7-7b8daf9ca45e}" AbsContentSize="75,75" Visible="True" UseAbsSize="True" Name="conPlayerHead2_CellActivityRankList" TouchSwallow="False" RelativePosition="0.52,0.5">
                <WZUIImage Type="WZUIImage" GUID="{821281d0-75ee-4281-97e0-07584f4a6fc5}" File="ui/common/common_icon_tx.png" Name="imgHead2BK_CellActivityRankList" UseOriginSize="False" TouchSwallow="False" />
                <WZUIContainer Type="WZUIContainer" GUID="{e89d7d7d-56ea-4153-84da-23670f268cad}" Name="conHead2_CellActivityRankList" TouchSwallow="False" />
            </WZUIContainer>
            <WZUIImage Type="WZUIImage" GUID="{151ddb23-fe29-4397-bb1d-2d0882177dfc}" Name="imgRankIcon_CellActivityRankList" UseOriginSize="True" AnchorPoint="0,1" RelativePosition="0.032,1" Visible="False" File="ui/common/common_icon_1st.png" TouchSwallow="False" AbsPosition="10.75,42.5" />
            <WZUIContainer Type="WZUIContainer" GUID="{75d5d192-e26e-4912-92b8-73fb73c84ab2}" AbsContentSize="340,85" UseAbsSize="True">
                <WZUIButton Type="WZUIButton" Name="btnHasband_CellActivityRankList" AbsContentSize="340,85" UseAbsSize="True" GUID="{6b31fff6-ba3e-48c2-ac2e-be166daee718}" RelativePosition="-0.102941,0.5" LuaDoneFunctionName="onCellClickedCallback" TouchEnable="False">
                    <NormalElement Type="WZUIContainer" GUID="{3ff412a8-8428-4f9e-a451-e06923d362e2}" />
                    <SelectElement Type="WZUIContainer" GUID="{2f6bf7a6-1418-42a1-98be-e280cda48d8f}" />
                    <DisableElement Type="WZUIContainer" GUID="{3cd65c70-5a7d-46f3-a6f6-195ef59346a8}" />
                </WZUIButton>
                <WZUIButton Type="WZUIButton" Name="btnWife_CellActivityRankList" GUID="{451cc60c-f96d-4a4b-9303-672c2a511ece}" RelativePosition="0.902939,0.5" LuaDoneFunctionName="onCellClickWife" TouchEnable="False">
                    <NormalElement Type="WZUIContainer" GUID="{cdb76c22-1ca9-403e-b17c-aee311569647}" />
                    <SelectElement Type="WZUIContainer" GUID="{e06726c3-c7da-4d6f-93cb-062008f59869}" />
                    <DisableElement Type="WZUIContainer" GUID="{217c3556-07cd-47bf-a085-19b4886a07c5}" />
                </WZUIButton>
            </WZUIContainer>
        </WZUIContainer>
    </WZUIContainer>
</CellActivityRankList>
