<?xml version="1.0"?>
<CellTowerStageTip GUID="{0EBF7797-75A0-4224-BC02-1F720466DB12}">
	<WZUIContainer AbsContentSize="250,130" GUID="{DF8F2E27-C178-4c60-8590-9227FA5E1540}" LuaObjectName="" Name="CellTowerStageTip" NameCreate="True" Type="WZUIContainer" UseAbsSize="True" Visible="True">
		<WZUI9Image Type="WZUI9Image" GUID="{FB7FEB45-B322-4a7a-998C-D4B607864ACC}" File="" />
		<WZUIContainer Type="WZUIContainer" GUID="{1BFF49C4-18A4-473b-AED2-0273B34B1403}" RelativeSize="0.22,0.3" RelativePosition="0.15,0.739231" AbsContentSize="50,50" UseAbsSize="True" Name="conHead_CellTowerStageTip" NameCreate="True" Visible="True">
			<WZUIImage Type="WZUIImage" GUID="{F3A5BACB-BC3A-465f-8768-85C2381ADAE7}" File="ui/common/032.png" Name="imgMonster_CellTowerStageTip" NameCreate="True" />
		</WZUIContainer>
		<WZUILabelTTF Type="WZUILabelTTF" GUID="{8FF130D9-3519-4afe-8A81-0558EACCA5BD}" FontSize="20" Name="txtName_CellTowerStageTip" Text="lv 33 name I YOU " Color="255,255,255" AnchorPoint="0,0.5" RelativePosition="0.295469,0.728993" Order="" />
		<WZUILabelTTF Type="WZUILabelTTF" GUID="{7D3ECD92-A333-4ef8-8C4E-E8902B6FE047}" Name="txtDesc_CellTowerStageTip" FontSize="18" Text="MMMMMMMMMMMMMMMMMMMMMMMMMMMMMMMMMMMMMMMMMMMMMMMMMMMMMM" AnchorPoint="0,1" RelativePosition="0.0529968,0.476536" MaxLength="0" Dimensions="230,0" Alignment="Left" Color="255,255,255" />
	</WZUIContainer>
</CellTowerStageTip>
