<CellListPanel GUID="{40ed7308-3a41-4549-863f-cc9f945bd93d}">
    <WZUIContainer AbsContentSize="502,453" GUID="{c41f683d-45c2-48b8-8064-4bd0cacf2fbe}" Name="CellListPanel" NameCreate="True" Type="WZUIContainer" UseAbsSize="True">
        <WZUIContainer AbsContentSize="502,207" GUID="{48744fc1-1f84-4ea3-82c1-a93957f9a512}" RelativePosition="0.5,1" Type="WZUIContainer" UseAbsSize="True" AbsPosition="246,395.25" Name="conTime_CellListPanel" AnchorPoint="0.5,1">
            <WZUIImage Type="WZUIImage" GUID="{6dc39c30-45bc-4560-9d86-c466d8da7053}" Name="imgContent_CellListPanel" File="ui/gameActivity/activity_pic_djcb.png" />
            <WZUIContainer AbsContentSize="500,40" GUID="{42ed388f-8d8f-41d9-949b-7815ff5a1c49}" RelativePosition="0,1" Type="WZUIContainer" UseAbsSize="True" AbsPosition="246,395.25" Name="conCurJifen_CellListPanel" AnchorPoint="0,1">
                <WZUI9Image Type="WZUI9Image" GUID="{ef2472cf-021d-4f61-81d9-127a2b76dc04}" File="ui/common/common_scale9_heidi7.png" />
                <WZUILabelTTF AnchorPoint="0,0.5" Color="255,227,116" FontSize="22" GUID="{7528ca08-e980-4c05-bb7a-0650a7d4a872}" Name="txt_activity_day_key" RelativePosition="0.05,0.5" Text="活动剩余" Type="WZUILabelTTF" EnableStroke="True" StrokeSize="4" StrokeColor="128,54,13" />
                <WZUILabelTTF AnchorPoint="0,0.5" Color="255,89,74" FontSize="22" GUID="{245252e8-48f3-4d76-b00d-b54d53aa7186}" Name="txt_activity_day_value" RelativePosition="0.28,0.5" Text="9天" Type="WZUILabelTTF" StrokeColor="158,0,0" StrokeSize="4" EnableStroke="True" />
            </WZUIContainer>
            <Button Type="WZUIButton" GUID="{e71c848f-0682-44ba-ad39-f1b77648ac3f}" AbsContentSize="80,80" UseAbsSize="True" RelativePosition="0.97,0.862367" LuaDoneFunctionName="onClickInfo" LuaActionName="Normal">
                <NormalElement Type="WZUIContainer" GUID="{43017d8d-669f-4f91-a6bc-850e238d7a0d}" RelativePosition="0.4875,0.65">
                    <WZUIImage Type="WZUIImage" GUID="{fc91e745-d692-43e0-bbb7-7006abaf54db}" File="ui/common/common_icon_gth.png" UseOriginSize="True" />
                </NormalElement>
                <SelectElement Type="WZUIContainer" GUID="{f0ec3217-95f4-497f-a13d-66f73b516555}" RelativePosition="0.4875,0.65">
                    <WZUIImage Type="WZUIImage" GUID="{da74a092-ea45-4b6f-9ebb-46d4ffd905e4}" File="ui/common/common_icon_gth.png" UseOriginSize="True" />
                </SelectElement>
                <DisableElement Type="WZUIContainer" GUID="{08858010-1810-47c8-8c5e-b11373a3c73c}" />
            </Button>
            <Button Type="WZUIButton" GUID="{0a85bd3e-97a1-4658-b106-f352291c0bb7}" AbsContentSize="150,60" UseAbsSize="True" RelativePosition="0.91,0.05" LuaDoneFunctionName="onClickList" LuaActionName="Normal" Name="btnList_CellListPanel" Visible="False">
                <NormalElement Type="WZUIContainer" GUID="{84090dfd-b60f-4dcc-b914-1d249598d95b}" RelativePosition="0.4875,0.65">
                    <WZUIImage Type="WZUIImage" GUID="{f31942de-bb00-4bb8-a233-d0043b1b0ba1}" File="ui/common/common_icon_pwspmxq.png" UseOriginSize="True" />
                </NormalElement>
                <SelectElement Type="WZUIContainer" GUID="{74af63b6-a86d-4f21-82a3-8efc50b717ee}" RelativePosition="0.4875,0.65">
                    <WZUIImage Type="WZUIImage" GUID="{5147a7bb-6cd1-4d0d-9648-8af827654c38}" File="ui/common/common_icon_pwspmxq.png" UseOriginSize="True" />
                </SelectElement>
                <DisableElement Type="WZUIContainer" GUID="{3f5ee75c-e3af-4fbc-826e-247ac64b4962}" />
            </Button>
        </WZUIContainer>
        <WZUIContainer AbsContentSize="486,218" GUID="{07e3dc73-81ab-469f-a09d-51eba6b1600c}" RelativePosition="0.5,0.272305" Type="WZUIContainer" UseAbsSize="True">
            <WZUIFreeListContainer AbsContentSize="486,218" EnableHideUnvisible="True" EnableMoveHorizontal="False" GUID="{c8ee06dd-ae73-4c50-a1cd-0b91c7dfa10e}" ListItemInterval="6" Name="flconRewardList" Type="WZUIFreeListContainer" UseAbsSize="True" Visible="True" AnchorPoint="0.5,0" RelativePosition="0.5,0" />
        </WZUIContainer>
    </WZUIContainer>
</CellListPanel>
