﻿<CellFootballGuessResult GUID="{23157ee1-7fe3-4727-9bc2-54bcc23494bd}">
    <WZUIContainer Type="WZUIContainer" GUID="{5c89f5e3-4aa3-4f54-bee2-93e92d9bf317}" Name="CellFootballGuessResult" NameCreate="True" AbsContentSize="582,98" UseAbsSize="True">
        <WZUIContainer Type="WZUIContainer" GUID="{a787253f-f9bc-4896-9698-7fe5f1642c2b}">
            <WZUI9Image Type="WZUI9Image" GUID="{ac8de014-cc2f-4a68-af49-51f936d8add0}" File="ui/football/football_frame_009.png" />
            <WZUIContainer Type="WZUIContainer" GUID="{bf29e422-2aff-4059-af0a-78ae0dd88e08}" Name="conHead_CellFootballGuessResult" AbsContentSize="160,98" UseAbsSize="True" RelativePosition="0,0.490634" AnchorPoint="0,0.5">
                <WZUILabelTTF Type="WZUILabelTTF" GUID="{70121b8d-47f3-4aa8-96b1-131dd02ca810}" FontSize="18" Color="255,255,255" AnchorPoint="0.5,0.5" Name="txtName1_CellFootballGuessResult" RelativePosition="0.5,0.75" Text="哈哈哈哈哈哈" StrokeColor="38,96,174" StrokeSize="4" EnableStroke="True" />
                <WZUILabelTTF Type="WZUILabelTTF" GUID="{1e3410fe-9fc5-4fc8-ac6a-5287323750f4}" FontSize="18" Color="255,89,74" AnchorPoint="0.5,0.5" Name="" RelativePosition="0.5,0.5" Text="VS" StrokeColor="38,96,174" StrokeSize="4" EnableStroke="True" />
                <WZUILabelTTF Type="WZUILabelTTF" GUID="{0d69364d-8aaa-4191-897a-4f6a97facbae}" FontSize="18" Color="255,255,255" AnchorPoint="0.5,0.5" Name="txtName2_CellFootballGuessResult" RelativePosition="0.5,0.25" Text="哈哈哈哈哈哈" EnableStroke="True" StrokeColor="38,96,174" StrokeSize="4" />
                <WZUIImage Type="WZUIImage" GUID="{ec630598-087e-4d39-aa52-9453fe248878}" File="ui/football/football_pattern_003.png" UseOriginSize="True" RelativePosition="1.00032,0.5" />
            </WZUIContainer>
            <WZUIContainer Type="WZUIContainer" GUID="{1b9f5256-07db-44cc-b178-54c0c9badbca}" AbsContentSize="310,98" UseAbsSize="True" RelativePosition="0.542955,0.5">
                <WZUILabelTTF Type="WZUILabelTTF" GUID="{33c662f2-b65b-43e8-9254-63ebff5dcc33}" FontSize="18" Color="38,96,174" AnchorPoint="0,0.5" Name="txtNum1_CellFootballGuessResult" RelativePosition="0.01,0.75" Text="12345678" />
                <WZUILabelTTF Type="WZUILabelTTF" GUID="{c9fedf4a-6a7d-49bf-8eec-a6eb5e8fbbc2}" FontSize="18" Color="38,96,174" AnchorPoint="0,0.5" Name="txtNum2_CellFootballGuessResult" RelativePosition="0.01,0.5" Text="12345678" />
                <WZUILabelTTF Type="WZUILabelTTF" GUID="{9f291e22-a7e2-4ede-8d79-0abd7be57be8}" FontSize="18" Color="38,96,174" AnchorPoint="0,0.5" Name="txtNum3_CellFootballGuessResult" RelativePosition="0.01,0.25" Text="12345678" />
                <WZUIImage Type="WZUIImage" GUID="{1d5ef710-bd08-469a-aace-25ea2ef35df2}" File="ui/football/football_pattern_003.png" UseOriginSize="True" RelativePosition="0.994435,0.5" />
            </WZUIContainer>
            <WZUIContainer Type="WZUIContainer" GUID="{14ede15e-1051-4ef5-8b84-2eb623a1dbe1}" AbsContentSize="110,98" UseAbsSize="True" AnchorPoint="1,0.5" RelativePosition="1,0.5">
                <WZUILabelTTF Type="WZUILabelTTF" GUID="{8d2fdf8b-7686-47d6-83c6-331fd568e876}" FontSize="18" Color="38,96,174" AnchorPoint="0.5,0.5" Name="" RelativePosition="0.5,0.65" Text="12345678" TextKey="FOOTBALL_RESULT" />
                <WZUILabelTTF Type="WZUILabelTTF" GUID="{8422ebcf-afa5-46e4-9a79-44f35af95734}" FontSize="18" Color="38,96,174" AnchorPoint="0.5,0.5" Name="txtNum4_CellFootballGuessResult" RelativePosition="0.5,0.35" Text="12345678" />
            </WZUIContainer>
        </WZUIContainer>
    </WZUIContainer>
</CellFootballGuessResult>
