<?xml version="1.0"?>
<CellStarSoul GUID="{43188C2A-D4F5-4f83-8C54-8362D1C2ADCD}">
	<WZUIContainer Type="WZUIContainer" GUID="{DBE66358-2EE1-4c9b-BC4E-BE4F1814D6E2}" Name="CellStarSoul" NameCreate="True" AbsContentSize="100,100" UseAbsSize="True" UseAbsCoordinate="False">
		<WZUIContainer Type="WZUIContainer" GUID="{DA82BF91-9EBD-4eaf-B74E-BBC8E814C0AC}">
			<WZUISpine Type="WZUISpine" GUID="{5EFB54A7-8E41-4f6a-A85D-A842AEBA64CF}" FileAtlas="ui/ui_xinghun.atlas" FileJson="ui/ui_xinghun.json" AnimationName="shuangyu_lock" RelativePosition="0.5,1.26" AbsPosition="50,126" Loop="True" Name="spineStar_CellStarSoul" TouchEnable="False" TouchSwallow="False" />
		</WZUIContainer>
		<WZUIContainer Type="WZUIContainer" GUID="{D622ABD7-3496-4aab-85A3-93B13850A0A8}" AbsContentSize="200,170" Visible="True" UseAbsSize="True" RelativePosition="0.5,0.33" Name="conNextStar_CellStarSoul" AbsPosition="50,33" TouchEnable="False" TouchSwallow="False">
			<WZUILabelTTF Type="WZUILabelTTF" GUID="{AEE3DEBA-9F37-4a4b-A299-870D34FB290E}" FontSize="24" Color="99,255,95" EnableStroke="True" StrokeColor="3,111,8" StrokeSize="4" Name="txtStarName_CellStarSoul" AnchorPoint="0.5,1" RelativePosition="0.5,0.935" AbsPosition="100,187" />
			<WZUIContainer Type="WZUIContainer" GUID="{97E145A1-65C4-46db-A971-FD330F053FCF}" AbsContentSize="200,60" UseAbsSize="True" AnchorPoint="0.5,0" RelativePosition="0.5,0.1" AbsPosition="100,20">
				<WZUILabelTTF Type="WZUILabelTTF" GUID="{1C8E2ADC-35FB-4166-9326-9A028B70E9BC}" Color="233,166,62" FontSize="22" AnchorPoint="0,0.5" RelativePosition="0.3,0.73" Name="txtPropertyName_CellStatSoul" EnableStroke="True" StrokeSize="4" StrokeColor="105,65,46" />
				<WZUILabelTTF Type="WZUILabelTTF" GUID="{2CE1BB10-CF2D-48b5-84E5-C78011C68445}" Color="99,255,95" FontSize="24" Name="txtPropertyValue_CellStarSoul" AnchorPoint="1,0.5" RelativePosition="0.75,0.73" EnableStroke="True" StrokeColor="0,72,3" StrokeSize="4" />
				<WZUILabelTTF Type="WZUILabelTTF" GUID="{F7821492-27D8-4842-89D3-3483F3EA22FC}" Color="233,166,62" FontSize="22" AnchorPoint="0,0.5" RelativePosition="0.3,0.27" Name="txtNeedName_CellStatSoul" EnableStroke="True" StrokeColor="105,65,46" StrokeSize="4" />
				<WZUILabelTTF Type="WZUILabelTTF" GUID="{E23BF1E6-0405-4511-885D-3C97F90B6697}" Color="255,236,193" FontSize="24" Name="txtNeedValue_CellStarSoul" AnchorPoint="1,0.5" RelativePosition="0.75,0.27" StrokeColor="105,65,46" StrokeSize="4" EnableStroke="True" />
				<WZUIContainer Type="WZUIContainer" GUID="{3A0D56EF-E801-491a-9299-11AE26D8B3B9}" AbsContentSize="40,40" UseAbsSize="True" AnchorPoint="0,0.5" RelativePosition="0.74,0.32" AbsPosition="150,19">
					<WZUIImage Type="WZUIImage" GUID="{E71E4A40-C264-4952-9C5F-BA90F1719657}" Name="imgCoins_CellStarSoul" />
				</WZUIContainer>
			</WZUIContainer>
		</WZUIContainer>
		<WZUIButton Type="WZUIButton" GUID="{2C2E4CEE-5771-42ef-94BE-4D9741269FCA}" LuaDoneFunctionName="onClickCallBack">
			<NormalElement Type="WZUIContainer" GUID="{A8403896-A399-4810-BC66-BBAF550ECBC4}" />
			<SelectElement Type="WZUIContainer" GUID="{AD990A5E-D84D-4e42-8296-9D88FA1353C7}" />
			<DisableElement Type="WZUIContainer" GUID="{098C2984-A155-4662-B65D-E414A0AECA8C}" />
		</WZUIButton>
	</WZUIContainer>
</CellStarSoul>
