﻿<?xml version="1.0" ?>
<CellActivityGifPanel GUID="{AA97692B-F237-431a-96DB-1400A298050A}">
    <WZUIContainer Type="WZUIContainer" GUID="{DC5DB059-5E92-4f15-82B8-B47EF3E77DC5}" LuaObjectName="CellActivityGifPanel" Name="CellActivityGifPanel" AbsContentSize="502,453" UseAbsSize="True">
        <WZUIImage Type="WZUIImage" GUID="{290284A2-599C-439c-8F49-1A32AF9B3A43}" File="ui/gameActivity/activity_pic_rmjxth.png" UseOriginSize="True" AnchorPoint="0,1" RelativePosition="0,1" ScaleX="1.5" Scale="1.008" ScaleY="1.016" />
        <WZUIContainer Type="WZUIContainer" GUID="{FBDC4DF0-E06C-44f6-8791-E7A9BC7C7723}" AbsContentSize="490,45" UseAbsSize="True" RelativePosition="0.5,0.75">
            <WZUILabelTTF Type="WZUILabelTTF" GUID="{A8D32278-E6DD-44cd-9A48-2980282CB902}" Text="1245-4512" Color="255,227,116" EnableStroke="True" FontSize="22" StrokeSize="2" StrokeColor="128,54,13" RelativePosition="0.95,0.5" Alignment="Left" AnchorPoint="1,0.5" Name="txtActivityOpenTime_CellActivityGifPanel" />
        </WZUIContainer>
        <WZUIContainer Type="WZUIContainer" GUID="{dc8fd042-25e8-4e62-9b45-273adf41975c}" AbsContentSize="180,40" UseAbsSize="True" RelativePosition="0.77,0.07">
            <WZUILabelTTF Type="WZUILabelTTF" GUID="{ab3e1999-0d78-48a7-9509-932715d02087}" Text="礼包可购买" Color="195,171,148" EnableStroke="False" FontSize="22" StrokeSize="4" StrokeColor="105,65,46" RelativePosition="0.05,0.475" Alignment="Left" AnchorPoint="0,0.5" Name="txtBuyTimesTips_1_CellActivityGifPanel" LabelStyleKey="" TextKey="CAN_BUY_GIFT">
                <WZUILabelTTF Type="WZUILabelTTF" GUID="{8c8b9805-9c4e-47b9-a5b1-fbd41a29a330}" Text="19" Color="195,171,148" EnableStroke="False" FontSize="22" StrokeSize="4" StrokeColor="128,54,13" RelativePosition="1,0.5" Alignment="Left" AnchorPoint="0,0.5" Name="txtBuyTimesNum_CellActivityGifPanel">
                    <WZUILabelTTF Type="WZUILabelTTF" GUID="{40241347-3382-43f7-9e9b-69bf0ca27f13}" Text="次" Color="195,171,148" EnableStroke="False" FontSize="22" StrokeSize="4" StrokeColor="105,65,46" RelativePosition="1,0.5" Alignment="Left" AnchorPoint="0,0.5" Name="txtBuyTimesTips_2_CellActivityGifPanel" TextKey="SHOP_CISHU" />
                </WZUILabelTTF>
            </WZUILabelTTF>
        </WZUIContainer>
        <WZUIContainer Type="WZUIContainer" GUID="{34de0dbb-7c90-455b-8ca5-361c35367cdc}" AbsContentSize="160,45" UseAbsSize="True" AnchorPoint="0.5,0.5" RelativePosition="0.7655,0.325">
            <WZUIImage Type="WZUIImage" GUID="{3eb4b2c8-bfbe-4f89-a1d8-497a398135d1}" File="" UseOriginSize="True" RelativePosition="0.32,0.5" Scale="0.8" Name="imgCostIcon_CellActivityGifPanel" />
            <WZUILabelTTF Type="WZUILabelTTF" GUID="{692111af-710f-49a2-a9e5-e28de0220bdd}" FontSize="24" Text="800000" Color="255,227,116" EnableStroke="True" StrokeColor="127,70,26" StrokeSize="4" Name="txtCostValue_CellActivityGifPanel" AnchorPoint="0,0.5" Alignment="Left" RelativePosition="0.42,0.5" />
        </WZUIContainer>
        <WZUIContainer Type="WZUIContainer" GUID="{cb7be578-fc2f-4781-aaa0-5ea65e59d10c}" AbsContentSize="126,65" UseAbsSize="True" RelativePosition="0.77,0.18">
            <Button Type="WZUIButton" GUID="{09a0e648-8ac8-4acd-a7fd-c70d392e6e64}" LuaDoneFunctionName="event_BuyTimes" UseAbsSize="False" Name="btnGetReward_CellActivityGifPanel" LuaActionName="Normal">
                <NormalElement Type="WZUIContainer" GUID="{ce793be2-37f7-4d0b-918d-343e70c0719c}">
                    <WZUIImage Type="WZUIImage" GUID="{8897382b-ed3c-4bb1-88ce-eb32cf6920c6}" File="ui/common/common_btn_anniu3_1.png" UseOriginSize="True" Scale="1" RelativePosition="0.5,0.5" />
                    <WZUILabelTTF Type="WZUILabelTTF" GUID="{1c1f6053-7d85-4b84-ae33-4a3ec1628920}" Color="255,236,193" EnableStroke="True" FontSize="24" Text="" RelativePosition="0.5,0.5" Name="txtBuylabel_1_CellActivityGifPanel" RelativeSize="1,1" StrokeSize="2" StrokeColor="3,111,8" LabelStyleKey="NORMAL_ORANGE_BTN" TextKey="BUY_NOW" />
                </NormalElement>
                <SelectElement Type="WZUIContainer" GUID="{1342a933-dd93-4e26-8b60-cea8f9030035}">
                    <WZUIImage Type="WZUIImage" GUID="{e8550b76-8276-4fbe-bb4c-ead856195adc}" File="ui/common/common_btn_anniu3_1_sel.png" UseOriginSize="True" Scale="1" RelativePosition="0.5,0.5" />
                    <WZUILabelTTF Type="WZUILabelTTF" GUID="{b43285e0-e77e-414a-a3a0-2fe02c414b9e}" Color="255,236,193" EnableStroke="True" FontSize="24" Text="" RelativePosition="0.5,0.5" Name="txtBuylabel_2_CellActivityGifPanel" StrokeColor="3,111,8" StrokeSize="2" LabelStyleKey="NORMAL_ORANGE_BTN" TextKey="BUY_NOW" />
                </SelectElement>
                <DisableElement Type="WZUIContainer" GUID="{35f710e4-bf1f-481f-95a2-840a14c4cfa7}">
                    <WZUIImage Type="WZUIImage" GUID="{9a6d2629-9ddf-41b3-8986-7e85b7835b2d}" File="ui/common/common_btn_anniu3_1.png" UseOriginSize="True" Scale="1" RelativePosition="0.5,0.5" GrayRender="True" />
                    <WZUILabelTTF Type="WZUILabelTTF" GUID="{07572bf4-3f1f-4523-8138-85050179828a}" Color="255,236,193" EnableStroke="True" FontSize="24" Text="" RelativePosition="0.5,0.5" Name="txtBuylabel_3_CellActivityGifPanel" StrokeColor="3,111,8" StrokeSize="2" LabelStyleKey="NORMAL_GRAY_BTN" TextKey="BUY_NOW" />
                </DisableElement>
            </Button>
        </WZUIContainer>
        <WZUIContainer Type="WZUIContainer" GUID="{18781179-b64b-4412-b55f-29a877d9e82e}" AbsContentSize="90,90" UseAbsSize="True" RelativePosition="0.77,0.48" Name="conItem_CellActivityGifPanel" />
        <WZUILabelTTF Type="WZUILabelTTF" GUID="{b3525dfe-a9b8-48a8-afcc-909a8a776b00}" Text="dahfdshfds" Color="255,227,116" EnableStroke="False" FontSize="22" StrokeSize="4" StrokeColor="128,54,13" RelativePosition="0.77,0.59" Alignment="Left" AnchorPoint="0.5,0" Name="txtGiftName_CellActivityGifPanel" />
    </WZUIContainer>
</CellActivityGifPanel>
