<CellAdvertising GUID="{c5f38cf5-4e80-45c6-a08c-f254cec99244}">
    <WZUIContainer Type="WZUIContainer" GUID="{ab718396-2f11-41e4-a41e-236e82faef74}" LuaObjectName="" Name="CellAdvertising" ShowAll="False">
        <WZUIContainer Type="WZUIContainer" GUID="{cc970451-dcdb-47b5-9976-c7c9ba992e57}" AbsContentSize="502,453" UseAbsSize="True">
            <WZUIContainer Type="WZUIContainer" GUID="{4774af80-35e2-4073-a40d-e49e89179503}" UseAbsSize="True" AbsContentSize="499,446" RelativePosition="0.5,0.5" Visible="True">
                <Button Type="WZUIButton" GUID="{2a268934-8187-4a03-8d50-a8350b2f1f12}" LuaDoneFunctionName="onJump">
                    <NormalElement Type="WZUIContainer" GUID="{bcd0e290-b57f-4f9a-9d2e-0d2c74239ddd}" />
                    <SelectElement Type="WZUIContainer" GUID="{a3d633d7-2918-4f05-b9ec-f42f7809bf08}" />
                    <DisableElement Type="WZUIContainer" GUID="{ad749a9c-b5f7-462c-9282-a632918e1eb4}" />
                </Button>
            </WZUIContainer>
        </WZUIContainer>
        <WZUIImage Type="WZUIImage" GUID="{30270dc6-6048-41ea-b158-e3d735abfeee}" UseOriginSize="True" Name="img_WndAdvertising" File="" Scale="1" RelativePosition="0.5,0.5" TouchEnable="False" TouchSwallow="False" />
        <WZUIContainer Type="WZUIContainer" GUID="{8fe7d151-f6eb-4b80-95dc-f73d3d334f7f}" Name="conCover" TouchEnable="False" TouchSwallow="False">
            <Button Type="WZUIButton" GUID="{8a3f6941-55d8-4a1a-922f-f9a28f9d58e6}">
                <NormalElement Type="WZUIContainer" GUID="{ac6b0340-aaf5-436e-b6a1-480e5bc4eef9}" />
                <SelectElement Type="WZUIContainer" GUID="{b31900d0-17d2-45b0-a36b-0a39f7d1e5ff}" />
                <DisableElement Type="WZUIContainer" GUID="{8bec4668-033b-4c67-bace-f6a296cb9e74}" />
            </Button>
            <WZUISpine Type="WZUISpine" GUID="{02b6c381-a18b-4aa5-abb3-8a7e0ddec642}" FileAtlas="ui/guanggaojiazai.atlas" FileJson="ui/guanggaojiazai.json" AnimationName="animation" Loop="True" RelativePosition="0.5,0.5" GrayRender="False" />
        </WZUIContainer>
    </WZUIContainer>
</CellAdvertising>
