﻿<CellPhantom GUID="{97ccb63d-41ee-43a3-81d6-f58d25accce4}">
    <WZUIContainer AbsContentSize="110,155" GUID="{c1588409-d20c-4e38-bb3c-fad0d17d08db}" LuaObjectName="CellPhantom" Name="CellPhantom" NameCreate="True" Type="WZUIContainer" UseAbsSize="True">
        <WZUIContainer Type="WZUIContainer" GUID="{8b02e414-42d1-4e93-b585-4e6b274b4508}" AbsContentSize="115,160" UseAbsSize="True" RelativePosition="0.5,0.487097" TouchEnable="False" Visible="True" Order="11">
            <WZUI9Image Type="WZUI9Image" GUID="{b9742e75-7d5b-4589-bf3b-3a3720210146}" File="ui/common/common_scale9_beibaodi_sel.png" Name="imgHighlight_CellPhantom" TouchEnable="False" RelativePosition="0.5,0.5" Visible="False" />
            <WZUIImage Type="WZUIImage" GUID="{0c641281-687d-4080-aaeb-6a70cc585e62}" Name="imgEquiped_CellPhantom" File="ui/common/common_icon_shiyongzhong.png" UseOriginSize="True" RelativePosition="0.762609,0.82" TouchEnable="False" TouchSwallow="False" Visible="False" />
            <WZUIImage Type="WZUIImage" GUID="{80f4c409-382f-4548-b864-417d19db04f0}" Name="imgExperience_CellPhantom" File="ui/common/common_icon_tiyan1.png" UseOriginSize="True" RelativePosition="0.277187,0.898749" TouchEnable="False" TouchSwallow="False" Visible="True" />
        </WZUIContainer>
        <WZUIContainer Type="WZUIContainer" GUID="{025bfca8-0dab-4806-a1d6-e22dcc8ecb05}" AbsContentSize="110,155" UseAbsSize="True" RelativePosition="0.5,0.5" TouchEnable="False" Visible="True" Order="0">
            <WZUI9Image Type="WZUI9Image" GUID="{dbb23084-c1fa-4a13-a8df-4bb37f131315}" File="ui/common/common_scale9_beibaodi.png" Visible="True" />
            <WZUIImage Type="WZUIImage" GUID="{d6ca80a4-4a10-43c1-8fcd-3bc61372a446}" File="ui/phantom/common_scale9_pfdi.png" UseOriginSize="True" Scale="1" ScaleX="1.1" ScaleY="0.9" Visible="True" RelativePosition="0.5,0.09" Order="2" />
            <WZUI9Image Type="WZUI9Image" GUID="{5d2c491b-de8c-47e9-8121-b39070a39ddd}" File="ui/common/huanhua_scale9_lv.png" UseOriginSize="False" Name="imgQuality" Order="5" />
            <WZUIImage Type="WZUIImage" GUID="{639de1db-8798-4bf9-b113-593982f45d2f}" Name="imgMonster" File="ui/card/boss_0002.png" UseOriginSize="True" Scale="1" RelativePosition="0.5,0.98" ScaleX="1" ScaleY="1" AnchorPoint="0.5,1" Order="1" />
        </WZUIContainer>
        <WZUIButton Type="WZUIButton" LuaDoneFunctionName="onCheck" GUID="{7d1ffa90-c7eb-4b36-bd19-45348812907d}" Order="100">
            <NormalElement Type="WZUIContainer" TouchContainerEnable="True" GUID="{d6e3acd0-70d3-4091-a606-dd5941ecf8f4}" />
            <SelectElement Type="WZUIContainer" TouchContainerEnable="True" GUID="{0f29d0a7-8329-4ea2-9b4e-85cc6f8a595e}" />
            <DisableElement Type="WZUIContainer" TouchContainerEnable="True" GUID="{d9c3af07-736a-4567-831d-34aa046c2aef}" />
        </WZUIButton>
        <WZUIContainer AbsContentSize="110,155" AnchorPoint="0.5,0.5" GUID="{0c65c56e-7dc6-4d8f-8e76-7edd9b7c2a4b}" RelativePosition="0.5,0.5" Type="WZUIContainer" UseAbsSize="True" Visible="True" TouchEnable="False" TouchSwallow="False" Order="3">
            <WZUIContainer Type="WZUIContainer" GUID="{961d650b-2fcb-4986-ab7e-2f33a1f7e67d}" UseAbsSize="True" AbsContentSize="112,50" RelativePosition="0.5,0.287097" Order="2" TouchEnable="False" TouchSwallow="False">
                <WZUI9Image Type="WZUI9Image" GUID="{744b30ef-766c-4f33-9b02-c1d9f281c9e3}" File="ui/common/common_scale9_heidi2.png" UseOriginSize="True" ScaleX="0.32" ScaleY="0.72" />
                <WZUILabelTTF Alignment="Center" AnchorPoint="0.5,0.5" BoldFont="True" Color="79,60,48" FontSize="22" GUID="{51f57949-791e-4b87-a33f-89adcfac46fa}" MaxLength="10" Name="ttfName_CellPhantom" Order="1" RelativePosition="0.5,0.3" Text="" Type="WZUILabelTTF" TouchEnable="False" AbsPosition="114,67" Visible="True" EnableStroke="True" StrokeColor="79,60,48" StrokeSize="2" LabelStyleKey="C1_F18" />
                <WZUILabelTTF Alignment="Center" AnchorPoint="0.5,0.5" BoldFont="True" Color="99,255,95" FontSize="18" GUID="{9a0c0202-7a49-4c88-8e84-c64ab13bd76e}" MaxLength="10" Name="ttfQuality_CellPhantom" Order="1" RelativePosition="0.5,0.66" Text="" Type="WZUILabelTTF" TouchEnable="False" AbsPosition="114,67" Visible="True" EnableStroke="True" StrokeColor="79,60,48" StrokeSize="2" LabelStyleKey="" />
                <WZUILabelTTF Type="WZUILabelTTF" GUID="{bbac4b5a-68a0-4746-8e04-e9168eb88d4c}" TextKey="SKINSKILL5" LabelStyleKey="C11_F16" RelativePosition="0.516142,-0.112769" Name="txtMax" Visible="False" />
            </WZUIContainer>
            <WZUIContainer Type="WZUIContainer" GUID="{bef45c70-9505-4f21-978f-94a79dd63d10}" Name="conPublish" Visible="True" Scale="1" RelativePosition="0.5,0.0642857" ScaleX="1" ScaleY="1">
                <WZUIImage Type="WZUIImage" GUID="{79fa2fc7-d582-4c51-8858-150dff029ca7}" File="ui/combat/battle_progress_jindutiao_bg.png" UseOriginSize="True" RelativePosition="0.55,0.53" TouchEnable="False" ScaleX="0.5" Scale="0.5" ScaleY="0.5" />
                <WZUIProgress Type="WZUIProgress" GUID="{79f2b4ee-4453-42f5-aaea-1422ea9c718c}" BgPicture="ui/combat/battle_progress_lv_fore.png" UseOriginSize="True" RelativePosition="0.55,0.53" Percentage="0" Name="progressBar" TouchEnable="False" ScaleX="0.5" Scale="0.5" ScaleY="0.5" />
                <WZUILabelTTF Type="WZUILabelTTF" GUID="{49a1b348-1376-49a7-8830-fb3124682e7c}" Color="255,255,255" BoldFont="True" FontSize="18" Text="" StrokeSize="4" EnableStroke="True" RelativePosition="0.58,0.526" ShadowColor="136,66,29" StrokeColor="105,65,46" TextKey="" Name="txtProgress" LabelStyleKey="C18_F16_S4_C2" Scale="0.8" ScaleX="0.8" ScaleY="0.8" />
                <WZUIImage Type="WZUIImage" GUID="{5a370f55-8719-4867-8a8d-449a9ca0c38d}" File="ui/common/common_icon_suipian.png" UseOriginSize="True" RelativePosition="0.125,0.54" Scale="0.6" ScaleX="0.6" ScaleY="0.6" />
            </WZUIContainer>
        </WZUIContainer>
    </WZUIContainer>
</CellPhantom>
