<?xml version="1.0"?>
<CellPetRaffle GUID="{0EC59EC8-C1DD-4a06-92D7-EAA859BB4883}">
	<WZUIContainer Type="WZUIContainer" GUID="{8EEEE635-2225-4cc5-BD16-2D1AF3DEA77C}" Name="CellPetRaffle" UseAbsSize="True" AbsContentSize="240,420">
		<WZArmature Type="WZArmature" GUID="{01BE1FB6-1D53-46d7-A07F-1240EA51FB4E}" ArmatureFile="ui/ui_chongwu_huode_01.xml" ArmatureName="ui_chongwu_huode_01" Name="armAddStar_CellPetRaffle" InitPlayId="1" Visible="False" IsAsyncLoad="False" UseOriginSize="True" RelativePosition="0.5,0.28561" AnchorPoint="0.5,0" Scale="1" />
		<WZUIContainer Type="WZUIContainer" GUID="{39FD9196-71E1-47f5-8005-5EB8E52FCFD4}" AbsContentSize="240,280" UseAbsSize="True" RelativePosition="0.5,0.54" Name="conOnePet_CellPetRaffle" Visible="False">
			<WZUIContainer Type="WZUIContainer" GUID="{A5311F2C-6D07-4b67-A2FA-311A1BFC5688}" RelativePosition="0.492681,-0.0499997" AnchorPoint="0.5,0" Visible="True">
				<WZUIImage Type="WZUIImage" GUID="{DF04EF80-7530-44d6-828D-EE7A94E1787D}" Rotation="-1" File="ui/pet/pet_light_00.png" Scale="1" UseOriginSize="True" RelativePosition="0.5,0.5" Name="imgOneLight_CellPetRaffle" Visible="True">
					<Action Type="WZUIActionRotateBy" GUID="{B7DB9447-105D-4be8-881F-738FBD84EED9}" Angle="360" Duration="20" IsLoop="True" />
				</WZUIImage>
				<WZUIImage Type="WZUIImage" GUID="{ABB49BCF-B49B-4b15-AE81-531BEFB78618}" Name="imgOneStar_CellPetRaffle" File="ui/pet/dan_starlight_00.png" UseOriginSize="True" isValid="True" Visible="False" />
				<WZUIContainer Type="WZUIContainer" GUID="{146BC82F-2BD4-4464-B0E4-66715935B1D0}" AbsContentSize="240,240" UseAbsSize="True" RelativePosition="0.5,0.5" Name="conPetAnim_CellPetRaffle" />
			</WZUIContainer>
			<WZUIContainer Type="WZUIContainer" GUID="{A071F04F-8111-41dd-92C0-076398BEA558}" AbsContentSize="300,65" UseAbsSize="True" RelativePosition="0.470833,0" Name="conPetInfo_CellPetRaffle" Visible="True">
				<WZUIImage Type="WZUIImage" GUID="{30E89163-EDC5-4302-8CE5-7E7A936F12B8}" File="ui/common/common_scale9_heidi2.png" Opacity="204" RelativePosition="0.5,0.5" ScaleY="1.0" Name="imgPetName_CellPetRaffle" />
				<WZUIContainer Type="WZUIContainer" GUID="{1C17375F-B4A8-4444-9C40-52B5F8526FDC}" AbsContentSize="180,40" UseAbsSize="True" RelativePosition="0.5,1.09231" TouchEnable="False" Name="conAptitude_CellPetRaffle" AnchorPoint="0.5,1" AbsPosition="150,71.0001">
					<WZUIImage Type="WZUIImage" GUID="{C6DBBE92-BB0D-406a-96CD-DC532C8F079C}" Name="imgAptitude4_CellPetRaffle" File="ui/common/common_icon_xingxing2.png" UseOriginSize="True" RelativePosition="0.1,0.5" Scale="0.6" />
					<WZUIImage Type="WZUIImage" GUID="{170D9061-E859-40c8-8D9D-F3DC2989BC4C}" Name="imgAptitude2_CellPetRaffle" File="ui/common/common_icon_xingxing2.png" UseOriginSize="True" RelativePosition="0.3,0.5" Scale="0.6" />
					<WZUIImage Type="WZUIImage" GUID="{B7403008-EFC3-4d90-8058-B70EBC062E18}" Name="imgAptitude1_CellPetRaffle" File="ui/common/common_icon_xingxing2.png" UseOriginSize="True" RelativePosition="0.5,0.5" Scale="0.6" />
					<WZUIImage Type="WZUIImage" GUID="{ACF02D44-853A-4f8a-819D-2B69B12FFF0C}" Name="imgAptitude3_CellPetRaffle" File="ui/common/common_icon_xingxing2.png" UseOriginSize="True" RelativePosition="0.7,0.5" Scale="0.6" />
					<WZUIImage Type="WZUIImage" GUID="{DE6BF02D-7256-4f50-A9C2-B30784D127F8}" Name="imgAptitude5_CellPetRaffle" File="ui/common/common_icon_xingxing2.png" UseOriginSize="True" RelativePosition="0.9,0.5" Scale="0.6" />
				</WZUIContainer>
				<WZUIFreeTextBox Type="WZUIFreeTextBox" GUID="{3A5FDB3E-9A0E-455c-BB40-D26B6C85080E}" Name="txtPetName_CellPetRaffle" AnchorPoint="0.5,0.5" RelativePosition="0.5,0.32" MaxWidth="300" AbsPosition="150,20.8" ShowText="" />
			</WZUIContainer>
		</WZUIContainer>
		<WZUIContainer Type="WZUIContainer" GUID="{C1A96C47-92A8-40ce-BCA3-1997780F156D}" RelativePosition="0.5,0.0333333" AbsContentSize="130,66" UseAbsSize="True" Name="conTenButton_CellPetRaffle" Visible="False">
			<WZUIButton Type="WZUIButton" GUID="{B53F6095-0538-4756-9278-A3B4A0496848}" AbsContentSize="116,56" UseAbsCoordinate="False" UseAbsSize="False" RelativePosition="0.5,0.5" Name="" LuaDoneFunctionName="onReturnClick" LuaActionName="Normal">
				<NormalElement Type="WZUIContainer" GUID="{99068835-0F6B-4d0d-8025-330E2A975967}">
					<WZUI9Image Type="WZUI9Image" GUID="{00A71866-616F-417c-B49D-FAB69A5156A1}" File="ui/common/common_btn_anniu10.png" />
				</NormalElement>
				<SelectElement Type="WZUIContainer" GUID="{22371A66-45D6-4ada-B249-E467A5F2F3AA}" Scale="1" ScaleX="1" ScaleY="1">
					<WZUI9Image Type="WZUI9Image" GUID="{770B4D6E-2287-446d-8A6C-7E2E5FCDA56B}" File="ui/common/common_btn_anniu10_sel.png" />
				</SelectElement>
				<DisableElement Type="WZUIContainer" GUID="{3D1F176F-C055-41b9-8F15-B89AC20F0350}">
					<WZUI9Image Type="WZUI9Image" GUID="{57635FCE-D5AA-43a0-90B6-A8C94E6E0BBE}" File="ui/common/common_btn_anniu3.png" />
				</DisableElement>
			</WZUIButton>
			<WZUILabelTTF Type="WZUILabelTTF" GUID="{C2A0DE95-45D9-42f8-9724-AAA5C88B740C}" Name="" Color="255,236,193" FontSize="26" BoldFont="True" EnableStroke="True" StrokeColor="3,111,8" Text="" RelativePosition="0.5,0.5" AnchorPoint="0.5??0.5" TextKey="CONFIRM" StrokeSize="4" LabelStyleKey="NORMAL_GREEN_BTN" />
		</WZUIContainer>
	</WZUIContainer>
</CellPetRaffle>
