﻿<CellPetFetterItem GUID="{96bccbbd-1194-482c-b8dd-ed03327f986d}">
    <WZUIContainer AbsContentSize="386,122" GUID="{69277237-1e23-4e73-9e69-2868bbb88c22}" LuaObjectName="CellPetFetterItem" Name="CellPetFetterItem" NameCreate="True" Type="WZUIContainer" UseAbsSize="True" RelativePosition="0.5,0.5">
        <WZUI9Image Type="WZUI9Image" GUID="{1e94e1bf-722c-4828-8885-0591e57fad1e}" File="ui/common/common_scale9_di7.png" Name="" Visible="True" />
        <Button Type="WZUIButton" LuaDoneFunctionName="onClick" GUID="{289f82af-3af8-45e2-9998-feec057aefc5}" AbsContentSize="386,122" UseAbsSize="True">
            <NormalElement Type="WZUIContainer" GUID="{86d7d9ed-5119-442c-a8e4-c8321107a8bc}" />
            <SelectElement Type="WZUIContainer" GUID="{a31f5438-7a7d-4d27-bfb8-1913f58f99b9}" />
            <DisableElement Type="WZUIContainer" GUID="{58c80d3e-b507-42fc-8dc2-c019da323c7b}" />
        </Button>
        <WZUIContainer Type="WZUIContainer" GUID="{32528046-0a7a-400d-94cd-da5bb179237b}" AbsContentSize="100,80" UseAbsSize="True" RelativePosition="0.149638,0.352459" TouchEnable="False">
            <WZUILabelTTF Type="WZUILabelTTF" GUID="{0409f6df-4301-41ac-9a8a-c08fc411546a}" FontSize="16" Color="105,65,46" RelativePosition="0.5,0.9125" TextKey="" Name="txtName_CellPetFetterItem" Visible="False" />
            <WZUILabelTTF Type="WZUILabelTTF" GUID="{b3c172a9-e9cd-4938-be9e-2e098fcf103b}" FontSize="14" Color="229,105,22" RelativePosition="0.02,0.8125" TextKey="" AnchorPoint="0,0.5" Name="txtProperty1_CellPetFetterItem" Text="" />
            <WZUILabelTTF Type="WZUILabelTTF" GUID="{cb577970-5347-480b-8deb-19b89ecdcd2c}" FontSize="14" Color="229,105,22" RelativePosition="0.02,0.6" TextKey="" AnchorPoint="0,0.5" Name="txtProperty2_CellPetFetterItem" Text="" />
            <WZUILabelTTF Type="WZUILabelTTF" GUID="{4f7c93a1-1c8f-4911-973b-316d07e13aa9}" FontSize="14" Color="229,105,22" RelativePosition="0.02,0.3875" TextKey="" AnchorPoint="0,0.5" Name="txtProperty3_CellPetFetterItem" Text="" />
            <WZUILabelTTF Type="WZUILabelTTF" GUID="{8191db04-e861-40f9-9153-577953887d64}" FontSize="14" Color="229,105,22" RelativePosition="0.02,0.175" TextKey="" AnchorPoint="0,0.5" Name="txtProperty4_CellPetFetterItem" Text="" />
        </WZUIContainer>
        <WZUIContainer Type="WZUIContainer" GUID="{9a4b6cec-2a25-4ab0-9e80-78192ca87150}" AbsContentSize="374,30" UseAbsSize="True" RelativePosition="0.5,0.83" TouchEnable="False" AnchorPoint="0.5,0.5">
            <WZUI9Image Type="WZUI9Image" GUID="{07219a76-3fa5-4f51-91d4-2431b140dc0d}" File="ui/common/common_scale9_di8.png" />
            <WZUILabelTTF Type="WZUILabelTTF" GUID="{bb6e0a56-8f9f-47fc-8315-2b69460774fb}" AnchorPoint="0,0.5" RelativePosition="0.03,0.5" Name="txtDesc_CellPetFetterItem" Text="需要宠物达到" FontSize="18" Color="255,236,193" />
            <WZUILabelTTF Type="WZUILabelTTF" GUID="{5dbc7343-8e44-448d-98a6-384a075b120c}" FontSize="18" Color="255,89,74" AnchorPoint="1,0.5" RelativePosition="0.97,0.5" Name="txtState_CellPetFetterItem" Text="未完成" />
        </WZUIContainer>
        <WZUIContainer Type="WZUIContainer" GUID="{c511222a-a589-4fc5-bf3d-b997239a27bd}" AbsContentSize="60,40" UseAbsSize="True" RelativePosition="0.9,0.3" TouchEnable="False" Visible="False">
            <WZUIImage Type="WZUIImage" GUID="{d13c126f-b70f-4f5a-9353-4e8004e50919}" Name="imgWar_CellPetList" Visible="True" File="ui/pet/common_icon_chuzhan.png" UseOriginSize="True" />
        </WZUIContainer>
        <WZUIContainer Type="WZUIContainer" GUID="{91147462-d1bc-4018-9a47-b6b84f60faa2}" AbsContentSize="260,73" UseAbsSize="True" RelativePosition="0.642751,0.360007">
            <WZUIContainer Type="WZUIContainer" GUID="{8cf8bcdf-f7e9-40d4-b03a-3124570fc096}" AbsContentSize="80,80" UseAbsSize="True" RelativePosition="0.132,0.5" TouchEnable="True" Scale="0.75" Name="conPet1_CellPetFetterItem" Visible="False">
                <WZUIImage Type="WZUIImage" GUID="{a2977ef6-c670-4340-87cf-16d583ea1e66}" File="ui/common/common_scale9_beibaodi2.png" UseOriginSize="False" Visible="True" />
                <WZUIImage File="" GUID="{306935d2-34ba-4968-8c9d-0b893768fc74}" Name="imgIconBg1_CellPetFetterItem" RelativePosition="0.5,0.5" Scale="1" TouchEnable="False" Type="WZUIImage" UseOriginSize="True" Visible="True" AbsPosition="40,40" ScaleX="1" ScaleY="1" />
                <WZUIImage Type="WZUIImage" GUID="{b242335e-7a1e-42b8-b47f-76bffcd26986}" Name="imgIconBgQuality1_CellPetFetterItem" Visible="True" />
                <WZUIImage Type="WZUIImage" GUID="{91a92041-bebb-4b67-a51d-30e4deb4e8a2}" File="ui/common/common_icon_xingxing2.png" UseOriginSize="True" Visible="True" RelativePosition="0.0875,0.95">
                    <WZUILabelTTF Type="WZUILabelTTF" GUID="{25ef0853-6e1f-4a43-a490-d7ea55d94bde}" Name="txtStarLevel1_CellPetFetterItem" Color="255,236,193" EnableStroke="True" FontSize="18" Text="5" StrokeSize="4" StrokeColor="128,54,13" RelativePosition="0.5,0.5" Order="1" />
                </WZUIImage>
                <WZUILabelTTF Type="WZUILabelTTF" GUID="{2b5dcb15-2d8c-49a5-88d1-cc95a19610f4}" Name="txtLevel1_CellPetFetterItem" Color="255,236,193" EnableStroke="True" FontSize="20" Text="Lv80" StrokeSize="4" StrokeColor="105,65,46" RelativePosition="0.5,0.1125" />
                <Button Type="WZUIButton" GUID="{de90f5cd-9088-49ba-874c-2491f44e14d7}" LuaDoneFunctionName="onClickPet" Tag="1">
                    <NormalElement Type="WZUIContainer" GUID="{4b5f60c8-9188-4236-b1b1-082ef957db68}" />
                    <SelectElement Type="WZUIContainer" GUID="{e4b197a5-528e-490c-828c-5ab13da48788}" />
                    <DisableElement Type="WZUIContainer" GUID="{62f2b8e7-f3d2-410e-8c79-a48cedee4401}" />
                </Button>
            </WZUIContainer>
            <WZUIContainer Type="WZUIContainer" GUID="{ae39298c-f9c6-4281-8773-1e8e53f3646b}" AbsContentSize="80,80" UseAbsSize="True" RelativePosition="0.379755,0.5" TouchEnable="True" Scale="0.75" Name="conPet2_CellPetFetterItem" Visible="False">
                <WZUIImage Type="WZUIImage" GUID="{3048c78b-ed97-4b97-8441-76ecbb43bf9d}" File="ui/common/common_scale9_beibaodi2.png" UseOriginSize="False" Visible="True" />
                <WZUIImage File="" GUID="{83d58aac-90fe-4945-ac93-7f4c6dbc919d}" Name="imgIconBg2_CellPetFetterItem" RelativePosition="0.5,0.5" Scale="1" TouchEnable="False" Type="WZUIImage" UseOriginSize="True" Visible="True" AbsPosition="40,40" ScaleX="1" ScaleY="1" />
                <WZUIImage Type="WZUIImage" GUID="{41e4e991-f935-48dd-9739-bbb7832072ea}" Name="imgIconBgQuality2_CellPetFetterItem" Visible="True" />
                <WZUIImage Type="WZUIImage" GUID="{8ccaae7b-9942-42c7-a862-a2a98e9ecf97}" File="ui/common/common_icon_xingxing2.png" UseOriginSize="True" Visible="True" RelativePosition="0.0875,0.95">
                    <WZUILabelTTF Type="WZUILabelTTF" GUID="{36b1a609-6d43-4ecd-b67b-17f6dd99cc24}" Name="txtStarLevel2_CellPetFetterItem" Color="255,236,193" EnableStroke="True" FontSize="18" Text="5" StrokeSize="4" StrokeColor="128,54,13" RelativePosition="0.5,0.5" Order="1" />
                </WZUIImage>
                <WZUILabelTTF Type="WZUILabelTTF" GUID="{47497deb-64fc-4dce-9010-1f86a20a29b6}" Name="txtLevel2_CellPetFetterItem" Color="255,236,193" EnableStroke="True" FontSize="20" Text="Lv80" StrokeSize="4" StrokeColor="105,65,46" RelativePosition="0.5,0.1125" />
                <Button Type="WZUIButton" GUID="{a3e1e26f-23bc-4f3f-a901-30bb61d68473}" LuaDoneFunctionName="onClickPet" Tag="2">
                    <NormalElement Type="WZUIContainer" GUID="{b1649807-9078-4874-afbf-806d3f7622fd}" />
                    <SelectElement Type="WZUIContainer" GUID="{e7e0efcc-0a15-419c-829e-9bc4bbc9ff30}" />
                    <DisableElement Type="WZUIContainer" GUID="{2b8351d5-c6a1-4293-93d9-0fa83163a0cc}" />
                </Button>
            </WZUIContainer>
            <WZUIContainer Type="WZUIContainer" GUID="{2b509cfa-22ff-4ad4-bbd4-295a05c2566c}" AbsContentSize="80,80" UseAbsSize="True" RelativePosition="0.627657,0.5" TouchEnable="True" Scale="0.75" Name="conPet3_CellPetFetterItem" Visible="False">
                <WZUIImage Type="WZUIImage" GUID="{0c6401b6-f1ed-4040-87c2-bf59ecbeb846}" File="ui/common/common_scale9_beibaodi2.png" UseOriginSize="False" Visible="True" />
                <WZUIImage File="" GUID="{f53b7368-8d93-47d7-9fc2-f8742d102138}" Name="imgIconBg3_CellPetFetterItem" RelativePosition="0.5,0.5" Scale="1" TouchEnable="False" Type="WZUIImage" UseOriginSize="True" Visible="True" AbsPosition="40,40" ScaleX="1" ScaleY="1" />
                <WZUIImage Type="WZUIImage" GUID="{ec44c6ad-a0cf-497c-b23e-ff961e5660ce}" Name="imgIconBgQuality3_CellPetFetterItem" Visible="True" />
                <WZUIImage Type="WZUIImage" GUID="{811d0863-15b4-4a61-8761-17f535e39d64}" File="ui/common/common_icon_xingxing2.png" UseOriginSize="True" Visible="True" RelativePosition="0.0875,0.95">
                    <WZUILabelTTF Type="WZUILabelTTF" GUID="{29c8660d-64bc-4f8b-a400-490bc3fb8831}" Name="txtStarLevel3_CellPetFetterItem" Color="255,236,193" EnableStroke="True" FontSize="18" Text="5" StrokeSize="4" StrokeColor="128,54,13" RelativePosition="0.5,0.5" Order="1" />
                </WZUIImage>
                <WZUILabelTTF Type="WZUILabelTTF" GUID="{70f9e392-2097-4249-9d4c-b060849f20c2}" Name="txtLevel3_CellPetFetterItem" Color="255,236,193" EnableStroke="True" FontSize="20" Text="Lv80" StrokeSize="4" StrokeColor="105,65,46" RelativePosition="0.5,0.1125" />
                <Button Type="WZUIButton" GUID="{0ec468b8-5699-458d-a541-889ac6c4e8f1}" LuaDoneFunctionName="onClickPet" Tag="3">
                    <NormalElement Type="WZUIContainer" GUID="{2b34987b-17ee-4de6-be13-46040847c679}" />
                    <SelectElement Type="WZUIContainer" GUID="{74d934d8-1a00-4932-8b10-041aec1cc760}" />
                    <DisableElement Type="WZUIContainer" GUID="{55d0a596-2b5b-416a-b8c1-51f08d04b1eb}" />
                </Button>
            </WZUIContainer>
            <WZUIContainer Type="WZUIContainer" GUID="{a0eb7a29-600e-4036-ab3f-55a6b564b857}" AbsContentSize="80,80" UseAbsSize="True" RelativePosition="0.876259,0.5" TouchEnable="True" Scale="0.75" Name="conPet4_CellPetFetterItem" Visible="False">
                <WZUIImage Type="WZUIImage" GUID="{a26ccd42-757e-4f33-908f-705fbbf0b2ad}" File="ui/common/common_scale9_beibaodi2.png" UseOriginSize="False" Visible="True" />
                <WZUIImage File="" GUID="{d10c8d90-6544-4235-8188-82bbb81e3e9d}" Name="imgIconBg4_CellPetFetterItem" RelativePosition="0.5,0.5" Scale="1" TouchEnable="False" Type="WZUIImage" UseOriginSize="True" Visible="True" AbsPosition="40,40" ScaleX="1" ScaleY="1" />
                <WZUIImage Type="WZUIImage" GUID="{cacb8ad3-0726-4ef1-b874-9cf25d121a66}" Name="imgIconBgQuality4_CellPetFetterItem" Visible="True" />
                <WZUIImage Type="WZUIImage" GUID="{3384d71f-c9ba-48d9-885f-b965076589c7}" File="ui/common/common_icon_xingxing2.png" UseOriginSize="True" Visible="True" RelativePosition="0.0875,0.95">
                    <WZUILabelTTF Type="WZUILabelTTF" GUID="{c9bb65ed-f826-4a31-8f4d-ce5e7eb2a40c}" Name="txtStarLevel4_CellPetFetterItem" Color="255,236,193" EnableStroke="True" FontSize="18" Text="5" StrokeSize="4" StrokeColor="128,54,13" RelativePosition="0.5,0.5" Order="1" />
                </WZUIImage>
                <WZUILabelTTF Type="WZUILabelTTF" GUID="{e5eac4f1-076b-4772-b207-c159df98e3b3}" Name="txtLevel4_CellPetFetterItem" Color="255,236,193" EnableStroke="True" FontSize="20" Text="Lv80" StrokeSize="4" StrokeColor="105,65,46" RelativePosition="0.5,0.1125" />
                <Button Type="WZUIButton" GUID="{37bf0d5e-5088-43da-ad6e-185731664ce1}" LuaDoneFunctionName="onClickPet" Tag="4">
                    <NormalElement Type="WZUIContainer" GUID="{f8f02886-cc39-4120-bbf1-8315acd3c757}" />
                    <SelectElement Type="WZUIContainer" GUID="{76b1c8a8-9d0f-4804-ac19-e8c3aaaf99fe}" />
                    <DisableElement Type="WZUIContainer" GUID="{5e5f809b-0867-4410-a805-df892b7ab9b5}" />
                </Button>
            </WZUIContainer>
        </WZUIContainer>
    </WZUIContainer>
</CellPetFetterItem>
