<?xml version="1.0" ?>
<CellFriendList GUID="{2A5E5CB0-BAC7-4036-AB16-75D2C97817A3}">
    <WZUIContainer AbsContentSize="726,75" GUID="{9F46F166-23A2-4e7b-BCE5-243BE66A21A5}" LuaObjectName="" Name="CellFriendList" NameCreate="True" Type="WZUIContainer" UseAbsSize="True">
        <WZUIContainer Type="WZUIContainer" GUID="{6285E744-67A9-4557-8BF1-9385FF0AF886}" AbsContentSize="726,75" UseAbsSize="True" Visible="True">
            <WZUIContainer GUID="{835C461F-0355-43ee-9229-8476713200C0}" RelativePosition="1,0.5" Type="WZUIContainer" AbsContentSize="698,73" UseAbsSize="True" AnchorPoint="1,0.5">
                <Button GUID="{7321C710-0D10-48db-85A7-3149EDEB3818}" LuaDoneFunctionName="onBackClick" Type="WZUIButton">
                    <NormalElement GUID="{CFB4D08E-95EE-4a2d-985E-1D9B4030FD10}" Type="WZUIContainer" />
                    <SelectElement GUID="{E905274B-7E85-4414-A028-DCE8406C5796}" Type="WZUIContainer" />
                    <DisableElement GUID="{EF53F2DC-525F-404f-B897-D217A286B360}" Type="WZUIContainer" />
                    <WZUI9Image Type="WZUI9Image" GUID="{dfe971f0-7130-41ec-905b-f1f2ca9dc993}" File="ui/common/common_scale9_di18.png" Name="" />
                </Button>
            </WZUIContainer>
            <WZUIContainer Type="WZUIContainer" GUID="{63E34121-B071-4788-9AC2-AD3888A6D1F6}" AbsContentSize="74,75" UseAbsSize="True" RelativePosition="0.064054,0.5">
                <WZUIImage Type="WZUIImage" GUID="{7DFA7D2E-D9BA-4745-BB9E-A7452E5C9956}" File="ui/common/common_icon_tx.png" UseOriginSize="False" Visible="True" />
                <WZUIContainer AnchorPoint="0.5,0.5" GUID="{984F2224-C809-4485-8AFE-DCB68E32D334}" RelativePosition="0.5,0.5" RelativeSize="1,1" TouchEnable="True" Type="WZUIContainer" Name="conHead_CellFriendList">
                    <WZUIButton Type="WZUIButton" LuaDoneFunctionName="event_ClickHead" GUID="{DA88C7CA-65E2-472b-818D-F72C463CBB79}">
                        <NormalElement Type="WZUIContainer" GUID="{2B2C2A51-532B-4499-A1A4-C421C26C521A}" />
                        <SelectElement Type="WZUIContainer" GUID="{14991CAF-64B7-4442-940F-2FE4DB058C71}" />
                        <DisableElement Type="WZUIContainer" GUID="{8D02657C-AD48-43af-9A9C-94AE54D3B267}" />
                    </WZUIButton>
                </WZUIContainer>
            </WZUIContainer>
            <WZUIContainer AbsContentSize="660,61" GUID="{4A481432-E204-45f5-9028-BBC8156867EF}" Type="WZUIContainer" TouchEnable="True" RelativePosition="0.5,0.5">
                <WZUIContainer AnchorPoint="0.5,0.5" GUID="{4810B94B-67EF-4e43-9B01-15BB81825391}" RelativePosition="0.5,0.5" RelativeSize="1,1" TouchEnable="False" Type="WZUIContainer" Name="conInfo_CellFriendList">
                    <WZUIContainer GUID="{1CDF57E2-B6D1-465a-90BC-6D5D15BCFABF}" RelativePosition="0.5,0.5" Type="WZUIContainer" AnchorPoint="0.5,0.5" RelativeSize="1,0.5" TouchEnable="False">
                        <WZUILabelTTF Type="WZUILabelTTF" GUID="{62293C07-8FF6-4da7-BCF3-62D9FC201EFB}" FontSize="22" Text="六个字六个字" Alignment="Left" AnchorPoint="0,0.5" RelativePosition="0.23,0.5" Name="txtName_CellFriendList" Color="105,65,46" BoldFont="False" EnableStroke="False" StrokeColor="105,65,46" StrokeSize="1" />
                        <WZUILabelTTF Type="WZUILabelTTF" GUID="{FE6DD968-F3ED-4623-BE36-0D476C705ACA}" FontSize="22" Color="158,0,0" Text="" AnchorPoint="0,0.5" Name="txtLevel1_CellFriendList" RelativePosition="0.145,0.5" EnableStroke="False" StrokeColor="255,89,74" StrokeSize="1" />
                    </WZUIContainer>
                    <WZUIContainer GUID="{8EC1D81E-64DA-4e06-B573-5F9C9BDCFE7B}" RelativePosition="1,0.5" Type="WZUIContainer" AnchorPoint="1,0.5" RelativeSize="1,1" TouchEnable="False" Scale="1" AbsContentSize="300,75" UseAbsSize="True" ScaleX="1" ScaleY="1">
                        <WZUIImage Type="WZUIImage" GUID="{D85672E7-9786-4b98-892A-8362536E755B}" File="ui/common/common_icon_zhanlih.png" UseOriginSize="True" Scale="1.1" RelativePosition="0.23,0.546154" />
                        <WZUILabelAtlasFont Type="WZUILabelAtlasFont" GUID="{5C7D04D2-174B-45cd-B7AE-05FC522DCC01}" CharMapFileName="ui/common_num/common_num_zhandouli.png" Width="16" Height="26" Name="txtFight_CellFriendList" Text="" Scale="1" RelativePosition="0.3,0.5" UseOriginSize="True" ScaleX="1" ScaleY="1" Visible="True" AnchorPoint="0,0.5" />
                    </WZUIContainer>
                    <WZUILabelTTF Type="WZUILabelTTF" GUID="{431c1c22-7337-4ca7-b8ba-54c85ce5cd61}" FontSize="22" Name="txtQuitTeamTimes_CellFriendList" Visible="True" Color="105,65,46" RelativePosition="0.52,0.5" Text="" />
                </WZUIContainer>
                <WZUIImage Type="WZUIImage" GUID="{1BBB25DB-97E6-4b08-9DD8-E08EB466FC0C}" File="ui/common/common_icon_tudi.png" UseOriginSize="True" RelativePosition="0.525,0.5" Name="imgMaster_CellFriendList" Visible="False" TouchEnable="False" TouchSwallow="False" />
            </WZUIContainer>
            <WZUIContainer Type="WZUIContainer" GUID="{9DB77F54-D7A4-4fab-8B99-FF2498BE31C5}" AbsContentSize="80,80" UseAbsSize="True" RelativePosition="0.924203,0.5" Name="conImgInVitation_CellFriendList" Visible="False">
                <WZUILabelTTF Type="WZUILabelTTF" GUID="{A5B64236-2C65-46e0-9CC7-3C89B4FBA4C3}" Text="已邀请" FontSize="22" Color="158,139,121" TextKey="HAVED_INVITED" Name="txtInvited_CellFriendList" />
            </WZUIContainer>
        </WZUIContainer>
    </WZUIContainer>
</CellFriendList>
