﻿<?xml version="1.0" ?>
<CellGradePanelItem GUID="{3F01A877-81EE-4fe8-84FB-2A0A77F02C8C}">
    <WZUIContainer AbsContentSize="486,138" GUID="{68023035-715B-432b-BD06-760D9C5C8A9A}" LuaObjectName="" Name="CellGradePanelItem" NameCreate="True" Type="WZUIContainer" UseAbsSize="True">
        <WZUIContainer Type="WZUIContainer" GUID="{7872FEC3-BCEA-4ce1-911F-26DCD646B1C1}" Name="conListItem_CellGradePanelItem">
            <WZUIContainer GUID="{EA390689-8D2A-489a-9E10-E6403ADF6BB7}" Type="WZUIContainer" AbsContentSize="486,138" UseAbsSize="True" RelativePosition="0.5,0.5">
                <WZUI9Image File="ui/common/common_scale9_di18.png" GUID="{F395794E-5E2A-4f4c-9142-011FB75DEFC7}" Type="WZUI9Image" />
            </WZUIContainer>
            <WZUIContainer AbsContentSize="486,98" GUID="{1EFCA72D-ED1F-4bac-8FD9-FCB613F7B8C5}" RelativePosition="0.5,0" Type="WZUIContainer" UseAbsSize="True" AnchorPoint="0.5,0">
                <WZUIContainer AbsContentSize="80,80" GUID="{A37E72BB-CEB9-4206-8EC7-155BCDAF849E}" Name="ConItem_1" RelativePosition="0.105,0.5" Type="WZUIContainer" UseAbsSize="True" />
                <WZUIContainer AbsContentSize="80,80" GUID="{BE8D84B4-A2BD-4699-8433-63DBB6D7B9FC}" Name="ConItem_2" RelativePosition="0.286,0.5" Type="WZUIContainer" UseAbsSize="True" />
                <WZUIContainer AbsContentSize="80,80" GUID="{B7C7AA9D-F718-41e0-85B8-B9839A2F1FFD}" Name="ConItem_3" RelativePosition="0.467,0.5" Type="WZUIContainer" UseAbsSize="True" />
                <WZUIContainer AbsContentSize="80,80" GUID="{D23666AD-681D-4f5a-A35E-8C46A2CB2DDC}" Name="ConItem_4" RelativePosition="0.648,0.5" Type="WZUIContainer" UseAbsSize="True" />
                <WZUILabelTTF Type="WZUILabelTTF" GUID="{52d63845-b7df-4c99-a8a1-c00def3d06f0}" LabelStyleKey="C14_F26_S4_C5" TextKey="LEAGUE_REWARD_TEXT9" RelativePosition="0.864,0.5" Name="txtCant" Visible="False" />
                <WZUIContainer AbsContentSize="116,56" GUID="{a43e1d21-77bb-47be-a32d-07f0e1bd552b}" RelativePosition="0.864,0.5" Type="WZUIContainer" UseAbsSize="True" Name="conBtn_CellGradePanelItem" Visible="True">
                    <WZUIButton GUID="{32bf49d6-4507-479a-a686-da0b50e19f93}" LuaDoneFunctionName="event_getReward" Name="btn_item_getReward" Type="WZUIButton" LuaActionName="Normal">
                        <NormalElement GUID="{37b7c0fe-4348-47aa-bd54-4a21f50d122f}" Type="WZUIContainer">
                            <WZUI9Image File="ui/common/common_btn_anniu10_0.png" GUID="{ea4ded25-a111-4be5-b104-851989299ea2}" Type="WZUI9Image" UseOriginSize="True" />
                        </NormalElement>
                        <SelectElement GUID="{13bdc646-1c25-487f-b667-47a71998a551}" Type="WZUIContainer">
                            <WZUI9Image File="ui/common/common_btn_anniu10_0_sel.png" GUID="{1c4a5d9a-fc66-44bc-8c74-7644ee18319f}" Type="WZUI9Image" Scale="1" UseOriginSize="True" />
                        </SelectElement>
                        <DisableElement GUID="{905e1970-bdfe-4501-a11b-e47b8c090791}" Type="WZUIContainer">
                            <WZUI9Image File="ui/common/common_btn_anniu10_0.png" GUID="{71adfc5b-e1c7-451b-8cc2-21685f7c627b}" Type="WZUI9Image" GrayRender="True" UseOriginSize="True" />
                        </DisableElement>
                        <WZUILabelTTF Color="255,236,193" EnableStroke="True" FontSize="24" GUID="{4d44c10c-76d0-42dd-8c7e-40e9054f3e41}" Name="txt_button_item" StrokeColor="0,72,3" StrokeSize="4" Text="" Type="WZUILabelTTF" LabelStyleKey="" />
                    </WZUIButton>
                </WZUIContainer>
            </WZUIContainer>
            <WZUIContainer Type="WZUIContainer" GUID="{DE4C1E7F-D9BD-41d4-A7B5-F1D1A8F553B1}" AbsContentSize="480,40" UseAbsSize="True" RelativePosition="0.5,0.838218">
                <WZUI9Image Type="WZUI9Image" GUID="{2B928B2A-0274-44e8-A8B2-2ECFBE206A71}" File="" Opacity="76" AnchorPoint="0.5,0.5" />
                <WZUILabelTTF Color="255,236,193" FontSize="22" GUID="{31ED0476-4AF7-43b2-A653-0A06FC7BC8E0}" Name="txt_grade_value" RelativePosition="0.025,0.5" StrokeSize="4" Text="" Type="WZUILabelTTF" AnchorPoint="0,0.5" EnableStroke="True" StrokeColor="105,65,46" TextKey="" />
                <WZUIImage Type="WZUIImage" GUID="{84C65DB9-9E1D-4a88-8E7B-E390F10876D5}" File="ui/common/common_pic_jiantou4.png" UseOriginSize="True" RelativePosition="0.47,0.5" Name="ImgArrow_CellGradePanelItem" />
                <WZUILabelTTF Type="WZUILabelTTF" GUID="{C6F8E547-FE6D-46f1-A444-CE5647F02C69}" FontSize="24" Color="255,227,116" EnableStroke="True" StrokeSize="4" StrokeColor="128,54,13" AnchorPoint="0,0.5" RelativePosition="0.12,0.5" Name="txtDays_CellGradePanelItem">
                    <WZUILabelTTF Type="WZUILabelTTF" GUID="{0F6D937B-8712-4971-ACE1-4D52039CB465}" FontSize="22" Color="255,236,193" EnableStroke="True" StrokeColor="105,65,46" StrokeSize="4" TextKey="DAY" AnchorPoint="0,0.5" RelativePosition="1.2,0.5" Name="txtGrade_CellGradePanelItem" />
                </WZUILabelTTF>
            </WZUIContainer>
        </WZUIContainer>
    </WZUIContainer>
</CellGradePanelItem>
