<?xml version="1.0" ?>
<CellLibraryGoodsGetPath GUID="{B7F5AA21-6C29-44fa-AD08-02B829B2D4FE}">
    <WZUIContainer Type="WZUIContainer" GUID="{A443ED7F-DD83-4a3b-B744-D3DA75E455A0}" Name="CellLibraryGoodsGetPath" AbsContentSize="300,90" UseAbsSize="True">
        <WZUI9Image Type="WZUI9Image" GUID="{EE7028ED-D212-40cb-80E3-BE086613707D}" File="ui/common/common_scale9_di7.png" RelativeSize="1,1" />
        <WZUIContainer Type="WZUIContainer" GUID="{BAFF9D16-CE61-42a6-86D6-C0A0271AF326}" RelativeSize="1,1" RelativePosition="0.496429,0.492399" AbsPosition="139,39.3919" Name="" Visible="True">
            <WZUILabelTTF Type="WZUILabelTTF" GUID="{E4680340-9A45-4066-BF43-EC384DCC022C}" LabelStyleKey="" Text="" Alignment="Center" RelativePosition="0.310177,0.65" AbsPosition="88.4003,52" Name="ttfPath1_CellLibraryGoodsGetPath" RelativeSize="1,1" AnchorPoint="0.5,0.5" Color="127,70,26" FontSize="22" />
            <WZUILabelTTF Type="WZUILabelTTF" GUID="{43dc7f41-79e9-45d4-9126-f03ee0dd0d57}" Name="ttfPath3_CellLibraryGoodsGetPath" RelativeSize="1,1" RelativePosition="0.627408,0.65" AbsPosition="180.694,58.5" LabelStyleKey="" AnchorPoint="0.5,0.5" Alignment="Center" Color="255,89,74" FontSize="22" />
            <WZUILabelTTF Type="WZUILabelTTF" GUID="{f0fc29a3-f791-463a-b80c-018cc15a3cd3}" Name="ttfPath4_CellLibraryGoodsGetPath" RelativeSize="1,1" RelativePosition="0.808769,0.65" AbsPosition="232.926,58.5" LabelStyleKey="" Alignment="Center" AnchorPoint="0.5,0.5" Color="127,70,26" FontSize="22" />
            <WZUILabelTTF Type="WZUILabelTTF" GUID="{c2d7ad5f-d855-4890-9b6c-278e4e32ee23}" LabelStyleKey="" Text="" RelativePosition="0.5,0.319712" AbsPosition="144,26.6" Name="ttfPath2_CellLibraryGoodsGetPath" Color="127,70,26" FontSize="22" />
            <WZUILabelTTF Type="WZUILabelTTF" GUID="{89fed35f-dbdf-4dbc-a434-5089db42fea7}" Name="ttfPath_CellLibraryGoodsGetPath" LabelStyleKey="" Color="127,70,26" FontSize="22" />
            <WZUILabelTTF Type="WZUILabelTTF" GUID="{a6b18070-a143-4d07-b5b7-d067525d19eb}" Name="ttfPath5_CellLibraryGoodsGetPath" LabelStyleKey="" RelativePosition="0.320283,0.633333" AbsPosition="94.4836,57" AnchorPoint="0.5,0.5" Alignment="Center" Color="127,70,26" FontSize="22" />
            <WZUILabelTTF Type="WZUILabelTTF" GUID="{c1546bd1-165b-429d-a3a7-fdd49776127a}" Name="ttfPath6_CellLibraryGoodsGetPath" LabelStyleKey="" RelativePosition="0.557571,0.633333" AbsPosition="164.484,57" AnchorPoint="0.5,0.5" Alignment="Center" Visible="True" Color="255,89,74" FontSize="22" />
            <WZUILabelTTF Type="WZUILabelTTF" GUID="{67286c4f-c884-4786-b397-8e33cc8f1e74}" Name="ttfPath8_CellLibraryGoodsGetPath" LabelStyleKey="" RelativePosition="0.750848,0.63" AbsPosition="221.5,56.7" Alignment="Center" AnchorPoint="0.5,0.5" Color="127,70,26" FontSize="22" />
            <WZUILabelTTF Type="WZUILabelTTF" GUID="{1b9d5496-653e-4d21-9a4b-011e60842f89}" LabelStyleKey="" Name="ttfPath7_CellLibraryGoodsGetPath" RelativePosition="0.5,0.321111" AbsPosition="147.5,28.9" Color="127,70,26" FontSize="22" />
        </WZUIContainer>
        <Button Type="WZUIButton" LuaDoneFunctionName="onCellClick" GUID="{A2CAD567-9453-445b-8460-E90F6B337983}">
            <NormalElement Type="WZUIContainer" GUID="{67D42329-B362-4298-AFBF-55EAF25A5B5E}" />
            <SelectElement Type="WZUIContainer" GUID="{0B81752A-2448-4dca-A9AC-94F45832947E}" />
            <DisableElement Type="WZUIContainer" GUID="{0D192325-7CCC-48f3-B643-762F3A778C1B}" />
        </Button>
    </WZUIContainer>
</CellLibraryGoodsGetPath>
