<?xml version="1.0"?>
<CellTowerPreview GUID="{C1C5BA3F-65C0-499e-A6C2-E794B772AE00}">
	<WZUIContainer Type="WZUIContainer" GUID="{38B70138-E861-4dc4-9743-C4457018E6BB}" Tag="0" UseAbsSize="True" AbsContentSize="720,100" Name="CellTowerPreview" NameCreate="True">
		<WZUI9Image Type="WZUI9Image" GUID="{41B5743B-A462-4271-AD59-FA19B0A72D38}" File="ui/common/common_scale9_di7.png" />
		<WZUIContainer Type="WZUIContainer" GUID="{CAC72198-F723-4765-B1AF-90EABB747585}" UseAbsSize="True" AbsContentSize="136,48" RelativePosition="0.136387,0.5">
			<WZUILabelTTF Type="WZUILabelTTF" GUID="{A81C7DD7-8656-4885-8AFD-7C2FCACC701D}" Text="" Color="158,0,0" FontSize="24" StrokeColor="36,0,0" StrokeSize="3" EnableStroke="False" Name="txtLevel_CellTowerPreview" RelativePosition="0.455882,0.5" AnchorPoint="0.5,0.5" />
			<WZUIImage Type="WZUIImage" GUID="{D6D8DBE2-44C8-4e1a-901E-1538CA5D0A16}" UseOriginSize="True" File="" Name="imgRank_CellTowerPreview" />
		</WZUIContainer>
		<WZUIContainer Type="WZUIContainer" GUID="{CF904B28-7FC2-462c-B577-8C3EBD9184DD}" UseAbsSize="True" AbsContentSize="536,100" RelativePosition="0.623321,0.5">
			<WZUIContainer Type="WZUIContainer" GUID="{3346422A-65FF-4623-9583-169C9DF74119}" Name="con1_CellTowerPreview" UseAbsSize="True" AbsContentSize="80,80" RelativePosition="0.157343,0.49" />
			<WZUIContainer Type="WZUIContainer" GUID="{136DFA21-89C3-4623-B541-F8146C7A1455}" Name="con2_CellTowerPreview" UseAbsSize="True" AbsContentSize="80,80" RelativePosition="0.341565,0.5" />
			<WZUIContainer Type="WZUIContainer" GUID="{B1CFEC42-7B45-4562-B795-E758173744CE}" Name="con3_CellTowerPreview" UseAbsSize="True" AbsContentSize="80,80" RelativePosition="0.52161,0.5" />
			<WZUIContainer Type="WZUIContainer" GUID="{C5E7A779-24E4-4398-A2C1-FEDE1F1BFE32}" Name="con4_CellTowerPreview" UseAbsSize="True" AbsContentSize="80,80" RelativePosition="0.702032,0.5" />
			<WZUIContainer Type="WZUIContainer" GUID="{D673D68E-D973-47b0-8D65-BFF9BBCD3273}" Name="con5_CellTowerPreview" UseAbsSize="True" AbsContentSize="80,80" RelativePosition="0.881026,0.5" />
		</WZUIContainer>
	</WZUIContainer>
</CellTowerPreview>
