<?xml version="1.0" encoding="utf-8" ?>
<CellEnterServers GUID="{1E1EE72C-208B-4bb0-BF83-2A5F78623152}">
    <WZUIContainer AbsContentSize="180,55" GUID="{204847CD-3CD8-4e93-A6B6-38012FA18CE0}" LuaObjectName="CellEnterServers" Name="CellEnterServers" NameCreate="True" Type="WZUIContainer" UseAbsSize="True" RelativePosition="0.5,0.498437">
        <WZUIContainer AbsContentSize="" GUID="{9C45942F-2F8B-46d2-AC83-AA8A159A34B2}" Type="WZUIContainer" UseAbsSize="False">
            <Button GUID="{A7431D4D-9C28-4c81-89C1-B06AECA15A5C}" LuaDoneFunctionName="onBtnSelectEnter" Type="WZUIButton">
                <NormalElement GUID="{D793D7A2-67A6-49e9-925E-18E716020F92}" Type="WZUIContainer">
                    <WZUI9Image File="ui/common/al_bg.png" GUID="{C2CEF435-BA66-4ecb-AE36-66D3527BCCA9}" Type="WZUI9Image" />
                </NormalElement>
                <SelectElement GUID="{9D601F80-1A5A-4014-B018-A042B7CF58F3}" Type="WZUIContainer">
                    <WZUI9Image File="ui/common/al_bg.png" GUID="{096EAEAE-857C-4a9f-9D5E-666578E2EDCA}" Type="WZUI9Image" />
                </SelectElement>
                <DisableElement GUID="{DB20C1DB-9C9E-4f45-BF65-BA516A3837D9}" Type="WZUIContainer" />
            </Button>
        </WZUIContainer>
        <WZUIContainer AnchorPoint="0.5,1" GUID="{D0E1A5B8-E7C4-4ec4-AD85-6073704343CB}" RelativePosition="0.5,1" Type="WZUIContainer" TouchEnable="False">
            <WZUILabelTTF AnchorPoint="0.5,0.5" Color="60,28,5" FontSize="25" GUID="{2CCC1934-8420-40fd-B3E2-D20F4F63EA1E}" Name="txtServerName_CellEnterServers" RelativePosition="0.5,0.5" Text="1区" Type="WZUILabelTTF" />
        </WZUIContainer>
    </WZUIContainer>
</CellEnterServers>
