<?xml version="1.0" ?>
<CellCopyHallList GUID="{3062D2C7-DD67-4b91-B37E-8EC8125CCD5F}">
    <CellElement Type="WZUIContainer" GUID="{5b9c2651-4ede-4437-8d13-801875e1de84}" UseAbsSize="True" AbsContentSize="360,92" Name="CellCopyHallList" RelativePosition="0.5,0.5" UseAbsCoordinate="False" AnchorPoint="0.5,0.5">
        <WZUIContainer Type="WZUIContainer" GUID="{002C6EAC-C9DE-4cba-B5C9-670F7526C7A7}" AbsContentSize="374,80" UseAbsSize="False" RelativePosition="0.5,0.5">
            <WZUI9Image Type="WZUI9Image" GUID="{B45E31B4-3535-498d-A1E1-7BD903F076BC}" File="ui/common/common_scale9_di7.png" ShowRect="False" CapInsets="0,0,0,0" Visible="True" UseOriginSizeProportion="False" TouchEnable="False" RelativePosition="0.5,0.5" UseOriginSize="False" />
            <WZUIContainer Type="WZUIContainer" GUID="{B5218824-2305-4d7e-834D-31E3749F5F26}" AbsContentSize="374,80" UseAbsSize="False">
                <WZUIContainer Type="WZUIContainer" GUID="{EF2D8247-4CA2-4ee9-A639-8A0FF4681FCD}" AbsContentSize="55,62" UseAbsSize="True" RelativePosition="0.109626,0.575">
                    <WZUIImage Type="WZUIImage" GUID="{0E004AFB-99EB-404c-9723-2ECE701F5D7D}" File="ui/copy/copy_icon_jd1.png" Name="imgDif_CellCopyHallList" NameCreate="True" UseOriginSize="True" Scale="0.6" RelativePosition="0.5,0.467742" />
                    <WZUIImage Type="WZUIImage" GUID="{FF659B18-7634-4e26-B3D6-6E0CF26E931E}" File="ui/common/common_icon_zddy.png" UseOriginSize="True" RelativePosition="0.5,0.0483871" Name="imgDifText_CellCopyHallList" NameCreate="True" />
                </WZUIContainer>
                <WZUIContainer Type="WZUIContainer" GUID="{CE03CA6A-053C-4acf-BD39-64CD727C0888}" RelativeSize="0.54,1" RelativePosition="0.489,0.5">
                    <WZUIContainer Type="WZUIContainer" GUID="{DE8D108A-9CAA-4e8e-8862-D66B6544A684}" RelativeSize="1,0.42" AnchorPoint="0.5,1" RelativePosition="0.5,0.9">
                        <WZUI9Image Type="WZUI9Image" GUID="{18F43873-1F33-46e4-B729-BA511673634C}" File="ui/common/common_scale9_di8.png" RelativePosition="0.5,0.5" />
                        <WZUILabelTTF Type="WZUILabelTTF" GUID="{6746B238-3899-414d-B398-115690220157}" Color="233,166,62" FontSize="22" BoldFont="True" TextKey="" Text="" Name="txtRoomName_CellCopyHallList" NameCreate="True" Dimensions="" MaxLength="16" />
                    </WZUIContainer>
                    <WZUIContainer Type="WZUIContainer" GUID="{329B1616-2C22-492e-835D-70E55419FA0F}" RelativeSize="1,0.42" AnchorPoint="0.5,1" RelativePosition="0.5,0.45">
                        <WZUILabelTTF Type="WZUILabelTTF" GUID="{21796BCC-D126-40ab-A7A7-21545801D8A9}" Color="79,60,48" FontSize="22" TextKey="MUL_ID" RelativePosition="0.1137,0.5" AbsPosition="23.8769,19.32" />
                        <WZUILabelTTF Type="WZUILabelTTF" GUID="{22F96278-0738-4781-A588-D6675BCDA163}" Color="132,66,29" FontSize="20" BoldFont="True" TextKey="" Text="10000" Name="txtRoomId_CellCopyHallList" NameCreate="True" RelativePosition="0.195073,0.5" Alignment="Left" AnchorPoint="0,0.5" AbsPosition="40.9653,19.32" />
                        <WZUILabelTTF Type="WZUILabelTTF" GUID="{F9D2F6A1-7AC3-4a01-8ACE-4A2B8327B13C}" Color="79,60,48" FontSize="22" TextKey="PEOPLE_NUM" RelativePosition="0.691036,0.52588" AbsPosition="141.877,19.32" Name="txtTip_CellCopyHallList" />
                        <WZUILabelTTF Type="WZUILabelTTF" GUID="{11D2CFEB-208C-4034-941A-68F5832BE0D5}" Color="132,66,29" FontSize="20" BoldFont="True" TextKey="" Text="3/6" Name="txtPeopleNum_CellCopyHallList" NameCreate="True" RelativePosition="0.906713,0.5" Alignment="Left" AnchorPoint="0,0.5" AbsPosition="170.965,19.32" />
                    </WZUIContainer>
                </WZUIContainer>
                <WZUIContainer Type="WZUIContainer" GUID="{5645A6C9-3DA6-482e-933A-904024CA65B1}" RelativeSize="0.2,1" RelativePosition="0.880672,0.5">
                    <WZUILabelTTF Type="WZUILabelTTF" GUID="{BE373846-0CF1-4ed5-81B0-8F2039A6797C}" Name="txtState_CellCopyHallList" NameCreate="True" FontSize="22" Text="" Color="158,0,0" RelativePosition="0.473262,0.6875" TextKey="" />
                    <WZUIContainer Type="WZUIContainer" GUID="{729B805E-2747-439a-9C07-BDD48E4ABB0C}" AbsContentSize="25,34" Visible="True" UseAbsSize="True" RelativeSize="1,1" RelativePosition="0.419786,0.3375">
                        <WZUIImage Type="WZUIImage" GUID="{146CEEC2-0F8E-426e-8383-412FB53DDF94}" File="ui/common/common_icon_suo.png" Name="imgLock_CellCopyHallList" NameCreate="True" isValid="True" Visible="False" />
                    </WZUIContainer>
                </WZUIContainer>
            </WZUIContainer>
        </WZUIContainer>
        <Button Type="WZUIButton" GUID="{e015dd5f-f242-49f6-ba25-fc62b13d6244}" LuaDoneFunctionName="onClickCell">
            <NormalElement Type="WZUIContainer" GUID="{c687e4e1-c4f8-4f0e-a0a1-29738281dea1}" TouchContainerEnable="True" />
            <SelectElement Type="WZUIContainer" GUID="{bb88f7e5-2b68-4ae0-839a-990cddb8be1a}" TouchContainerEnable="True" />
            <DisableElement Type="WZUIContainer" GUID="{c08a75e3-3d7d-4b35-a38e-f3db3a4724b2}" />
        </Button>
    </CellElement>
</CellCopyHallList>
