<?xml version="1.0" encoding="utf-8" ?>
<CellDailyTask GUID="{E8DACB06-1195-48b1-BC7E-575C6C569A5C}">
    <WZUIContainer AbsContentSize="910,170" GUID="{DAF463EA-64B8-4097-9570-87F49EC9B349}" LuaObjectName="CellDailyTask" Name="CellDailyTask" NameCreate="True" RelativePosition="0.5,0.5" ShowAll="False" Type="WZUIContainer" UseAbsSize="True">
        <WZUI9Image File="common/Jigsaw/item_informatio_1_bg.png" GUID="{672240E9-8C32-4d28-8A59-71D2A27254EF}" Name="img9Bg10_CellDailyTask" Type="WZUI9Image" UseOriginSize="False" Visible="True" />
        <WZUI9Image File="common/Jigsaw/item_informatio_1_bg_not.png" GUID="{B5D610BA-AEA5-434f-8D1C-713159C40C98}" Name="img9CompletedBg_CellDailyTask" Type="WZUI9Image" Visible="False" />
        <WZUIContainer AbsContentSize="200,135" AnchorPoint="0,0.5" GUID="{481A3EF9-78C7-48ae-9F4D-99CF31367E70}" RelativePosition="0,0.5" ShowAll="False" Type="WZUIContainer" UseAbsSize="True">
            <WZUIContainer AbsContentSize="143,32" AnchorPoint="0.5,1" GUID="{4B13609D-8695-49b8-8E0E-F033BD4E6649}" RelativePosition="0.274086,0.504967" Rotation="90" Type="WZUIContainer" UseAbsSize="True" Visible="True">
                <WZUI9Image File="ui/bottomMenu/task/task_03.png" GUID="{1FDB300F-582E-4158-B303-58C10C2B9EE4}" Type="WZUI9Image" />
                <WZUIContainer AbsContentSize="28,31" GUID="{226C64A9-4107-4779-BF0A-D7476C7D3A20}" RelativePosition="0.107692,0.5" Rotation="-90" Type="WZUIContainer" UseAbsSize="True">
                    <WZUIImage File="ui/main/strengthen/strengthen_star_not.png" GUID="{43E34E01-6CD6-49e7-AA84-6E304ED30E00}" Name="imgStar1_CellDailyTask" Type="WZUIImage" UseOriginSize="True" />
                </WZUIContainer>
                <WZUIContainer AbsContentSize="26,26" GUID="{D2183F43-D8B5-4efd-B4DA-8EC0C78837B3}" RelativePosition="0.301515,0.5" Rotation="-90" Type="WZUIContainer" UseAbsSize="True">
                    <WZUIImage File="ui/main/strengthen/strengthen_star_not.png" GUID="{C8E34371-5253-4713-846E-481DE67BE4B1}" Name="imgStar2_CellDailyTask" Type="WZUIImage" UseOriginSize="True" />
                </WZUIContainer>
                <WZUIContainer AbsContentSize="26,26" GUID="{5C03C30F-C3BE-4113-BED0-775B3D70DC53}" Rotation="-90" Type="WZUIContainer" UseAbsSize="True">
                    <WZUIImage File="ui/main/strengthen/strengthen_star_not.png" GUID="{E12DBBCD-A17D-4d32-91D1-66C406BC6EF4}" Name="imgStar3_CellDailyTask" Type="WZUIImage" UseOriginSize="True" />
                </WZUIContainer>
                <WZUIContainer AbsContentSize="26,26" GUID="{2BD8D38F-26A6-4ae9-9A68-6E8DE95194DF}" RelativePosition="0.7,0.5" Rotation="-90" Type="WZUIContainer" UseAbsSize="True">
                    <WZUIImage File="ui/main/strengthen/strengthen_star_not.png" GUID="{B1FA5EC6-1B4A-4c13-828D-EAE48E2D84CD}" Name="imgStar4_CellDailyTask" Type="WZUIImage" UseOriginSize="True" />
                </WZUIContainer>
                <WZUIContainer AbsContentSize="26,26" GUID="{E788DB84-6E22-4668-A300-6E9B4091EF4B}" RelativePosition="0.9,0.5" Rotation="-90" Type="WZUIContainer" UseAbsSize="True">
                    <WZUIImage File="ui/main/strengthen/strengthen_star_not.png" GUID="{35EF065C-4B0B-457c-B683-7CCAE9235F8D}" Name="imgStar5_CellDailyTask" Type="WZUIImage" UseOriginSize="True" />
                </WZUIContainer>
            </WZUIContainer>
            <WZUILabelTTF AnchorPoint="0,0.5" Color="36,0,0" Dimensions="0,0" FontSize="24" GUID="{A45824B0-364F-44fe-9868-70CACC870906}" MaxLength="0" Name="txtTaskDesc_CellDailyTask" RelativePosition="0.5,0.943822" Text="sdadasd" Type="WZUILabelTTF" />
        </WZUIContainer>
        <WZUIContainer AbsContentSize="4,115" GUID="{C76E48E9-14E9-4649-BD87-90EB1C212C84}" RelativePosition="0.5,0.36972" ShowAll="False" Type="WZUIContainer" UseAbsSize="True">
            <WZUI9Image File="common/Jigsaw/68_line.png" GUID="{31DC49A1-E3F9-452a-82CB-56CFF84D5232}" Type="WZUI9Image" />
        </WZUIContainer>
        <WZUIContainer AbsContentSize="4,150" GUID="{53ABB203-E92F-4463-85F0-AE0218AB2202}" RelativePosition="0.0913084,0.502382" ShowAll="False" Type="WZUIContainer" UseAbsSize="True">
            <WZUI9Image File="common/Jigsaw/68_line.png" GUID="{B832FB73-CBFF-42be-8D2A-363977FA3F33}" Type="WZUI9Image" />
        </WZUIContainer>
        <WZUIContainer AbsContentSize="4,815" GUID="{BA0F90D1-D6BC-4816-AE94-3CC01FEB267A}" RelativePosition="0.54069,0.729613" Rotation="90" Type="WZUIContainer" UseAbsSize="True">
            <WZUI9Image File="common/Jigsaw/68_line.png" GUID="{3E4D1523-F9C2-4637-9666-14DB0D68AB6C}" Type="WZUI9Image" />
        </WZUIContainer>
        <WZUIContainer AbsContentSize="400,135" GUID="{91E3BF69-8AB5-41aa-B528-A790E857E845}" Name="DailyTask_Item_con" RelativePosition="0.3,0.40048" ShowAll="False" Type="WZUIContainer" UseAbsSize="True">
            <WZUIContainer AbsContentSize="99,93" GUID="{786C56CE-AFF6-4fe8-9CE6-E946251CA52E}" Name="con_dailytask_item_1" RelativePosition="0.22,0.5" ShowAll="False" Type="WZUIContainer" UseAbsSize="True" />
            <WZUIContainer AbsContentSize="99,93" GUID="{6E8566B0-C882-42c3-95CE-5F997F48B05E}" Name="con_dailytask_item_2" RelativePosition="0.5,0.5" ShowAll="False" Type="WZUIContainer" UseAbsSize="True" />
            <WZUIContainer AbsContentSize="99,93" GUID="{B5124865-950F-4ca1-A162-9520685240B2}" Name="con_dailytask_item_3" RelativePosition="0.78,0.5" ShowAll="False" Type="WZUIContainer" UseAbsSize="True" />
        </WZUIContainer>
        <WZUIContainer AbsContentSize="200,135" AnchorPoint="1,0.5" GUID="{43214D7A-CB3A-4d25-8530-98E8F1AC84E3}" RelativePosition="0.939371,0.361763" ShowAll="False" Type="WZUIContainer" UseAbsSize="True">
            <WZUIContainer AbsContentSize="180,110" GUID="{E9929BA7-8698-4d67-A5A1-992993109AA0}" Name="conDoing_CellDailyTask" RelativePosition="0.483,0.5" Type="WZUIContainer" UseAbsSize="True">
                <WZUILabelTTF AnchorPoint="1,0.5" Color="36,0,0" FontSize="24" GUID="{0B5A04D0-F677-4594-98E3-5E656C4C3168}" Name="txtDoing_CellDailyTask" RelativePosition="-0.6,0.75" Text="进行中" Type="WZUILabelTTF" />
                <WZUILabelTTF AnchorPoint="0,0.5" Color="36,0,0" FontSize="24" GUID="{6BE760EE-A7C9-43fd-B0F7-5869EECD797D}" Name="txtProgress_CellDailyTask" Order="00" RelativePosition="-0.5,0.75" Text="1/10" Type="WZUILabelTTF" />
                <WZUIButton AbsContentSize="163,55" AnchorPoint="0.5,0.5" GUID="{958E5C8A-6E05-4a64-B98D-794CE3772AEE}" LuaDoneFunctionName="onQuickComplete" Name="btnQuickComplete_CellDailyTask" RelativePosition="0.4,0.25" Type="WZUIButton" UseAbsSize="True">
                    <NormalElement GUID="{F2596214-4C8A-44b1-8736-A3C9A54BAC1E}" Type="WZUIContainer">
                        <WZUI9Image File="common/button/button_3.png" GUID="{C5C67C79-34F5-4136-9F07-ED60BF866A8A}" Type="WZUI9Image" />
                    </NormalElement>
                    <SelectElement GUID="{D93B0FBB-8243-49f7-B59D-B29F945010E3}" Type="WZUIContainer">
                        <WZUI9Image File="common/button/button_3_sel.png" GUID="{39437413-C394-4c0d-B3AD-F4C3E3E60DB2}" Type="WZUI9Image" />
                    </SelectElement>
                    <DisableElement GUID="{561A3BC7-BF70-4464-A755-3E0ECC91D66C}" Type="WZUIContainer" />
                    <WZUILabelTTF BoldFont="True" Color="255,255,255" Dimensions="0,0" EnableStroke="True" FontSize="26" GUID="{923627AC-B471-420b-927B-97C7C24B59B3}" Name="txtQuickComplete_CellDailyTask" RelativePosition="0.5,0.5" StrokeColor="47,0,0" StrokeSize="4" Text="奖励" Type="WZUILabelTTF" />
                </WZUIButton>
                <WZUIButton AbsContentSize="163,55" AnchorPoint="0.5,0.5" GUID="{0461EBE6-CDC7-44c8-A70D-AE767D65FECF}" LuaDoneFunctionName="event_finishTask" Name="btn_tofinishTask" RelativePosition="-0.6,0.25" Type="WZUIButton" UseAbsSize="True">
                    <NormalElement GUID="{2E93C518-7670-49a7-BB8E-53911996DF94}" Type="WZUIContainer">
                        <WZUI9Image File="common/button/button_2.png" GUID="{CFF64EA5-B6F3-4c7a-8F65-6F451868ACFE}" Type="WZUI9Image" />
                    </NormalElement>
                    <SelectElement GUID="{F81066D4-9069-411c-BF3F-69A23C9B668C}" Type="WZUIContainer">
                        <WZUI9Image File="common/button/button_2_sel.png" GUID="{19DAA510-912C-4af3-BB35-5B39601F75D7}" Type="WZUI9Image" />
                    </SelectElement>
                    <DisableElement GUID="{2B262065-AFD3-49c9-AADF-F4457ECE38CA}" Type="WZUIContainer">
                        <WZUI9Image File="common/button/button_4.png" GUID="{EBC934DD-197B-424d-9F6D-478DD3C80C91}" Type="WZUI9Image" />
                    </DisableElement>
                    <WZUILabelTTF BoldFont="True" Color="255,255,255" EnableStroke="True" FontSize="26" GUID="{09A6CA8F-1AA5-4f1b-83D2-A9AA242A484B}" Name="txtToFinish_CellDailyTask" StrokeColor="38,47,0" StrokeSize="4" Text="奖励" Type="WZUILabelTTF" />
                </WZUIButton>
            </WZUIContainer>
            <WZUIContainer AbsContentSize="180,110" GUID="{6F48D861-7905-4dc8-92EB-F181A5EF1C3F}" Name="conToSubmit_CellDailyTask" RelativePosition="0.483,0.5" Type="WZUIContainer" UseAbsSize="True" Visible="False">
                <WZUIButton AbsContentSize="163,55" AnchorPoint="0.5,0.5" GUID="{F933600B-4CB7-4f78-AEEB-3EA3D0716A2D}" LuaDoneFunctionName="onImproveReward" Name="btn_ImproveReward" RelativePosition="0.4,0.25" Type="WZUIButton" UseAbsSize="True">
                    <NormalElement GUID="{B48EEEEF-255A-47d4-AD00-A95C940E511F}" Type="WZUIContainer">
                        <WZUI9Image File="common/button/button_2.png" GUID="{1C4DC4C6-7B26-4904-9865-C2B77A9BF87A}" Type="WZUI9Image" />
                    </NormalElement>
                    <SelectElement GUID="{1A6CB310-4B66-4280-AD65-E1338EC470AF}" Type="WZUIContainer">
                        <WZUI9Image File="common/button/button_2_sel.png" GUID="{A30A31D2-A0FE-4fc3-8421-5B074F69E93C}" Type="WZUI9Image" />
                    </SelectElement>
                    <DisableElement GUID="{FA225702-DE90-4a46-8923-14C038036C4D}" Type="WZUIContainer">
                        <WZUI9Image File="common/button/button_4.png" GUID="{2E178FF9-4B77-4ce6-939E-FBE39AC51D72}" Type="WZUI9Image" />
                    </DisableElement>
                    <WZUILabelTTF BoldFont="True" Color="255,255,255" EnableStroke="True" FontSize="26" GUID="{08AC347D-F8E7-4a06-BA79-BD737D3865C1}" Name="txtImproveReward_CellDailyTask" StrokeColor="38,47,0" StrokeSize="4" Text="奖励" Type="WZUILabelTTF" />
                </WZUIButton>
                <Button AbsContentSize="163,55" AnchorPoint="0.5,0.5" GUID="{E774101D-9214-4764-BCD1-9CBCC1BA581D}" LuaDoneFunctionName="onGetReward" Name="btn_SubmitTask" RelativePosition="-0.6,0.25" Type="WZUIButton" UseAbsSize="True">
                    <NormalElement GUID="{8930F62B-B3FE-4547-8102-9F2200D3041E}" Type="WZUIContainer">
                        <WZUI9Image File="common/button/button_2.png" GUID="{D14CA97D-BE1B-41c8-B2B8-037D2A87AFDE}" Type="WZUI9Image" />
                    </NormalElement>
                    <SelectElement GUID="{773EA425-E211-4598-B8BC-429A29682565}" Type="WZUIContainer">
                        <WZUI9Image File="common/button/button_2_sel.png" GUID="{C96ACC0E-3209-4dc8-AA68-193CE17D40F7}" Type="WZUI9Image" />
                    </SelectElement>
                    <DisableElement GUID="{7DC91E55-8878-43f5-88DC-F723FFFD2D36}" Type="WZUIContainer" />
                    <WZUILabelTTF BoldFont="True" Color="255,255,255" EnableStroke="True" FontSize="26" GUID="{4446C31A-03F2-4858-9667-C56D13E67AB5}" Name="txtGetReward_CellDailyTask" StrokeColor="38,47,0" StrokeSize="4" Text="奖励" Type="WZUILabelTTF" />
                </Button>
            </WZUIContainer>
            <WZUIContainer AbsContentSize="180,110" GUID="{D1DA2E09-F933-400e-8000-532E1C544177}" Name="conCompleted_CellDailyTask" RelativePosition="0.1,0.5" Type="WZUIContainer" UseAbsSize="True" Visible="False">
                <WZUIImage File="common/text/task_finish_big.png" GUID="{B7F5D6B0-E4FA-462b-9D8E-7E7C34130EFE}" Scale="1.3" Type="WZUIImage" UseOriginSize="True" />
            </WZUIContainer>
            <WZUI9Image File="ui/main/pet/information_diamond.png" GUID="{62374626-3689-4be2-9936-54F4B311B2F9}" Name="icon_diamond" RelativePosition="0.9,0.3" Type="WZUI9Image" UseOriginSize="True" />
            <WZUILabelTTF Color="0,0,0" FontSize="25" GUID="{B77583FF-8468-4b03-81F8-4D3189688429}" Name="txtDiamondlable" RelativePosition="1.1,0.3" Text="0" Type="WZUILabelTTF" />
        </WZUIContainer>
    </WZUIContainer>
</CellDailyTask>
