<?xml version="1.0"?>
<CellRankItemWorldBoss GUID="{926885D9-873C-4891-B973-8EC9010E7FFB}">
	<WZUIContainer Type="WZUIContainer" GUID="{AE466033-1028-4c68-B2B2-C3EAF02E07F6}" LuaObjectName="" Name="CellRankItemWorldBoss" NameCreate="True" AbsContentSize="400,62" UseAbsSize="True">
		<WZUI9Image Type="WZUI9Image" GUID="{D9B8D5DD-4E7B-4364-9353-B6EA9116DB2D}" File="ui/common/common_scale9_di18.png" ShowRect="False" CapInsets="0,0,0,0" Name="imgRankDi_CellRankItemWorldBoss" />
		<WZUIContainer AbsContentSize="350,35" AnchorPoint="0.5,0.5" GUID="{65CEE065-A391-491b-B240-3A30904DA386}" RelativePosition="0.5,0.5" RelativeSize="1,1" Type="WZUIContainer" UseAbsSize="True">
			<WZUIContainer Type="WZUIContainer" GUID="{D357406F-10A7-4f0e-8C64-56261E26E00D}" RelativeSize="0.2,1" AnchorPoint="0,0.5" RelativePosition="-0.04,0.5">
				<WZUILabelTTF Type="WZUILabelTTF" GUID="{AD2E7E81-C677-4cdc-98D7-ED96BE32CAF3}" FontSize="22" Color="158,0,0" EnableStroke="False" NameCreate="True" Name="txtRank_CellRankItemWorldBoss" StrokeColor="60,19,12" StrokeSize="3" Text="" RelativePosition="0.5,0.5" />
				<WZUIImage Type="WZUIImage" GUID="{5DAE50F9-DAE1-4c4e-BDE7-195392B0D5CA}" File="ui/common/common_icon_1st.png" UseOriginSize="True" Name="imgRank_CellRankItemWorldBoss" Visible="False" Scale="0.8" />
			</WZUIContainer>
			<WZUILabelTTF Type="WZUILabelTTF" GUID="{A1099340-79F2-4143-B307-23B384228826}" FontSize="22" Color="79,60,48" EnableStroke="False" NameCreate="True" Name="txtName_CellRankItemWorldBoss" StrokeColor="60,19,12" StrokeSize="3" Text="" RelativePosition="0.181428,0.5" Alignment="Left" AnchorPoint="0,0.5" />
			<WZUILabelTTF Type="WZUILabelTTF" GUID="{97E65678-42DE-4a82-A443-66B27E41F590}" FontSize="22" Color="158,0,0" EnableStroke="False" NameCreate="True" Name="txtHurt_CellRankItemWorldBoss" StrokeColor="60,19,12" StrokeSize="3" Text="" RelativePosition="0.722858,0.5" Alignment="Left" AnchorPoint="0,0.5" />
		</WZUIContainer>
		<Button Type="WZUIButton" GUID="{649C287A-80C1-400b-AF08-15C1BEAA8561}" LuaDoneFunctionName="OnCheckPlayerInfo">
			<NormalElement Type="WZUIContainer" GUID="{235D0991-A021-43bd-9F40-C279F7D24218}" />
			<SelectElement Type="WZUIContainer" GUID="{73E3872A-D238-4f54-A7C5-BC3E2DD63519}" />
			<DisableElement Type="WZUIContainer" GUID="{3BD4E0A8-82F0-4f1f-B4A3-67012D773CF4}" />
		</Button>
	</WZUIContainer>
</CellRankItemWorldBoss>
