﻿<CellSevenDayItem GUID="{e8c04faa-7fb7-4102-9671-48efb6477f18}">
    <WZUIContainer AbsContentSize="120,53" GUID="{cb19c5d1-42f1-46e4-8eae-da89df20220f}" LuaObjectName="" Name="CellSevenDayItem" NameCreate="True" RelativePosition="0.5,0.5" TouchContainerEnable="True" Type="WZUIContainer" UseAbsSize="True" ShowAll="False">
        <Button AbsContentSize="120,53" GUID="{367ecaf9-5d96-431a-8334-41c1c76ceec8}" LuaDoneFunctionName="onClickCellItem" Type="WZUIButton" UseAbsSize="True" Name="btnLeft_CellSevenDayItem" Visible="True" TouchEnable="True">
            <NormalElement GUID="{c5856964-cf11-4e8a-957e-af8509620a92}" Type="WZUIContainer">
                <WZUIImage File="ui/common/common_btn_anniu_qt.png" GUID="{56b6bbd7-18e2-41de-a88d-a7d014650949}" Type="WZUIImage" UseOriginSize="True" />
            </NormalElement>
            <SelectElement GUID="{c1838705-0528-4a52-b9ef-d0e3f53a1142}" Type="WZUIContainer">
                <WZUIImage File="ui/common/common_btn_anniu_qt_sel.png" GUID="{1b3816b0-acb3-461c-bfd8-e6fdc4a50d40}" Type="WZUIImage" UseOriginSize="True" />
            </SelectElement>
            <DisableElement GUID="{2937b099-f425-4429-9a19-caceeaec9797}" Type="WZUIContainer" />
        </Button>
        <WZUIContainer GUID="{96927a9d-1018-4e4b-8016-506655a3d0cf}" TouchContainerEnable="False" Type="WZUIContainer" AbsContentSize="120,53" UseAbsSize="True" TouchEnable="False" TouchSwallow="False">
            <WZUILabelTTF Type="WZUILabelTTF" GUID="{5ff0b26d-47bf-4702-8943-5c2d7ca1793d}" Name="txtTitle_CellSevenDayItem" FontSize="24" Color="255,236,193" EnableStroke="True" StrokeSize="4" StrokeColor="128,54,13" RelativePosition="0.5,0.485714" TouchEnable="False" />
            <WZUIImage Type="WZUIImage" GUID="{d18f1390-983c-4c58-891f-09c2f9278bcd}" File="ui/common/common_icon_xiaodianzhui.png" Scale="0.8" UseOriginSize="True" Name="imgRedDot_CellSevenDayItem" RelativePosition="0.05,0.872635" TouchEnable="False" Visible="True" />
        </WZUIContainer>
    </WZUIContainer>
</CellSevenDayItem>
