﻿<CellRebateMini GUID="{116031a4-9c10-4aca-95fc-d1f6e02dfc62}">
    <WZUIContainer AbsContentSize="132,135" GUID="{0e931f08-730d-4de8-b760-8a0cb84c6671}" LuaObjectName="" Name="CellRebateMini" NameCreate="True" Type="WZUIContainer" UseAbsSize="True" Visible="True" Scale="1" ScaleX="1" ScaleY="1">
        <WZUIContainer Type="WZUIContainer" GUID="{b1e4338d-d360-4d07-9d94-c8f2dbb6ed2e}" TouchSwallow="True" AbsContentSize="">
            <WZUIContainer Type="WZUIContainer" GUID="{609481b7-dfb9-4a4c-9ffd-548dab9164fd}">
                <WZUI9Image Type="WZUI9Image" GUID="{dbf3101a-6e38-47fe-a9bf-79bbe70715cf}" File="ui/gameActivity/newyear/happynewyear_zs11.png" />
                <WZUIContainer Type="WZUIContainer" GUID="{067a8d2e-e0fd-46ed-b836-5b11776870be}" RelativeSize="0.9,0.75" RelativePosition="0.5,0.62" UseAbsSize="True" AbsContentSize="118,86" Visible="False">
                    <WZUI9Image Type="WZUI9Image" GUID="{fbc288a4-6eec-4e91-9d39-703ed07569f8}" File="ui/common/common_scale9_di58.png" RelativeSize="1,1" RelativePosition="0.5,0.5" Opacity="225" />
                </WZUIContainer>
                <WZUIImage Type="WZUIImage" GUID="{36061fc0-b33d-46cd-aad4-97d3a5b550fc}" File="ui/common/common_icon_dian.png" UseOriginSize="True" RelativePosition="0.5,1" Visible="False" />
            </WZUIContainer>
            <WZUIContainer AbsContentSize="80,80" GUID="{ee752ca3-9989-4a40-bb14-901447c441a9}" Name="conProp_CellRebate" RelativePosition="0.5,0.56" Type="WZUIContainer" UseAbsSize="True" NameCreate="True" />
            <WZUIContainer Type="WZUIContainer" GUID="{fb010e94-a3f7-40b1-afbb-b27cbf317cc6}" AbsContentSize="126,27" UseAbsSize="True" RelativePosition="0.5,0.875835" TouchSwallow="False" RelativeSize="0.8,0.15">
                <WZUIImage Type="WZUIImage" GUID="{6157315c-71d4-4b51-9972-48f17c1cc647}" File="ui/gameActivity/newyear/happynewyear_zs15.png" />
                <WZUILabelTTF Alignment="Center" AnchorPoint="0.5,0.5" BoldFont="False" Color="255,255,255" Dimensions="0,0" EnableStroke="True" FontSize="18" GUID="{39c6c1c0-5967-4f53-a42a-a6b838d5c176}" Name="txtPropName_CellRebate" RelativePosition="0.5,0.5" StrokeColor="47,2,80" StrokeSize="4" Text="" TouchEnable="False" Type="WZUILabelTTF" Visible="True" NameCreate="True" />
            </WZUIContainer>
            <WZUIContainer Type="WZUIContainer" GUID="{6f1507bb-ed83-4816-b09d-0e8689812464}" AbsContentSize="126,27" UseAbsSize="True" RelativePosition="0.5,0.127778" TouchSwallow="False" RelativeSize="0.8,0.12">
                <WZUIImage Type="WZUIImage" GUID="{7b9898f4-0ab8-4bc8-89e9-72c36637ddaa}" File="ui/gameActivity/newyear/happynewyear_zs16.png" />
                <WZUIContainer Type="WZUIContainer" GUID="{9048f4eb-1bc1-4328-9974-cc8da17521a4}" RelativePosition="0.5,0.5" Name="conNotLimitTxt_CellRebate" Visible="True">
                    <WZUIContainer Type="WZUIContainer" GUID="{e0891904-bb23-4e5d-ad49-f328036d5389}" AbsContentSize="30,30" UseAbsSize="True" AnchorPoint="0,0.5" RelativePosition="0.18,0.5">
                        <WZUIImage File="ui/common/common_icon_jingjibi.png" GUID="{2d99bad4-4f5b-416c-bf37-9bf55fa70d71}" Name="imgMoney_CellRebate" RelativePosition="0.5,0.5" RelativeSize="1,1" Scale="0.5" ScaleX="1" ScaleY="1" TouchEnable="False" Type="WZUIImage" UseOriginSize="False" Visible="True" isValid="True" UseOriginSizeProportion="True" AbsPosition="" />
                    </WZUIContainer>
                    <WZUILabelTTF Alignment="Left" AnchorPoint="0,0.5" BoldFont="False" Color="255,255,255" EnableStroke="False" FontSize="18" GUID="{cb102eda-6475-4806-8216-4372ad55050a}" Name="txtPrice_CellRebate" RelativePosition="0.45,0.5" StrokeColor="91,49,24" StrokeSize="0" Text="12345" Type="WZUILabelTTF" Visible="True" NameCreate="True" />
                </WZUIContainer>
            </WZUIContainer>
            <WZUIContainer Type="WZUIContainer" GUID="{87fd0371-d2ac-4d1a-ad6b-ca3367f84d03}" RelativeSize="0.3,0.6" RelativePosition="0.274127,0.765233" Name="conDiscount" Visible="False" TouchSwallow="False" AbsContentSize="76,68" UseAbsSize="True" NameCreate="True">
                <WZUIImage Type="WZUIImage" GUID="{ed76a28f-d62d-4597-be12-690fbb9c7c5b}" File="ui/common/common_icon_zhe.png" UseOriginSize="True" Rotation="180" />
                <WZUILabelTTF Type="WZUILabelTTF" GUID="{f3dfba92-bcd7-49dd-831c-4ef51b9e0045}" Text="" LabelStyleKey="C18_F20_S4_C2" RelativePosition="0.281513,0.70111" Rotation="-41" Name="discount" />
            </WZUIContainer>
        </WZUIContainer>
        <WZUIButton GUID="{90b0baf1-7d1f-4481-b90f-c7786f8a3538}" LuaDoneFunctionName="OnBtnBuy" Name="" RelativeSize="1,1" Type="WZUIButton" RelativePosition="0.5,0.5" AnchorPoint="0.5,0.5" TouchSwallow="True">
            <NormalElement GUID="{39cc9750-5aa9-4295-b2b1-bb9905401218}" Type="WZUIContainer" />
            <SelectElement GUID="{9f4ec6bf-5ee5-4ccf-ba52-be1e8193d9ca}" Type="WZUIContainer" />
            <DisableElement GUID="{37648308-3ba3-4ddb-bbee-b6a3f36720da}" RelativePosition="0.5,0.507143" Type="WZUIContainer" />
        </WZUIButton>
        <WZUIContainer Type="WZUIContainer" GUID="{d50a8580-a2c9-4485-8458-5133444679d3}" Name="conSell_CellRebate" NameCreate="True" Visible="False">
            <WZUI9Image Type="WZUI9Image" GUID="{85c6cab6-218d-4e5d-980a-98f8c469953a}" File="ui/common/common_shade_chushouheidi.png" />
            <WZUIImage Type="WZUIImage" GUID="{9552531d-9ad5-4a68-a5fd-510af00c6244}" File="ui/common/common_icon_shouxing.png" UseOriginSize="True" />
        </WZUIContainer>
    </WZUIContainer>
</CellRebateMini>
