<CellCommunityTaskReward GUID="{e2d9b1aa-82bd-4801-9e06-459da7fd1da4}">
    <WZUIContainer AbsContentSize="600,110" GUID="{10a30330-74e2-4b78-be6e-e0895ba58c52}" LuaObjectName="" Name="CellCommunityTaskReward" NameCreate="True" Type="WZUIContainer" UseAbsSize="True" RelativePosition="0.5,0.5">
        <WZUIContainer Type="WZUIContainer" GUID="{8c7e13d8-6788-4538-80fa-261b105c160d}" AbsContentSize="600,100" UseAbsSize="True" AnchorPoint="0.5,1" RelativePosition="0.5,1.02">
            <WZUIContainer GUID="{17c16a7c-b5ac-441d-81b4-a39a202cda92}" Type="WZUIContainer" Visible="True" RelativePosition="0.5,0.5" AbsContentSize="600,100" UseAbsSize="True">
                <WZUI9Image File="ui/common/common_scale9_di18.png" GUID="{280c7ed6-53a4-44e8-89e1-b88464f15f5a}" Type="WZUI9Image" />
            </WZUIContainer>
            <WZUIContainer AbsContentSize="" GUID="{143b0f49-c5a2-4a88-b00d-b8c5defbb624}" RelativePosition="0,0.5" Type="WZUIContainer" UseAbsSize="False" RelativeSize="0.22,1" AnchorPoint="0,0.5">
                <WZUILabelTTF Alignment="Center" AnchorPoint="0.5,0.5" Color="127,70,26" EnableStroke="False" FontSize="20" GUID="{550e2ec2-aaaf-4cbb-bd5b-8d10df689f3e}" Name="txtPosition" RelativePosition="0.5,0.5" Text="会长" Type="WZUILabelTTF" StrokeColor="60,19,12" StrokeSize="3" Dimensions="120,0" LabelStyleKey="C13_F22" />
            </WZUIContainer>
            <WZUIContainer AbsContentSize="450,100" GUID="{85d433ad-6e81-4ccd-b6af-a014abcbb57a}" RelativePosition="0.2,0.5" Type="WZUIContainer" UseAbsSize="True" RelativeSize="1,1" AnchorPoint="0,0.5">
                <WZUIContainer AbsContentSize="50,50" GUID="{d430abde-7d01-4ccd-9e93-4c368d88641e}" Name="conItem1_CellCommunityTaskReward" RelativePosition="0.12,0.5" Type="WZUIContainer" UseAbsSize="True" AnchorPoint="0.5,0.5" />
                <WZUIContainer AbsContentSize="50,50" GUID="{b90c3126-462c-4900-8725-24f825d04618}" Name="conItem2_CellCommunityTaskReward" RelativePosition="0.31,0.5" Type="WZUIContainer" UseAbsSize="True" AnchorPoint="0.5,0.5" />
                <WZUIContainer AbsContentSize="50,50" GUID="{e3a9a724-8a99-4788-80c9-caa2608cae7c}" Name="conItem3_CellCommunityTaskReward" RelativePosition="0.5,0.5" Type="WZUIContainer" UseAbsSize="True" AnchorPoint="0.5,0.5" />
                <WZUIContainer AbsContentSize="50,50" GUID="{f8791786-f6e0-4be9-ad18-cdf6590deb4d}" Name="conItem4_CellCommunityTaskReward" RelativePosition="0.69,0.5" Type="WZUIContainer" UseAbsSize="True" AnchorPoint="0.5,0.5" />
                <WZUIContainer AbsContentSize="50,50" GUID="{7e2fe57c-5bc1-4b9f-b5f7-b828582c335c}" Name="conItem5_CellCommunityTaskReward" RelativePosition="0.88,0.5" Type="WZUIContainer" UseAbsSize="True" AnchorPoint="0.5,0.5" />
            </WZUIContainer>
        </WZUIContainer>
    </WZUIContainer>
</CellCommunityTaskReward>
