<CellTodayRechargePanel GUID="{bd2c453a-680d-4458-acf3-aec53cc1daeb}">
    <WZUIContainer AbsContentSize="502,453" GUID="{c4019b0d-1de6-4691-bb6d-44e69c095621}" LuaObjectName="CellTodayRechargePanel" Name="CellTodayRechargePanel" NameCreate="True" Type="WZUIContainer" UseAbsSize="True" RelativePosition="0.5,0.504687">
        <WZUIContainer Type="WZUIContainer" GUID="{744d034b-37aa-4a42-a640-657741521f7f}" AbsContentSize="502,120" UseAbsSize="True" AnchorPoint="0.5,1" RelativePosition="0.5,0.993378">
            <WZUIContainer Type="WZUIContainer" GUID="{a3e6b3a3-35ed-45cd-b0f6-aaca37dbc28f}" AbsContentSize="502,120" UseAbsSize="True" AnchorPoint="0,0.5" RelativePosition="-0.00109345,0.520001" Name="conTotalRecharge_CellTodayRechargetPanel" Visible="True" UseAbsCoordinate="False">
                <WZUI9Image Type="WZUI9Image" GUID="{7088c7ce-0734-47a3-b08e-328bed404af9}" File="ui/rightMenu/activity/activity_pic_jrljcz.png" UseOriginSizeProportion="False" UseOriginSize="True" RelativePosition="0.5,0.5" />
                <WZUIButton GUID="{8fc40448-d0f5-41aa-868b-89bdee9b7026}" LuaDoneFunctionName="RechargeEvent" Name="btnRecharge_CellTodayRechargePanel" Type="WZUIButton" NameCreate="True" Visible="True" AbsContentSize="116,56" UseAbsSize="True" AnchorPoint="1,0.5" RelativePosition="0.912268,0.4375" LuaActionName="Normal">
                    <NormalElement GUID="{5127656f-b66e-4945-a0d0-fdef3f73b32d}" Type="WZUIContainer">
                        <WZUI9Image CapInsets="20,10,15,35" File="ui/common/common_btn_anniu3_0.png" GUID="{65ca21bd-c451-48c4-991d-5d3d50a7a54a}" RelativeSize="1.1,1" Type="WZUI9Image" UseOriginSize="True" />
                    </NormalElement>
                    <SelectElement GUID="{a6f6af90-aac6-45a2-b1d3-07e5b651af47}" Type="WZUIContainer">
                        <WZUI9Image CapInsets="20,10,15,35" File="ui/common/common_btn_anniu3_0_sel.png" GUID="{b840ca90-fa83-49de-b63a-be66a306f322}" RelativeSize="1.1,1" Type="WZUI9Image" Scale="1" UseOriginSize="True" />
                    </SelectElement>
                    <DisableElement GUID="{6e0cf32a-dd07-4691-b98a-095c34e760d5}" Type="WZUIContainer">
                        <WZUI9Image CapInsets="20,10,15,35" File="ui/common/common_btn_anniu3_0.png" GUID="{fa6d3bf1-dedf-479c-9b54-51c3cc37cc69}" RelativePosition="0.5,0.5" RelativeSize="1.1,1" Type="WZUI9Image" GrayRender="True" UseOriginSize="True" />
                    </DisableElement>
                    <WZUILabelTTF Color="255,236,193" FontSize="22" GUID="{c44456e4-3450-4523-8bef-89c272fd2796}" Name="txtRecharge_CellTodayRechargePanel" RelativePosition="0.5,0.5" StrokeColor="128,54,13" StrokeSize="4" Text="" Type="WZUILabelTTF" EnableStroke="True" LabelStyleKey="SMALL_ORANGE_BTN" TextKey="GOTO_RECHARGE" />
                </WZUIButton>
            </WZUIContainer>
            <WZUIContainer AbsContentSize="230,18" AnchorPoint="0.5,0.5" GUID="{0b5a37f0-8e81-4421-9ca7-adcbc6df3815}" RelativePosition="0.29767,0.238333" RelativeSize="1,0.4" Type="WZUIContainer" UseAbsSize="True">
                <WZUIImage File="ui/common/common_progress_exp2_bg.png" GUID="{318a9442-80fa-48e0-a4c7-ec162b96cf7f}" RelativePosition="0.5,0.5" RelativeSize="1,1" ScaleX="1" Type="WZUIImage" UseOriginSize="True" Visible="True" Name="imgProgress_CellTodayRechargePanel" NameCreate="True" Opacity="153" />
                <WZUIContainer AbsContentSize="230,18" GUID="{2cbf1d38-9832-4f10-9871-8c2188949b8e}" Type="WZUIContainer" UseAbsSize="True" RelativePosition="0.5,0.529">
                    <WZUIProgress BgPicture="ui/common/common_progress_exp2_fore.png" GUID="{937992a1-9da1-420f-8f24-bcb519e1e14a}" GrayRender="False" Name="progCostProgress_CellTodayRechargePanel" Percentage="50" RelativePosition="0.5,0.47" Type="WZUIProgress" UseOriginSize="True" Visible="True" />
                </WZUIContainer>
                <WZUILabelTTF Color="255,227,116" FontSize="22" GUID="{9bb0a892-c4ed-4516-9608-6cd576f4e755}" Name="txtCurCostValue_CellTodayRechargePanel" Text="100/200" Type="WZUILabelTTF" UseOriginSize="True" UseOriginSizeProportion="False" Visible="True" EnableStroke="True" StrokeColor="105,65,46" StrokeSize="2" />
            </WZUIContainer>
        </WZUIContainer>
        <WZUIContainer AbsContentSize="500,300" GUID="{8c626205-18c3-485b-bb2c-deee4a9f7fbf}" RelativePosition="0.5,0.363784" Type="WZUIContainer" UseAbsSize="True" Name="conParent_CellTodayRechargePanel" Order="1">
            <WZUIFreeListContainer EnableMoveHorizontal="False" GUID="{58650720-feda-43f0-8f35-74b434396ae8}" Name="conflListview_CellTodayRechargePanel" Type="WZUIFreeListContainer" Resistance="0.95" VisibleHeight="70" ListItemInterval="6" AbsContentSize="500,300" UseAbsSize="True" RelativePosition="0.5,0.5" />
        </WZUIContainer>
    </WZUIContainer>
</CellTodayRechargePanel>
