<?xml version="1.0" ?>
<CellTaskListItem GUID="{3DF5D16C-405B-486d-B6F3-5E09F16F8780}">
    <WZUIContainer Type="WZUIContainer" GUID="{6CC8B39B-1B0E-49d4-B417-85653919275E}" AbsContentSize="725,124" UseAbsSize="True" LuaObjectName="" Name="CellTaskListItem" NameCreate="True" RelativePosition="0.5,0.5" ShowAll="False">
        <WZUIContainer Type="WZUIContainer" GUID="{18736DEE-7162-4645-9BBB-C808088367CB}" AbsContentSize="713,117" UseAbsSize="True" RelativePosition="0.5,0.5" ShowAll="False">
            <WZUIContainer Type="WZUIContainer" GUID="{8D3BB694-94BB-4db6-B720-23FD2EB95DF4}">
                <WZUI9Image Type="WZUI9Image" GUID="{1465A7D1-7265-4a7e-824B-BDC6645046D6}" File="ui/common/common_scale9_di18.png" />
            </WZUIContainer>
            <WZUIContainer Type="WZUIContainer" GUID="{F22C7B32-4136-4024-BFA3-064152CB55F9}" AbsContentSize="80,80" UseAbsSize="True" RelativePosition="0.0883172,0.487619" NameCreate="True" Name="conItemIcon_CellTaskListItem">
                <WZUIImage Type="WZUIImage" GUID="{B2ACCBCE-6EAA-43ca-9D79-97E6FE5EB5FB}" UseOriginSize="True" File="ui/common/common_scale9_beibaodi2.png" />
                <WZUI9Image Type="WZUI9Image" GUID="{0B473AE2-CD83-421a-8722-E3204B62B14C}" File="ui/common/common_scale9_beibaodi1.png" RelativePosition="0.5,0.5" UseOriginSize="True" />
                <WZUIImage Type="WZUIImage" GUID="{373565B8-8E72-4cf1-8ADF-8F9696848613}" File="ui/task/common_icon_renwu1.png" UseOriginSize="True" NameCreate="False" Name="imgItemIcon_CellTaskListItem" />
            </WZUIContainer>
            <WZUIContainer Type="WZUIContainer" GUID="{58EF0709-F2D5-4155-9286-D469110D9E18}" Name="TaskDescContainer_Obj">
                <WZUILabelTTF Type="WZUILabelTTF" GUID="{5195FA26-D6C5-4f30-BA5D-4CD32F4D2235}" Text="" FontSize="22" Color="79,60,48" RelativePosition="0.18036,0.780747" Name="txtTaskTitle_CellTaskListItem" EnableStroke="False" StrokeColor="79,60,48" StrokeSize="1" Font="" Alignment="Left" AnchorPoint="0,0.5" />
                <WZUILabelTTF Type="WZUILabelTTF" GUID="{35EE18D0-3E80-4049-B95C-F37CE275A3F5}" Text="" FontSize="20" Color="132,66,29" RelativePosition="0.178164,0.552673" Alignment="Left" AnchorPoint="0,0.5" Name="txtTaskDesc_CellTaskListItem" Font="" EnableStroke="False" StrokeColor="132,66,29" StrokeSize="1" Dimensions="0,0" />
                <WZUILabelTTF Type="WZUILabelTTF" GUID="{ED55DA9D-48E7-4b46-875D-1161CFFE6D61}" FontSize="20" Color="158,0,0" AnchorPoint="1,0.5" RelativePosition="0.73,0.552673" Name="txtLastDay_CellTaskListItem" Visible="False" />
            </WZUIContainer>
            <WZUIContainer Type="WZUIContainer" GUID="{4660FB7E-8D15-469e-B405-2E316C0314BD}" AbsContentSize="160,120" UseAbsSize="True" RelativePosition="0.882587,0.490701">
                <WZUIContainer Type="WZUIContainer" GUID="{FF3CE234-5AAA-4a95-98B3-34C9DC09158C}" AbsContentSize="120,60" UseAbsSize="True" Visible="False" Name="conBtnTaskState_CellTaskListItem" RelativePosition="0.5,0.5">
                    <Button Type="WZUIButton" GUID="{4E8662C5-E90D-4a68-9DE7-BE342ACEB961}" Name="btnCommit_CellTaskListItem" Visible="True" LuaDoneFunctionName="onCommitEvent" AbsContentSize="120,60" UseAbsSize="True" LuaActionName="Normal">
                        <NormalElement Type="WZUIContainer" GUID="{F2E8C008-2EE2-4e52-9B8C-05D1474E0DE5}">
                            <WZUI9Image Type="WZUI9Image" GUID="{B6F88C3F-928F-4049-9F0E-188CF5257FCB}" File="ui/common/common_btn_anniu10_0.png" UseOriginSize="True" />
                            <WZUILabelTTF Type="WZUILabelTTF" GUID="{6765F9AD-FD43-4fff-8D16-69015CE3F464}" Color="255,236,193" FontSize="24" NameCreate="True" Text="" Name="txtCommit_1_CellTaskListItem" EnableStroke="True" StrokeColor="3,111,8" StrokeSize="4" Font="" LabelStyleKey="SMALL_GREEN_BTN" />
                        </NormalElement>
                        <SelectElement Type="WZUIContainer" GUID="{0681BF95-CDC8-4894-AEBE-8D0B19B952E4}">
                            <WZUI9Image Type="WZUI9Image" GUID="{3ADD2A09-1531-4081-B00F-048A557A21FE}" File="ui/common/common_btn_anniu10_0_sel.png" Scale="1" UseOriginSize="True" />
                            <WZUILabelTTF Type="WZUILabelTTF" GUID="{B6CFA4D8-B027-4c6e-B12A-FB3FCD5FD92E}" Color="255,236,193" FontSize="24" NameCreate="True" Text="" Name="txtCommit_2_CellTaskListItem" Font="" EnableStroke="True" StrokeColor="3,111,8" StrokeSize="4" LabelStyleKey="SMALL_GREEN_BTN" />
                        </SelectElement>
                        <DisableElement Type="WZUIContainer" GUID="{93F5CCB7-3B91-46a7-9EE4-3CA2C3F4EEC4}">
                            <WZUI9Image Type="WZUI9Image" GUID="{E9FF92B9-D9F4-48d0-AB4B-D1270C4BEB47}" File="ui/common/common_btn_anniu10_0.png" GrayRender="True" UseOriginSize="True" />
                            <WZUILabelTTF Type="WZUILabelTTF" GUID="{C5623552-11D4-4257-81C5-31B2031E92C0}" Color="255,236,193" FontSize="24" NameCreate="True" Text="" Name="txtCommit_3_CellTaskListItem" Font="" EnableStroke="True" StrokeColor="3,111,8" StrokeSize="4" LabelStyleKey="SMALL_GRAY_BTN" />
                        </DisableElement>
                    </Button>
                </WZUIContainer>
                <WZUILabelTTF Type="WZUILabelTTF" GUID="{7B3CB4D7-01CC-48c3-BEA6-85D1A192BB13}" FontSize="26" Text="" Name="txtTaskTarget_CellTaskListItem" Color="158,0,0" EnableStroke="False" StrokeColor="158,0,0" StrokeSize="1" RelativePosition="0.5,0.75" />
                <WZUIContainer Type="WZUIContainer" GUID="{AD164F5E-7C3E-4b98-ACCB-949E357A15F5}" AbsContentSize="120,60" UseAbsSize="True" Visible="True" Name="conUITaskBtn_CellTaskListItem" RelativePosition="0.5,0.35">
                    <Button Type="WZUIButton" GUID="{8126D86E-BC43-40ce-8CBB-0828CF85B46E}" Name="btnUISwitch_CellTaskListItem" Visible="True" LuaDoneFunctionName="onCommitEvent" Tag="1" AbsContentSize="120,60" UseAbsSize="True" LuaActionName="Normal">
                        <NormalElement Type="WZUIContainer" GUID="{EF1C8D13-EABB-4879-8776-F8825972904E}">
                            <WZUI9Image Type="WZUI9Image" GUID="{000E1745-73FA-42e9-8BCC-89EEF1EB6F19}" File="ui/common/common_btn_anniu3_0.png" UseOriginSize="True" />
                            <WZUILabelTTF Type="WZUILabelTTF" GUID="{62830E65-0E43-4e90-8A00-A9F63FD68C7B}" Color="255,236,193" FontSize="24" NameCreate="True" Text="" Name="txtUISwitch_1_CellTaskListItem" EnableStroke="True" StrokeColor="128,54,13" StrokeSize="4" Font="" LabelStyleKey="SMALL_ORANGE_BTN" />
                        </NormalElement>
                        <SelectElement Type="WZUIContainer" GUID="{D1E92E17-1FBD-40f2-B926-05F5D4FFDEB9}">
                            <WZUI9Image Type="WZUI9Image" GUID="{BC812BE5-319C-4a63-811D-05D0D6A19F4A}" File="ui/common/common_btn_anniu3_0_sel.png" Scale="1" UseOriginSize="True" />
                            <WZUILabelTTF Type="WZUILabelTTF" GUID="{7ECB9325-2022-4ff5-9498-EA02524A41C6}" Color="255,236,193" FontSize="24" NameCreate="True" Text="" Name="txtUISwitch_2_CellTaskListItem" Font="" EnableStroke="True" StrokeColor="128,54,13" StrokeSize="4" LabelStyleKey="SMALL_ORANGE_BTN" />
                        </SelectElement>
                        <DisableElement Type="WZUIContainer" GUID="{CBAAE682-D184-4c50-8425-03EDA80DB122}">
                            <WZUI9Image Type="WZUI9Image" GUID="{F9629B6C-D5BE-440d-9E72-4401438511F7}" File="ui/common/common_btn_anniu3_0.png" GrayRender="True" UseOriginSize="True" />
                            <WZUILabelTTF Type="WZUILabelTTF" GUID="{6B2CDBC6-BE83-45d8-90FF-D8E011509003}" Color="255,255,255" FontSize="24" NameCreate="True" Text="" Name="txtUISwitch_3_CellTaskListItem" Font="" EnableStroke="True" StrokeColor="79,60,48" StrokeSize="4" LabelStyleKey="" />
                        </DisableElement>
                    </Button>
                </WZUIContainer>
                <WZUILabelTTF Type="WZUILabelTTF" GUID="{4B167291-5FBB-41e8-B83C-53E8C7EFEC41}" FontSize="26" Text="" Name="txtTaskFinish_CellTaskListItem" Color="158,139,121" EnableStroke="False" StrokeColor="158,0,0" StrokeSize="4" RelativePosition="0.5,0.5" Visible="False" />
            </WZUIContainer>
            <WZUIContainer Type="WZUIContainer" GUID="{6DEB90AD-6D09-4ebe-AF38-9A698FBA60AB}" AbsContentSize="430,40" UseAbsSize="True" RelativePosition="0.178164,0.244981" AnchorPoint="0.0,0.5">
                <WZUI9Image Type="WZUI9Image" GUID="{26FD93C9-84BE-466e-BBEC-10B894BE0154}" File="ui/common/common_scale9_di8.png" />
                <WZUIContainer Type="WZUIContainer" GUID="{658B966A-A089-4f9e-8A25-8BA6A1968811}" AbsContentSize="100,60" UseAbsSize="True" RelativePosition="0.38,0.5" Name="conRewardItem_2_TaskListItem" NameCreate="True" Visible="False">
                    <WZUILabelTTF Type="WZUILabelTTF" GUID="{B932CDE6-4EB3-44aa-B376-523059624C1D}" FontSize="22" Text="2000000" Color="255,255,255" RelativePosition="0.49,0.5" Alignment="Left" AnchorPoint="0,0.5" Name="txtItemNum_2_CellTaskListItem" Font="" />
                    <WZUIContainer Type="WZUIContainer" GUID="{87E67F49-8BE8-4ea2-804F-D1C251E78DDA}" AbsContentSize="40,40" UseAbsSize="True" RelativePosition="0.32,0.5">
                        <WZUIImage Type="WZUIImage" GUID="{8FE31894-D681-4ef4-AFAA-8304E7D5ADF4}" File="ui/common/common_icon_jinbi.png" UseOriginSizeProportion="True" RelativePosition="0.5,0.5" Scale="1" NameCreate="True" Name="ItemIcon_2_TaskListItem" />
                    </WZUIContainer>
                </WZUIContainer>
                <WZUIContainer Type="WZUIContainer" GUID="{44C698FC-CAD3-479a-B851-BAB3819D7D4A}" AbsContentSize="100,60" UseAbsSize="True" RelativePosition="0.65,0.5" Name="conRewardItem_3_TaskListItem" NameCreate="True" Visible="False">
                    <WZUILabelTTF Type="WZUILabelTTF" GUID="{F95DD8D7-BC83-4aa2-B1FE-69551F1CC1C2}" FontSize="22" Text="2000000" Color="255,255,255" RelativePosition="0.5,0.5" Alignment="Left" AnchorPoint="0,0.5" Name="txtItemNum_3_CellTaskListItem" Font="" />
                    <WZUIContainer Type="WZUIContainer" GUID="{A95BD480-868F-47e2-BC56-BC24DE6570E3}" AbsContentSize="40,40" UseAbsSize="True" RelativePosition="0.32,0.5">
                        <WZUIImage Type="WZUIImage" GUID="{9BDBEAE0-1E78-445b-BF63-D3CA8F4C4A73}" File="ui/common/common_icon_exp.png" UseOriginSizeProportion="True" RelativePosition="0.5,0.5" Scale="1" Name="ItemIcon_3_TaskListItem" NameCreate="True" ScaleX="1" ScaleY="1" />
                    </WZUIContainer>
                </WZUIContainer>
                <WZUIContainer Type="WZUIContainer" GUID="{1B1E4653-06A1-40e2-AB94-554C84297E5B}" AbsContentSize="100,60" UseAbsSize="True" RelativePosition="0.109706,0.5" Name="conRewardItem_1_TaskListItem" NameCreate="True" Visible="False">
                    <WZUILabelTTF Type="WZUILabelTTF" GUID="{6EAF80E9-175E-4b6a-A8A4-269BBD745508}" FontSize="22" Text="20000000" Color="255,255,255" RelativePosition="0.5,0.483333" Alignment="Left" AnchorPoint="0,0.5" Name="txtItemNum_1_CellTaskListItem" Font="" />
                    <WZUIContainer Type="WZUIContainer" GUID="{09ABA702-3C12-4114-96E1-EAA6C7EBF03C}" AbsContentSize="40,40" UseAbsSize="True" RelativePosition="0.3,0.5">
                        <WZUIImage Type="WZUIImage" GUID="{1863AEA0-02C4-4318-BD0F-07852AF3F134}" File="ui/common/common_icon_zuanshi.png" UseOriginSizeProportion="True" RelativePosition="0.5,0.5" Scale="1" Name="ItemIcon_1_TaskListItem" NameCreate="True" />
                    </WZUIContainer>
                </WZUIContainer>
                <WZUIContainer Type="WZUIContainer" GUID="{45211969-ae70-4088-8af0-791c5096db0e}" AbsContentSize="100,60" UseAbsSize="True" RelativePosition="0.92,0.5" Name="conRewardItem_4_TaskListItem" NameCreate="True" Visible="False" TouchEnable="False">
                    <WZUILabelTTF Type="WZUILabelTTF" GUID="{11b2e232-007d-41ca-9dd0-b3b952da6279}" FontSize="22" Text="2000000" Color="255,255,255" RelativePosition="0.5,0.5" Alignment="Left" AnchorPoint="0,0.5" Name="txtItemNum_4_CellTaskListItem" Font="" TouchEnable="False" />
                    <WZUIContainer Type="WZUIContainer" GUID="{887570e2-6350-4d88-bc80-0cc1d6ac7030}" AbsContentSize="40,40" UseAbsSize="True" RelativePosition="0.32,0.5">
                        <WZUIImage Type="WZUIImage" GUID="{bd2763eb-e86c-40d7-8eb5-399f42644340}" File="ui/common/common_icon_exp.png" UseOriginSizeProportion="True" RelativePosition="0.5,0.5" Scale="1" Name="ItemIcon_4_TaskListItem" NameCreate="True" ScaleX="1" ScaleY="1" />
                    </WZUIContainer>
                </WZUIContainer>
            </WZUIContainer>
        </WZUIContainer>
    </WZUIContainer>
</CellTaskListItem>
