<CellLeagueReplayItem GUID="{d35f01f8-012e-4251-a0db-850fc653ab92}">
    <WZUIContainer AbsContentSize="673,118" GUID="{28d7c803-0a99-49dd-aa09-f4fb5403f498}" LuaObjectName="" Name="CellLeagueReplayItem" NameCreate="True" Type="WZUIContainer" UseAbsSize="True" RelativePosition="0.5,0.5">
        <WZUIContainer GUID="{7e88d129-4b9f-41ea-963d-ecbcc440155b}" Type="WZUIContainer" Visible="True" RelativePosition="0.5,0.5">
            <WZUI9Image File="ui/common/common_scale9_di7.png" GUID="{4255771a-386d-489f-81dc-f929bb335870}" Type="WZUI9Image" />
        </WZUIContainer>
        <WZUIContainer AbsContentSize="260,70" GUID="{4e5f5687-174c-4edc-be94-5ca448232e38}" RelativePosition="0,0.97" Type="WZUIContainer" UseAbsSize="True" RelativeSize="1,1" AnchorPoint="0,1" Name="conLeftTeam">
            <WZUIContainer Type="WZUIContainer" GUID="{d7ba25b3-f4a0-4c2f-ac4b-d724757341db}" AbsContentSize="64,64" UseAbsSize="True" RelativePosition="0.2,0.5" Name="">
                <WZUI9Image Type="WZUI9Image" GUID="{4f3edb11-2a70-4246-923c-6e3581db28a7}" File="ui/common/common_scale9_beibaodi.png" />
                <WZUI9Image Type="WZUI9Image" GUID="{3fe3d75f-5f96-4fe5-b80a-8aabbbd28045}" File="ui/common/common_scale9_wuse.png" />
                <WZUIImage Type="WZUIImage" GUID="{5b540261-8c1f-47c2-b96d-b44f0bab40a2}" Name="imgLeftTeamIcon_CellLeagueReplayItem" UseOriginSize="True" Scale="0.65" File="ui/hero/hero_icon_yxlsdb.png" />
                <WZUIClippingContainer Type="WZUIClippingContainer" GUID="{88bed9db-d960-466a-9ebf-3d8bde4b9172}" TouchEnable="False" RelativePosition="0.5,0.5" AnchorPoint="0.5,0.5" Visible="True" AbsContentSize="52,52" UseAbsSize="True">
                    <Stencil Type="WZUIImage" GUID="{158d4674-4d24-4523-a874-ed18da5d2a44}" File="ui/bag/common_shade_touxiang2.png" UseOriginSize="True" Scale="0.93" RelativePosition="0.5,0.5" Visible="True" />
                    <WZUIContainer Type="WZUIContainer" GUID="{eb3c0d77-b0e3-4989-88e0-3d6b090203c8}" Name="conLeftTeamIcon" />
                </WZUIClippingContainer>
                <Button Type="WZUIButton" GUID="{5ecbd01a-5cb3-4935-aadc-346e9a390905}" LuaDoneFunctionName="onClickLeftTeam" AbsContentSize="120,80" UseAbsSize="True" Order="2">
                    <NormalElement Type="WZUIContainer" GUID="{8d0b9083-d1ca-4da7-a699-dedffce16cbf}" />
                    <SelectElement Type="WZUIContainer" GUID="{c2494376-b909-40e9-a5f5-724816c1891c}" />
                    <DisableElement Type="WZUIContainer" GUID="{34d7ff82-890b-414d-9e85-c538f75a4be2}" />
                </Button>
            </WZUIContainer>
            <WZUILabelTTF Type="WZUILabelTTF" GUID="{880fb91a-2c89-4c26-b94c-6e7884d6554a}" FontSize="22" Name="txtLeftTeamName_CellLeagueReplayItem" AnchorPoint="0,0.5" RelativePosition="0.35,0.7" LabelStyleKey="C13_F20" />
            <WZUILabelTTF Type="WZUILabelTTF" GUID="{16e5e608-b695-4b15-97bf-d2f11420ec92}" FontSize="22" Name="txtLeftTeamID_CellLeagueReplayItem" AnchorPoint="0,0.5" RelativePosition="0.35,0.3" LabelStyleKey="C13_F20" />
        </WZUIContainer>
        <WZUIContainer Type="WZUIContainer" GUID="{80ae8e42-78a0-4844-bdad-4febc7c7d0ff}" AbsContentSize="673,43" UseAbsSize="True" AnchorPoint="0.5,0" RelativePosition="0.5,0">
            <WZUI9Image Type="WZUI9Image" GUID="{46f99e0c-40cd-4436-8e0f-f08073150841}" File="ui/common/common_scale9_di59.png" Opacity="51" />
            <WZUILabelTTF Type="WZUILabelTTF" GUID="{f731867a-7cb8-4d2f-8691-6f40c657156f}" FontSize="22" Name="txtCheckNum_CellLeagueReplayItem" AnchorPoint="0,0.5" RelativePosition="0.02,0.5" LabelStyleKey="C8_F20" />
            <WZUILabelTTF Type="WZUILabelTTF" GUID="{daac0eb5-b4cb-48a6-a1d1-90a210ccb03f}" FontSize="22" AnchorPoint="1,0.5" RelativePosition="0.98,0.5" Name="txtHavedCheck_CellLeagueReplayItem" LabelStyleKey="C7_F20" />
            <WZUIImage Type="WZUIImage" GUID="{faeca379-80eb-47fd-be83-a1ebc2f30677}" File="ui/common/common_icon_new.png" UseOriginSize="True" AnchorPoint="1,0" RelativePosition="1.00149,-0.0232558" Name="imgNew_CellLeagueReplayItem" />
            <Button Type="WZUIButton" GUID="{e861b7e2-a007-4032-b36b-4546951e4609}" AbsContentSize="116,56" LuaActionName="Normal" LuaDoneFunctionName="onClickCheck" UseAbsSize="True" RelativePosition="0.5,0.5">
                <NormalElement Type="WZUIContainer" GUID="{3dad0b44-0aab-486b-a692-fb836b7ce949}" AbsContentSize="82,36" UseAbsSize="True">
                    <WZUIImage Type="WZUIImage" GUID="{59acbc49-d40d-4161-91fd-f09ef0697261}" File="ui/common/common_btn_anniu10_0.png" />
                </NormalElement>
                <SelectElement Type="WZUIContainer" GUID="{ce73f0b6-e3a4-466a-b2c4-f9ea3488c950}" AbsPosition="" UseAbsSize="True" AbsContentSize="82,36">
                    <WZUIImage Type="WZUIImage" GUID="{8b77fb11-a9ab-4298-8bbc-91715b1ca1b5}" File="ui/common/common_btn_anniu10_0_sel.png" />
                </SelectElement>
                <DisableElement Type="WZUIContainer" GUID="{cc88e5b1-3317-4354-84ec-78e613ec82a0}" />
                <WZUILabelTTF Type="WZUILabelTTF" GUID="{43791950-29fd-4d54-829c-21291b8093ed}" FontSize="20" Name="txtBtn_CellLeagueReplayItem" AnchorPoint="0.5,0.5" RelativePosition="0.5,0.5" LabelStyleKey="" TextKey="" Color="255,236,193" EnableStroke="True" StrokeColor="0,72,3" StrokeSize="4" />
            </Button>
        </WZUIContainer>
        <WZUIContainer AbsContentSize="150,116" GUID="{b4c6ee32-31e2-4d31-9326-f3fd5d4fcf33}" RelativePosition="0.5,0.5" Type="WZUIContainer" UseAbsSize="True" RelativeSize="1,1" AnchorPoint="0.5,0.5" Name="conCenter">
            <WZUILabelTTF Type="WZUILabelTTF" GUID="{429dc385-d663-4938-a72e-7066a5fe4b7a}" RelativePosition="0.5,0.8" FontSize="22" Name="txtMark_CellLeagueReplayItem" LabelStyleKey="C13_F20" />
            <WZUIContainer Type="WZUIContainer" GUID="{914d817c-1032-434a-bda5-f44f72f1ebe0}" AbsContentSize="100,30" UseAbsSize="True" RelativePosition="0.5,0.56">
                <WZUIImage Type="WZUIImage" GUID="{b5846cab-55be-4ec4-bb3f-4f3937296e45}" AnchorPoint="0,0.5" RelativePosition="0,0.5" Name="imgLeftResult_CellLeagueReplayItem" UseOriginSize="True" File="ui/hero/hero_icon_vssheng.png" />
                <WZUIImage Type="WZUIImage" GUID="{bcaaf2ab-77f0-460a-8907-f7b8d9be76e4}" Name="imgRightResult_CellLeagueReplayItem" AnchorPoint="1,0.5" RelativePosition="1,0.5" UseOriginSize="True" File="ui/hero/hero_icon_vsfu.png" />
                <WZUILabelTTF Type="WZUILabelTTF" GUID="{bd7859d4-dcd5-4ec7-b34f-ecc2a4a93fa0}" Text="-" LabelStyleKey="C13_F22" Name="txtGang_CellLeagueReplayItem" />
            </WZUIContainer>
        </WZUIContainer>
        <WZUIContainer AbsContentSize="260,70" GUID="{d0a5e3c2-f02f-4363-a1a2-f6236d5aa29a}" RelativePosition="1,0.97" Type="WZUIContainer" UseAbsSize="True" RelativeSize="1,1" AnchorPoint="1,1" Name="conTeamRight">
            <WZUIContainer Type="WZUIContainer" GUID="{52e84e4d-22b2-4abc-b67a-dc9777a1cdea}" AbsContentSize="64,64" UseAbsSize="True" RelativePosition="0.8,0.5" Name="">
                <WZUI9Image Type="WZUI9Image" GUID="{1cf31362-a82e-4c63-a7f9-3913e30595b6}" File="ui/common/common_scale9_wuse.png" />
                <WZUI9Image Type="WZUI9Image" GUID="{18558386-3dbf-4df8-b6dc-89d3504898e9}" File="ui/common/common_scale9_beibaodi.png" />
                <WZUIImage Type="WZUIImage" GUID="{3c6c87cd-2aeb-4aac-9d4a-0133e7cfc064}" Name="imgRightTeamIcon_CellLeagueReplayItem" UseOriginSize="True" Scale="0.65" File="ui/hero/hero_icon_yxlsdb.png" />
                <WZUIClippingContainer Type="WZUIClippingContainer" GUID="{34497cd2-7e2f-4d64-86b3-428a3c4cbd4c}" TouchEnable="False" RelativePosition="0.5,0.5" AnchorPoint="0.5,0.5" Visible="True" AbsContentSize="52,52" UseAbsSize="True">
                    <Stencil Type="WZUIImage" GUID="{22afc4f3-75cf-4d71-8a7e-25f5f131b49b}" File="ui/bag/common_shade_touxiang2.png" UseOriginSize="True" Scale="0.93" RelativePosition="0.5,0.5" Visible="True" />
                    <WZUIContainer Type="WZUIContainer" GUID="{1b742cc3-9011-4858-b0b4-a5cd9c59577d}" Name="conRightTeamIcon" />
                </WZUIClippingContainer>
                <Button Type="WZUIButton" GUID="{cbb5dec9-511f-4a10-9ae9-a02f233843c1}" LuaDoneFunctionName="onClickRightTeam" AbsContentSize="120,80" UseAbsSize="True" Order="2">
                    <NormalElement Type="WZUIContainer" GUID="{20d8fe9a-c7f6-49da-81af-470de471fd1e}" />
                    <SelectElement Type="WZUIContainer" GUID="{292d1871-cea2-49fa-9c7d-06d2692d85f2}" />
                    <DisableElement Type="WZUIContainer" GUID="{d69da427-fe4e-49e3-98d8-7052feeda275}" />
                </Button>
            </WZUIContainer>
            <WZUILabelTTF Type="WZUILabelTTF" GUID="{d409f3c5-86e2-43f1-82d1-86b4a8bd4d91}" FontSize="22" Name="txtRightTeamName_CellLeagueReplayItem" AnchorPoint="1,0.5" RelativePosition="0.65,0.7" LabelStyleKey="C13_F20" />
            <WZUILabelTTF Type="WZUILabelTTF" GUID="{cd3b8bad-7439-43bb-a83a-0044ee98e6ea}" FontSize="22" Name="txtRightTeamID_CellLeagueReplayItem" AnchorPoint="1,0.5" RelativePosition="0.65,0.3" LabelStyleKey="C13_F20" />
        </WZUIContainer>
    </WZUIContainer>
</CellLeagueReplayItem>
