﻿<CellBackFightItem GUID="{01c2bcd2-9012-42aa-b26e-5803bb509eee}">
    <WZUIContainer Type="WZUIContainer" GUID="{0aa55ac9-5c25-4657-af03-53f23fda184d}" AbsContentSize="486,138" Name="CellBackFightItem" LuaObjectName="" NameCreate="True" UseAbsSize="True">
        <WZUIContainer Type="WZUIContainer" GUID="{ed69f574-bcba-4138-bd50-1c31ae3baebc}" AbsContentSize="713,117" UseAbsSize="False" RelativePosition="0.5,0.5" ShowAll="False">
            <WZUIContainer Type="WZUIContainer" GUID="{5db3a735-f110-43ce-a01d-4a42e571728f}">
                <WZUI9Image Type="WZUI9Image" GUID="{0e92f3eb-50ba-4f4e-bbc6-6051cdc4c485}" File="ui/common/common_scale9_di18.png" />
            </WZUIContainer>
            <WZUIContainer Type="WZUIContainer" GUID="{49d6e753-3677-483d-a245-c38500c0cccb}" Name="">
                <WZUILabelTTF Type="WZUILabelTTF" GUID="{41f9d636-c8b8-43da-b241-bd6272153524}" Text="" FontSize="22" Color="79,60,48" RelativePosition="0.02,0.84" Name="txtTitle_CellBackFightItem" EnableStroke="False" StrokeColor="79,60,48" StrokeSize="1" Font="" Alignment="Left" AnchorPoint="0,0.5">
                    <WZUILabelTTF Type="WZUILabelTTF" GUID="{58da95f1-1fa0-47fa-b478-34ca4b7b836e}" AnchorPoint="0,0.5" RelativePosition="1.1,0.5" Name="txtCurValue_CellBackFightItem" FontSize="22" Color="99,255,95" EnableStroke="True" StrokeSize="4" StrokeColor="0,72,3" />
                </WZUILabelTTF>
                <WZUILabelTTF Type="WZUILabelTTF" GUID="{82a5edb9-915b-4ffc-84cc-8dad2cc482b1}" Text="" FontSize="20" Color="132,66,29" RelativePosition="0.02,0.72" Alignment="Left" AnchorPoint="0,1" Name="txtDesc_CellBackFightItem" Font="" EnableStroke="False" StrokeColor="132,66,29" StrokeSize="1" Dimensions="360,0" />
            </WZUIContainer>
            <WZUIContainer Type="WZUIContainer" GUID="{f37779d9-baf2-452c-83f2-3acba9149556}" AbsContentSize="160,120" UseAbsSize="True" RelativePosition="0.882587,0.490701">
                <WZUIImage Type="WZUIImage" GUID="{a1b7a5a6-457e-4d22-9c2d-4d5f712055db}" File="ui/common/commom_icon_ylq.png" Rotation="27" Scale="0.6" RelativePosition="0.49375,0.291667" Name="imgYlq_CellBackFightItem" TouchEnable="False" TouchSwallow="False" Visible="False" />
                <Button Type="WZUIButton" GUID="{7a74658e-d46c-4e89-b337-d87a421782c4}" Name="btnCommit_CellBackFightItem" Visible="True" LuaDoneFunctionName="onCommitEvent" AbsContentSize="120,60" UseAbsSize="True" LuaActionName="Normal" RelativePosition="0.45,0.32" TouchEnable="True" Scale="0.9">
                    <NormalElement Type="WZUIContainer" GUID="{da220cf1-705a-41ef-8b79-604ef821f603}">
                        <WZUI9Image Type="WZUI9Image" GUID="{65447f3f-60fe-4e42-a6a0-81ed6d5aa9fe}" File="ui/common/common_btn_anniu10_0.png" UseOriginSize="True" />
                        <WZUILabelTTF Type="WZUILabelTTF" GUID="{aa105003-bdaa-469d-8c88-5e45748e661b}" Color="255,236,193" FontSize="24" NameCreate="True" Text="" Name="txtCommit_1_CellTaskListItem" EnableStroke="True" StrokeColor="3,111,8" StrokeSize="4" Font="" LabelStyleKey="SMALL_GREEN_BTN" TextKey="ACTIVE_BTN_GET" />
                    </NormalElement>
                    <SelectElement Type="WZUIContainer" GUID="{e6a6f5f3-2511-4688-bc61-cc61cb35c503}">
                        <WZUI9Image Type="WZUI9Image" GUID="{1e18ccd9-e822-4d5a-834f-2e324c12a7ed}" File="ui/common/common_btn_anniu10_0_sel.png" Scale="1" UseOriginSize="True" />
                        <WZUILabelTTF Type="WZUILabelTTF" GUID="{5f819424-1bc7-43c8-867c-a3f6c4a3ab83}" Color="255,236,193" FontSize="24" NameCreate="True" Text="" Name="txtCommit_2_CellTaskListItem" Font="" EnableStroke="True" StrokeColor="3,111,8" StrokeSize="4" LabelStyleKey="SMALL_GREEN_BTN" TextKey="ACTIVE_BTN_GET" />
                    </SelectElement>
                    <DisableElement Type="WZUIContainer" GUID="{dac28fbc-2ab1-4454-bd64-589e16e1442f}">
                        <WZUI9Image Type="WZUI9Image" GUID="{ad61dce1-dc50-4db9-bab7-2fb263d3a719}" File="ui/common/common_btn_anniu10_0.png" GrayRender="True" UseOriginSize="True" />
                        <WZUILabelTTF Type="WZUILabelTTF" GUID="{b15d17e8-86f7-4012-b4f5-548197c87f51}" Color="255,236,193" FontSize="24" NameCreate="True" Text="" Name="txtCommit_3_CellTaskListItem" Font="" EnableStroke="True" StrokeColor="3,111,8" StrokeSize="4" LabelStyleKey="SMALL_GRAY_BTN" TextKey="ACTIVE_BTN_GET" />
                    </DisableElement>
                </Button>
                <Button Type="WZUIButton" GUID="{e7b7af32-30c5-4ddf-af42-abdc8b444edb}" Name="btnGoto_CellBackFightItem" Visible="True" LuaDoneFunctionName="onClickGoto" Tag="1" AbsContentSize="120,60" UseAbsSize="True" LuaActionName="Normal" Scale="0.75" RelativePosition="0.5,0.833333">
                    <NormalElement Type="WZUIContainer" GUID="{5a79e55a-98c0-4b17-8e42-718225d9f684}">
                        <WZUI9Image Type="WZUI9Image" GUID="{632234aa-741f-442f-b56a-6e322de64258}" File="ui/common/common_btn_anniu3_0.png" UseOriginSize="True" />
                    </NormalElement>
                    <SelectElement Type="WZUIContainer" GUID="{bde2cd9f-08d2-415d-9fda-f7822ba1e3f2}">
                        <WZUI9Image Type="WZUI9Image" GUID="{5efc8e01-a850-4a71-b795-c631828cf0a6}" File="ui/common/common_btn_anniu3_0_sel.png" Scale="1" UseOriginSize="True" />
                    </SelectElement>
                    <DisableElement Type="WZUIContainer" GUID="{23e2dda0-a346-48d9-90d6-4e290562735d}">
                        <WZUI9Image Type="WZUI9Image" GUID="{81d2b548-a228-43c3-8fab-4eb33d5805df}" File="ui/common/common_btn_anniu3_0.png" GrayRender="True" UseOriginSize="True" />
                    </DisableElement>
                    <WZUILabelTTF Type="WZUILabelTTF" GUID="{7bc6b1a3-b64b-410e-8a6c-483b0aba2761}" Color="255,236,193" FontSize="24" NameCreate="True" Text="" Name="" EnableStroke="True" StrokeColor="128,54,13" StrokeSize="4" Font="" LabelStyleKey="SMALL_ORANGE_BTN" TextKey="ACTIVE_BTN_GO" />
                </Button>
            </WZUIContainer>
            <WZUIContainer Type="WZUIContainer" GUID="{ac49858e-0a3b-49c1-9546-bd7b64b4d9e3}" AbsContentSize="350,40" UseAbsSize="True" RelativePosition="0.02,0.244981" AnchorPoint="0.0,0.5">
                <WZUI9Image Type="WZUI9Image" GUID="{77edbd21-2ddd-4f6b-9a2a-8873168a7b22}" File="ui/common/common_scale9_di8.png" />
                <WZUIContainer Type="WZUIContainer" GUID="{893c7132-e31d-4a0e-bb88-84007c1eb2e0}" AbsContentSize="100,60" UseAbsSize="True" RelativePosition="0.442842,0.5" Name="conRewardItem_2_CellBackFightItem" NameCreate="True" Visible="False">
                    <WZUILabelTTF Type="WZUILabelTTF" GUID="{80aeba24-4fcc-47d3-b4e4-2eae57a413f5}" FontSize="22" Text="2000000" Color="255,255,255" RelativePosition="0.53,0.5" Alignment="Left" AnchorPoint="0,0.5" Name="txtItemNum_2_CellBackFightItem" Font="" />
                    <WZUIContainer Type="WZUIContainer" GUID="{cb303b84-e5b8-4feb-96a8-f680e4dc6e60}" AbsContentSize="40,40" UseAbsSize="True" RelativePosition="0.32,0.5">
                        <WZUIImage Type="WZUIImage" GUID="{94c472f4-8820-4e6f-b8c5-e16ee2c90be7}" File="ui/common/common_icon_jinbi.png" UseOriginSizeProportion="True" RelativePosition="0.5,0.5" Scale="1" NameCreate="True" Name="ItemIcon_2_CellBackFightItem" />
                    </WZUIContainer>
                </WZUIContainer>
                <WZUIContainer Type="WZUIContainer" GUID="{cec251d5-4435-4685-b3b5-99df75b0e5b4}" AbsContentSize="100,60" UseAbsSize="True" RelativePosition="0.766816,0.5" Name="conRewardItem_3_CellBackFightItem" NameCreate="True" Visible="False">
                    <WZUILabelTTF Type="WZUILabelTTF" GUID="{d24cb347-4090-4736-88ba-fa05c4cf51c2}" FontSize="22" Text="2000000" Color="255,255,255" RelativePosition="0.57,0.5" Alignment="Left" AnchorPoint="0,0.5" Name="txtItemNum_3_CellBackFightItem" Font="" />
                    <WZUIContainer Type="WZUIContainer" GUID="{83a0b3b4-6030-4104-903c-14053551280a}" AbsContentSize="40,40" UseAbsSize="True" RelativePosition="0.32,0.5">
                        <WZUIImage Type="WZUIImage" GUID="{7ff4b526-c84c-40b8-88f0-dc992223bcc0}" File="ui/common/common_icon_exp.png" UseOriginSizeProportion="True" RelativePosition="0.5,0.5" Scale="1" Name="ItemIcon_3_CellBackFightItem" NameCreate="True" ScaleX="1" ScaleY="1" />
                    </WZUIContainer>
                </WZUIContainer>
                <WZUIContainer Type="WZUIContainer" GUID="{09260aea-5758-4ca7-b954-2d031a63630d}" AbsContentSize="100,60" UseAbsSize="True" RelativePosition="0.109706,0.5" Name="conRewardItem_1_CellBackFightItem" NameCreate="True" Visible="False">
                    <WZUILabelTTF Type="WZUILabelTTF" GUID="{893f8ecd-dd5d-4f90-8ae1-691ae0756c98}" FontSize="22" Text="20000000" Color="255,255,255" RelativePosition="0.5,0.483333" Alignment="Left" AnchorPoint="0,0.5" Name="txtItemNum_1_CellBackFightItem" Font="" />
                    <WZUIContainer Type="WZUIContainer" GUID="{2e43ed47-1aa6-4378-8576-65666b98b82b}" AbsContentSize="40,40" UseAbsSize="True" RelativePosition="0.3,0.5">
                        <WZUIImage Type="WZUIImage" GUID="{98290b27-2b9f-4e02-b0a1-01b84dfc4ce5}" File="ui/common/common_icon_zuanshi.png" UseOriginSizeProportion="True" RelativePosition="0.5,0.5" Scale="1" Name="ItemIcon_1_CellBackFightItem" NameCreate="True" />
                    </WZUIContainer>
                </WZUIContainer>
            </WZUIContainer>
        </WZUIContainer>
    </WZUIContainer>
</CellBackFightItem>
