﻿<?xml version="1.0" ?>
<CellFightingPanelItem GUID="{06F07B69-3332-44d3-98FA-D70D1F75F9AE}">
    <WZUIContainer Type="WZUIContainer" GUID="{749D20EE-4996-47c0-9EF6-3C9947F0AA9F}" AbsContentSize="486,138" UseAbsSize="True" LuaObjectName="" Name="CellFightingPanelItem" NameCreate="True">
        <WZUIContainer Type="WZUIContainer" GUID="{9DFFBDB1-47E9-4723-802E-7CE4691DAE06}" Name="conListItem_CellFightingPanel">
            <WZUIContainer GUID="{16095E01-A372-440c-8E27-B3F284E69BF0}" Type="WZUIContainer" AbsContentSize="486,138" UseAbsSize="True" RelativePosition="0.5,0.5">
                <WZUI9Image File="ui/common/common_scale9_di18.png" GUID="{8BB1081F-D78D-4d60-BCDE-58F63631DE6E}" Type="WZUI9Image" />
            </WZUIContainer>
            <WZUIContainer AbsContentSize="486,98" GUID="{B7BCB36F-D730-4108-94F3-A37E0D690B71}" RelativePosition="0.5,0" Type="WZUIContainer" UseAbsSize="True" AnchorPoint="0.5,0">
                <WZUIContainer AbsContentSize="80,80" GUID="{41844891-E11D-4c51-98FC-AEA16A099C30}" Name="ConItem_1" RelativePosition="0.105,0.5" Type="WZUIContainer" UseAbsSize="True" />
                <WZUIContainer AbsContentSize="80,80" GUID="{3B373E0B-3436-4216-A9D0-4B14ABA7C1B3}" Name="ConItem_2" RelativePosition="0.286,0.5" Type="WZUIContainer" UseAbsSize="True" />
                <WZUIContainer AbsContentSize="80,80" GUID="{98420651-8169-404c-9513-F15883270448}" Name="ConItem_3" RelativePosition="0.467,0.5" Type="WZUIContainer" UseAbsSize="True" />
                <WZUIContainer AbsContentSize="80,80" GUID="{4F906D99-B603-45af-A682-213ADDB6F263}" Name="ConItem_4" RelativePosition="0.648,0.5" Type="WZUIContainer" UseAbsSize="True" />
                <WZUIContainer AbsContentSize="116,56" GUID="{ABEE7D0B-EFEE-41d3-A4DF-B5537D079F39}" RelativePosition="0.864,0.5" Type="WZUIContainer" UseAbsSize="True" Name="conBtn_CellFightingPanel">
                    <WZUIButton GUID="{3B8AB9F2-4AB9-44bd-8943-E7ECD0849414}" LuaDoneFunctionName="event_getReward" Name="btnItemGetReward_CellFightingPanel" Type="WZUIButton" LuaActionName="Normal">
                        <NormalElement GUID="{539B0080-1719-4edf-AB29-82777D3A278E}" Type="WZUIContainer">
                            <WZUI9Image File="ui/common/common_btn_anniu10_0.png" GUID="{3C68A3A3-C89E-44ab-9EB5-C0C0C66115E4}" Type="WZUI9Image" UseOriginSize="True" />
                        </NormalElement>
                        <SelectElement GUID="{170FE2D8-CC4C-42c0-B877-BF54AB402D9C}" Type="WZUIContainer">
                            <WZUI9Image File="ui/common/common_btn_anniu10_0_sel.png" GUID="{FD54510A-9C7A-4b09-B9D5-BEF0F0B2BECA}" Type="WZUI9Image" Scale="1" UseOriginSize="True" />
                        </SelectElement>
                        <DisableElement GUID="{5BDF7264-47AD-443b-810E-3EF65ED86064}" Type="WZUIContainer">
                            <WZUI9Image File="ui/common/common_btn_anniu10_0.png" GUID="{9A357070-4E01-40b9-BEBB-91CD29C43E8B}" Type="WZUI9Image" GrayRender="True" UseOriginSize="True" />
                        </DisableElement>
                        <WZUILabelTTF Color="255,236,193" EnableStroke="True" FontSize="24" GUID="{12CD6272-6A74-4e75-BF8E-485AAE5F7A2C}" Name="txtBtnItem_CellFightingPanel" StrokeColor="0,72,3" StrokeSize="4" Text="" Type="WZUILabelTTF" LabelStyleKey="" />
                    </WZUIButton>
                </WZUIContainer>
            </WZUIContainer>
            <WZUIContainer Type="WZUIContainer" GUID="{52C5C141-48ED-401d-8A5A-6E054B28AEF0}" AbsContentSize="480,40" UseAbsSize="True" RelativePosition="0.5,0.838218">
                <WZUI9Image Type="WZUI9Image" GUID="{53B2DA99-74F9-4a15-BB4B-A49B9AC567BE}" File="" Opacity="76" AnchorPoint="0.5,0.5" />
                <WZUILabelTTF Color="255,236,193" FontSize="22" GUID="{6D69E15E-9B83-41a6-BD63-F85681F41842}" Name="txtFightValue_CellFightingPanelItem" RelativePosition="0.025,0.5" StrokeSize="4" Text="" Type="WZUILabelTTF" AnchorPoint="0,0.5" EnableStroke="True" StrokeColor="105,65,46" TextKey="FIGHTING_TO" />
                <WZUILabelAtlasFont Type="WZUILabelAtlasFont" GUID="{9D381B78-D5BB-4104-9971-A040A176B8DB}" CharMapFileName="ui/common_num/common_num_zhandouli.png" Width="16" Height="26" Name="txtFight_CellFightingPanelItem" Text="1756" Scale="1" RelativePosition="0.225,0.5" UseOriginSize="True" ScaleX="1" ScaleY="1" Visible="True" AnchorPoint="0,0.5" UseOriginSizeProportion="True" />
                <WZUIImage Type="WZUIImage" GUID="{586C43BF-EE69-4ad4-8561-B2AE546179FD}" File="ui/common/common_pic_jiantou4.png" UseOriginSize="True" Name="imgArrow_CellFightingPanelItem" />
            </WZUIContainer>
        </WZUIContainer>
    </WZUIContainer>
</CellFightingPanelItem>
