<?xml version="1.0"?>
<CellBattleDialog GUID="{C96B0636-B3AF-477C-C094-EAC678570E56}">
	<WZUIContainer AbsContentSize="960,640" GUID="{41A72BB6-E59F-41aa-B7D9-488E1D209C38}" Name="CellBattleDialog" NameCreate="True" RelativePosition="0.5,0.57" RelativeSize="1,0.95" Type="WZUIContainer" UseAbsCoordinate="False" UseAbsSize="True" Visible="True">
		<WZUILabelTTF Alignment="Left" BoldFont="True" Color="255,255,255" EnableStroke="True" FontSize="24" GUID="{DD563EEC-2DC6-4371-A476-FBD5B1F233D9}" Name="txtContent_CellBattleDialog" Order="1" RelativePosition="0.5,0.5" ShadowColor="0,0,0" ShadowOffset="0,0" StrokeColor="0,0,0" StrokeOffset="0,0" StrokeSize="4" Type="WZUILabelTTF" Visible="False" />
		<WZUILabelTTF Alignment="Left" BoldFont="True" Color="62,34,8" EnableStroke="False" FontSize="24" GUID="{C4237B4F-A7AD-4529-8301-454D6BC6DE0E}" Name="txtDesc_CellBattleDialog" Order="1" RelativePosition="0.5,0.5" ShadowColor="0,0,0" ShadowOffset="0,0" StrokeColor="0,0,0" StrokeOffset="0,0" StrokeSize="4" Text="" Type="WZUILabelTTF" Visible="True" AbsPosition="0,0.0" />
		<WZUIFreeTextBox Type="WZUIFreeTextBox" GUID="{B940442B-B340-49df-A680-D9435E9AD010}" Name="freetxt_CellBattleDialog" MaxWidth="470" RelativePosition="0.5,0.5" AbsPosition="480,100" ShowAll="False" AnchorPoint="0.5,0.5" TouchEnable="True" TouchSwallow="False" Order="1" />
		<WZUILabelTTF Alignment="Center" BoldFont="True" Color="255,236,193" EnableStroke="False" FontSize="22" GUID="{3B02B26E-9D26-4ae5-A706-223169BC5D55}" Name="txtClick_CellBattleDialog" Order="1" RelativePosition="0.5,0.5" ShadowColor="0,0,0" ShadowOffset="0,0" StrokeColor="0,0,0" StrokeOffset="0,0" StrokeSize="4" Text="" Type="WZUILabelTTF" Visible="False" Dimensions="500,0" />
		<WZUIContainer Type="WZUIContainer" GUID="{4E512A5D-C4D7-4049-8676-7037590105F7}" AbsContentSize="430,70" UseAbsSize="True" Visible="False">
			<WZUI9Image Type="WZUI9Image" GUID="{F16DC3FC-FB14-4d23-829F-31EE4B552BA4}" File="ui/common/common_scale9_di67.png" CapInsets="12,12,12,12" />
		</WZUIContainer>
	</WZUIContainer>
</CellBattleDialog>
