﻿<CellDiscountLimitPanel GUID="{ecc16c36-dfcd-4fd0-aab5-a87d0debd3ed}">
    <WZUIContainer Type="WZUIContainer" GUID="{df3f09bf-3420-4205-8b41-9da4139a4c3c}" LuaObjectName="CellDiscountLimitPanel" Name="CellDiscountLimitPanel" AbsContentSize="502,453" UseAbsSize="True" NameCreate="True">
        <WZUIImage Type="WZUIImage" GUID="{c4a7f7a1-1f05-465a-b626-8035d9b8439e}" File="ui/gameActivity/activity_pic_dzhg.png" UseOriginSize="True" AnchorPoint="0,1" RelativePosition="0,1" ScaleX="1.5" Scale="1.008" ScaleY="1.016" />
        <WZUIContainer AbsContentSize="500,40" GUID="{826639d6-b398-4b24-abf0-6f8718a21664}" RelativePosition="0,1" Type="WZUIContainer" UseAbsSize="True" AbsPosition="246,395.25" Name="" AnchorPoint="0,1">
            <WZUI9Image Type="WZUI9Image" GUID="{92b2734c-761c-495e-854c-b6971d2c524a}" File="ui/common/common_scale9_heidi7.png" Opacity="150" />
            <WZUILabelTTF AnchorPoint="0,0.5" Color="255,227,116" FontSize="22" GUID="{edd2c3f8-b037-40c4-b9bb-40efb6fafaea}" Name="txtTimeWord_CellDiscountLimitPanel" RelativePosition="0.05,0.5" Text="活动剩余" Type="WZUILabelTTF" EnableStroke="True" StrokeSize="4" StrokeColor="128,54,13" />
            <WZUILabelTTF AnchorPoint="0,0.5" Color="255,89,74" FontSize="22" GUID="{de29e67e-fc32-4f4c-abb4-15a1da5a4718}" Name="txtTime_CellDiscountLimitPanel" RelativePosition="0.28,0.5" Text="9天" Type="WZUILabelTTF" StrokeColor="158,0,0" StrokeSize="4" EnableStroke="True" />
        </WZUIContainer>
        <WZUIContainer Type="WZUIContainer" GUID="{ddd5e9a7-b2bc-48fc-926a-6990b2fe65cb}" AbsContentSize="502,298" UseAbsSize="True" RelativePosition="0.5,0" Name="conItem_CellDiscountLimitPanel" AnchorPoint="0.5,0" TouchEnable="True">
            <WZUITableContainer Type="WZUITableContainer" GUID="{3b45da68-d4a4-4924-b733-e79e88b24064}" Name="" EnableMoveHorizontal="False" ColumnCount="2" IsVerticalMode="False" CellElementHeight="0.5" RelativeSize="0.98,0.95" HorizontalInterval="0" VerticalInterval="0.1" />
            <WZUITableContainer Type="WZUITableContainer" GUID="{4b1d304b-01b1-4af8-bd8a-39c9eb0b7c36}" CellElementHeight="0.5" ColumnCount="2" EnableMoveHorizontal="False" Name="tableList_CellDiscountLimitPanel" RelativeSize="0.98,0.95" VerticalAbsInterval="13" VerticalInterval="0.1" />
        </WZUIContainer>
    </WZUIContainer>
</CellDiscountLimitPanel>
