<?xml version="1.0" encoding="utf-8" ?>
<CellSetting GUID="{0EBF7797-75A0-4224-BC02-1F720466DB12}">
    <WZUIContainer AbsContentSize="160,70" GUID="{DF8F2E27-C178-4c60-8590-9227FA5E1540}" LuaObjectName="CellSetting" Name="CellSetting" NameCreate="True" Type="WZUIContainer" UseAbsSize="True" Visible="True">
        <Button GUID="{C3BA8D41-BFC5-4985-8B81-5D9CF25456FC}" LuaDoneFunctionName="onClickFun" Name="btnSDK_CellSetting" Type="WZUIButton">
            <NormalElement GUID="{6BC51FC9-FEEA-4f2f-A627-7B06C4A143E5}" Type="WZUIContainer" />
            <SelectElement GUID="{793E62F7-026A-4101-89D7-40493BCCC90D}" Type="WZUIContainer" />
            <DisableElement GUID="{16A8F526-C1D1-4536-9CC5-DF79C40ECD9D}" Type="WZUIContainer" />
        </Button>
        <WZUILabelTTF BoldFont="True" Color="255,255,255" EnableStroke="True" FontSize="30" GUID="{021BF327-8362-4475-A13B-651A74EBFB49}" Name="txtBtn_CellSetting" StrokeColor="29,121,1" StrokeSize="4" TouchEnable="False" Type="WZUILabelTTF" />
    </WZUIContainer>
</CellSetting>
