<?xml version="1.0" ?>
<CellSpaceRecord GUID="{28F3FFA8-FB17-44de-BC16-98AF6106BA10}">
    <WZUIContainer AbsContentSize="288,88" GUID="{C4D7DCBB-0B91-412f-912D-CD4C64CBEDED}" LuaObjectName="CellSpaceRecord" Name="CellSpaceRecord" NameCreate="True" Type="WZUIContainer" UseAbsSize="True">
        <WZUIContainer Type="WZUIContainer" GUID="{766BDFDE-D180-493c-B29A-94B70E5D4D91}" AbsContentSize="0,0">
            <WZUI9Image Type="WZUI9Image" GUID="{B266636F-C20D-4dfa-A4A1-9F3115107693}" File="ui/common/common_scale9_di7.png" />
        </WZUIContainer>
        <WZUILabelTTF Color="158,0,0" FontSize="20" GUID="{5AAD4047-8A63-4de8-8E4F-066B53B1639E}" Name="txtLv_CellSpaceRecord" RelativePosition="0.34,0.726" Text="Lv55" Type="WZUILabelTTF" Alignment="Left" AnchorPoint="0,0.5" BoldFont="True" LabelStyleKey="" AbsPosition="97.92,63.84" />
        <WZUIFreeTextBox Type="WZUIFreeTextBox" GUID="{aca6b3f2-b19f-45bc-b3eb-9dc1dd7f285c}" AnchorPoint="0,0.5" MaxWidth="300" Name="txtName_CellSpaceRecord" RelativePosition="0.5,0.726" />
        <WZUIContainer Type="WZUIContainer" GUID="{b69d791c-1644-4da4-ad6e-1fb9d7d603c2}" Name="conType1_CellSpaceRecord" Visible="False">
            <WZUIImage Type="WZUIImage" GUID="{7921bbb5-7899-4bf3-9ebf-cd77d020a4cd}" File="ui/common/common_icon_sltb.png" UseOriginSize="True" Scale="0.6" RelativePosition="0.39,0.31" AbsPosition="105.61,27.109" Name="imgType1_CellSpaceRecord" />
            <WZUILabelTTF Color="127,70,26" FontSize="20" GUID="{e8aadb7e-0742-44a8-b6f3-1817c1aa1176}" Name="txtType1_CellSpaceRecord" RelativePosition="0.47,0.3" Text="获得礼物" Type="WZUILabelTTF" Alignment="Left" AnchorPoint="0,0.5" BoldFont="True" />
        </WZUIContainer>
        <WZUIContainer Type="WZUIContainer" GUID="{c1dcb396-16e5-4fb6-aaf1-fa7e2bb89042}" Name="conType2_CellSpaceRecord" Visible="False">
            <WZUIImage Type="WZUIImage" GUID="{a43b7c28-4785-4654-9453-92395b9bd13a}" File="ui/marrige/common_pic_hd1.png" UseOriginSize="True" Scale="0.6" RelativePosition="0.39,0.31" AbsPosition="105.61,27.109" Name="imgType2_CellSpaceRecord" />
            <WZUIFreeTextBox Type="WZUIFreeTextBox" GUID="{7f57d365-ae14-49bc-8c26-6184c9ba2822}" RelativePosition="0.47,0.3" AbsPosition="96.0831,27.0414" Name="textType2_CellSpaceRecord" MaxWidth="300" AnchorPoint="0,0.5" />
        </WZUIContainer>
        <WZUIContainer Type="WZUIContainer" GUID="{558cf6c7-0bff-4050-9f3d-a752f340e29d}" Name="conType3_CellSpaceRecord" Visible="False">
            <WZUIFreeTextBox Type="WZUIFreeTextBox" GUID="{7760fb2b-73bb-4058-8f70-0e850b1bf9a8}" RelativePosition="0.35,0.3" AbsPosition="96.0831,27.0414" Name="textType3_CellSpaceRecord" MaxWidth="300" AnchorPoint="0,0.5" />
        </WZUIContainer>
        <WZUIButton Type="WZUIButton" AbsContentSize="40,40" UseAbsSize="True" RelativePosition="0.898,0.32" AbsPosition="258.589,28.0549" GUID="{96a6cafd-e7af-431d-a0aa-57c0de96f1b3}" LuaDoneFunctionName="onSpace">
            <NormalElement Type="WZUIContainer" GUID="{6d732e33-f94d-44ed-9b29-fd1d3b9fde88}">
                <WZUI9Image Type="WZUI9Image" GUID="{c8362a4e-6cf2-45b8-8ae2-e3f970677a66}" File="ui/common/common_scale9_di42.png" />
            </NormalElement>
            <SelectElement Type="WZUIContainer" GUID="{e0086879-692f-4d17-a8cb-aefd49800c1b}">
                <WZUI9Image Type="WZUI9Image" GUID="{d8baf3ce-a691-41e9-9c0e-f6ccc706c7c9}" File="ui/common/common_scale9_di42.png" />
            </SelectElement>
            <DisableElement Type="WZUIContainer" GUID="{be2bfa68-f98b-4ea4-b6ee-0a8a47445f6d}" />
            <WZUIImage Type="WZUIImage" GUID="{c5628bcb-c424-4959-b94a-f2a24c83c903}" File="ui/space/common_icon_zhuye.png" UseOriginSize="True" TouchEnable="False" RelativePosition="0.5,0.5" AbsPosition="20,20" />
        </WZUIButton>
        <WZUIClippingContainer Type="WZUIClippingContainer" GUID="{0dff056c-8c18-4686-ba1b-a2cf065aa341}" TouchEnable="False" RelativePosition="0.18,0.5" AnchorPoint="0.5,0.5" Visible="True" AbsContentSize="60,60" UseAbsSize="True">
            <Stencil Type="WZUIImage" GUID="{e8ea7436-91c6-483f-911a-6457125b7217}" File="ui/bag/common_shade_touxiang2.png" UseOriginSize="True" Scale="1.05" RelativePosition="0.5,0.5" />
            <WZUIImage Type="WZUIImage" GUID="{4a80f785-572c-43f2-b941-4cdc7e288ae2}" File="ui/space/common_icon_renxiangnan.png" UseOriginSize="True" Scale="0.36" RelativePosition="0.5,0.5" Name="imgHead_CellSpaceRecord" />
            <WZUIContainer Type="WZUIContainer" GUID="{e2c1da97-9607-42bd-b1f1-5295b762cdc0}" Name="conHead_CellSpaceRecord" />
        </WZUIClippingContainer>
        <WZUIContainer Type="WZUIContainer" GUID="{33178ca5-a0e7-4ae5-91d7-48802f8e6f5e}" AbsContentSize="65,65" UseAbsSize="True" RelativePosition="0.18,0.5" AbsPosition="30,30">
            <WZUI9Image Type="WZUI9Image" GUID="{88d42b54-db75-4b1b-987f-639568e5a1aa}" File="ui/bag/common_scale9_txkd.png" Scale="1" UseOriginSize="False" />
        </WZUIContainer>
    </WZUIContainer>
</CellSpaceRecord>
