<CellPetEvolution GUID="{390cfefe-1347-41dc-90f8-c4b95a1a7691}">
    <WZUIContainer AbsContentSize="310,100" GUID="{dc302fcf-5a88-421d-8cfe-b1c6d45c3dde}" LuaObjectName="" Name="CellPetEvolution" NameCreate="True" Type="WZUIContainer" UseAbsSize="True" RelativePosition="0.5,0.5">
        <Button Type="WZUIButton" LuaDoneFunctionName="onClick" GUID="{5075043e-d814-4b65-89de-ccbf8413051f}" AbsContentSize="310,94" UseAbsSize="True">
            <WZUI9Image Type="WZUI9Image" GUID="{09b96ec7-9d91-4751-8bf5-f7616987d937}" File="ui/common/common_scale9_di7.png" Name="imgBg1_CellPetList" Visible="True" />
            <NormalElement Type="WZUIContainer" GUID="{b45d0fdf-be41-4078-b4b6-f7f7ecad83af}" />
            <SelectElement Type="WZUIContainer" GUID="{9adccd2b-5b97-4d0b-9768-5e6b7b896429}" />
            <DisableElement Type="WZUIContainer" GUID="{03f8928f-d9b9-4bfd-912f-5fd9f05aa704}" />
        </Button>
        <WZUIContainer Type="WZUIContainer" GUID="{9aca1f8e-2ca0-4137-9666-4780ec8b42fc}" AbsContentSize="180,40" UseAbsSize="True" RelativePosition="0.3,0.294845" TouchEnable="False" AnchorPoint="0,0.5">
            <WZUIImage Type="WZUIImage" GUID="{21d6d9e8-62cb-4d7c-b23a-c08e38a68100}" Name="imgAptitude1_CellPetList" File="ui/common/common_icon_xingxing2.png" UseOriginSize="True" RelativePosition="0.06,0.5" Scale="0.68" />
            <WZUIImage Type="WZUIImage" GUID="{9ce22679-f961-4d6d-afb7-72aa61e661c6}" Name="imgAptitude2_CellPetList" File="ui/common/common_icon_xingxing2.png" UseOriginSize="True" RelativePosition="0.24,0.5" Scale="0.68" />
            <WZUIImage Type="WZUIImage" GUID="{ba1a90d1-22ef-4333-9981-096b1173ee1b}" Name="imgAptitude3_CellPetList" File="ui/common/common_icon_xingxing2.png" UseOriginSize="True" RelativePosition="0.42,0.5" Scale="0.68" />
            <WZUIImage Type="WZUIImage" GUID="{ef3e5df3-770e-4d8e-b97e-c22cd78f645d}" Name="imgAptitude4_CellPetList" File="ui/common/common_icon_xingxing2.png" UseOriginSize="True" RelativePosition="0.6,0.5" Scale="0.68" />
            <WZUIImage Type="WZUIImage" GUID="{7d98498c-fe63-4e50-b00f-d0339fe182c9}" Name="imgAptitude5_CellPetList" File="ui/common/common_icon_xingxing2.png" UseOriginSize="True" RelativePosition="0.78,0.5" Scale="0.68" />
        </WZUIContainer>
        <WZUIContainer Type="WZUIContainer" GUID="{99382b4f-9feb-4689-b4ad-089231e2d28c}" AbsContentSize="80,80" UseAbsSize="True" RelativePosition="0.16,0.5" TouchEnable="False">
            <WZUIImage Type="WZUIImage" GUID="{23a0f2f7-8114-4536-8978-be59691d5bab}" File="ui/common/common_scale9_beibaodi2.png" UseOriginSize="False" Visible="True" />
            <WZUIImage File="" GUID="{7cbf7a14-36be-47ed-aff4-14ce091b1bc9}" Name="imgIconBg_CellPetList" RelativePosition="0.5,0.5" Scale="1" TouchEnable="False" Type="WZUIImage" UseOriginSize="True" Visible="True" AbsPosition="40,40" ScaleX="1" ScaleY="1" />
            <WZUIImage Type="WZUIImage" GUID="{9d17cd68-4dac-4fb4-9a05-1093cce64c6a}" Name="imgIconBgQuality_CellPetList" Visible="True" />
        </WZUIContainer>
        <WZUILabelTTF AnchorPoint="1,0.5" Color="138,122,106" FontSize="20" GUID="{c1b4ea23-c063-4df7-9e55-9bc850f89678}" MaxLength="10" Name="txtNum_CellPetList" RelativePosition="0.788486,0.271187" Text="" TouchEnable="False" Type="WZUILabelTTF" Alignment="Left" Visible="True" />
        <WZUIContainer Type="WZUIContainer" GUID="{61e86b55-dfba-4ac2-9bb5-9c5ef44c2929}" AbsContentSize="208,36" UseAbsSize="True" RelativePosition="0.3,0.688889" TouchEnable="False" AnchorPoint="0,0.5">
            <WZUI9Image Type="WZUI9Image" GUID="{c33a3ee3-b561-442d-a62c-51ac8b8f0908}" File="ui/common/common_scale9_di8.png" />
            <WZUIFreeTextBox Type="WZUIFreeTextBox" GUID="{0f6eb90d-af63-4927-982e-4a5e527fa7d6}" Name="txtName_CellPetList" AnchorPoint="0,0.5" RelativePosition="-0.01,0.5" MaxWidth="300" />
        </WZUIContainer>
        <WZUIContainer Type="WZUIContainer" GUID="{e7981267-e697-454f-b0dc-51b8eefd5c6b}" AbsContentSize="60,40" UseAbsSize="True" RelativePosition="0.9,0.3" TouchEnable="False" Visible="False">
            <WZUIImage Type="WZUIImage" GUID="{dfa9489c-3be3-44d3-ad59-b067d6fe7e03}" Name="imgWar_CellPetList" Visible="True" File="ui/pet/common_icon_chuzhan.png" UseOriginSize="True" />
        </WZUIContainer>
        <WZUIContainer Type="WZUIContainer" GUID="{af0dc78c-636e-4f00-a686-5d202b09691a}" Scale="1" RelativePosition="0.5,0.5" Name="conSel_CellPetList" Visible="False" ScaleX="1" ScaleY="1" AbsContentSize="0,0" UseAbsSize="False" TouchEnable="False">
            <WZUI9Image Type="WZUI9Image" GUID="{fcb99403-8ba8-41d0-8184-7d33956854ec}" File="ui/common/common_scale9_beibaodi_sel.png" />
        </WZUIContainer>
    </WZUIContainer>
</CellPetEvolution>
