﻿<?xml version="1.0" ?>
<CellCheckOther8 GUID="{C29FC553-C8DF-49d5-BB59-5C054DD42D20}">
    <WZUIContainer Type="WZUIContainer" GUID="{414B6B99-8126-4d75-8B86-5E56D5CB3E0D}" AbsContentSize="450,35" UseAbsSize="True" Name="CellCheckOther8" LuaObjectName="CellCheckOther8" RelativePosition="0.5,0.5">
        <WZUIContainer Type="WZUIContainer" GUID="{7299890B-3C09-446d-AFB1-932167EB499C}" Name="" AbsContentSize="450,35" UseAbsSize="True" AnchorPoint="0.5,0.5" RelativePosition="0.5,0.5">
            <WZUIContainer Type="WZUIContainer" GUID="{32FA61D9-CF5D-412d-95E9-2D4BB140636A}" AbsContentSize="450,35" UseAbsSize="True" RelativePosition="0.5,0.5" Name="conTitle">
                <WZUI9Image Type="WZUI9Image" GUID="{54216EE5-AC4C-4d62-8353-EC52C7CA6D57}" File="ui/common/common_scale9_di10.png" />
                <WZUIContainer Type="WZUIContainer" GUID="{43464730-34A4-4e20-BDED-2572B2799773}" AbsContentSize="112,34" UseAbsSize="True" RelativePosition="0,0.49" AnchorPoint="0,0.5">
                    <WZUI9Image Type="WZUI9Image" GUID="{C9C71FC2-D35A-40d3-844A-8073207BED10}" File="ui/common/common_scale9_di11.png" />
                </WZUIContainer>
                <WZUILabelTTF Alignment="Left" AnchorPoint="0,1" BoldFont="True" Color="255,227,116" FontSize="22" GUID="{4B101658-518E-42ce-8570-9318DC627B53}" Name="txtTitle_CellCheckOther8" RelativePosition="0.03,0.875" Text="卡牌" Type="WZUILabelTTF" EnableStroke="True" StrokeSize="3" StrokeColor="87,47,21" Order="0" />
            </WZUIContainer>
        </WZUIContainer>
    </WZUIContainer>
</CellCheckOther8>
