<?xml version="1.0" ?>
<CellDynamic GUID="{E7B93D7B-D8FB-425a-8F22-B9164378D78D}">
    <WZUIContainer AbsContentSize="752,106" GUID="{2A1B5541-C83E-491e-8AA9-F1E193817121}" LuaObjectName="" Name="CellDynamic" NameCreate="True" Type="WZUIContainer" UseAbsSize="True" Visible="True">
        <WZUIContainer GUID="{6D6B4A16-38CC-42aa-B2E6-52B5EA65E6F8}" RelativePosition="0.5,0.5" Type="WZUIContainer" AbsContentSize="752,106" UseAbsSize="True">
            <WZUI9Image Type="WZUI9Image" GUID="{e9ebbac2-5eea-4c65-940c-4f40d279b6fd}" File="ui/common/common_scale9_di18.png" Opacity="255" Name="imgBK_CellDynamic" />
            <Button GUID="{8ea4b2f2-1ede-4630-a7c7-e3176e1bfb68}" LuaDoneFunctionName="onClickHead" Type="WZUIButton" Visible="True" AbsContentSize="350,106" UseAbsSize="True" AnchorPoint="0,0.5" RelativePosition="0,0.5">
                <NormalElement GUID="{ec6210b8-b50f-4a61-b97d-580b1ec8bd65}" Type="WZUIContainer" />
                <SelectElement GUID="{7c18f905-ba76-4e76-9c71-a573e42dd0ca}" Type="WZUIContainer" />
                <DisableElement GUID="{d4d73fbf-ac87-429f-adce-f1ebc1ff186e}" Type="WZUIContainer" />
            </Button>
        </WZUIContainer>
        <WZUIContainer AbsContentSize="752,106" GUID="{9D39ADF2-934C-46a3-AE4D-F278E8CFE39D}" Type="WZUIContainer" TouchEnable="True" UseAbsSize="True">
            <WZUIContainer Type="WZUIContainer" GUID="{45E997D0-1418-4903-9C8D-1B19B24BCF07}" Name="conVigor_CellDynamic" AbsContentSize="450,106" UseAbsSize="True" RelativePosition="0.05,0.5" AnchorPoint="0,0.5" TouchEnable="False" TouchSwallow="False">
                <WZUIFreeTextBox Type="WZUIFreeTextBox" GUID="{82ec7252-ed63-4753-b16e-00ce5b4dbf2c}" Name="txtToName_CellDynamic" AnchorPoint="0,0.5" MaxWidth="450" RelativePosition="0,0.65" />
                <WZUIFreeTextBox Type="WZUIFreeTextBox" GUID="{c7c85073-025b-42bb-95e8-7e6763fde125}" Name="txtAddDes_CellDynamic" MaxWidth="450" AnchorPoint="0,0.5" RelativePosition="0,0.35" />
            </WZUIContainer>
            <WZUIContainer Type="WZUIContainer" GUID="{1CEB5C74-3AB4-4e72-9F6D-B802A74A933F}" AnchorPoint="1,0.5" RelativePosition="0.998,0.367736" RelativeSize="0.1,0.8" AbsContentSize="156,78" UseAbsSize="True">
                <WZUIButton Type="WZUIButton" GUID="{E6FCE345-122E-4a06-BC34-434655C88F8A}" Name="btnGiveVigor_CellDynamic" AbsContentSize="78,78" UseAbsSize="True" Tag="1" LuaDoneFunctionName="onGitfClick" RelativePosition="0.75,0.5" LuaActionName="Normal" Visible="False" Scale="0.75">
                    <NormalElement Type="WZUIContainer" GUID="{0A9C72DC-7855-4121-9BB2-F19F243DAB02}">
                        <WZUI9Image Type="WZUI9Image" GUID="{44636950-6026-451b-b643-c1d7e80d20a7}" File="ui/common/common_scale9_di56.png" Opacity="216" />
                        <WZUIImage Type="WZUIImage" GUID="{26b38e13-50fe-4dcf-b923-834a3bf7a432}" File="ui/common/common_icon_hyzshltb.png" UseOriginSize="True" />
                    </NormalElement>
                    <SelectElement Type="WZUIContainer" GUID="{15EC54E6-D1FA-45e4-9B6D-0B68AF814E82}">
                        <WZUI9Image Type="WZUI9Image" GUID="{25d6ead0-9d0c-4a08-a65e-0979582f39b2}" File="ui/common/common_scale9_di56.png" Opacity="216" />
                        <WZUIImage Type="WZUIImage" GUID="{03f446c6-628c-4d50-b3c1-cf642d599c11}" File="ui/common/common_icon_hyzshltb.png" />
                    </SelectElement>
                    <DisableElement Type="WZUIContainer" GUID="{C8768870-DBF3-4c6b-A92B-62566A577747}" />
                </WZUIButton>
                <WZUIButton Type="WZUIButton" GUID="{0a878dca-51bc-4439-955a-6542ca68b797}" Name="btnIsRecv_CellDynamic" AbsContentSize="78,78" UseAbsSize="True" Tag="1" LuaDoneFunctionName="onRecvClick" RelativePosition="0.33,0.5" LuaActionName="Normal" Visible="False" Scale="0.75">
                    <NormalElement Type="WZUIContainer" GUID="{c1443ccb-8d19-4692-8a4d-903d0d0c3eb1}">
                        <WZUI9Image Type="WZUI9Image" GUID="{0f7187ee-26dc-4334-8afb-399c79efa0bc}" File="ui/common/common_scale9_di56.png" Opacity="216" />
                        <WZUIImage Type="WZUIImage" GUID="{37a27f64-8c6f-4a5e-95b3-7d6595417e24}" File="ui/common/common_icon_hylqhltb.png" UseOriginSize="True" />
                    </NormalElement>
                    <SelectElement Type="WZUIContainer" GUID="{bcb9bd94-cd96-4126-9d24-fbc94e8ce2f4}">
                        <WZUI9Image Type="WZUI9Image" GUID="{ce20614b-7fc5-4273-aa5a-e93794419f6e}" File="ui/common/common_scale9_di56.png" Opacity="216" />
                        <WZUIImage Type="WZUIImage" GUID="{b12a4508-99eb-46b1-847e-1e5da5bd49f8}" File="ui/common/common_icon_hylqhltb.png" />
                    </SelectElement>
                    <DisableElement Type="WZUIContainer" GUID="{773effb5-2b07-4aaa-b856-cf36d7e3108d}" />
                    <WZUILabelTTF Type="WZUILabelTTF" GUID="{a85dc9b1-3c0c-4036-b61a-810d0d9c8063}" Alignment="Center" AnchorPoint="0.5,0.5" FontSize="24" RelativePosition="0.5,0.5" Text="" TouchEnable="False" Name="txtIsRecv_CellDynamic" Color="62,34,8" BoldFont="True" EnableStroke="False" StrokeColor="61,25,4" StrokeSize="0" />
                </WZUIButton>
                <WZUIButton Type="WZUIButton" GUID="{0e6a8694-edac-495e-b7a7-689556216db0}" Name="btnAgree_CellDynamic" AbsContentSize="78,78" UseAbsSize="True" Tag="1" LuaDoneFunctionName="onSure" RelativePosition="0.75,0.5" LuaActionName="Normal" Visible="False" Scale="0.75">
                    <NormalElement Type="WZUIContainer" GUID="{40137e00-5aa5-4205-abad-4e8966369744}">
                        <WZUI9Image Type="WZUI9Image" GUID="{e3fe4077-e921-4b6f-a9dc-6fabce59f6e3}" File="ui/common/common_scale9_di56.png" Opacity="216" />
                        <WZUIImage Type="WZUIImage" GUID="{69420e21-3297-48e0-9b0b-62b40392d49f}" File="ui/common/common_icon_hytytjtb.png" UseOriginSize="True" RelativePosition="0.54,0.46" />
                    </NormalElement>
                    <SelectElement Type="WZUIContainer" GUID="{c1ef34aa-0eff-4ad3-a8ec-144b88666355}">
                        <WZUI9Image Type="WZUI9Image" GUID="{2717ebed-2afc-474e-9b8e-8b7cef0505ac}" File="ui/common/common_scale9_di56.png" Opacity="216" />
                        <WZUIImage Type="WZUIImage" GUID="{3488a1b1-c895-4dbf-9906-7332dac4b257}" File="ui/common/common_icon_hytytjtb.png" RelativePosition="0.54,0.46" />
                    </SelectElement>
                    <DisableElement Type="WZUIContainer" GUID="{0e962c54-9cd0-45b7-85c7-110b8182eb39}" />
                </WZUIButton>
                <WZUIButton Type="WZUIButton" GUID="{8a609ec0-dde3-4f0c-a976-5cf8b4af7e4e}" Name="btnReject_CellDynamic" AbsContentSize="78,78" UseAbsSize="True" Tag="1" LuaDoneFunctionName="onRefuse" RelativePosition="0.33,0.5" LuaActionName="Normal" Visible="False" Scale="0.75">
                    <NormalElement Type="WZUIContainer" GUID="{48c68707-0ece-4e0f-bfcb-1e09b385448c}">
                        <WZUI9Image Type="WZUI9Image" GUID="{1cc8586c-f4b4-4264-855a-be29dea2c3c1}" File="ui/common/common_scale9_di56.png" Opacity="216" />
                        <WZUIImage Type="WZUIImage" GUID="{27c729f1-a103-4829-a828-cd7c8e405805}" File="ui/common/common_icon_hyjjtjtb.png" UseOriginSize="True" RelativePosition="0.54,0.46" />
                    </NormalElement>
                    <SelectElement Type="WZUIContainer" GUID="{4fa9f4b9-2d21-491c-93b0-cb9c49c692ed}">
                        <WZUI9Image Type="WZUI9Image" GUID="{7f32b330-a8ea-4511-8e75-fcfb86f98e3a}" File="ui/common/common_scale9_di56.png" Opacity="216" />
                        <WZUIImage Type="WZUIImage" GUID="{b33ae503-af5e-4926-a3d7-bb4c2c2352b9}" File="ui/common/common_icon_hyjjtjtb.png" RelativePosition="0.54,0.46" />
                    </SelectElement>
                    <DisableElement Type="WZUIContainer" GUID="{75cd55ef-a438-418f-a878-d949a66563ff}" />
                </WZUIButton>
                <WZUIContainer Type="WZUIContainer" GUID="{84d67fcc-b328-4354-b7fc-2383d23fcb21}" AbsContentSize="125,30" UseAbsSize="True" RelativePosition="0.525641,0.90718" AnchorPoint="0.5,0" RelativeSize="1,1">
                    <WZUILabelTTF Type="WZUILabelTTF" GUID="{0a16e807-b542-4d0c-a1e4-e6dfa79b0595}" FontSize="22" Color="138,122,106" Name="txtOnlineState_CellDynamic" AnchorPoint="1,0.5" RelativePosition="1,0.5" />
                </WZUIContainer>
            </WZUIContainer>
        </WZUIContainer>
    </WZUIContainer>
</CellDynamic>
