﻿<?xml version="1.0" ?>
<CellCheckOther7 GUID="{C29FC553-C8DF-49d5-BB59-5C054DD42D20}">
    <WZUIContainer Type="WZUIContainer" GUID="{CDD6FEF2-1780-4421-B959-20CA85B3D80D}" AbsContentSize="460,210" UseAbsSize="True" Name="CellCheckOther7" LuaObjectName="CellCheckOther7" RelativePosition="0.5,0.5">
        <WZUIContainer Type="WZUIContainer" GUID="{2885A1AC-15A8-4086-B419-42E0ABC823B8}" Name="" AbsContentSize="460,210" UseAbsSize="True" AnchorPoint="0.5,0.5" RelativePosition="0.5,0.5">
            <WZUIContainer Type="WZUIContainer" GUID="{02BC6870-4471-4c90-A911-6C82D60A3FEA}" AbsContentSize="450,35" UseAbsSize="True" RelativePosition="0.5,0.88" Name="conTitle">
                <WZUI9Image Type="WZUI9Image" GUID="{C0BC0DA8-DA76-41e8-BB16-91CA45F89041}" File="ui/common/common_scale9_di10.png" />
                <WZUIContainer Type="WZUIContainer" GUID="{A540166C-47AE-4003-88D6-B707DCF973DE}" AbsContentSize="112,34" UseAbsSize="True" RelativePosition="0,0.49" AnchorPoint="0,0.5">
                    <WZUI9Image Type="WZUI9Image" GUID="{8B21B499-3485-499c-87DA-6BD4C0DE7411}" File="ui/common/common_scale9_di11.png" />
                </WZUIContainer>
                <WZUILabelTTF Alignment="Left" AnchorPoint="0,1" BoldFont="True" Color="255,227,116" FontSize="22" GUID="{DA2250E0-A4C7-414f-A750-D6F3F7768EF6}" Name="txtTitle_CellCheckOther7" RelativePosition="0.03,0.875" Text="卡牌" Type="WZUILabelTTF" EnableStroke="True" StrokeSize="3" StrokeColor="87,47,21" Order="0" />
            </WZUIContainer>
            <WZUIContainer Type="WZUIContainer" GUID="{66D04F5D-55F7-459b-906F-26D6BC474497}" AbsContentSize="460,100" UseAbsSize="True" RelativePosition="0.5,0.65" Name="" Visible="True">
                <WZUIContainer Type="WZUIContainer" GUID="{A42FF924-02C0-4a6e-88C2-A0AD993FA7C7}" Name="con1" AbsContentSize="75,75" UseAbsSize="True" RelativePosition="0.093,0.35" AbsPosition="32.3077,33.0414" Order="9" Scale="0.91">
                    <WZUIImage Type="WZUIImage" GUID="{1A3EFB72-56EB-4879-B182-71EB389A9820}" File="ui/bag/common_icon_toubu.png" UseOriginSize="True" Order="5" Name="blank1" Visible="False" TouchEnable="False" />
                </WZUIContainer>
                <WZUIContainer Type="WZUIContainer" GUID="{8BBF192F-CA42-468e-A075-2BAE3F6646BB}" Name="con2" AbsContentSize="75,75" UseAbsSize="True" RelativePosition="0.253,0.35" AbsPosition="32.3077,33.0414" Order="8" Scale="0.91">
                    <WZUIImage Type="WZUIImage" GUID="{86B6CB2E-A1AF-42f4-9629-0EA97D9FEB15}" File="ui/bag/common_icon_toubu.png" UseOriginSize="True" Order="5" Name="blank2" Visible="False" TouchEnable="False" />
                </WZUIContainer>
                <WZUIContainer Type="WZUIContainer" GUID="{BD60A856-9A99-4572-AA0F-843B8D1542CB}" Name="con3" AbsContentSize="75,75" UseAbsSize="True" RelativePosition="0.413,0.35" AbsPosition="32.3077,33.0414" Order="7" Scale="0.91">
                    <WZUIImage Type="WZUIImage" GUID="{5E12D0BB-372D-422e-A202-C448F39A3518}" File="ui/bag/common_icon_toubu.png" UseOriginSize="True" Order="5" Name="blank3" Visible="False" TouchEnable="False" />
                </WZUIContainer>
                <WZUIContainer Type="WZUIContainer" GUID="{6D723885-787E-445b-BCB9-FD6A617BA92A}" Name="con4" AbsContentSize="75,75" UseAbsSize="True" RelativePosition="0.573,0.35" AbsPosition="32.3077,33.0414" Order="6" Scale="0.91">
                    <WZUIImage Type="WZUIImage" GUID="{A5C7F303-687E-4be2-B62C-E0A0134D6144}" File="ui/bag/common_icon_toubu.png" UseOriginSize="True" Order="5" Name="blank4" Visible="False" TouchEnable="False" />
                </WZUIContainer>
                <WZUIContainer Type="WZUIContainer" GUID="{C0D2D8D9-DEE8-4ce0-B7E0-F29A715D163F}" Name="con5" AbsContentSize="75,75" UseAbsSize="True" RelativePosition="0.733,0.35" AbsPosition="32.3077,33.0414" Order="5" Scale="0.91">
                    <WZUIImage Type="WZUIImage" GUID="{8AC2E310-6B26-4bf3-BD1E-DB64B3C95FF5}" File="ui/bag/common_icon_toubu.png" UseOriginSize="True" Order="5" Name="blank5" Visible="False" TouchEnable="False" />
                </WZUIContainer>
                <WZUIContainer Type="WZUIContainer" GUID="{734329cb-0e7c-4482-bae5-63db16193687}" Name="con6" AbsContentSize="75,75" UseAbsSize="True" RelativePosition="0.893,0.35" AbsPosition="32.3077,33.0414" Order="5" Scale="0.91">
                    <WZUIImage Type="WZUIImage" GUID="{1b4bd49d-9799-475e-af3a-922f97799ee0}" File="ui/bag/common_icon_toubu.png" UseOriginSize="True" Order="5" Name="blank6" Visible="False" TouchEnable="False" />
                </WZUIContainer>
            </WZUIContainer>
            <WZUIContainer Type="WZUIContainer" GUID="{566003a7-9e5d-434d-b7fa-a93a752c081c}" AbsContentSize="460,100" UseAbsSize="True" RelativePosition="0.5,0.265" Name="" Visible="True">
                <WZUIContainer Type="WZUIContainer" GUID="{50384a64-865e-4407-8f26-b09b54ead89c}" Name="con7" AbsContentSize="75,75" UseAbsSize="True" RelativePosition="0.093,0.35" AbsPosition="32.3077,33.0414" Order="9" Scale="0.91">
                    <WZUIImage Type="WZUIImage" GUID="{2c7085be-74d6-4099-a8fd-16900baa6939}" File="ui/bag/common_icon_toubu.png" UseOriginSize="True" Order="5" Name="blank7" Visible="False" TouchEnable="False" />
                </WZUIContainer>
                <WZUIContainer Type="WZUIContainer" GUID="{82137a90-ca7a-472d-a663-e73855580f39}" Name="con8" AbsContentSize="75,75" UseAbsSize="True" RelativePosition="0.253,0.35" AbsPosition="32.3077,33.0414" Order="8" Scale="0.91">
                    <WZUIImage Type="WZUIImage" GUID="{3dc48363-509f-4023-b4e2-9951ef8dd766}" File="ui/bag/common_icon_toubu.png" UseOriginSize="True" Order="5" Name="blank8" Visible="False" TouchEnable="False" />
                </WZUIContainer>
                <WZUIContainer Type="WZUIContainer" GUID="{6590de7b-4b9a-495b-9221-3f7907dab165}" Name="con9" AbsContentSize="75,75" UseAbsSize="True" RelativePosition="0.413,0.35" AbsPosition="32.3077,33.0414" Order="7" Scale="0.91">
                    <WZUIImage Type="WZUIImage" GUID="{2c4eb7fc-f16c-4720-b1a6-3c86198c01cc}" File="ui/bag/common_icon_toubu.png" UseOriginSize="True" Order="5" Name="blank9" Visible="False" TouchEnable="False" />
                </WZUIContainer>
                <WZUIContainer Type="WZUIContainer" GUID="{6e821880-2f9f-467c-9281-34ea097c0b43}" Name="con10" AbsContentSize="75,75" UseAbsSize="True" RelativePosition="0.573,0.35" AbsPosition="32.3077,33.0414" Order="6" Scale="0.91">
                    <WZUIImage Type="WZUIImage" GUID="{4cfb1638-8238-4f38-afd2-3c53a032e045}" File="ui/bag/common_icon_toubu.png" UseOriginSize="True" Order="5" Name="blank10" Visible="False" TouchEnable="False" />
                </WZUIContainer>
                <WZUIContainer Type="WZUIContainer" GUID="{959a9a89-72e6-4275-a106-705ef2b95841}" Name="con11" AbsContentSize="75,75" UseAbsSize="True" RelativePosition="0.733,0.35" AbsPosition="32.3077,33.0414" Order="4" Scale="0.91">
                    <WZUIImage Type="WZUIImage" GUID="{0e2ad61f-6ce0-49a9-b694-bc090e60cdaa}" File="ui/bag/common_icon_toubu.png" UseOriginSize="True" Order="5" Name="blank11" Visible="False" TouchEnable="False" />
                </WZUIContainer>
                <WZUIContainer Type="WZUIContainer" GUID="{6d7da989-42bc-4eef-b6be-6c0ece367e0b}" Name="con12" AbsContentSize="75,75" UseAbsSize="True" RelativePosition="0.893,0.35" AbsPosition="32.3077,33.0414" Order="6" Scale="0.91">
                    <WZUIImage Type="WZUIImage" GUID="{501cdffb-3a7c-4b45-8e69-d497c50f37e3}" File="ui/bag/common_icon_toubu.png" UseOriginSize="True" Order="5" Name="blank12" Visible="False" TouchEnable="False" />
                </WZUIContainer>
            </WZUIContainer>
        </WZUIContainer>
    </WZUIContainer>
</CellCheckOther7>
