<?xml version="1.0"?>
<CellTowerRank GUID="{386665CD-6D13-4097-8E1A-56D42D53FE7A}">
	<WZUIContainer Type="WZUIContainer" GUID="{66732502-FC16-4df2-9252-296572BA0B7F}" AbsContentSize="750,75" UseAbsSize="True" Name="CellTowerRank" NameCreate="True">
		<WZUIContainer Type="WZUIContainer" GUID="{9654934C-28E6-4e76-8603-EA83641742D6}" AbsContentSize="750,75" UseAbsSize="True">
			<WZUI9Image Type="WZUI9Image" GUID="{260ED225-BACC-4f34-9236-5A68BD7BE257}" File="ui/common/common_scale9_di18.png" Name="imgBg_CellTowerRank" />
		</WZUIContainer>
		<WZUIContainer Type="WZUIContainer" GUID="{C2238C6E-25F1-44ec-93EA-33C30E50933E}" UseAbsSize="True" AbsContentSize="70,70" RelativePosition="0.0759631,0.486667" Name="conHead_CellTowerRank" Scale="1" RelativeSize="1,0.95">
			<WZUIImage Type="WZUIImage" GUID="{5ACD630D-9289-4659-BF96-9865E3DB5C1C}" File="ui/common/common_icon_tx.png" UseOriginSizeProportion="True" UseOriginSize="False" />
			<Button Type="WZUIButton" LuaDoneFunctionName="" GUID="{354E0709-9F3D-4c00-B582-13C69A3EE6B6}">
				<NormalElement Type="WZUIContainer" GUID="{22FED406-E028-4cf2-BEBC-545C25A00618}" />
				<SelectElement Type="WZUIContainer" GUID="{ED07B35C-03C0-47bb-8F24-AC54EBBCAEF6}" />
				<DisableElement Type="WZUIContainer" GUID="{B8725E92-5430-492a-B0F7-95F210DA3297}" />
			</Button>
		</WZUIContainer>
		<WZUIContainer Type="WZUIContainer" GUID="{A85DEF8B-F873-4612-9B57-28789C911A50}" UseAbsSize="True" AbsContentSize="166,40" RelativePosition="0.282506,0.5" AnchorPoint="0,0.5">
			<WZUILabelTTF Type="WZUILabelTTF" GUID="{76F1319E-D814-4a22-8BA4-3C241C7DAFF9}" Name="txtName_CellTowerRank" AnchorPoint="0,0.5" FontSize="20" Text="" RelativePosition="0.307391,0.5" EnableStroke="False" Color="255,121,31" StrokeSize="0" StrokeColor="91,49,24" />
			<WZUILabelTTF Type="WZUILabelTTF" GUID="{C3825F72-EB49-4d50-A2AA-2EFB9424F6F7}" Text="" Name="txtLevel_CellTowerRank" FontSize="20" Color="255,121,31" RelativePosition="0.281652,0.5" AnchorPoint="1,0.5" />
		</WZUIContainer>
		<WZUIContainer Type="WZUIContainer" GUID="{6BA466D2-944F-48aa-843D-96550849C8FA}" UseAbsSize="True" AbsContentSize="168,44" AnchorPoint="0,0.5" RelativePosition="0.524854,0.5">
			<WZUILabelTTF Type="WZUILabelTTF" GUID="{262D23C3-A110-4c28-9123-C0BE70A55CB4}" Name="txtUnion_CellTowerRank" Text="" Color="255,236,193" FontSize="20" AnchorPoint="0.5,0.5" RelativePosition="0.5,0.5" />
		</WZUIContainer>
		<WZUIContainer Type="WZUIContainer" GUID="{6BF6086B-27F4-4a87-8A56-63D228DE005C}" UseAbsSize="True" AbsContentSize="108,44" RelativePosition="0.882499,0.5">
			<WZUILabelTTF Type="WZUILabelTTF" GUID="{2690EAF2-E0CC-46ea-89E4-8C3660747C27}" Text="" Color="255,236,193" FontSize="20" StrokeColor="36,0,0" StrokeSize="3" EnableStroke="False" Name="txtFloor_CellTowerRank" />
		</WZUIContainer>
		<WZUIContainer Type="WZUIContainer" GUID="{D37CC35B-CCEF-4562-98D0-22C993B9DE90}" AbsContentSize="80,44" UseAbsSize="True" RelativePosition="0.208086,0.5">
			<WZUIImage Type="WZUIImage" GUID="{FB4C65AD-A965-4aae-8779-784C0D625930}" Name="imgRank_CellTowerRank" File="" UseOriginSize="True" RelativePosition="0.5125,0.5" />
			<WZUILabelTTF Type="WZUILabelTTF" GUID="{E6FCF3E6-1BB1-41cc-8F89-E800B4F7607F}" FontSize="22" Color="233,166,62" Text="" Name="txtRank_CellTowerRank" />
		</WZUIContainer>
		<Button Type="WZUIButton" LuaDoneFunctionName="onClickPlayerInfo" GUID="{31CA57B4-5BA7-40a8-9E0F-5604B2363103}">
			<NormalElement Type="WZUIContainer" GUID="{50878533-97F7-415e-9B12-AEA36D5C5757}" />
			<SelectElement Type="WZUIContainer" GUID="{F7D1AE92-4467-4e6b-A450-E3AB4CB3178F}" />
			<DisableElement Type="WZUIContainer" GUID="{03449985-4C20-4949-9D08-37F8AB10F74F}" />
		</Button>
	</WZUIContainer>
</CellTowerRank>
