<?xml version="1.0" encoding="utf-8"?><CellReasure GUID="{93377E67-0A58-4738-8F69-AFEAA5A8E8F9}">
    <WZUIContainer AbsContentSize="" GUID="{16C03C6C-101F-4e15-ADE6-D7FFC8C11C9F}" LuaObjectName="CellReasure" Name="CellReasure" NameCreate="True" Type="WZUIContainer" UseAbsSize="False">
        <WZUIImage File="" GUID="{2A92F05B-5A02-48af-95B7-5479FE3BA0B4}" RelativePosition="0.5,0.5" Scale="2" Type="WZUIImage" UseOriginSize="True"/>
        <WZUIImage File="temp\dragonRelic\battle_hud_bloodbg_up.png" GUID="{0099FC48-A091-4604-B3B7-018334DB664A}" Name="imgRec_CellReasure" RelativePosition="0.48,0.55" Scale="1" ScaleX="2" ScaleY="6" Type="WZUIImage" UseOriginSize="True"/>
        <WZUILabelTTF FontSize="52" GUID="{4A523B81-40CA-4fe8-AC35-EB5A1CE7993D}" Name="txtCellNumSec_CellReasure" RelativePosition="0.48,0.55" Text="1" Type="WZUILabelTTF"/>
        <WZUIImage File="temp\dragonRelic\battle_hud_star.png" GUID="{E7846A45-2242-440a-B9F9-F2BFC8162DC7}" Name="imgStarImg_CellReasure" RelativePosition="0.57,0.55" Type="WZUIImage" UseOriginSize="True"/>
        <WZUIImage File="temp/dragonRelic/item_informatio_bg.png" GUID="{3BB7E2AE-85D0-4814-BB84-751107630C10}" Name="imgBottomBg_CellReasure" RelativePosition="0.44,0.42" RelativeSize="0.6,0.3" Scale="0.5" ScaleX="0.2" ScaleY="0.2" Type="WZUIImage" UseOriginSize="False" UseOriginSizeProportion="False"/>
        <WZUIImage File="temp/dragonRelic/BTNDruidOfTheTalon.png" GUID="{8AF3AA0C-CD6E-49bf-9CB5-258B36DA9AFE}" Name="imgGoodsPic_CellReasure" RelativePosition="0.34,0.42" Type="WZUIImage" UseOriginSize="True"/>
        <WZUILabelTTF FontSize="34" GUID="{F0992443-5237-49f2-9EFB-90E8A65FBE59}" Name="txtGoodsNum_CellReasure" RelativePosition="0.39,0.4" Text="x5" Type="WZUILabelTTF"/>
        <WZUILabelTTF Color="0,0,0" FontSize="34" GUID="{C284AB09-E379-42e0-BBE2-BB75295A0BFA}" Name="txtGoodsName_CellReasure" RelativePosition="0.498076,0.42" Text="公会戒指" Type="WZUILabelTTF"/>
    </WZUIContainer>
</CellReasure>