<CellRelation GUID="{db0f92bd-3444-4c41-889e-2cde7352a44d}">
    <WZUIContainer Type="WZUIContainer" GUID="{f7035937-9e72-4a57-a62f-d828c4fccd4b}" Name="CellRelation" NameCreate="True" AbsContentSize="45,45" UseAbsSize="True" LuaObjectName="CellRelation">
        <WZUIImage Type="WZUIImage" GUID="{9752df42-c98e-44aa-8f82-3556c85f4ace}" Name="imgRelativeIcon_CellRelation" UseOriginSize="True" />
        <Button Type="WZUIButton" GUID="{75b605f6-96eb-460c-bee0-58bac102c6c7}" LuaDoneFunctionName="onClickIcon">
            <NormalElement Type="WZUIContainer" GUID="{69518eff-513c-4391-b662-720b618d5e6f}" />
            <SelectElement Type="WZUIContainer" GUID="{2a64e3c5-f665-4c7d-b9d5-359c015dbe7b}" />
            <DisableElement Type="WZUIContainer" GUID="{9c5eba0d-7918-40df-8fe4-81e1b487596a}" />
        </Button>
    </WZUIContainer>
</CellRelation>
