﻿<?xml version="1.0" ?>
<CellFriend GUID="{E7B93D7B-D8FB-425a-8F22-B9164378D78D}">
    <WZUIContainer AbsContentSize="752,106" GUID="{2A1B5541-C83E-491e-8AA9-F1E193817121}" LuaObjectName="" Name="CellFriends" NameCreate="True" Type="WZUIContainer" UseAbsSize="True" Visible="True" RelativePosition="0.5,0.5">
        <WZUIContainer Type="WZUIContainer" GUID="{F96E7119-3B7D-4ac9-969C-6BB516CA2E05}" AbsContentSize="752,106" UseAbsSize="True">
            <WZUIContainer GUID="{9F776ABE-C184-4b06-9575-EA5699ABBB60}" RelativePosition="0.5,0.5" Type="WZUIContainer" AbsContentSize="752,106" UseAbsSize="True">
                <WZUI9Image Type="WZUI9Image" GUID="{396a0395-b5df-40e6-bf12-3fc92d7475ee}" File="ui/common/common_scale9_di18.png" Opacity="255" />
                <Button GUID="{74910823-6810-4626-a806-2117833fbcd7}" LuaDoneFunctionName="onBackClick" Type="WZUIButton" AbsContentSize="360,106" UseAbsSize="True" AnchorPoint="0,0.5" RelativePosition="0,0.5" TouchContainerEnable="False" TouchEnable="False" Visible="False">
                    <NormalElement GUID="{f1d741b0-32f3-42a2-a7af-717ecb6b0363}" Type="WZUIContainer" />
                    <SelectElement GUID="{b365c0e9-ac7a-4f58-a42c-66cacbad4067}" Type="WZUIContainer" />
                    <DisableElement GUID="{68eb11af-54f3-4e77-86ba-b0329ead9021}" Type="WZUIContainer" />
                </Button>
            </WZUIContainer>
            <WZUIContainer AbsContentSize="660,61" GUID="{9D3CC2E0-913F-4814-9466-944F2F095771}" Type="WZUIContainer" TouchEnable="True" RelativePosition="0.5,0.5">
                <WZUIContainer AnchorPoint="0.5,0.5" GUID="{0F6E62CA-3CB2-4fb3-864A-3D94DBCDAC55}" RelativePosition="0.5,0.5" RelativeSize="1,1" TouchEnable="True" Type="WZUIContainer">
                    <WZUIContainer GUID="{ED1DF242-8544-4d42-9EC3-BE2C237C7641}" RelativePosition="0.288,0.5" Type="WZUIContainer" AnchorPoint="0.5,0.5" RelativeSize="1,0.5" TouchEnable="True" AbsContentSize="250,106" UseAbsSize="True">
                        <WZUIImage Type="WZUIImage" GUID="{75fa8130-4287-47f2-bc80-951aa62e8771}" File="ui/common/common_icon_kuafu.png" UseOriginSize="True" RelativePosition="0.05,0.8" AnchorPoint="0,0.5" Name="imgKuafu_CellFriends" Visible="False" />
                        <WZUILabelTTF Type="WZUILabelTTF" GUID="{e624a7e4-54c0-441e-bc20-e49927aa9c25}" FontSize="22" Text="呵呵呵呵呵呵" Alignment="Left" AnchorPoint="0,0.5" RelativePosition="0.05,0.8" Name="txtName_CellFriends" Color="79,60,48" BoldFont="False" EnableStroke="False" StrokeColor="62,34,8" StrokeSize="1" TouchSwallow="True" />
                        <WZUILabelTTF Type="WZUILabelTTF" GUID="{12319256-dbc0-47ba-9d46-652f77dc1699}" FontSize="22" Color="127,70,26" Text="lv 25" AnchorPoint="0,0.5" Name="txtLevel_CellFriend" RelativePosition="0.05,0.57" EnableStroke="False" StrokeColor="105,65,46" StrokeSize="1" />
                        <WZUIContainer Type="WZUIContainer" GUID="{e452a4e0-a098-4b78-8b0d-332a93254bc0}" AbsContentSize="240,37" UseAbsSize="True" RelativePosition="0.5,0.25">
                            <WZUI9Image Type="WZUI9Image" GUID="{942d9e1b-d0d8-4874-bf4f-fe88549c8e96}" File="ui/common/common_scale9_di8.png" />
                            <WZUIFreeTextBox Type="WZUIFreeTextBox" GUID="{036f11bd-98a7-45a2-941c-78b48818f57a}" AnchorPoint="0,0.5" MaxWidth="200" Name="txtValue_CellFriend" RelativePosition="0.04,0.5" />
                        </WZUIContainer>
                    </WZUIContainer>
                </WZUIContainer>
                <WZUIContainer Type="WZUIContainer" GUID="{FAFE8C04-854E-4a86-9EFF-ACECA1AB78DA}" AbsContentSize="312,78" UseAbsSize="True" RelativePosition="0.998,0.358491" AnchorPoint="1,0.5">
                    <WZUIButton Type="WZUIButton" Name="btnAddFriend_CellFriends" AbsContentSize="78,78" UseAbsSize="True" GUID="{F0E4AA19-C7EE-43b0-89F2-30D542CD484E}" LuaDoneFunctionName="onAddFriend" LuaActionName="Normal" RelativePosition="0.875,0.5" Visible="False" Scale="0.75">
                        <NormalElement Type="WZUIContainer" AbsContentSize="" UseAbsSize="False" GUID="{612721B0-249C-4f13-A708-07CA977889CD}">
                            <WZUI9Image Type="WZUI9Image" GUID="{6c1f6f9a-be12-4cc4-8952-a5536a70ae09}" File="ui/common/common_scale9_di56.png" Opacity="216" />
                            <WZUIImage Type="WZUIImage" GUID="{29087c3f-b695-4873-976d-8e4ec04f9345}" File="ui/common/common_icon_hytjtb.png" RelativePosition="0.54,0.5" />
                        </NormalElement>
                        <SelectElement Type="WZUIContainer" AbsContentSize="" GUID="{863FA631-CEA2-48f3-A3CC-6226E5CCC9EC}">
                            <WZUI9Image Type="WZUI9Image" GUID="{7f1f7cd3-0ccc-4b70-9165-73c74e7d8015}" File="ui/common/common_scale9_di56.png" Opacity="216" />
                            <WZUIImage Type="WZUIImage" GUID="{f78f0778-7693-49a4-ad5f-030d65edf92e}" File="ui/common/common_icon_hytjtb.png" RelativePosition="0.54,0.5" />
                        </SelectElement>
                        <DisableElement Type="WZUIContainer" GUID="{CA1B7644-6AE4-48e7-B4D1-2DCCF68C1CCF}">
                            <WZUI9Image Type="WZUI9Image" GUID="{9983d020-3b65-4a42-b9cc-5b46c1e063e6}" File="ui/common/common_scale9_di56.png" Opacity="216" GrayRender="True" />
                            <WZUIImage Type="WZUIImage" GUID="{1c6480cf-3af3-45e7-9f86-8397d5d5689d}" File="ui/common/common_icon_hytjtb.png" GrayRender="True" RelativePosition="0.54,0.5" />
                        </DisableElement>
                    </WZUIButton>
                    <WZUIButton Type="WZUIButton" Name="btnChat_CellFriends" AbsContentSize="78,78" UseAbsSize="True" GUID="{9abee034-455c-4e83-834f-df8782de8999}" LuaDoneFunctionName="onChat" LuaActionName="Normal" RelativePosition="0.465,0.5" Visible="False" Scale="0.75">
                        <NormalElement Type="WZUIContainer" AbsContentSize="" UseAbsSize="False" GUID="{c3a40b12-d9b5-4012-8a49-4f500c1970a8}">
                            <WZUI9Image Type="WZUI9Image" GUID="{62b16cc4-2e94-4d60-9b11-6465eff44d5f}" File="ui/common/common_scale9_di56.png" Opacity="216" />
                            <WZUIImage Type="WZUIImage" GUID="{90d3ddd9-5f01-43fb-8c48-a068ca6199da}" File="ui/common/common_icon_hysltb.png" />
                        </NormalElement>
                        <SelectElement Type="WZUIContainer" AbsContentSize="" GUID="{a793e7eb-5c63-40e8-9ad4-7fec5cd65cde}">
                            <WZUI9Image Type="WZUI9Image" GUID="{fb9dbfed-868c-425d-89e8-d00d6bb5b735}" File="ui/common/common_scale9_di56.png" Opacity="216" />
                            <WZUIImage Type="WZUIImage" GUID="{cdbfd107-1d55-4afa-8e31-3783557be77c}" File="ui/common/common_icon_hysltb.png" />
                        </SelectElement>
                        <DisableElement Type="WZUIContainer" GUID="{426e5b06-4b4a-43de-8204-f03c377a2f05}" />
                    </WZUIButton>
                    <WZUIButton Type="WZUIButton" Name="btnSpace_CellFriends" AbsContentSize="78,78" UseAbsSize="True" GUID="{96797361-2c7b-4179-b83b-3ff7dd15cf57}" LuaDoneFunctionName="onCheckSpace" LuaActionName="Normal" RelativePosition="0.26,0.5" Visible="False" Scale="0.75">
                        <NormalElement Type="WZUIContainer" AbsContentSize="" UseAbsSize="False" GUID="{2c127fb1-3fa0-416b-a289-3490ce80a533}" />
                        <SelectElement Type="WZUIContainer" AbsContentSize="" GUID="{f889060e-3353-40ff-81bd-22c87db7bb28}" />
                        <DisableElement Type="WZUIContainer" GUID="{1d9249d5-e1f7-4029-a73c-085a8776a0a9}" />
                        <WZUI9Image Type="WZUI9Image" GUID="{3dbd25d5-bf60-4f80-aeab-ea3553be56a7}" File="ui/common/common_scale9_di56.png" Opacity="216" />
                        <WZUIImage Type="WZUIImage" GUID="{781c62b6-0237-4971-acd6-b5085abb1dd7}" File="ui/common/common_icon_hykjtb.png" Name="imgSpaceIcon_CellFriends" />
                        <WZUIImage Type="WZUIImage" GUID="{784e94da-0f5f-425f-8910-2eae67035548}" File="ui/common/common_icon_gou.png" Name="imgVisiteIcon_CellFriends" Visible="False" UseOriginSize="True" AnchorPoint="1,0" RelativePosition="0.974359,0.025641" />
                    </WZUIButton>
                    <WZUIButton Type="WZUIButton" Name="btnGift_CellFriends" AbsContentSize="78,78" UseAbsSize="True" GUID="{0d137049-524a-4533-97cf-105cb9b94b00}" LuaDoneFunctionName="onGift" LuaActionName="Normal" RelativePosition="0.67,0.5" Visible="False" Scale="0.75">
                        <NormalElement Type="WZUIContainer" AbsContentSize="" UseAbsSize="False" GUID="{c40dd140-de29-44a1-943e-c29f9f7d5082}">
                            <WZUI9Image Type="WZUI9Image" GUID="{5fb41407-2f3d-4d2c-aa0d-8a51d2ef7a7c}" File="ui/common/common_scale9_di56.png" Opacity="216" />
                            <WZUIImage Type="WZUIImage" GUID="{e7decd8b-9de2-44fd-932d-f7741f107448}" File="ui/common/common_icon_hyslwtb.png" />
                        </NormalElement>
                        <SelectElement Type="WZUIContainer" AbsContentSize="" GUID="{23cdf212-a00b-4d1c-864a-4391d161c915}">
                            <WZUI9Image Type="WZUI9Image" GUID="{26c51d4c-db1f-4e2a-9e37-0b53fc161393}" File="ui/common/common_scale9_di56.png" Opacity="216" />
                            <WZUIImage Type="WZUIImage" GUID="{93a91bb9-d413-4415-9eb0-98205f9798ff}" File="ui/common/common_icon_hyslwtb.png" />
                        </SelectElement>
                        <DisableElement Type="WZUIContainer" GUID="{295dbcbe-e88d-45f0-9614-a48d22e85714}">
                            <WZUI9Image Type="WZUI9Image" GUID="{e85c3561-69ca-4ca0-8975-dcf189f54f76}" File="ui/common/common_scale9_di56.png" Opacity="216" GrayRender="True" />
                            <WZUIImage Type="WZUIImage" GUID="{96ad270b-3cd6-418e-891b-6f707fd16236}" File="ui/common/common_icon_hyslwtb.png" GrayRender="True" />
                        </DisableElement>
                    </WZUIButton>
                    <WZUIButton Type="WZUIButton" Name="btnVigor_CellFriends" AbsContentSize="78,78" UseAbsSize="True" GUID="{61f869c3-c0a5-4962-bfa7-0fe747f86b3d}" LuaDoneFunctionName="onRecvClick" LuaActionName="Normal" RelativePosition="0.875,0.5" Visible="False" Scale="0.75">
                        <NormalElement Type="WZUIContainer" AbsContentSize="" UseAbsSize="False" GUID="{acef249e-7a70-4710-a17f-c49e32db7d90}">
                            <WZUI9Image Type="WZUI9Image" GUID="{e9f263c6-4374-4946-b142-fac13a9ea07e}" File="ui/common/common_scale9_di56.png" Opacity="216" />
                            <WZUIImage Type="WZUIImage" GUID="{ccb4f889-5e9d-4c3e-8ee9-d0cf59b39eaa}" File="ui/common/common_icon_hyzshltb.png" />
                        </NormalElement>
                        <SelectElement Type="WZUIContainer" AbsContentSize="" GUID="{d6cabfe3-c624-4f3a-b0aa-13211c98978b}">
                            <WZUI9Image Type="WZUI9Image" GUID="{372d909f-8f4b-4d70-a6c0-0a367f70937d}" File="ui/common/common_scale9_di56.png" Opacity="216" />
                            <WZUIImage Type="WZUIImage" GUID="{6fc9e7ce-a944-4ad0-b418-0f2beef04c19}" File="ui/common/common_icon_hyzshltb.png" />
                        </SelectElement>
                        <DisableElement Type="WZUIContainer" GUID="{260b1694-696e-4923-8f50-3e2391b7ba86}">
                            <WZUI9Image Type="WZUI9Image" GUID="{e51c0dd7-6cfa-4c08-b0d1-823bea4f73c5}" File="ui/common/common_scale9_di56.png" Opacity="216" GrayRender="True" />
                            <WZUIImage Type="WZUIImage" GUID="{7c5fc545-bbf8-47b5-bc68-421af633a4df}" File="ui/common/common_icon_hyzshltb.png" GrayRender="True" />
                        </DisableElement>
                    </WZUIButton>
                    <WZUIContainer Type="WZUIContainer" GUID="{7c4b0238-c199-4c0b-8ac5-a7cdeaf3e47c}" AbsContentSize="280,30" UseAbsSize="True" RelativePosition="0.516026,0.894359" AnchorPoint="0.5,0" RelativeSize="1,1">
                        <WZUILabelTTF Type="WZUILabelTTF" GUID="{e76e8e05-e30e-4510-aa84-0158f2410dde}" FontSize="20" Color="138,122,106" Name="txtOnlineState_CellFriends" AnchorPoint="1,0.5" RelativePosition="1,0.5" />
                    </WZUIContainer>
                </WZUIContainer>
            </WZUIContainer>
            <WZUIContainer Type="WZUIContainer" GUID="{E222F4FE-DC8C-4a2e-A0D6-798C03C5E471}" AbsContentSize="75,75" UseAbsSize="True" RelativePosition="0.068,0.5">
                <WZUIImage Type="WZUIImage" GUID="{64065804-98EB-4bef-9A06-15D9C38535CE}" File="ui/common/common_icon_tx.png" UseOriginSize="False" Visible="True" />
                <WZUIContainer AnchorPoint="0.5,0.5" GUID="{B26F9759-C2E1-4352-A4DC-4059E4F44006}" RelativePosition="0.5,0.5" RelativeSize="1,1" TouchEnable="True" Type="WZUIContainer" Name="conHead_CellFriend">
                    <WZUIContainer GUID="{E8F8403C-E698-4527-9E0E-AE9FFB587CD6}" RelativePosition="0.5,0.5" RelativeSize="1,1" Type="WZUIContainer">
                        <WZUIImage File="" GUID="{3367A20F-7636-4e58-82CA-5601811BFA74}" Name="imgPhone_CellFriends" RelativePosition="0.5,0.533333" Type="WZUIImage" UseOriginSize="True" UseOriginSizeProportion="True" Visible="True" Scale="1" />
                    </WZUIContainer>
                    <Button Type="WZUIButton" LuaDoneFunctionName="event_ClickHead" GUID="{A3900759-0795-4825-B271-A9016DB8114D}">
                        <NormalElement Type="WZUIContainer" GUID="{20BB9A90-F7E2-4135-92B4-10EF136CC897}">
                            <WZUIImage Type="WZUIImage" GUID="{1C91C402-2343-4ea2-87FF-40FAEE7D17CD}" File="ui/common/transparent_bg.png" />
                        </NormalElement>
                        <SelectElement Type="WZUIContainer" GUID="{E1546E11-C238-4bf1-B216-326EE093B1F9}" />
                        <DisableElement Type="WZUIContainer" GUID="{02868D0C-2EC5-486f-90AA-7582A3E32A78}" />
                    </Button>
                </WZUIContainer>
            </WZUIContainer>
        </WZUIContainer>
    </WZUIContainer>
</CellFriend>
