<CellPvpCompete GUID="{626126c0-075f-4fec-9858-060c100a0af9}">
    <WZUIContainer AbsContentSize="502,453" GUID="{fa26c35a-f7e6-4982-9568-0f9d1fc5d2b1}" LuaObjectName="CellPvpCompete" Name="CellPvpCompete" NameCreate="True" Type="WZUIContainer" UseAbsSize="True">
        <WZUIContainer AbsContentSize="502,453" GUID="{99070f44-7012-486b-ae40-7b9c19926f84}" RelativePosition="0.5,1" Type="WZUIContainer" UseAbsSize="True" AnchorPoint="0.5,1">
            <WZUIImage Type="WZUIImage" GUID="{110e17e7-0d8a-48a9-ba7c-7eb4a2289b91}" File="ui/welfare/common_pic_pws.png" UseOriginSize="True" AnchorPoint="0,0.5" RelativePosition="0,0.5" ScaleX="1.006" ScaleY="1.015" Name="imgBK_CellPvpCompete" />
            <WZUIContainer AbsContentSize="210,75" GUID="{33d174cc-ae31-4cc9-a60b-2ea78cb3391a}" RelativePosition="0.7,0.114798" Type="WZUIContainer" UseAbsSize="True" Name="con2_CellPvpCompete">
                <WZUIButton GUID="{8d90ab62-415b-4989-96c0-14910ba59b69}" LuaDoneFunctionName="onGotoEvent" Name="btnGoto_CellPvpCompete" Type="WZUIButton" LuaActionName="Normal" RelativePosition="0.5,0.5">
                    <NormalElement GUID="{8eb218c0-48f1-4b95-a916-bf28e242d7cb}" Type="WZUIContainer" UseAbsSize="False">
                        <WZUIImage Type="WZUIImage" GUID="{f2c62397-381f-41ec-a7f6-83cdf429e3cd}" File="ui/common/common_btn_anniu8.png" UseOriginSize="False" />
                    </NormalElement>
                    <SelectElement GUID="{243442aa-178a-408c-b78b-bf8d4272fa88}" Type="WZUIContainer">
                        <WZUIImage Type="WZUIImage" GUID="{449e8453-8420-48c0-ad0f-f794835292a4}" File="ui/common/common_btn_anniu8_sel.png" UseOriginSize="False" />
                    </SelectElement>
                    <DisableElement GUID="{3de4e060-3e30-4de5-ba87-7539eb239ba2}" Type="WZUIContainer">
                        <WZUIImage Type="WZUIImage" GUID="{5e12e3d1-6ee7-42db-9fc1-31dc2b4c27ea}" File="ui/common/common_btn_anniu8.png" UseOriginSize="False" />
                    </DisableElement>
                    <WZUIImage Type="WZUIImage" GUID="{bd620ade-882e-4c10-94a1-4af2a580ad6e}" File="ui/welfare/common_icon_jrpws.png" UseOriginSize="True" AnchorPoint="0.5,0.5" RelativePosition="0.5,0.546154" Name="imgBtnText_CellPvpCompete" />
                </WZUIButton>
            </WZUIContainer>
            <WZUIContainer Type="WZUIContainer" GUID="{844c3e7b-ce93-47f0-bf8b-075595922bfb}" AbsContentSize="300,70" UseAbsSize="True" RelativePosition="0.7,0.29" Name="conTime_CellPvpCompete">
                <WZUI9Image Type="WZUI9Image" GUID="{d3d152b4-ff70-4c84-86cd-c08923d6ba6a}" File="ui/common/common_scale9_heidi4.png" />
                <WZUILabelTTF Type="WZUILabelTTF" GUID="{935f05f7-bb45-4e0c-a46c-8fea1cb2097b}" AnchorPoint="0.5,0" Color="255,236,193" EnableStroke="True" FontSize="22" StrokeSize="4" StrokeColor="128,54,13" Name="txtTime_CellPvpCompete" />
                <WZUILabelTTF Type="WZUILabelTTF" GUID="{91fd5e02-6d16-4463-a3f4-dd8666551c67}" AnchorPoint="0.5,1" Color="255,236,193" EnableStroke="True" FontSize="22" StrokeSize="4" StrokeColor="128,54,13" Name="txtWords_CellPvpCompete" />
            </WZUIContainer>
            <WZUIContainer Type="WZUIContainer" GUID="{0d6deff8-493e-4d12-b5aa-0c8a8752cd78}" AbsContentSize="140,80" UseAbsSize="True" RelativePosition="0.56,0.847534" Name="con1_CellPvpCompete">
                <WZUILabelAtlasFont Type="WZUILabelAtlasFont" GUID="{69add6a2-c33a-4609-ba73-b029fb84e3a3}" CharMapFileName="ui/welfare/common_num_shnegji2.png" Height="74" Width="44" Text="" Name="txtSeason_CellPvpCompete" UseOriginSizeProportion="False" UseOriginSize="True" />
            </WZUIContainer>
        </WZUIContainer>
    </WZUIContainer>
</CellPvpCompete>
