﻿<CellTabooBox GUID="{7aa5c584-5969-4063-ae18-659fdad532f4}">
    <WZUIContainer Type="WZUIContainer" GUID="{9ccd1188-ebd3-4dcc-98f4-d27c56cd88c5}" NameCreate="True" Name="CellTabooBox" AbsContentSize="106,120" UseAbsSize="True">
        <WZUIContainer Type="WZUIContainer" GUID="{81a0a8d0-66f8-47b8-8254-ec4c956f38d7}">
            <WZUIImage Type="WZUIImage" GUID="{4ee2c5c6-3788-40c4-a6ed-13754ec53f79}" File="ui/taboo/jinji_box01.png" UseOriginSize="True" Visible="True" />
            <WZUILabelTTF Type="WZUILabelTTF" GUID="{6c5e56b6-d82a-4ba1-98a9-54c0298acc61}" TextKey="TABOO_BOX_EMPTY" LabelStyleKey="C7_F16" Text="空箱" Font="16" Color="195,171,148" Name="txtEmptySlots_CellTabooBox" />
        </WZUIContainer>
        <WZUIContainer Type="WZUIContainer" GUID="{8d9dd51f-79fe-470b-8a9f-8c5a39d3ee44}" Name="conInfoView_CellTabooBox" Visible="True">
            <WZUIImage Type="WZUIImage" GUID="{3910553f-55ee-4f5f-a8cf-248595174fff}" Name="imgBox_CellTabooBox" File="ui/taboo/jinji_hezi3.png" UseOriginSize="True" RelativePosition="0.5,0.577065" Scale="0.48" />
            <WZUIContainer Type="WZUIContainer" GUID="{61ac994b-24c2-4aff-b085-6a8db98fb779}" Name="conTime_CellTabooBox" Visible="False">
                <WZUIImage Type="WZUIImage" GUID="{0572371a-e930-4158-9244-7768c59d48f0}" File="ui/common/common_scale9_heidi2.png" UseOriginSize="True" ScaleX="0.32" ScaleY="0.75" RelativePosition="0.5,0.208333" />
                <WZUIImage Type="WZUIImage" GUID="{9e4862bf-77a5-42f8-9605-2d6d7107ff84}" File="ui/taboo/jinji_time.png" UseAbsCoordinate="False" UseOriginSize="True" RelativePosition="0.362298,0.904827" Visible="True" />
                <WZUILabelTTF Type="WZUILabelTTF" GUID="{71722dd7-fcaa-4b2d-9980-0194b198e36f}" LabelStyleKey="" Text="00:00:00" RelativePosition="0.460858,0.904747" Name="labLeftTime_CellTabooBox" Color="127,70,26" Font="0" FontSize="14" />
                <WZUILabelTTF Type="WZUILabelTTF" GUID="{e1df2c10-ad06-4ca3-ba55-d603b110d3ff}" LabelStyleKey="" Text="100" RelativePosition="0.670288,0.279753" FontSize="16" Color="255,255,255" Name="labCost_CellTabooBox" AnchorPoint="1,0.5" />
                <WZUIImage Type="WZUIImage" GUID="{4767377c-7592-45f5-9704-e555cef5d167}" File="ui/common/common_icon_zuanshi.png" UseOriginSize="True" Scale="0.45" RelativePosition="0.36429,0.283425" Name="imgCostIcon_CellTabooBox" />
                <WZUILabelTTF Type="WZUILabelTTF" GUID="{85f75127-88e1-42b0-90d0-d4955229cbc2}" TextKey="TABOO_BOX_OPEN_NOW" Text="TABOO_BOX_OPEN_NOW" LabelStyleKey="C15_F16" RelativePosition="0.5,0.114261" />
            </WZUIContainer>
            <WZUIContainer Type="WZUIContainer" GUID="{89778e50-db5f-4eb6-bc89-fadb1406cacd}" Name="conGet_CellTabooBox" Visible="False">
                <WZUILabelTTF Type="WZUILabelTTF" GUID="{95cfdf04-6aa4-4405-b93d-c0ac09047901}" LabelStyleKey="C11_F16" Text="TABOO_BOX_OPEN" TextKey="TABOO_BOX_OPEN" RelativePosition="0.5,0.110937" FontSize="16" Color="255,227,116&#x0A;" Name="txtGet_CellTabooBox" />
                <WZUISpine Type="WZUISpine" GUID="{ba48c48d-5710-4d0b-b34b-42740579c031}" FileAtlas="ui/common_scale9_jinji_3.atlas" FileJson="ui/common_scale9_jinji_3.json" AnimationName="common_scale9_jinji_3_2" Loop="True" RelativePosition="0.556604,0.516667" />
            </WZUIContainer>
            <WZUIContainer Type="WZUIContainer" GUID="{da0fd8f2-ada2-4499-9ed6-55c512cd2231}" Name="conOpen_CellTabooBox" Visible="True">
                <WZUILabelTTF Type="WZUILabelTTF" GUID="{ff9d6376-36f9-46e4-90f2-7b820ea6a099}" TextKey="TABOO_BOX_OPEN_LOCK" LabelStyleKey="C11_F20_S4_C5" RelativePosition="0.5,0.110937" Name="txtOpen_CellTabooBox" />
                <WZUISpine Type="WZUISpine" GUID="{b9745f11-4cff-4ca0-aeef-e5077942ef02}" FileAtlas="ui/common_scale9_jinji_3.atlas" FileJson="ui/common_scale9_jinji_3.json" AnimationName="common_scale9_jinji_3_1" Loop="True" />
            </WZUIContainer>
            <WZUIContainer Type="WZUIContainer" GUID="{9dcd312d-a6c8-42f0-a714-e859db7f4995}" AbsContentSize="106,113" UseAbsSize="True">
                <Button Type="WZUIButton" GUID="{b49d0335-bb6e-436b-b7f9-f54eba8fa140}" LuaDoneFunctionName="onBtnBoxClick">
                    <NormalElement Type="WZUIContainer" GUID="{b333bd2a-30a6-49e7-b367-de76b0b696f8}" />
                    <SelectElement Type="WZUIContainer" GUID="{3a38b7c8-0728-4ad7-8956-53abfdc7326d}" />
                    <DisableElement Type="WZUIContainer" GUID="{9d3ce78f-6ba2-444d-b7b7-15f77dff1d0f}" />
                </Button>
            </WZUIContainer>
            <WZUIContainer Type="WZUIContainer" GUID="{05bc65ee-2483-4e85-83bf-433578eb597e}" AbsContentSize="25,25" UseAbsSize="True" Visible="True">
                <Button Type="WZUIButton" GUID="{e3de1678-7de8-4b7a-95e6-bc3c2b2c2e1a}" LuaActionName="Normal" LuaDoneFunctionName="onBtnCancelClick" RelativePosition="2.05426,2.42034" Visible="True" Name="cancelBtn_CellTabooBox">
                    <NormalElement Type="WZUIContainer" GUID="{0bb08264-2527-4cfa-b3ca-65bd18bd1c4c}">
                        <WZUIImage Type="WZUIImage" GUID="{a05f474a-b6e7-4695-8f49-dfa7baf4db39}" File="ui/chat/common_icon_siliaoguanbi.png" UseOriginSize="True" />
                    </NormalElement>
                    <SelectElement Type="WZUIContainer" GUID="{ed9578f9-fdbf-4614-82fc-bd12beb1c989}">
                        <WZUIImage Type="WZUIImage" GUID="{ab2b9464-17c9-43de-adea-930370b68d5b}" File="ui/chat/common_icon_siliaoguanbi_sel.png" UseOriginSize="True" />
                    </SelectElement>
                    <DisableElement Type="WZUIContainer" GUID="{fba91f8a-4f93-4ace-be69-de6f451df104}" />
                </Button>
            </WZUIContainer>
        </WZUIContainer>
    </WZUIContainer>
</CellTabooBox>
