﻿<?xml version="1.0" ?>
<CellGoodsList GUID="{13A9A252-775A-4e77-B6A8-9E888BBB7B90}">
    <WZUIContainer AbsContentSize="165,195" GUID="{4C9E7329-D3E3-4292-9C15-1A8F6573DD3E}" LuaObjectName="" Name="CellGoodsList" NameCreate="True" RelativePosition="0.5,0.5" RelativeSize="1,1" Type="WZUIContainer" UseAbsSize="True" Visible="True">
        <WZUIContainer Type="WZUIContainer" GUID="{57a0f09d-2a84-4ad0-8ffc-bffb2e9d954f}" Name="conTop_CellGoodsList" AbsContentSize="165,195" UseAbsSize="True">
            <WZUIContainer Type="WZUIContainer" GUID="{6f0c892f-5752-421c-b0fc-e9a89d3a53ca}" TouchSwallow="True" AbsContentSize="">
                <WZUIContainer Type="WZUIContainer" GUID="{0e43690d-c376-4ab4-a144-affe442e01d2}" Visible="True">
                    <WZUIContainer Type="WZUIContainer" GUID="{0e53a0f8-4708-43af-9af1-89aae04f90bd}" AbsContentSize="186,192" UseAbsSize="False" RelativePosition="0.5,0.142076" AnchorPoint="0.5,1" Visible="True" Scale="1" ScaleY="1" RelativeSize="1,0.2" AbsPosition="87.5,26" ScaleX="1.05">
                        <WZUI9Image Type="WZUI9Image" GUID="{618be366-7837-4adc-a632-1ca3af3aa160}" File="ui/common/common_icon_xhd.png" />
                    </WZUIContainer>
                    <WZUI9Image Type="WZUI9Image" GUID="{9264f5d0-8a99-4249-b6fe-855e26ed0126}" File="ui/common/common_scale9_di7.png" />
                    <WZUIContainer Type="WZUIContainer" GUID="{1d455791-5a0b-4089-b812-b03b030a42d4}" RelativeSize="0.9,0.75" RelativePosition="0.5,0.557322" AbsContentSize="150,150" UseAbsSize="True">
                        <WZUI9Image Type="WZUI9Image" GUID="{292dadc9-a8b6-474c-96e0-dbb9f5bc0d12}" File="ui/common/common_scale9_di58.png" RelativeSize="1,1" RelativePosition="0.5,0.5" Opacity="225" />
                    </WZUIContainer>
                </WZUIContainer>
                <WZUIContainer AbsContentSize="80,80" GUID="{e6422f1e-a192-40df-936f-114a11791421}" Name="conItemIcon_CellGoodsList" RelativePosition="0.5,0.5" Type="WZUIContainer" UseAbsSize="True" />
                <WZUIContainer Type="WZUIContainer" GUID="{74d42e95-cc68-4c35-84dc-631a511d8ab2}" AbsContentSize="76,68" UseAbsSize="True" RelativePosition="0.74,0.333">
                    <WZUIContainer Type="WZUIContainer" GUID="{bc99402a-cb7f-475b-bf7e-4487cf1b0c5e}" RelativeSize="0.3,0.6" RelativePosition="0.5,0.5" Name="conDiscount_CellGoodsList" Visible="False" TouchSwallow="False" AbsContentSize="76,68" UseAbsSize="True" NameCreate="True">
                        <WZUIImage Type="WZUIImage" GUID="{fb7b92ef-1346-4851-b194-ad219f2bc8f2}" File="ui/common/common_icon_zhe.png" UseOriginSize="True" />
                        <WZUIImage Type="WZUIImage" GUID="{8cc2cba1-6937-4d8d-94ca-f24ae609f782}" File="ui/common/common_num_shangcheng2.png" UseOriginSize="True" RelativePosition="0.856567,0.464855" Rotation="-45" Name="imgOff_CelllGoodsList" />
                        <WZUILabelAtlasFont Type="WZUILabelAtlasFont" GUID="{15a63c87-8e9a-422b-82c0-87d8a03ffaf6}" Name="labCnt_CelllGoodsList" CharMapFileName="ui/common_num/common_num_shangcheng.png" Height="22" Width="16" Text="08" RelativePosition="0.607643,0.222894" Alignment="Center" AnchorPoint="0.5,0.5" UseOriginSize="True" Visible="True" Rotation="-45" NameCreate="True" StartChar="48" />
                        <WZUIImage Type="WZUIImage" GUID="{7528a0dd-8aeb-4c91-9656-cebf933e1d25}" File="ui/common/common_num_shangchengdiandian.png" UseOriginSize="True" RelativePosition="0.696392,0.165777" Name="imgNumPoint_CellGoodsList" NameCreate="True" Visible="False" isValid="True" />
                    </WZUIContainer>
                    <WZUIContainer Type="WZUIContainer" GUID="{09124281-317f-4481-b636-f9991a2f1ed4}" TouchSwallow="False" AbsContentSize="76,68" UseAbsSize="True" Visible="False" Name="conNormal_CellGoodsList" NameCreate="True">
                        <WZUIImage File="ui/common/common_icon_new.png" GUID="{437bba71-8035-4e30-af99-b13c32edd360}" Name="imgTuijian_CellGoodsList" RelativePosition="0.5,0.5" TouchEnable="False" Type="WZUIImage" UseOriginSize="True" Visible="True" isValid="True" />
                    </WZUIContainer>
                </WZUIContainer>
                <WZUIContainer Type="WZUIContainer" GUID="{4067c34c-3fb8-4241-8e24-ea9ce637c3de}" AbsContentSize="" UseAbsSize="False" RelativePosition="0.5,0.827869" TouchSwallow="False" RelativeSize="0.8,0.15" AbsPosition="87.5,151.5">
                    <WZUILabelTTF Alignment="Center" AnchorPoint="0.5,1" BoldFont="True" Color="255,255,255" Dimensions="150,0" EnableStroke="False" FontSize="24" GUID="{8def71e2-36f0-43d8-8724-936e082ff860}" Name="txtDescript_CellGoodsList" RelativePosition="0.5,1" StrokeColor="60,19,12" StrokeSize="4" Text="紫龙头" TouchEnable="False" Type="WZUILabelTTF" Visible="True" />
                </WZUIContainer>
                <WZUIContainer Type="WZUIContainer" GUID="{6bd78790-63c9-40cc-8a6d-1939b6aef21e}" AbsContentSize="" UseAbsSize="False" RelativePosition="0.5,0.0949101" TouchSwallow="False" RelativeSize="0.9,0.12">
                    <WZUIContainer Type="WZUIContainer" GUID="{41d6615b-1537-4faf-a788-081f5169c816}" RelativePosition="0.5,0.5" Name="conNotLimitTxt_CellGoodsList" Visible="False">
                        <WZUIContainer Type="WZUIContainer" GUID="{f9e1dc83-0517-45ca-b1b6-91d1e39ec951}" AbsContentSize="24,24" UseAbsSize="True" AnchorPoint="0,0.5" RelativePosition="0,0.5">
                            <WZUIImage File="shopitems/diamond.png" GUID="{12d266c1-4c0f-4192-af5f-b7bbd275f4bc}" Name="imgMoneyNotLimit_CellGoodsList" RelativePosition="0.5,0.5" RelativeSize="1,1" Scale="0.4" ScaleX="0.4" ScaleY="0.4" TouchEnable="False" Type="WZUIImage" UseOriginSize="True" Visible="True" isValid="True" UseOriginSizeProportion="True" AbsPosition="" />
                        </WZUIContainer>
                        <WZUILabelTTF Alignment="Left" AnchorPoint="0,0.5" BoldFont="False" Color="64,128,1" EnableStroke="False" FontSize="24" GUID="{2a92f98c-a933-4384-a3f6-898ae4845c91}" Name="txtCostNotLimit_CellGoodsList" RelativePosition="0.2,0.5" StrokeColor="91,49,24" StrokeSize="0" Text="12345" Type="WZUILabelTTF" Visible="True" NameCreate="True" />
                    </WZUIContainer>
                    <WZUIContainer Type="WZUIContainer" GUID="{f29a1bc6-d87a-4f59-b65e-e918dd0f9064}" RelativePosition="0.5,0.5" Visible="False" Name="conLimitTxt_CellGoodsList" NoBorder="False" NameCreate="True">
                        <WZUIContainer Type="WZUIContainer" GUID="{6ab73c01-0f22-4336-99c4-d9d02b1c9299}" AbsContentSize="24,24" UseAbsSize="True" AnchorPoint="0,0.5" RelativePosition="0.,0.5">
                            <WZUIImage File="ui/common/common_icon_zuanshi.png" GUID="{e607bb9e-e057-4189-86e7-5dafac9ba61a}" Name="imgMoneyLimit_CellGoodsList" RelativePosition="0.5,0.5" RelativeSize="1,1" Scale="0.5" ScaleX="0.4" ScaleY="0.4" TouchEnable="False" Type="WZUIImage" UseOriginSize="True" Visible="True" isValid="True" UseOriginSizeProportion="True" AbsPosition="" />
                        </WZUIContainer>
                        <WZUILabelTTF Alignment="Left" AnchorPoint="0,0.5" BoldFont="False" Color="64,128,1" EnableStroke="False" FontSize="24" GUID="{fb5d2d7c-f846-485d-9f61-3309b80ba648}" Name="txtCostLimit_CellGoodsList" RelativePosition="0.2,0.5" StrokeColor="91,49,24" StrokeSize="0" Text="1234" Type="WZUILabelTTF" Visible="True" />
                        <WZUILabelTTF Alignment="Right" AnchorPoint="1,0.5" BoldFont="False" Color="158,0,0" Dimensions="0,0" EnableStroke="False" FontSize="20" GUID="{9858d7cc-682f-4dea-80ce-5a5ab63d8aea}" Name="txtLimit_CellGoodsList" RelativePosition="1,0.5" StrokeColor="60,19,12" StrokeSize="4" Text="1234" TouchEnable="False" Type="WZUILabelTTF" Visible="True" Order="1" />
                    </WZUIContainer>
                    <WZUILabelTTF Type="WZUILabelTTF" GUID="{86045442-f96d-4ee4-bc93-179acad1bad4}" TextKey="NEWSHOP26" LabelStyleKey="" Name="text1" Visible="False" Color="64,128,1" FontSize="20" />
                </WZUIContainer>
                <WZUIImage Type="WZUIImage" GUID="{5c8de00f-bbed-4f21-9c80-652941f597bc}" Name="RoleBg" File="" />
                <WZUIContainer Type="WZUIContainer" GUID="{a7a82f9a-41d7-4c88-ace7-cdd5bbee8c75}" Name="conRole" TouchEnable="False" TouchSwallow="False" UseAbsSize="True" AbsContentSize="150,150" RelativePosition="0.5,0.55" />
                <WZUIContainer Type="WZUIContainer" GUID="{24cdef93-98c4-44e2-97b4-45d088e7ade1}" AbsContentSize="80,80" UseAbsSize="True" Name="conSelFlag_CellGoodsList" NameCreate="True" Visible="False" TouchEnable="False" TouchSwallow="False">
                    <WZUIImage Type="WZUIImage" GUID="{6e5ead4a-16fc-4b54-a118-d4e488ae14cb}" File="ui/common/common_icon_scz.png" UseOriginSize="True" />
                </WZUIContainer>
            </WZUIContainer>
            <WZUIContainer Type="WZUIContainer" GUID="{0037c725-15e6-4d0b-8565-ff7ef1b73058}" AbsContentSize="165,195" UseAbsSize="True" Name="conSel_CellGoodsList" Visible="False">
                <WZUI9Image Type="WZUI9Image" GUID="{8b25902e-df37-4580-a3fa-428d3962f490}" File="ui/common/common_scale9_beibaodi_sel.png" />
            </WZUIContainer>
            <Button GUID="{28eb6f70-939d-4aa3-b88f-346a603a2318}" LuaDoneFunctionName="onBtnClickGoods" Name="btnBg_CellGoodsList" RelativeSize="1,1" Type="WZUIButton" RelativePosition="0.5,0.5" AnchorPoint="0.5,0.5" TouchSwallow="True">
                <NormalElement GUID="{ec1c23ca-a985-4895-9945-859c50deb3fc}" Type="WZUIContainer" />
                <SelectElement GUID="{d018bd7f-9098-46c2-a809-45af8303ce33}" Type="WZUIContainer" />
                <DisableElement GUID="{d46a7332-51f0-41b5-8b45-d059d96b4d75}" RelativePosition="0.5,0.507143" Type="WZUIContainer" />
            </Button>
            <WZUIContainer Type="WZUIContainer" GUID="{2500f588-ea31-4ccc-bd5a-2f30714e5b4e}" Name="conSellUp_CellGoodsList" NameCreate="True" Visible="False" Order="1">
                <WZUI9Image Type="WZUI9Image" GUID="{af7c54f0-259e-43a7-846d-ebd576383e97}" File="ui/common/common_shade_chushouheidi.png" />
                <WZUIImage Type="WZUIImage" GUID="{947db067-b05b-45c6-bad4-c9b971b87b28}" File="ui/common/common_icon_shouxing.png" UseOriginSize="True" />
            </WZUIContainer>
        </WZUIContainer>
    </WZUIContainer>
</CellGoodsList>
