﻿<CellBreakEggsPanel GUID="{50072008-3d33-4173-9f3e-cb7f323b372f}">
    <WZUIContainer Type="WZUIContainer" GUID="{a753ef77-0a3b-4f5e-9105-18b326844c7b}" AbsContentSize="502,453" UseAbsSize="True" LuaObjectName="CellBreakEggsPanel" Name="CellBreakEggsPanel" NameCreate="True">
        <WZUIContainer Type="WZUIContainer" GUID="{c5673941-b369-4a8a-8a23-6a13241b9ae2}">
            <WZUIContainer Type="WZUIContainer" GUID="{a0459682-c44f-4feb-bbbf-8e2259588455}" AnchorPoint="0.5,1" RelativePosition="0.5,1" AbsContentSize="502,154" UseAbsSize="True">
                <WZUIImage Type="WZUIImage" GUID="{41b7517f-d54e-493e-aef9-b9169049d3fc}" Name="imgBK_CellBreakEggsPanel" UseOriginSize="True" File="ui/gameActivity/activity_pic_zjd.png" />
                <WZUIContainer Type="WZUIContainer" GUID="{123d44b0-2402-4b20-a40e-eba3f1e90ff7}">
                    <WZUILabelTTF Type="WZUILabelTTF" GUID="{a9c15cb6-cff1-4980-9d4c-96061b252d8a}" FontSize="18" Color="255,227,116" EnableStroke="True" StrokeColor="105,65,46" StrokeSize="4" TextKey="" Name="txtCurWord_CellBreakEggsPanel" AnchorPoint="1,0.5" RelativePosition="0.28,0.28" />
                    <WZUIImage Type="WZUIImage" GUID="{fc76f179-af0a-425d-b4bf-4337b36cc64a}" File="ui/common/common_progress_exp2_bg.png" UseOriginSize="True" RelativePosition="0.52,0.28" />
                    <WZUIProgress Type="WZUIProgress" GUID="{ff612b76-be77-4227-9a10-5825dbfe262f}" BgPicture="ui/common/common_progress_exp2_fore.png" UseOriginSize="True" RelativePosition="0.518008,0.283" Name="prgCurRecharge_CellBreakEggsPanel" />
                    <WZUIImage Type="WZUIImage" GUID="{02ba7c15-c167-4acd-9d3b-ea5172450cac}" File="ui/common/common_icon_zuanshi.png" UseOriginSize="True" Scale="0.8" RelativePosition="0.732,0.303" />
                    <WZUILabelTTF Type="WZUILabelTTF" GUID="{909593f4-423b-4fee-829e-86b4bff90740}" Color="255,236,193" EnableStroke="True" FontSize="22" StrokeColor="105,65,46" StrokeSize="4" Name="txtCurValue_CellBreakEggsPanel" RelativePosition="0.5,0.285" />
                </WZUIContainer>
                <WZUIFreeTextBox Type="WZUIFreeTextBox" GUID="{f969f9ab-6716-4f94-ad4d-f244092995fa}" RelativePosition="0.43,0.08" MaxWidth="400" Name="ftxtInfo_CellBreakEggsPanel" />
                <Button Type="WZUIButton" GUID="{c9c98758-16df-4f30-87df-31f314c72337}" AbsContentSize="60,60" UseAbsSize="True" RelativePosition="0.922274,0.191206" LuaActionName="Normal" LuaDoneFunctionName="onClickReward">
                    <NormalElement Type="WZUIContainer" GUID="{ba35782d-961b-4ea2-bb9d-420c1e597622}" />
                    <SelectElement Type="WZUIContainer" GUID="{775c54a5-13eb-4c32-87a8-d82b1d45fccd}" />
                    <DisableElement Type="WZUIContainer" GUID="{513ca072-992f-475b-b266-1ee8e729b47d}" />
                    <WZUIImage Type="WZUIImage" GUID="{355ea2dc-f7f8-4a3e-a300-4f6540df72bb}" File="ui/Hall/battle_icon_jiangli.png" />
                </Button>
            </WZUIContainer>
            <WZUIContainer Type="WZUIContainer" GUID="{3cad8f7e-3b35-426b-bb82-369f61eff990}" AbsContentSize="500,42" UseAbsSize="True" AnchorPoint="0.5,1" RelativePosition="0.5,1.00221">
                <WZUI9Image Type="WZUI9Image" GUID="{b3dbb9ab-e5fa-45bd-b4f9-203debd70bd2}" File="ui/common/common_scale9_heidi7.png" />
                <WZUILabelTTF Type="WZUILabelTTF" GUID="{9695cebd-0645-4420-a067-d7ecb9cff583}" TextKey="" FontSize="22" Color="255,227,116" EnableStroke="True" StrokeSize="4" StrokeColor="128,54,13" AnchorPoint="0,0.5" RelativePosition="0.05,0.5" Text="ACTIVE_TIME" Name="txtTimeWord_CellBreakEggsPanel" />
                <WZUILabelTTF Type="WZUILabelTTF" GUID="{c7b59aa5-5840-4cb1-b8b8-a81b3f04fde0}" FontSize="22" EnableStroke="True" Color="255,89,74" StrokeColor="158,0,0" StrokeSize="4" Text="" AnchorPoint="0,0.5" RelativePosition="0.27,0.5" Name="txtTime_CellBreakEggsPanel" />
            </WZUIContainer>
            <WZUIContainer Type="WZUIContainer" GUID="{45009802-12b8-4c0e-bc30-4b60eb1b49b4}" AbsContentSize="502,300" UseAbsSize="True" AnchorPoint="0.5,0" RelativePosition="0.5,0">
                <WZUIContainer Type="WZUIContainer" GUID="{66c49b4c-c411-450d-bc8d-04c1b17b5681}" AbsContentSize="500,240" UseAbsSize="True" AnchorPoint="0.5,1" RelativePosition="0.5,1">
                    <WZUITableContainer Type="WZUITableContainer" GUID="{08d29c93-bdb1-450d-a0ec-a0578ab6fdb1}" EnableMoveVertical="False" EnableMoveHorizontal="False" ColumnCount="3" Name="tableEggsList_CellBreakEggsPanel" CellElementHeight="0.48" />
                </WZUIContainer>
                <WZUILabelTTF Type="WZUILabelTTF" GUID="{bc253620-8105-4b27-842f-e90193255c53}" Color="255,255,255" EnableStroke="True" FontSize="18" StrokeColor="128,54,13" StrokeSize="4" RelativePosition="0.5,0.16" Name="txtBreakAtt_CellBreakEggsPanel" />
                <WZUIFreeTextBox Type="WZUIFreeTextBox" GUID="{42f2e85c-3c7f-4b03-9716-42b0382e7d7f}" Name="ftxtHammerNum_CellBreakEggsPanel" MaxWidth="500" RelativePosition="0.5,0.07" />
            </WZUIContainer>
        </WZUIContainer>
    </WZUIContainer>
</CellBreakEggsPanel>
