﻿<CellArenaWinRankIcon GUID="{cd740ef5-d2e7-4179-a3b6-ba6385215784}">
    <WZUIContainer Type="WZUIContainer" GUID="{9161393b-da84-4d08-9909-7c65d0da259b}" LuaObjectName="CellArenaWinRankIcon" Name="CellArenaWinRankIcon" ShowAll="False" NameCreate="True">
        <WZUIContainer Type="WZUIContainer" GUID="{cea722a7-3482-45d6-9ebb-21488d459e15}" AbsContentSize="300,300" UseAbsSize="True" Visible="True">
            <WZUIImage Type="WZUIImage" GUID="{1e893f65-9469-46d3-91a1-cfa9572ef5c7}" File="ui/copy_settlement/common_pic_sgxttp5.png" UseOriginSize="True" RelativePosition="0.496479,0.484375" Name="imgBg_CellArenaWinRankIcon" />
            <WZUIImage Type="WZUIImage" GUID="{ef08d8d8-e47d-4680-823b-9a4c32e65f8e}" UseOriginSize="True" File="ui/common/common_icon_pws6.png" Name="imgIcon_CellArenaWinRankIcon" />
            <WZUIImage Type="WZUIImage" GUID="{46f42436-ca09-4d43-870f-86d94529c11f}" File="ui/common/common_pic_hongczd.png" UseOriginSize="True" RelativePosition="0.5,0.289801" Name="imgRed_CellArenaWinRankIcon" />
            <WZUILabelTTF Type="WZUILabelTTF" GUID="{83a115d1-2de9-42d6-a011-30978bc27205}" Name="labLv_CellArenaWinRankIcon" Text="5" LabelStyleKey="C1_F36_S4_C14" RelativePosition="0.5,0.306533" Color="255,236,193" EnableStroke="True" FontSize="22" StrokeSize="4" StrokeColor="158,0,0" />
            <WZUIImage Type="WZUIImage" GUID="{020e4a4c-4477-4a5c-ae6b-3741fa84899b}" File="ui/common/common_pic_hzdzht.png" UseOriginSize="True" RelativePosition="0.5,0.160938" Name="imgGlod_CellArenaWinRankIcon" />
            <WZUILabelTTF Type="WZUILabelTTF" GUID="{1ff0b766-5389-4f93-aa76-9a5d5d68c869}" Name="labName_CellArenaWinRankIcon" Text="荣耀黄金5" LabelStyleKey="C1_F26_S4_C3" RelativePosition="0.5,0.176533" Color="255,236,193" EnableStroke="True" FontSize="22" StrokeSize="4" StrokeColor="158,0,0" />
            <WZUIContainer Type="WZUIContainer" GUID="{a099ff4e-624e-49f8-9c0f-9393e9109db7}" Name="conStar_CellArenaWinRankIcon" Visible="True">
                <WZUIImage Type="WZUIImage" GUID="{dc88d56a-d512-4d12-b159-00ae40723e73}" File="ui/common/common_icon_xingxing5_sel.png" UseAbsCoordinate="False" UseOriginSize="True" RelativePosition="0.19,0.7" Scale="1" ScaleX="1" ScaleY="1" Name="imgStarBg1_CellArenaWinRankIcon" />
                <WZUIImage Type="WZUIImage" GUID="{b905c58a-28d7-4e3c-9577-b6291d273cac}" File="ui/common/common_icon_xingxing5_sel.png" UseAbsCoordinate="False" UseOriginSize="True" RelativePosition="0.321847,0.847885" Name="imgStarBg2_CellArenaWinRankIcon" />
                <WZUIImage Type="WZUIImage" GUID="{50788159-9810-4b29-828a-f78c3fbeb61d}" File="ui/common/common_icon_xingxing5_sel.png" UseAbsCoordinate="False" UseOriginSize="True" RelativePosition="0.497045,0.888496" Name="imgStarBg3_CellArenaWinRankIcon" />
                <WZUIImage Type="WZUIImage" GUID="{b2a9fb35-b9f3-4cc7-828b-3d338c3b48af}" File="ui/common/common_icon_xingxing5_sel.png" UseAbsCoordinate="False" UseOriginSize="True" RelativePosition="0.669512,0.847885" Name="imgStarBg4_CellArenaWinRankIcon" />
                <WZUIImage Type="WZUIImage" GUID="{94949050-fce8-41cd-8f4d-7576251bc5ff}" File="ui/common/common_icon_xingxing5_sel.png" UseAbsCoordinate="False" UseOriginSize="True" RelativePosition="0.802372,0.704324" Name="imgStarBg5_CellArenaWinRankIcon" />
                <WZUIImage Type="WZUIImage" GUID="{814517fb-f77c-4aba-b729-156ea3ff5261}" File="ui/common/common_icon_xingxing5.png" UseAbsCoordinate="False" UseOriginSize="True" RelativePosition="0.23,0.78" Name="imgStar1_CellArenaWinRankIcon" Visible="True" />
                <WZUIImage Type="WZUIImage" GUID="{6313283d-da04-47aa-9465-9f51b2bf8912}" File="ui/common/common_icon_xingxing5.png" UseAbsCoordinate="False" UseOriginSize="True" RelativePosition="0.4,0.87" LuaObjectName="" Name="imgStar2_CellArenaWinRankIcon" Visible="True" isValid="True" />
                <WZUIImage Type="WZUIImage" GUID="{0ef81e97-44e8-406d-9888-d9f5ce1357e8}" File="ui/common/common_icon_xingxing5.png" UseAbsCoordinate="False" UseOriginSize="True" RelativePosition="0.6,0.87" Name="imgStar3_CellArenaWinRankIcon" Visible="True" />
                <WZUIImage Type="WZUIImage" GUID="{9910f8e4-b14e-4810-b2bc-f694ffa98485}" File="ui/common/common_icon_xingxing5.png" UseAbsCoordinate="False" UseOriginSize="True" RelativePosition="0.76,0.78" Name="imgStar4_CellArenaWinRankIcon" Visible="True" />
                <WZUIImage Type="WZUIImage" GUID="{a7a298ce-6886-4d43-9133-9e30d6f145dd}" File="ui/common/common_icon_xingxing5.png" UseAbsCoordinate="False" UseOriginSize="True" RelativePosition="0.876829,0.601218" Name="imgStar5_CellArenaWinRankIcon" Visible="True" />
            </WZUIContainer>
            <WZUIContainer Type="WZUIContainer" GUID="{ce64c4d6-6949-4c43-8365-861305b19404}" Name="conStarMax_CellArenaWinRankIcon" Visible="False">
                <WZUIImage Type="WZUIImage" GUID="{ed81faf9-3e0c-4187-afd8-af8815b1311d}" File="ui/common/common_icon_xingxing5.png" UseAbsCoordinate="False" UseOriginSize="True" RelativePosition="0.418294,0.868796" Name="imgStar_CellArenaWinRankIcon" Scale="1" ScaleX="1" ScaleY="1" />
                <WZUILabelTTF Type="WZUILabelTTF" GUID="{9334d6de-cdb8-46ab-98ba-fd4aa1b7b10d}" Name="labStarLv_CellArenaWinRankIcon" LabelStyleKey="C15_F26_S4_C5" Text="X30" RelativePosition="0.523903,0.854763" AnchorPoint="0,0.5" />
            </WZUIContainer>
        </WZUIContainer>
    </WZUIContainer>
</CellArenaWinRankIcon>
