<CellLeagueRecruit GUID="{b62e7e8f-3aaf-49f4-a589-59526fcde375}">
    <WZUIContainer AbsContentSize="460,135" GUID="{9f7548ca-5aa0-498e-abea-7753797dacd8}" LuaObjectName="CellLeagueRecruit" Name="CellLeagueRecruit" NameCreate="True" Type="WZUIContainer" UseAbsSize="True">
        <WZUIContainer Type="WZUIContainer" GUID="{5432b9b6-f5ce-4c2d-898c-8fbe1e1b0b84}" AbsContentSize="460,125" UseAbsSize="True" Name="">
            <WZUI9Image Type="WZUI9Image" GUID="{6f90d284-517e-4058-bc15-405491f92f89}" File="ui/common/common_scale9_di7.png" />
            <WZUIContainer AbsContentSize="200,38" GUID="{95976c94-0c62-4fa5-bd47-ed134eec4e2a}" Name="" RelativePosition="0.49,0.45" Type="WZUIContainer" UseAbsSize="True" Visible="True" TouchEnable="False" AbsPosition="280.8,34.6018">
                <WZUI9Image Type="WZUI9Image" GUID="{43cd5799-4a22-490a-b5f3-8f5bb9cdd538}" File="ui/common/common_scale9_di8.png" />
            </WZUIContainer>
        </WZUIContainer>
        <WZUICheckBox AbsContentSize="" AnchorPoint="0,0.5" GUID="{85e27250-ba43-4e79-9a90-fe91685396e7}" LuaSelectedFunctionName="onCheck" RelativePosition="0,0.5" SelectedIndex="0" Tag="1" Type="WZUICheckBox" UseAbsSize="False" RelativeSize="1,1" Name="checkBox">
            <CheckElement GUID="{f90a0f70-3fe9-4841-8e37-d805d7619455}" TouchContainerEnable="True" Type="WZUIContainer" AbsContentSize="" UseAbsSize="False" RelativePosition="0.5,0.5">
                <WZUI9Image Type="WZUI9Image" GUID="{e090f75f-20cc-480e-9b65-18fe45a439df}" File="ui/common/common_scale9_di13.png" UseOriginSize="True" Scale="0.7" RelativePosition="0.86,0.5" AbsPosition="0,51" />
            </CheckElement>
            <CheckElement GUID="{e14f2081-867a-4acf-ba92-ab5b888f0cd3}" TouchContainerEnable="True" Type="WZUIContainer" AbsContentSize="" UseAbsSize="False" RelativePosition="0.5,0.5">
                <WZUI9Image Type="WZUI9Image" GUID="{a2538ca5-8ef3-43e2-88d2-3dc57b5f87ef}" File="ui/common/common_scale9_di13.png" UseOriginSize="True" Scale="0.7" RelativePosition="0.86,0.5" />
                <WZUI9Image Type="WZUI9Image" GUID="{09c0c29e-15f2-4888-8ad7-aed57409ce17}" File="ui/common/common_scale9_beibaodi_sel.png" UseOriginSize="True" Scale="0.3" RelativePosition="0.86,0.5" />
                <WZUIImage Type="WZUIImage" GUID="{daad5875-b67b-470c-9aff-6233f47a6413}" File="ui/common/common_icon_gou.png" UseOriginSize="True" RelativePosition="0.86,0.55" AbsPosition="47.4518,33.542" />
            </CheckElement>
        </WZUICheckBox>
        <WZUIContainer Type="WZUIContainer" GUID="{b3929ca6-e4ba-443f-b0ac-f830636e53e8}" Name="conRecruit" RelativePosition="0.5,0.5" TouchEnable="True">
            <WZUIButton Type="WZUIButton" AbsContentSize="460,125" UseAbsSize="True" RelativePosition="0.5,0.5" AbsPosition="458.271,51" GUID="{2c4bf612-88b0-4676-893d-a7041acd4560}" LuaDoneFunctionName="onCheck">
                <NormalElement Type="WZUIContainer" GUID="{f1796101-6723-48aa-a2df-0c14170bb27f}" TouchContainerEnable="True" />
                <SelectElement Type="WZUIContainer" GUID="{2871d6ff-1003-4bff-8677-71e3aeceaf1c}" TouchContainerEnable="True" />
                <DisableElement Type="WZUIContainer" GUID="{08bd80ad-34d2-4b29-b442-8d3a3abbb5f3}" TouchContainerEnable="True" />
            </WZUIButton>
            <WZUILabelTTF Color="62,34,8" FontSize="22" GUID="{5521bd69-495f-4c3c-b88b-787aade30b48}" Name="txtName_CellLeagueRecruit" RelativePosition="0.56,0.72" Text="张飞张飞张飞" Type="WZUILabelTTF" Alignment="Center" AnchorPoint="0.5,0.5" BoldFont="True" AbsPosition="291.446,74.9004" LabelStyleKey="C13_F22" />
            <WZUILabelTTF Type="WZUILabelTTF" GUID="{af81a9a6-e2f0-499c-a381-e5db095d3f27}" Text="战斗力:" LabelStyleKey="C11_F22" RelativePosition="0.37,0.45" AbsPosition="208.257,35.0664" Name="txtFight1" />
            <WZUILabelTTF Type="WZUILabelTTF" GUID="{3ac7ae52-a243-441a-a09a-b7b531c4c7d5}" Text="12345" LabelStyleKey="" RelativePosition="0.46,0.45" AbsPosition="253.071,35.0664" Color="255,255,255" Alignment="Left" AnchorPoint="0,0.5" FontSize="22" Name="txtFight_CellLeagueRecruit" />
            <WZUILabelAtlasFont Type="WZUILabelAtlasFont" GUID="{2039ee13-fdbc-45f7-818e-90f515abea40}" CharMapFileName="ui/common_num/common_num_ghdj.png" Text="12" Height="24" UseOriginSize="True" Name="txtLv_CellLeagueRecruit" NameCreate="True" RelativePosition="0.343,0.74" Width="16" AbsPosition="193.242,75.8963" Visible="True" Alignment="Left" AnchorPoint="0,0.5" />
            <WZUIImage Type="WZUIImage" GUID="{8babf0be-1199-4380-8495-e48db3134742}" File="ui/common/common_icon_ghdj.png" UseOriginSize="True" RelativePosition="0.315,0.74" AbsPosition="178.382,75.8963" />
            <WZUILabelTTF Type="WZUILabelTTF" GUID="{a9e44ed8-d060-414d-a720-e20f2cc5ac27}" Text="退队次数:3" LabelStyleKey="C7_F20" RelativePosition="0.392,0.195" Name="txtExit_CellLeagueRecruit" />
        </WZUIContainer>
        <WZUIContainer Type="WZUIContainer" GUID="{61ee56e6-bb32-4376-a5cc-822bf415785d}" Name="conHead_Cell" AbsContentSize="80,80" UseAbsSize="True" AnchorPoint="0,0.5" RelativePosition="0.06,0.5" AbsPosition="89.6266,57.7593" TouchEnable="False">
            <WZUIImage Type="WZUIImage" GUID="{c9036fc0-0303-43fe-b082-fa8b955534c4}" File="ui/common/common_icon_tx.png" UseOriginSize="True" Scale="1.2" RelativePosition="0.505,0.5" />
        </WZUIContainer>
        <Button Type="WZUIButton" GUID="{3fdd34d3-6f6d-424f-8aff-369a9490fb5f}" AbsContentSize="80,80" UseAbsSize="True" RelativePosition="0.141588,0.507729" LuaDoneFunctionName="onHead">
            <NormalElement Type="WZUIContainer" GUID="{51c1e452-dd39-4878-9504-1c6299b2f14d}" TouchContainerEnable="True" />
            <SelectElement Type="WZUIContainer" GUID="{98f835a9-9ca4-4694-93ae-8e1636f59662}" TouchContainerEnable="True" />
            <DisableElement Type="WZUIContainer" GUID="{60cd2cf7-818b-4243-abfe-f1a802690e21}" TouchContainerEnable="True" />
        </Button>
    </WZUIContainer>
</CellLeagueRecruit>
