﻿<CellFightingRankItem GUID="{a0a040fa-56c0-4ca3-84d1-c46871d5fc42}">
    <WZUIContainer Type="WZUIContainer" GUID="{945ec98b-22e7-4a26-a218-aa8b59d8126d}" Name="CellFightingRankItem" LuaObjectName="" AbsContentSize="140,290" UseAbsSize="True">
        <WZUIContainer Type="WZUIContainer" GUID="{f6946ece-5c5e-4396-ba0b-a0d111116074}">
            <WZUI9Image Type="WZUI9Image" GUID="{bcba4012-7d7c-493d-9d8f-d962acc9f237}" File="ui/common/common_scale9_di18.png" />
            <WZUIContainer Type="WZUIContainer" GUID="{fbb39101-e73f-4cf6-8e6f-af0fab32c1cc}" AbsContentSize="140,185" RelativePosition="0.5,1" AnchorPoint="0.5,1" UseAbsSize="True" Name="conRole_CellFightingRankItem">
                <WZUIImage Type="WZUIImage" GUID="{69859f15-f88e-4bff-8d11-3d7a60f98758}" UseOriginSize="True" File="ui/common/common_icon_yy.png" RelativePosition="0.5,0.08" Scale="0.75" />
            </WZUIContainer>
            <WZUIContainer Type="WZUIContainer" GUID="{36bba194-45fb-4396-8b31-d81de4b32842}" AbsContentSize="140,185" RelativePosition="0.5,1" AnchorPoint="0.5,1" UseAbsSize="True" Name="">
                <WZUIImage Type="WZUIImage" GUID="{51a1202e-d7c9-45a9-888b-46cb0a49b68f}" File="ui/common/common_icon_1st.png" UseOriginSize="True" Scale="0.6" RelativePosition="0.171429,0.82973" Name="imgRankIndex_CellFightingRankItem" Visible="False" Order="3" />
                <WZUILabelAtlasFont Type="WZUILabelAtlasFont" GUID="{f2c6907d-04a7-4e39-a9c1-16480856f5e0}" RelativePosition="0.171429,0.883784" UseOriginSize="True" UseOriginSizeProportion="False" CharMapFileName="ui/common_num/common_num_pmsz.png" Height="30" Width="24" Text="12" Scale="0.6" Name="txtRankIndex_CellFightingRankItem" Visible="False" Order="3" />
                <Button Type="WZUIButton" GUID="{bb30d021-efd7-42b4-ac2c-1fbbf6b2ef4f}" LuaDoneFunctionName="onClickInfo">
                    <NormalElement Type="WZUIContainer" GUID="{a54e806d-1863-4805-adac-7cef491d5997}" />
                    <SelectElement Type="WZUIContainer" GUID="{6bbe0465-1ffa-4e48-b8b3-f32670ea0997}" />
                    <DisableElement Type="WZUIContainer" GUID="{5c6a180f-f86c-403e-bd84-11d325f27fb6}" />
                </Button>
            </WZUIContainer>
            <WZUIContainer Type="WZUIContainer" GUID="{936154da-de27-4b44-81b6-e3a313083f40}" Name="conForInfo_CellFightingRankItem" AnchorPoint="0.5,0" RelativePosition="0.5,0" AbsContentSize="140,105" UseAbsSize="True">
                <WZUIFreeTextBox Type="WZUIFreeTextBox" GUID="{c884b55f-566e-416e-960b-11329ed11a88}" MaxWidth="140" Name="ftxtName_CellFightingRankItem" RelativePosition="0.5,0.85" />
                <WZUILabelTTF Type="WZUILabelTTF" GUID="{03322361-52d6-4b50-83b2-b2991473a05a}" Name="txtFighting_CellFightingRankItem" FontSize="14" Color="158,0,0" RelativePosition="0.5,0.7" />
                <WZUILabelTTF Type="WZUILabelTTF" GUID="{9bdf4794-8d8c-48b2-84c7-778957a4b49c}" FontSize="14" Color="105,65,46" Name="txtTimes_CellFightingRankItem" RelativePosition="0.5,0.55" />
                <Button Type="WZUIButton" GUID="{5ac7c284-4117-4615-9530-81ad80bb5b96}" AbsContentSize="116,58" UseAbsSize="True" Scale="0.7" RelativePosition="0.5,0.261905" LuaActionName="Normal" LuaDoneFunctionName="onClickWorship" Name="btnWorship_CellFightingRankItem">
                    <NormalElement Type="WZUIContainer" GUID="{da755ed0-6ffe-43fc-b9d9-3e0d3adf96cb}">
                        <WZUIImage Type="WZUIImage" GUID="{c7937b72-2ec6-4774-8292-d9b71d5d8612}" File="ui/common/common_btn_anniu3_0.png" UseOriginSize="True" />
                    </NormalElement>
                    <SelectElement Type="WZUIContainer" GUID="{4727c573-81c6-4b32-929e-0bed0aad871c}">
                        <WZUIImage Type="WZUIImage" GUID="{682d7c2f-5101-4b6d-828b-8eede711b78e}" File="ui/common/common_btn_anniu3_0_sel.png" UseOriginSize="True" />
                    </SelectElement>
                    <DisableElement Type="WZUIContainer" GUID="{73b95f03-eaa4-47d2-a6fa-61251718ca7c}" />
                    <WZUILabelTTF Type="WZUILabelTTF" GUID="{9fb387f0-8b1d-4029-8f99-bdf2a27660fd}" TextKey="WORSHIP_WORD" LabelStyleKey="SMALL_ORANGE_BTN" />
                </Button>
            </WZUIContainer>
            <WZUIContainer Type="WZUIContainer" GUID="{1cf60c2a-f9b8-46e1-bf72-73faf8873692}" Name="conNull_CellFightingRankItem" Visible="True">
                <WZUIImage Type="WZUIImage" GUID="{52ba896e-2df1-40d5-a095-61abff3d093d}" File="ui/common/common_pic_diwen5.png" UseOriginSize="True" Scale="0.4" RelativePosition="0.5,0.6" />
                <WZUIImage Type="WZUIImage" GUID="{57821633-1294-4760-b607-b038bc88ff8b}" File="ui/common/common_icon_quan.png" UseOriginSize="True" Scale="0.8" RelativePosition="0.5,0.6" />
                <WZUIImage Type="WZUIImage" GUID="{81f61583-97f4-418f-bd87-291c9d759a4b}" File="ui/common/common_icon_wenhao.png" UseOriginSize="True" Scale="0.6" RelativePosition="0.5,0.6" />
                <WZUILabelTTF Type="WZUILabelTTF" GUID="{87e8fc47-e956-4408-88e0-4ff345c10efa}" TextKey="NEWACTIVITY_TEXT6" RelativePosition="0.5,0.32" FontSize="16" Color="105,65,46" Name="txtNull_CellFightingRankItem" />
            </WZUIContainer>
        </WZUIContainer>
    </WZUIContainer>
</CellFightingRankItem>
