<?xml version="1.0" ?>
<CellCommunityCheckDonate GUID="{57041546-8607-413d-B066-5B5B02061760}">
    <WZUIContainer AbsContentSize="690,90" GUID="{98BA2D49-EB28-4269-8ECF-0A180C27C4FE}" LuaObjectName="CellCommunityCheckDonate" Name="CellCommunityCheckDonate" NameCreate="True" Type="WZUIContainer" UseAbsSize="True">
        <WZUIButton GUID="{E2B4497C-4A9F-42e4-A864-5025BE8C435F}" LuaDoneFunctionName="onClick" Name="" RelativePosition="0.55,0.5" Type="WZUIButton" Visible="True" AbsContentSize="600,75" UseAbsSize="True" Order="1">
            <NormalElement GUID="{A7ED9AEB-B2E9-4332-AD63-1070C22F092C}" Type="WZUIContainer" />
            <SelectElement GUID="{6E4808FE-BBBE-4d3c-A4A5-6CBC61D8926B}" Type="WZUIContainer" />
            <WZUIContainer GUID="{2C175658-C9AA-4b9d-9734-B8D8673A10A6}" Type="WZUIContainer" />
        </WZUIButton>
        <WZUIContainer Type="WZUIContainer" GUID="{DB1BA828-5954-49c8-9853-EE8F5D963214}" AbsContentSize="690,75" UseAbsSize="True" RelativePosition="0.5,0.5">
            <WZUI9Image File="ui/common/common_scale9_di7.png" GUID="{BF9D57E3-E117-4019-B7A9-5A1ECC41FEDA}" Type="WZUI9Image" />
            <WZUIContainer Type="WZUIContainer" GUID="{909F746E-6180-45e1-8047-CD04A1AA084A}" UseAbsSize="True" AbsContentSize="100,100" RelativePosition="0.031,0.5" Name="conHead" Visible="True">
                <WZUIImage Type="WZUIImage" GUID="{D50072B8-F817-4b2e-B057-4E51FDD50DD5}" TouchEnable="False" RelativePosition="0.5,0.5" File="ui/common/common_icon_tx.png" UseOriginSize="True" Scale="1.15" />
                <Button Type="WZUIButton" AbsContentSize="100,100" UseAbsSize="True" LuaDoneFunctionName="onHead" GUID="{A8B35DBE-C3EA-489c-8809-D5DBA1EDFDC9}">
                    <NormalElement Type="WZUIContainer" TouchContainerEnable="True" GUID="{3ED06C28-543F-40f2-A08E-65CA0E832D22}" />
                    <SelectElement Type="WZUIContainer" TouchContainerEnable="True" GUID="{5C963F65-F03B-4597-9B63-F558A93B4A2B}" />
                    <DisableElement Type="WZUIContainer" TouchContainerEnable="True" GUID="{91A840A7-119C-4664-9094-87BC3E88F377}" />
                </Button>
            </WZUIContainer>
        </WZUIContainer>
        <WZUIContainer AbsContentSize="650,60" AnchorPoint="0.5,0.5" GUID="{BCA93CBD-321B-4bb9-B833-72952B56504B}" RelativePosition="0.5,0.5" Type="WZUIContainer" UseAbsSize="True">
            <WZUILabelTTF Type="WZUILabelTTF" GUID="{07ABE8F4-5808-4cf2-8A46-42D64467FFF3}" Text="" LabelStyleKey="C13_F22" RelativePosition="0.18,0.5" Name="ttfName" Alignment="Center" AbsPosition="84.5,30" AnchorPoint="0.5,0.5" />
            <WZUILabelTTF Type="WZUILabelTTF" GUID="{A5EB4938-FBFE-43a3-A35B-9B0A183B9D31}" Text="" LabelStyleKey="C13_F22" RelativePosition="0.37,0.5" Name="ttfLevel" />
            <WZUILabelTTF Type="WZUILabelTTF" GUID="{5C25A145-DDA0-4a9e-9043-35019F75E76C}" Text="" LabelStyleKey="C13_F22" RelativePosition="0.52,0.5" Name="ttfTitle" />
            <WZUILabelTTF Type="WZUILabelTTF" GUID="{EEF227C5-53B8-43bc-AEE2-23BE594D07C8}" Text="" LabelStyleKey="C13_F22" RelativePosition="0.7,0.5" Name="ttfDonate" />
            <WZUILabelTTF Type="WZUILabelTTF" GUID="{E1C2E500-D9B5-4aca-AD7D-E2C6161A7DAE}" Text="" LabelStyleKey="C13_F22" RelativePosition="0.91,0.5" Name="ttfTime" Dimensions="0,0" MaxLength="0" />
        </WZUIContainer>
        <Button Type="WZUIButton" GUID="{b9954e40-9227-4056-8d04-1941ff3bd727}" AbsContentSize="300,75" UseAbsSize="True" AnchorPoint="0,0.5" RelativePosition="0,0.5" LuaDoneFunctionName="onCheck" Order="5">
            <NormalElement Type="WZUIContainer" GUID="{7cc2ae2f-d46d-4639-8f39-bee1044d799c}" />
            <SelectElement Type="WZUIContainer" GUID="{923c1e81-d1f9-436a-b54f-bf91d2ba317e}" />
            <DisableElement Type="WZUIContainer" GUID="{06534ff3-fd41-43b2-ba8d-3c18d15febd9}" />
        </Button>
    </WZUIContainer>
</CellCommunityCheckDonate>
