﻿<?xml version="1.0" ?>
<CellTimeFirstRecharge GUID="{7D47E5E7-25B8-45f0-80DA-758F1BF21F05}">
    <WZUIContainer AbsContentSize="502,453" GUID="{5CF0D549-9BD6-444a-889D-B65207D800FF}" LuaObjectName="CellTimeFirstRecharge" Name="CellTimeFirstRecharge" NameCreate="True" Type="WZUIContainer" UseAbsSize="True">
        <WZUIContainer AbsContentSize="502,284" GUID="{11AFD911-EAAD-4ee4-BF5C-D594763ECA1E}" RelativePosition="0.5,1" Type="WZUIContainer" UseAbsSize="True" AnchorPoint="0.5,1">
            <WZUIImage Type="WZUIImage" GUID="{331999F5-52F5-4361-8DA9-EE83F5776829}" File="ui/gameActivity/activity_pic_czxl.png" UseOriginSize="False" AnchorPoint="0.5,1" RelativePosition="0.5,1" Name="imgBK_CellTimeFirstRecharge" />
            <WZUIContainer AbsContentSize="130,65" GUID="{0B3ED056-65E2-43c9-A36C-5B0D88FF66EC}" RelativePosition="0.328,0.181079" Type="WZUIContainer" UseAbsSize="True">
                <WZUIButton GUID="{B98DD5CB-BFF3-4ce1-9BCE-E7BD038E6BC5}" LuaDoneFunctionName="onRechargeEvent" Name="btn_getReward_event" Type="WZUIButton" LuaActionName="Normal">
                    <NormalElement GUID="{8EF51282-5ACC-418e-AA19-F5C6B9C49E20}" Type="WZUIContainer">
                        <WZUI9Image CapInsets="20,10,15,35" File="ui/common/common_btn_anniu3_1.png" GUID="{EEF34FD9-462E-4e39-9769-4BA79994F2B8}" RelativeSize="1.1,1" Type="WZUI9Image" UseOriginSize="True" />
                    </NormalElement>
                    <SelectElement GUID="{C6A167F6-AD38-43b0-BB9C-C52AAE133866}" Type="WZUIContainer">
                        <WZUI9Image CapInsets="20,10,15,35" File="ui/common/common_btn_anniu3_1_sel.png" GUID="{0B38355E-D541-4a8f-BA08-C59D7E75ECEF}" RelativeSize="1.1,1" Type="WZUI9Image" Scale="1" UseOriginSize="True" />
                    </SelectElement>
                    <DisableElement GUID="{75ED79FA-935A-49db-8587-D22E65F55F62}" Type="WZUIContainer">
                        <WZUI9Image CapInsets="20,10,15,35" File="ui/common/common_btn_anniu3_1.png" GUID="{A09FAB13-1615-48b2-B9F6-E06A7B2B479A}" RelativePosition="0.5,0.5" RelativeSize="1.1,1" Type="WZUI9Image" GrayRender="True" UseOriginSize="True" />
                    </DisableElement>
                    <WZUILabelTTF Color="255,236,193" FontSize="24" GUID="{C8C3917D-6B21-4693-AF59-1DE7DEB29E98}" Name="txt_gotoButton" RelativePosition="0.5,0.5" StrokeColor="128,54,13" StrokeSize="4" Text="" Type="WZUILabelTTF" LabelStyleKey="SMALL_ORANGE_BTN" EnableStroke="True" />
                    <WZUISpine Type="WZUISpine" GUID="{9379f81b-601f-4138-a865-649a4380ec6f}" FileAtlas="ui/ui_main_likechongzhi.atlas" FileJson="ui/ui_main_likechongzhi.json" Loop="True" AnimationName="animation" RelativePosition="0.5,1.1077" ScaleX="0.9" ScaleY="0.95" />
                </WZUIButton>
            </WZUIContainer>
            <WZUIContainer Type="WZUIContainer" GUID="{5B120DC9-2DA6-4b29-B483-C4695556C427}" AbsContentSize="200,30" UseAbsSize="True" RelativePosition="0.75,0.01" AnchorPoint="0.5,0">
                <WZUILabelTTF Type="WZUILabelTTF" GUID="{F8397378-968C-4400-88B3-F8C49921A2FC}" FontSize="20" Color="255,236,193" EnableStroke="True" TextKey="CAN_GET_ONCE" RelativePosition="0.5,0.466667" Name="txtRewardAtt_CellTimeFirstRecharge" />
            </WZUIContainer>
            <WZUIContainer Type="WZUIContainer" GUID="{B3B4F741-AD36-423c-A44A-F8BBCEC51026}" AbsContentSize="500,42" UseAbsSize="True" AnchorPoint="0.5,1" RelativePosition="0.5,1">
                <WZUILabelTTF Type="WZUILabelTTF" GUID="{085C56F7-9D63-468a-B820-AE553F319971}" TextKey="" FontSize="22" Color="255,227,116" EnableStroke="True" StrokeSize="4" StrokeColor="128,54,13" AnchorPoint="0,0.5" RelativePosition="0.05,0.5" Text="ACTIVE_TIME" Name="txtActivityWord_CellTimeFirstRecharge" />
                <WZUILabelTTF Type="WZUILabelTTF" GUID="{FCABD655-BC3C-479a-A902-6F48908148C4}" FontSize="22" EnableStroke="True" Color="255,89,74" StrokeColor="158,0,0" StrokeSize="4" Text="" AnchorPoint="0,0.5" RelativePosition="0.27,0.5" Name="txtLastDay_CellTimeFirstRecharge" />
                <WZUILabelTTF Type="WZUILabelTTF" GUID="{5FA182B3-1B35-45fa-8503-3D7A58CF3773}" Text="" StrokeColor="158,0,0" StrokeSize="4" RelativePosition="0.42,0.5" EnableStroke="True" Color="255,89,74" AnchorPoint="0,0.5" FontSize="24" Name="txtHours_CellTimeFirstRecharge" Visible="False" />
            </WZUIContainer>
        </WZUIContainer>
        <WZUIContainer AbsContentSize="500,170" GUID="{37A3F09A-1B9D-42c2-A544-433271B23318}" RelativePosition="0.5,0" Type="WZUIContainer" UseAbsSize="True" AnchorPoint="0.5,0">
            <WZUIContainer GUID="{D85A519B-762D-4e16-BCAC-79B75F8630DB}" Type="WZUIContainer" AbsContentSize="486,105" UseAbsSize="True" RelativePosition="0.5,0.1" AnchorPoint="0.5,0">
                <WZUI9Image File="ui/common/common_scale9_di18.png" GUID="{0043946F-0246-405b-BFEC-069D4B7E3471}" Type="WZUI9Image" />
                <WZUIContainer AbsContentSize="460,90" GUID="{F1770521-EB14-4e37-9BE1-F17B19FB56AA}" RelativePosition="0.5,0.5" Type="WZUIContainer" UseAbsSize="True">
                    <WZUITableContainer AbsContentSize="460,90" AnchorPoint="0.5,0.5" CellElementHeight="1" ColumnCount="5" EnableMoveHorizontal="True" EnableMoveVertical="False" GUID="{BB3244C5-9043-462b-8CE5-9D611938E7F8}" Name="tbCon_activty_forRecharge" RelativePosition="0.5,0.485" RelativeSize="1,1" ShowAll="False" Type="WZUITableContainer" UseAbsSize="True" />
                    <WZUIImage Type="WZUIImage" GUID="{FB63F804-8BEE-401f-AF02-D172B278102B}" File="ui/common/commom_icon_ylq.png" UseOriginSize="True" Rotation="28" AnchorPoint="1,0.5" RelativePosition="0.967,0.26" Name="imgHavedGet_CellTimeFirstRecharge" Visible="False" />
                </WZUIContainer>
            </WZUIContainer>
            <WZUIContainer Type="WZUIContainer" GUID="{79D1C771-11DA-4fd8-B624-37E6102F0BA6}" AbsContentSize="480,40" UseAbsSize="True" RelativePosition="0.5,0.83">
                <WZUILabelTTF Color="255,227,116" FontSize="22" GUID="{37270212-2AE6-4826-B004-88FC795B3257}" Name="txtGrade_CellTimeFirstRecharge" RelativePosition="0.025,0.5" StrokeSize="4" Text="" Type="WZUILabelTTF" AnchorPoint="0,0.5" EnableStroke="True" StrokeColor="128,54,13" TextKey="">
                    <WZUILabelTTF Type="WZUILabelTTF" GUID="{26e7aef7-e8ce-4fac-86ef-c4e13b88fb3d}" TextKey="" FontSize="24" Color="99,255,95" EnableStroke="True" StrokeColor="0,72,3" StrokeSize="4" AnchorPoint="0,0.5" RelativePosition="1.05,0.5" Name="txtPrice_CellTimeFirstRecharge">
                        <WZUILabelTTF Type="WZUILabelTTF" GUID="{c1b5054a-30b8-4f56-9b78-043b109cd3ab}" TextKey="" Color="255,227,116" EnableStroke="True" StrokeColor="128,54,13" StrokeSize="4" FontSize="22" AnchorPoint="0,0.5" RelativePosition="1.05,0.5" Name="txtThreeWorld_CellTimeFirstRecharge" />
                    </WZUILabelTTF>
                </WZUILabelTTF>
            </WZUIContainer>
        </WZUIContainer>
    </WZUIContainer>
</CellTimeFirstRecharge>
