﻿<CellTransactionTab2 GUID="{696d9e62-8870-4487-b244-2acd7b4d18c5}">
    <WZUIContainer Type="WZUIContainer" GUID="{1a3d814e-e932-4679-9100-00c20103a4f1}" Name="CellTransactionTab2" LuaObjectName="CellTransactionTab2" NameCreate="True" UseAbsSize="True" AbsContentSize="190,180">
        <Button AbsContentSize="185,62" GUID="{aa79b56d-e09c-4426-a98f-05ae87efc1df}" LuaDoneFunctionName="onTab" Type="WZUIButton" UseAbsSize="True" Name="" RelativePosition="0.5,0.81" Order="1" TouchEnable="False" TouchSwallow="False">
            <NormalElement GUID="{c525bccb-3190-41c4-952c-45d64c73dad7}" Type="WZUIContainer">
                <WZUIImage File="ui/common/common_btn_anniu16.png" GUID="{43fc2331-6562-45b7-8b25-ac26620509f1}" Type="WZUIImage" UseOriginSize="False" />
            </NormalElement>
            <SelectElement GUID="{c0b2a1c9-e4be-4acc-98de-a9187241064e}" Type="WZUIContainer">
                <WZUIImage File="ui/common/common_btn_anniu20.png" GUID="{79681e66-12bc-476c-8ad0-9771995cfaad}" Type="WZUIImage" />
            </SelectElement>
            <DisableElement GUID="{3ee89720-e240-430a-87bc-2cab08431dcd}" Type="WZUIContainer">
                <WZUIImage File="ui/common/common_btn_anniu16.png" GUID="{fc2a0de7-e591-4fbc-ba39-bf06c2afe677}" Type="WZUIImage" UseOriginSize="False" />
            </DisableElement>
            <WZUILabelTTF Type="WZUILabelTTF" GUID="{ed619d4d-adfe-4508-a093-6f87274765d9}" Name="txt_subItemName" FontSize="26" Color="255,236,193" EnableStroke="True" StrokeSize="4" StrokeColor="128,54,13" RelativePosition="0.6,0.485714" Text="绿宝石" TextKey="" />
        </Button>
        <WZUIContainer Type="WZUIContainer" GUID="{81e406e0-29cd-4ead-abb3-cf2603160f3f}" UseAbsSize="True" AbsContentSize="170,120" RelativePosition="0.5,0.36">
            <WZUI9Image Type="WZUI9Image" GUID="{8e6093a1-cc36-40de-a240-a1f3f40e6b90}" File="ui/common/common_scale9_di52.png" Opacity="120" />
            <WZUILabelTTF Type="WZUILabelTTF" GUID="{997d3d8d-bdba-4344-ba3e-88be3aa99f13}" Text="" LabelStyleKey="C1_F20_S4_C2" RelativePosition="0.5,0.765" Alignment="Center" AnchorPoint="0.5,0.5" TextKey="TRANSACTION6" />
            <WZUILabelTTF Type="WZUILabelTTF" GUID="{400077e1-ec30-449d-8e2f-a905101d7085}" Text="" LabelStyleKey="C1_F20_S4_C2" RelativePosition="0.5,0.455" Alignment="Center" AnchorPoint="0.5,0.5" Visible="True" TextKey="TRANSACTION7" />
            <WZUILabelTTF Type="WZUILabelTTF" GUID="{25a979f7-362d-479c-8911-1b1de8b3d913}" Text="" LabelStyleKey="C1_F20_S4_C2" RelativePosition="0.5,0.155" Alignment="Center" AnchorPoint="0.5,0.5" Visible="True" TextKey="TRANSACTION8" />
            <WZUIImage Type="WZUIImage" GUID="{2d3e726c-de97-497c-9507-c007af2db518}" File="ui/common/y_line.png" UseOriginSize="True" Scale="1" ScaleX="0.4" ScaleY="1" RelativePosition="0.5,0.615" />
            <WZUIImage Type="WZUIImage" GUID="{2a6ff599-6881-4769-9966-cbeeb9718232}" File="ui/common/y_line.png" UseOriginSize="True" Scale="1" ScaleX="0.4" ScaleY="1" RelativePosition="0.5,0.323" />
            <WZUICheckBoxGroup AbsContentSize="160,105" AnchorPoint="0.5,0.5" GUID="{d007ce5b-3c58-4c35-9af4-f6d734cf0fc3}" RelativePosition="0.5,0.45" RelativeSize="1,1" ScaleY="1" TouchContainerEnable="True" Type="WZUICheckBoxGroup" UseAbsSize="True" Order="0" Name="checkBoxGroup">
                <CheckBox AbsContentSize="160,30" AnchorPoint="0,1" GUID="{705feb7f-e72c-4765-a8ed-1e45aca5f1a9}" LuaSelectedFunctionName="onSubTab" Name="" RelativePosition="0,1" SelectedIndex="1" TouchContainerEnable="True" Type="WZUICheckBox" UseAbsSize="True" Visible="True" AbsPosition="0,375.5" Tag="1">
                    <CheckElement AbsContentSize="160,30" AnchorPoint="0.5,0.5" GUID="{2fd7bf02-33dc-4f5a-aaeb-f255774cf0c6}" RelativePosition="0.5,0.5" TouchContainerEnable="True" Type="WZUIContainer" UseAbsSize="True" />
                    <CheckElement AbsContentSize="160,30" AnchorPoint="0.5,0.5" GUID="{5389b0ae-cdc5-493c-abd1-fd52204df9fa}" RelativePosition="0.5,0.5" TouchContainerEnable="True" Type="WZUIContainer" UseAbsSize="True">
                        <WZUI9Image Type="WZUI9Image" GUID="{e6528b6f-39c6-45da-ac81-606f6df13f39}" File="ui/common/common_scale9_wbbsxz.png" UseOriginSize="False" Scale="1" ScaleX="1" ScaleY="1" />
                    </CheckElement>
                </CheckBox>
                <CheckBox AbsContentSize="160,30" AnchorPoint="0,1" GUID="{6bfdefb3-a51c-46f6-beef-dec8799f24fd}" LuaSelectedFunctionName="onSubTab" Name="" RelativePosition="0,0.66" SelectedIndex="0" TouchContainerEnable="True" Type="WZUICheckBox" UseAbsSize="True" AbsPosition="0,443" Tag="2">
                    <CheckElement AbsContentSize="160,30" AnchorPoint="0.5,0.5" GUID="{1f711918-78c8-4ff4-a46e-8f061c989cd0}" RelativePosition="0.5,0.5" TouchContainerEnable="True" Type="WZUIContainer" UseAbsSize="True" />
                    <CheckElement AbsContentSize="160,30" AnchorPoint="0.5,0.5" GUID="{a3b6af93-1585-4438-8cc2-de83025ddf9c}" RelativePosition="0.5,0.5" TouchContainerEnable="True" Type="WZUIContainer" UseAbsSize="True">
                        <WZUI9Image Type="WZUI9Image" GUID="{fac7d3e6-574f-4df6-a38d-6f01c107ffac}" File="ui/common/common_scale9_wbbsxz.png" UseOriginSize="False" Scale="1" ScaleX="1" ScaleY="1" />
                    </CheckElement>
                </CheckBox>
                <CheckBox AbsContentSize="160,30" AnchorPoint="0,1" GUID="{de62e062-8449-411a-970b-07fcb47230c3}" LuaSelectedFunctionName="onSubTab" Name="" RelativePosition="0,0.32" SelectedIndex="0" TouchContainerEnable="True" Type="WZUICheckBox" UseAbsSize="True" AbsPosition="0,443" Tag="3">
                    <CheckElement AbsContentSize="160,30" AnchorPoint="0.5,0.5" GUID="{21e567d7-0947-4da0-82fa-3e729b0da0c0}" RelativePosition="0.5,0.5" TouchContainerEnable="True" Type="WZUIContainer" UseAbsSize="True" />
                    <CheckElement AbsContentSize="160,30" AnchorPoint="0.5,0.5" GUID="{9c5c0e56-7d60-4c43-9db3-0bb21584a2dc}" RelativePosition="0.5,0.5" TouchContainerEnable="True" Type="WZUIContainer" UseAbsSize="True">
                        <WZUI9Image Type="WZUI9Image" GUID="{1d949db6-e476-4646-8c92-46b71a281d86}" File="ui/common/common_scale9_wbbsxz.png" UseOriginSize="False" Scale="1" ScaleX="1" ScaleY="1" />
                    </CheckElement>
                </CheckBox>
            </WZUICheckBoxGroup>
        </WZUIContainer>
        <WZUIImage Type="WZUIImage" GUID="{dee4c909-d6ce-4c82-a3d5-149d7ae82ab8}" File="ui/common/common_icon_zhujiemian.png" UseOriginSize="True" RelativePosition="0.22,0.8" Order="5" ScaleY="-1" TouchEnable="False" TouchSwallow="False" />
    </WZUIContainer>
</CellTransactionTab2>
