﻿<CellPetSkillLibrary GUID="{621669cf-9d53-4085-9916-6224ee82e6d0}">
    <WZUIContainer AbsContentSize="465,73" GUID="{71a2f13e-ca61-4b6e-9072-7c42e17e1efe}" LuaObjectName="" Name="CellPetSkillLibrary" NameCreate="True" Type="WZUIContainer" UseAbsSize="True" RelativePosition="0.5,0.5">
        <WZUIContainer Type="WZUIContainer" GUID="{87b3ee8d-6919-4ebd-803b-bc336bcd0c42}" UseAbsSize="True" AbsContentSize="465,68">
            <WZUI9Image Type="WZUI9Image" GUID="{f18eff72-37f4-4cde-9cf0-f818a73657e0}" File="ui/common/common_scale9_di7.png" />
        </WZUIContainer>
        <WZUIContainer Type="WZUIContainer" GUID="{6adc8e9c-0b34-400a-aee6-c966b97a4f8c}" RelativePosition="0.5,0.5">
            <WZUILabelTTF AnchorPoint="0,0.5" Color="105,65,46" FontSize="18" GUID="{6a352743-a7da-42ff-a250-c380b43ad7be}" MaxLength="" Name="txtName1_WndPetsSkill" RelativePosition="0.15,0.636165" Text="Name" TouchEnable="False" Type="WZUILabelTTF" Alignment="Left" LabelStyleKey="C1_F18_S4_C3" Scale="1" ScaleX="1" ScaleY="1" />
            <WZUILabelTTF AnchorPoint="0,1" Color="79,60,48" FontSize="16" GUID="{de5fe079-4122-4420-9916-58db296d55cb}" MaxLength="" Name="txtLvK1_WndPetsSkill" RelativePosition="0.146892,0.588811" Text="Exp:100" TouchEnable="False" Type="WZUILabelTTF" Alignment="Left" Dimensions="400,42" Visible="True" LabelStyleKey="C3_F18" />
        </WZUIContainer>
        <WZUIContainer Type="WZUIContainer" GUID="{0b3debe4-15e8-441d-9cf2-258ecb275d60}" AbsContentSize="70,70" UseAbsSize="True" RelativePosition="0.075,0.5" Name="" Visible="True" NameCreate="True" Scale="0.65" ScaleX="0.65" ScaleY="0.65">
            <WZUIImage Type="WZUIImage" GUID="{8845905e-19b3-4567-9506-be806c0ddbcd}" File="ui/pet/common_scale9_beibaodi.png" UseOriginSize="True" />
            <WZUIImage Type="WZUIImage" GUID="{45dabb52-a9fc-4fc5-97f9-3e023b457452}" File="ui/pet/common_scale9_wuse.png" UseOriginSize="True" ScaleY="1" RelativePosition="0.5,0.5" Name="" ScaleX="1" Scale="1" />
            <WZUIImage Type="WZUIImage" GUID="{af809d43-14dd-442e-b2e5-dec3d503bb93}" File="ui/common/common_icon_suo.png" UseOriginSize="True" ScaleX="0.54" ScaleY="0.55" Name="imgLockIn1_WndPetSkill" Visible="False" />
            <WZUIImage Type="WZUIImage" GUID="{a3d2ff8d-4de2-4fc0-8ddd-d3fa46988a5b}" Name="imgSkillP1_WndPetSkill" UseOriginSize="True" File="" isValid="False" Visible="True" />
            <WZUIImage Type="WZUIImage" GUID="{05c8f4e9-7501-4fce-a09e-a360ac02b6f1}" Name="imgSkillLv1_WndPetSkill" UseOriginSize="True" File="" RelativePosition="0.73,0.27" AbsPosition="51,19" />
        </WZUIContainer>
        <Button Type="WZUIButton" Tag="1" LuaDoneFunctionName="onSiClick" GUID="{931ddbb2-020e-4b0b-8e16-88a121e7ee27}" Name="" AbsContentSize="442,70" UseAbsSize="False" RelativePosition="0.5,0.5" TouchEnable="False" TouchSwallow="False">
            <NormalElement Type="WZUIContainer" GUID="{915e0c77-e862-4e62-a394-132dd4dd51dc}" />
            <SelectElement Type="WZUIContainer" GUID="{74dd52a9-ce3b-4bdc-9c67-4030b0a54101}" />
            <DisableElement Type="WZUIContainer" GUID="{bc988103-be0b-4de6-bc0a-815ef27a74dd}" />
        </Button>
    </WZUIContainer>
</CellPetSkillLibrary>
