<?xml version="1.0" ?>
<CellActivityVipPanel GUID="{C49E6B93-C59F-4924-B17A-3BA99D63C30F}">
    <WZUIContainer Type="WZUIContainer" GUID="{1352BD73-271E-4349-A592-A451F15554CF}" AbsContentSize="500,446" UseAbsSize="True" LuaObjectName="CellActivityVipPanel" Name="CellActivityVipPanel">
        <WZUIContainer AbsContentSize="500,150" AnchorPoint="0.5,1" GUID="{9F780A44-2FBA-4996-ADB8-0792021E6D57}" RelativePosition="0.5,1" RelativeSize="1,1" ShowAll="False" Type="WZUIContainer" UseAbsSize="True">
            <WZUIContainer AnchorPoint="0.5,0.5" GUID="{FC11A351-F2CA-466a-9DCC-4D3856D6E208}" RelativePosition="0.4,0.35" RelativeSize="1,1" ShowAll="False" Type="WZUIContainer" AbsContentSize="368,64" UseAbsSize="True">
                <WZUI9Image Type="WZUI9Image" GUID="{264F7D3D-F434-4198-9518-3DC2DE598D36}" File="ui/common/common_scale9_di4.png" />
                <WZUIContainer AnchorPoint="0.5,0.5" GUID="{115EFD0D-686F-4eca-BE23-9AA733EE5BF1}" RelativePosition="0.65,0.5" RelativeSize="1,0.4" Type="WZUIContainer" UseAbsSize="True">
                    <WZUIImage File="ui/common/common_progress_exp2_bg.png" GUID="{C07140E7-2D12-4a3f-A85A-B4F4F8595648}" RelativePosition="0.5,0.5" RelativeSize="1,1" ScaleX="0.7" Type="WZUIImage" UseOriginSize="True" Visible="True" Scale="1" ScaleY="1" Opacity="153" />
                    <WZUIProgress BgPicture="ui/common/common_progress_exp2_fore.png" GUID="{AD17092B-48CE-49d4-A627-BC85181F6EFA}" GrayRender="False" Name="progVipExpProgress_CellActivityVipPanel" Percentage="0" RelativePosition="0.5,0.5" Type="WZUIProgress" UseOriginSize="True" Visible="True" Scale="1" ScaleX="1" ScaleY="1" />
                    <WZUILabelTTF Color="255,255,255" FontSize="20" GUID="{6EDDCD21-B1A3-47cf-8D2D-FBDD8ECB8903}" Name="txtCurVipExpValue_CellActivityPanel" Text="" Type="WZUILabelTTF" UseOriginSize="True" UseOriginSizeProportion="False" Visible="True" EnableStroke="True" StrokeColor="105,65,46" StrokeSize="4" Scale="1" />
                </WZUIContainer>
                <WZUILabelTTF Type="WZUILabelTTF" GUID="{6B6A515D-69E2-4dc8-A6EF-E834535A09A7}" FontSize="22" Color="255,227,116" EnableStroke="True" StrokeColor="105,65,46" StrokeSize="4" AnchorPoint="0,0.5" RelativePosition="0.039,0.5" Name="txtCurVip_CellActivityVipPanel" />
            </WZUIContainer>
            <WZUIContainer Type="WZUIContainer" GUID="{71703499-1B3A-4065-A851-5C57AF9073C1}" AbsContentSize="500,60" UseAbsSize="True" AnchorPoint="0.5,1" RelativePosition="0.532,1">
                <WZUIImage Type="WZUIImage" GUID="{BDD7697C-9AB3-4506-B909-DCAD78F7B341}" File="ui/common/commom_icon_v.png" UseOriginSize="True" RelativePosition="0.08,0.5" Name="imgCurrVip_CellActivityVipPanel" AnchorPoint="1,0.5" Scale="0.53" />
                <WZUILabelAtlasFont Type="WZUILabelAtlasFont" GUID="{7FDB6518-6E9C-40b0-88EC-1B08C930E562}" Name="txtCurVipLevel_CellActivityVipPanel" UseOriginSizeProportion="False" UseOriginSize="True" Height="40" Width="22" RelativePosition="0.09,0.5" AnchorPoint="0,0.5" CharMapFileName="ui/common_num/common_num_vip.png" Text="55" Scale="0.55">
                    <WZUILabelTTF Type="WZUILabelTTF" GUID="{E21D30C2-D81D-46f3-B9C0-4FB7559FBF29}" Color="255,227,116" EnableStroke="True" StrokeSize="4" StrokeColor="128,54,13" FontSize="24" Text="" RelativePosition="0.55,0.5" Name="txtCurrVip1_CellActivityVipPanel" TextKey="VIP_TIP06" AnchorPoint="0,0.5" Scale="1.81">
                        <WZUILabelTTF Type="WZUILabelTTF" GUID="{FA62EC16-C4EC-45d0-B03B-02690EE4DDEC}" Color="93,222,254" EnableStroke="True" StrokeSize="4" StrokeColor="105,65,46" FontSize="24" Text="100000" RelativePosition="1,0.5" Name="txtCurrVip2_CellActivityVipPanel" AnchorPoint="0,0.5">
                            <WZUIImage Type="WZUIImage" GUID="{EFA44154-FCD1-48e1-BCAB-918BEE9E45E1}" File="ui/common/common_icon_zuanshi.png" UseOriginSize="True" Scale="0.8" RelativePosition="1.02,0.5" AnchorPoint="0,0.5">
                                <WZUILabelTTF Type="WZUILabelTTF" GUID="{21758E59-34B6-48e9-A449-C73E9720F835}" Color="255,227,116" EnableStroke="True" StrokeSize="4" StrokeColor="128,54,13" FontSize="24" Text="" RelativePosition="1.08,0.5" AnchorPoint="0,0.5" Name="txtCurrVip3_CellActivityVipPanel" TextKey="WILL_BECOME" Scale="1.25" UseOriginSize="True">
                                    <WZUIImage Type="WZUIImage" GUID="{A70E2167-B020-46f0-9FD9-7594966ADE92}" File="ui/common/commom_icon_v.png" UseOriginSizeProportion="False" UseOriginSize="True" RelativePosition="1.03,0.5" Name="imgNextVip_CellActivityPanel" AnchorPoint="0,0.5" Scale="0.53">
                                        <WZUILabelAtlasFont Type="WZUILabelAtlasFont" GUID="{DAE7ABA3-D9BB-400f-912C-40970CF430B8}" Name="txtNextVipLevel_CellActivityVipPanel" UseOriginSizeProportion="False" UseOriginSize="True" AnchorPoint="0,0.5" CharMapFileName="ui/common_num/common_num_vip.png" Height="40" Width="22" RelativePosition="1.1,0.5" Scale="1.05" Text="15" />
                                    </WZUIImage>
                                </WZUILabelTTF>
                            </WZUIImage>
                        </WZUILabelTTF>
                    </WZUILabelTTF>
                </WZUILabelAtlasFont>
            </WZUIContainer>
            <WZUIContainer Type="WZUIContainer" GUID="{008E7E49-6D5B-4e3b-A7F6-FCE0B2965C32}" AbsContentSize="139,150" UseAbsSize="True" RelativePosition="0.9,0.366">
                <WZUIImage Type="WZUIImage" GUID="{D56FD4B5-507E-494a-921E-8D2B1CFC278D}" Name="imgInstructor_CellActivityVipPanel" File="ui/combat/common_pic_meinv2.png" UseOriginSize="True" FlipX="True" Scale="0.55" />
            </WZUIContainer>
        </WZUIContainer>
        <WZUIContainer Type="WZUIContainer" GUID="{8545783E-C100-42c9-9E46-970058A97177}" AbsContentSize="500,280" UseAbsSize="True" RelativePosition="0.5,0.361">
            <WZUIFreeListContainer AbsContentSize="500,280" EnableHideUnvisible="True" EnableMoveHorizontal="False" GUID="{C357DC77-EE93-4d8c-9AB3-184B2B220EE3}" ListItemInterval="6" Name="flconCellActivityVipPanel" Type="WZUIFreeListContainer" UseAbsSize="True" Visible="True" RelativeSize="1,1" />
        </WZUIContainer>
    </WZUIContainer>
</CellActivityVipPanel>
