﻿<?xml version="1.0" ?>
<CellCostActivityItem GUID="{0238E1E1-ADA0-496c-9041-8CC8E71F6503}">
    <WZUIContainer AbsContentSize="486,138" GUID="{F845A744-3E6D-4323-9DCE-3A11C23EEE07}" Name="CellCostActivityItem" NameCreate="True" Type="WZUIContainer" UseAbsSize="True">
        <WZUIContainer Type="WZUIContainer" GUID="{5D73344D-43FF-441f-B5CC-AF1B9E3FD92F}" Name="conListItem_CellTargetRewardPanel">
            <WZUIContainer GUID="{0DF0992E-0A53-418a-9C29-5BA17B244C79}" Type="WZUIContainer" AbsContentSize="486,138" UseAbsSize="True" RelativePosition="0.5,0.5">
                <WZUI9Image File="ui/common/common_scale9_di18.png" GUID="{62CFE55C-2353-4017-B1C0-CB3557CF2752}" Type="WZUI9Image" />
            </WZUIContainer>
            <WZUIContainer AbsContentSize="486,98" GUID="{77951B00-B669-40a1-BCC1-897717CB8928}" RelativePosition="0.5,0" Type="WZUIContainer" UseAbsSize="True" AnchorPoint="0.5,0">
                <WZUIContainer AbsContentSize="80,80" GUID="{EC88DDED-CE68-4bb3-820C-778B5CB87E39}" Name="ConItem_1" RelativePosition="0.105,0.5" Type="WZUIContainer" UseAbsSize="True" />
                <WZUIContainer AbsContentSize="80,80" GUID="{06BBCF0A-DBC7-4ee0-820E-59A04F55553E}" Name="ConItem_2" RelativePosition="0.286,0.5" Type="WZUIContainer" UseAbsSize="True" />
                <WZUIContainer AbsContentSize="80,80" GUID="{74FA31C3-B445-4a74-BACA-57986FEC9DFB}" Name="ConItem_3" RelativePosition="0.467,0.5" Type="WZUIContainer" UseAbsSize="True" />
                <WZUIContainer AbsContentSize="80,80" GUID="{AEA786E4-06D0-4885-8E8D-A8550E50CA0E}" Name="ConItem_4" RelativePosition="0.648,0.5" Type="WZUIContainer" UseAbsSize="True" />
                <WZUIContainer AbsContentSize="116,56" GUID="{E0A3ACD8-10AB-44c7-984E-C90F0222B49F}" RelativePosition="0.864,0.5" Type="WZUIContainer" UseAbsSize="True" Name="conBtn_CellCostActivityItem">
                    <WZUIContainer AbsContentSize="116,56" GUID="{B14F9F38-F0EF-469a-A5C5-989C1BF2CFB0}" RelativePosition="0.5,0.5" Type="WZUIContainer" UseAbsSize="True">
                        <WZUIButton GUID="{313D78B0-5E5C-40a8-AC83-8AFD852AAF70}" LuaDoneFunctionName="GetReward_Event" Name="btn_GetReward" Type="WZUIButton" LuaActionName="Normal">
                            <NormalElement GUID="{F95F08FF-F676-4339-9D81-4E29F449E174}" Type="WZUIContainer">
                                <WZUI9Image File="ui/common/common_btn_anniu10_0.png" GUID="{4A3AA1AB-627C-4022-83E6-2F5969348EF5}" Type="WZUI9Image" UseOriginSize="True" />
                            </NormalElement>
                            <SelectElement GUID="{780504CC-01F4-481a-AF23-F714CBF674DF}" Type="WZUIContainer">
                                <WZUI9Image File="ui/common/common_btn_anniu10_0_sel.png" GUID="{476BCF58-92CD-4b81-B4DB-D68948B8C1CB}" Type="WZUI9Image" Scale="1" UseOriginSize="True" />
                            </SelectElement>
                            <DisableElement GUID="{2F86EC8C-C5A7-4fef-B5B6-875A32B28E2A}" Type="WZUIContainer">
                                <WZUI9Image File="ui/common/common_btn_anniu10_0.png" GUID="{5B697202-3ADC-4956-8676-437E586B9E1E}" Type="WZUI9Image" GrayRender="True" UseOriginSize="True" />
                            </DisableElement>
                            <WZUILabelTTF Color="255,236,193" EnableStroke="True" FontSize="24" GUID="{2CAC1F03-4315-4618-B25D-F25BE10E407C}" Name="txt_buttonName" StrokeColor="0,72,3" StrokeSize="4" Text="" Type="WZUILabelTTF" LabelStyleKey="" />
                        </WZUIButton>
                    </WZUIContainer>
                </WZUIContainer>
            </WZUIContainer>
            <WZUIContainer Type="WZUIContainer" GUID="{AADBFE4B-E054-4c1e-91EE-25EA4638227E}" AbsContentSize="480,40" UseAbsSize="True" RelativePosition="0.5,0.845464" Name="conTitle_CellCostActivityItem">
                <WZUIImage Type="WZUIImage" GUID="{9776A500-D274-49bb-9435-8474EED577B3}" File="ui/common/common_pic_jiantou4.png" UseOriginSize="True" Name="imgArrow_CellCostActivityItem" />
            </WZUIContainer>
        </WZUIContainer>
    </WZUIContainer>
</CellCostActivityItem>
