<?xml version="1.0" encoding="utf-8" ?>
<CellCombinedServerRole GUID="{7DFABAC8-5AA4-4953-8A4B-CF2E069573D9}">
    <WZUIContainer AbsContentSize="260,400" GUID="{06D7D3AB-AE63-4092-A1E3-875E5C59F4B3}" LuaObjectName="CellCombinedServerRole" Name="CellCombinedServerRole" NameCreate="True" RelativePosition="0.5,0.5" Type="WZUIContainer" UseAbsSize="True">
        <WZUIContainer AbsContentSize="260,400" GUID="{ACB9A818-EC23-4377-AD93-4822DD0A0A1A}" Type="WZUIContainer" UseAbsSize="True">
            <WZUIContainer AbsContentSize="315,460" GUID="{2952EE05-AA15-4226-B8D6-0085F43C56AC}" Scale="1" Type="WZUIContainer" UseAbsSize="True">
                <WZUI9Image File="common/Jigsaw/combined_service_light.png" GUID="{520CD578-7923-483b-82E7-6D988593DF07}" Name="img9Light_CellCombinedServerRole" Type="WZUI9Image" />
            </WZUIContainer>
            <WZUIContainer AbsContentSize="260,400" GUID="{A2CDE79F-A1A1-4ef8-B7CC-9F9B4735BA0B}" Type="WZUIContainer" UseAbsSize="True">
                <WZUI9Image File="common/Jigsaw/combined_service_bg1.png" GUID="{30063090-D6F6-4b4d-9231-A75F80D415C0}" Type="WZUI9Image" />
            </WZUIContainer>
            <WZUIContainer AbsContentSize="260,400" GUID="{31295CF0-BE05-4bf4-B85B-D8B6DF72DDC4}" Type="WZUIContainer" UseAbsSize="True">
                <WZUI9Image File="common/Jigsaw/combined_service_pattern.png" GUID="{A9C0F01B-F05B-403a-8750-849EF5B80FDC}" Type="WZUI9Image" />
            </WZUIContainer>
        </WZUIContainer>
        <WZUIContainer AbsContentSize="240,58" GUID="{5A3A73E6-4B9E-404a-A6BA-17D5F0CB3A3F}" RelativePosition="0.494554,0.87" Type="WZUIContainer" UseAbsSize="True">
            <WZUIContainer AbsContentSize="230,58" GUID="{3D513E32-4219-46b2-96E1-B22DE08EBCF8}" Type="WZUIContainer" UseAbsSize="True">
                <WZUI9Image File="common/Jigsaw/combined_service_bg3.png" GUID="{7FED7649-9C2B-45c6-8A1D-517FEC3342A1}" Type="WZUI9Image" />
            </WZUIContainer>
            <WZUILabelTTF Color="255,255,255" FontSize="24" GUID="{8D8E325E-630C-49d4-8A7C-100EBE013627}" MaxLength="6" Name="txtName_CellCombinedServerRole" Text="帅气聪明" Type="WZUILabelTTF" />
        </WZUIContainer>
        <WZUIContainer AbsContentSize="220,220" GUID="{45A50002-3318-4642-AAA7-510DB92B8108}" RelativePosition="0.5,0.525" Type="WZUIContainer" UseAbsSize="True">
            <WZUIContainer AbsContentSize="220,220" GUID="{70F0EB16-48EF-4c16-81DB-9B1C587E0482}" Type="WZUIContainer" UseAbsSize="True">
                <WZUI9Image File="common/Jigsaw/combined_service_bg2.png" GUID="{F1B5227B-FF0D-4935-B0AD-AD2110D818E0}" Type="WZUI9Image" />
            </WZUIContainer>
            <WZUIContainer AbsContentSize="80,50" AnchorPoint="0.5,1" GUID="{A4B6AE6A-5D8D-4137-A416-440284E8C414}" RelativePosition="0.5,1" Type="WZUIContainer" UseAbsSize="True">
                <WZUIImage AnchorPoint="0.5,0" File="common/num/rank_back.png" GUID="{6DE65DF1-22BC-48ef-A247-4CBE7421ADB8}" Name="imgPlayerLevelBack0_CellCombinedServerRole" RelativePosition="0.5,0" Type="WZUIImage" UseOriginSize="True" Visible="True" />
                <WZUILabelAtlasFont AnchorPoint="0.5,1" CharMapFileName="common/num/rank_num.png" GUID="{B1AC3015-09E6-4775-A646-598D078CC9B3}" Height="29" Name="txtPlayerLevel0_CellCombinedServerRole" RelativePosition="0.5,1" Text="20" Type="WZUILabelAtlasFont" UseOriginSize="True" Visible="True" Width="23" />
                <WZUIImage AnchorPoint="0.5,0" File="common/num/reincarnation_rank_back1.png" GUID="{95A44B00-09CD-484a-8068-3AB54381FA90}" Name="imgPlayerLevelBack1_CellCombinedServerRole" RelativePosition="0.5,0" Type="WZUIImage" UseOriginSize="True" Visible="False" />
                <WZUILabelAtlasFont AnchorPoint="0.5,1" CharMapFileName="common/num/reincarnation_rank_num1.png" GUID="{4C2A820A-BD1A-46a9-9A36-14485D4B1663}" Height="29" Name="txtPlayerLevel1_CellCombinedServerRole" RelativePosition="0.5,1" Text="20" Type="WZUILabelAtlasFont" UseOriginSize="True" Visible="False" Width="23" />
            </WZUIContainer>
            <WZUIContainer AbsContentSize="180,160" AnchorPoint="0.5,0" GUID="{4EA7E7B2-7B8F-411e-9268-5EE64BE266ED}" Name="conPlayer_CellCombinedServerRole" RelativePosition="0.51431,0.0429276" Type="WZUIContainer" UseAbsSize="True" />
        </WZUIContainer>
        <WZUIContainer AbsContentSize="213,75" AnchorPoint="0.5,0" GUID="{D206907D-50B3-40da-AB6A-84D93ABA69CD}" RelativePosition="0.5,0.05" Type="WZUIContainer" UseAbsSize="True">
            <WZUIContainer AbsContentSize="210,35" AnchorPoint="1,1" GUID="{AF905F67-F8E9-4f9e-A3E1-7E2E9FECC4A4}" RelativePosition="1,1" Type="WZUIContainer" UseAbsSize="True">
                <WZUIContainer AbsContentSize="190,35" AnchorPoint="1,0.5" GUID="{49A653A3-5FAA-4eca-87BD-BF4ADC6977AC}" RelativePosition="1,0.5" Type="WZUIContainer" UseAbsSize="True">
                    <WZUIContainer AbsContentSize="190,35" GUID="{7F4EFF70-77E5-4d22-8A46-54769A80EC53}" Type="WZUIContainer" UseAbsSize="True">
                        <WZUI9Image File="common/Jigsaw/combined_service_bg4.png" GUID="{C6E6CB2D-167A-4277-8369-0837325B34E8}" Type="WZUI9Image" />
                    </WZUIContainer>
                </WZUIContainer>
                <WZUIContainer AbsContentSize="43,43" AnchorPoint="0,0.5" GUID="{617E64C3-E37F-4545-B8D5-2463468EFE15}" RelativePosition="0,0.47" Type="WZUIContainer" UseAbsSize="True">
                    <WZUIImage File="ui/main/pet/information_diamond.png" GUID="{16D1969E-73E5-46ac-ADDF-E03C35FAB4E4}" Type="WZUIImage" />
                </WZUIContainer>
                <WZUILabelTTF Color="255,255,255" FontSize="24" GUID="{5D2492DA-E959-4026-A62B-D788A3281ABD}" MaxLength="10" Name="txtDiamond_CellCombinedServerRole" Text="111111" Type="WZUILabelTTF" />
            </WZUIContainer>
            <WZUIContainer AbsContentSize="210,35" AnchorPoint="1,0" GUID="{30351919-C452-427c-A9DE-A7A8D9B9EA0C}" RelativePosition="1,0" RelativeSize="1,1" Type="WZUIContainer" UseAbsSize="True">
                <WZUIContainer AbsContentSize="190,35" AnchorPoint="1,0.5" GUID="{5DF906C3-D3D2-4018-AAA4-938ABDA88F6D}" RelativePosition="1,0.5" Type="WZUIContainer" UseAbsSize="True">
                    <WZUIContainer AbsContentSize="190,35" GUID="{B28D4548-86DB-41f4-B09D-6B0A988937A1}" Type="WZUIContainer" UseAbsSize="True">
                        <WZUI9Image File="common/Jigsaw/combined_service_bg4.png" GUID="{5DB05A2A-376D-45b7-B97B-C6186E04B295}" Type="WZUI9Image" />
                    </WZUIContainer>
                </WZUIContainer>
                <WZUIContainer AbsContentSize="43,43" AnchorPoint="0,0.5" GUID="{A380B175-498F-48ab-94A3-A14555A0C6E9}" RelativePosition="0,0.42" Type="WZUIContainer" UseAbsSize="True">
                    <WZUIImage File="ui/main/pet/information_gold.png" GUID="{657FB817-01BE-469e-B78D-67424A0B55F1}" Type="WZUIImage" />
                </WZUIContainer>
                <WZUILabelTTF Color="255,255,255" FontSize="24" GUID="{B43E8874-9F42-48f2-8753-2A16C01768C5}" MaxLength="10" Name="txtGold_CellCombinedServerRole" Text="111111" Type="WZUILabelTTF" />
            </WZUIContainer>
        </WZUIContainer>
    </WZUIContainer>
</CellCombinedServerRole>
