<CellFriendInviteTask GUID="{a3679f1d-cd7b-4db7-9bab-96b7a72771c6}">
    <WZUIContainer AbsContentSize="450,106" GUID="{0ce02bb2-f4c6-4483-9c45-52a23416e069}" LuaObjectName="" Name="CellFriendInviteTask" NameCreate="True" Type="WZUIContainer" UseAbsSize="True" Visible="True" RelativePosition="0.5,0.5">
        <WZUIContainer Type="WZUIContainer" GUID="{72d323d9-ac8c-42e3-b4a0-f01d194684e2}" AbsContentSize="450,106" UseAbsSize="True">
            <WZUIContainer GUID="{0038b17e-7ae5-418b-ad6f-33296a62af4b}" RelativePosition="0.5,0.5" Type="WZUIContainer" AbsContentSize="450,106" UseAbsSize="True">
                <WZUI9Image Type="WZUI9Image" GUID="{d8a3635e-455a-479a-9c3c-bb1668c30f78}" File="ui/common/common_scale9_di18.png" Opacity="255" />
            </WZUIContainer>
            <WZUIContainer AbsContentSize="450,61" GUID="{8ad3e0b3-f6f1-428c-8903-e2a0a1a2937c}" Type="WZUIContainer" TouchEnable="True" RelativePosition="0.5,0.5">
                <WZUILabelTTF Type="WZUILabelTTF" GUID="{d3854a71-1b10-4fc3-ba45-997a808e90ef}" FontSize="22" Color="127,70,26" Text="lv 25" AnchorPoint="0,0.5" Name="txtDesc_CellFriendInviteTask" RelativePosition="0.03,0.8" EnableStroke="False" StrokeColor="105,65,46" StrokeSize="1" />
                <WZUIContainer Type="WZUIContainer" GUID="{d268bd33-271d-4f6a-8594-629df01f5608}" AbsContentSize="280,70" UseAbsSize="True" RelativePosition="0.02,0.02" AnchorPoint="0,0">
                    <WZUIContainer Type="WZUIContainer" GUID="{ebb219fe-1407-4c76-8621-7b4cb4bcc81c}" Name="conItem1_CellFriendInviteTask" AbsContentSize="70,70" UseAbsSize="True" RelativePosition="0.125,0.5" TouchSwallow="True" />
                    <WZUIContainer Type="WZUIContainer" GUID="{0453f757-0619-425a-acab-abe426cf9cf9}" Name="conItem2_CellFriendInviteTask" AbsContentSize="70,70" UseAbsSize="True" RelativePosition="0.375,0.5" TouchSwallow="True" />
                    <WZUIContainer Type="WZUIContainer" GUID="{f0eb9082-d433-44bd-b492-ae1921532569}" Name="conItem3_CellFriendInviteTask" AbsContentSize="70,70" UseAbsSize="True" RelativePosition="0.625,0.5" TouchSwallow="True" />
                    <WZUIContainer Type="WZUIContainer" GUID="{0af906c3-bbd6-4512-b5b1-bb9af3d9e411}" Name="conItem4_CellFriendInviteTask" AbsContentSize="70,70" UseAbsSize="True" RelativePosition="0.875,0.5" TouchSwallow="True" />
                </WZUIContainer>
                <Button Type="WZUIButton" GUID="{3860fed5-7e14-48fa-8968-94fda1da8187}" Name="btnGetRewards_CellFriendInviteTask" AbsContentSize="116,56" UseAbsSize="True" RelativePosition="0.85,0.35" LuaActionName="Normal" Visible="False" LuaDoneFunctionName="onGetReward">
                    <NormalElement Type="WZUIContainer" GUID="{8f33098a-bbac-4ca6-96ff-6f8b37d0897f}">
                        <WZUIImage Type="WZUIImage" GUID="{5d4d0366-daa2-4d7d-8d84-e666d873d355}" File="ui/common/common_btn_anniu10_0.png" UseOriginSize="True" />
                    </NormalElement>
                    <SelectElement Type="WZUIContainer" GUID="{f0e76305-6164-48f5-80a6-b67334bccdb4}">
                        <WZUIImage Type="WZUIImage" GUID="{f57bba0c-b7af-42b8-9828-374d3b119860}" File="ui/common/common_btn_anniu10_0_sel.png" UseOriginSize="True" />
                    </SelectElement>
                    <DisableElement Type="WZUIContainer" GUID="{b212ff63-9e08-4021-9cc6-3cd6bcbcf815}" />
                    <WZUILabelTTF Type="WZUILabelTTF" GUID="{59a763be-de60-43b9-8735-e1c55c32e6ae}" FontSize="22" Color="127,70,26" Text="lv 25" AnchorPoint="0.5,0.5" Name="txtBtnWord_CellFriendInviteTask" RelativePosition="0.5,0.5" EnableStroke="False" StrokeColor="105,65,46" StrokeSize="1" TextKey="GET_REWARD" LabelStyleKey="SMALL_GREEN_BTN" />
                </Button>
                <WZUIContainer Type="WZUIContainer" GUID="{2803f55f-7fec-492e-a14a-c81ce9d32b51}" AbsContentSize="116,56" UseAbsSize="True" RelativePosition="0.85,0.35">
                    <WZUILabelTTF Type="WZUILabelTTF" GUID="{9f65e908-64f1-4337-a11b-756a603ea5ee}" FontSize="22" Color="138,122,106" Name="txtHavedGet_CellFriendInviteTask" TextKey="ACTIVE_GET" Visible="False" />
                    <WZUIContainer Type="WZUIContainer" GUID="{5aa16b09-08c4-4694-917d-7c4b3890a33e}" Name="conProg_CellFriendInviteTask">
                        <WZUIImage Type="WZUIImage" GUID="{ed599cd4-5b33-4eb2-adb8-bdc2f011174a}" File="ui/common/common_progress_chengjiu_bg.png" UseOriginSize="True" AnchorPoint="0.5,1" />
                        <WZUIProgress Type="WZUIProgress" GUID="{6bbbde97-312f-4e04-af68-64abb4a5748b}" BgPicture="ui/common/common_progress_chengjiu_fore.png" UseOriginSize="True" AnchorPoint="0.5,1" RelativePosition="0.5,0.465" Name="progTask_CellFriendInvoteTask" Percentage="50" />
                        <WZUILabelTTF Type="WZUILabelTTF" GUID="{d55daa07-97a6-43b9-9ccd-b184c1580215}" FontSize="22" Color="127,70,26" AnchorPoint="0.5,0" Name="txtProgress_CellFriendInvoteTask" Text="" />
                    </WZUIContainer>
                </WZUIContainer>
            </WZUIContainer>
        </WZUIContainer>
    </WZUIContainer>
</CellFriendInviteTask>
