﻿<?xml version="1.0" ?>
<CellArenaCommonBtn GUID="{5bd30577-f812-44a9-ad51-8451227d63a3}">
    <WZUIContainer AbsContentSize="" GUID="{E3AD270E-281C-4734-9906-710B39D32926}" LuaObjectName="" Name="CellArenaCommonBtn" NameCreate="True" Type="WZUIContainer" UseAbsSize="False" RelativePosition="0.5,0" AnchorPoint="0.5,0" ShowAll="False">
        <WZUIContainer Type="WZUIContainer" GUID="{d21650be-2346-439e-a002-89e75ba6bd9d}" RelativeSize="1,0.125" AnchorPoint="0.5,0" RelativePosition="0.5,0" ShowAll="False">
            <WZUIContainer Type="WZUIContainer" GUID="{df997329-f900-4597-be25-e8aa227b6e12}">
                <WZUI9Image Type="WZUI9Image" GUID="{68aca66a-6fa8-46ab-bf68-27126ac3c961}" File="ui/common/common_scale9_di79.png" Visible="True" ScaleX="3" />
            </WZUIContainer>
            <WZUIContainer Type="WZUIContainer" GUID="{a211d9af-a318-46f1-bfe6-4a3e6aba7aa7}" RelativeSize="0.6,1" ShowAll="True">
                <Button Type="WZUIButton" GUID="{25a73887-6d1f-49ad-8360-68dcf3a2b49c}" RelativePosition="0.638889,0.5" RelativeSize="0.22,1" LuaDoneFunctionName="onArenaShop" LuaActionName="">
                    <NormalElement Type="WZUIContainer" GUID="{6f008f37-59e4-4e58-9fff-20076a088be0}">
                        <WZUIImage Type="WZUIImage" GUID="{420455a4-8cff-4cf8-b821-f6d93a797661}" File="ui/common/common_btn_anniu10.png" UseOriginSize="True" />
                    </NormalElement>
                    <SelectElement Type="WZUIContainer" GUID="{75783872-ff02-4670-a047-523ced982368}">
                        <WZUIImage Type="WZUIImage" GUID="{96201a2b-4899-48e3-a84c-03caf3b361cb}" File="ui/common/common_btn_anniu10_sel.png" UseOriginSize="True" />
                    </SelectElement>
                    <DisableElement Type="WZUIContainer" GUID="{426b68d4-400f-4d6e-a0e1-8c2224686677}" />
                    <WZUILabelTTF Type="WZUILabelTTF" GUID="{709deea2-581b-4bff-9bf1-8c54bfa71fa3}" LabelStyleKey="NORMAL_GREEN_BTN" TextKey="PVP_HALL_3" FontSize="" Name="txtBtn2_CellArenaCommonBtn" />
                </Button>
                <Button Type="WZUIButton" GUID="{18742d99-5823-4f4c-ac8b-91c0faaf2bc1}" RelativePosition="0.94625,0.5" RelativeSize="0.22,1" LuaDoneFunctionName="onRank" LuaActionName="">
                    <NormalElement Type="WZUIContainer" GUID="{82d9dfa2-283a-4c25-a081-79da12882129}">
                        <WZUIImage Type="WZUIImage" GUID="{79883dba-db2a-4a04-b8a2-2c3c556bd39a}" File="ui/common/common_btn_anniu10.png" UseOriginSize="True" />
                    </NormalElement>
                    <SelectElement Type="WZUIContainer" GUID="{a480e4e0-c7dd-4217-a40b-90dac66b5592}">
                        <WZUIImage Type="WZUIImage" GUID="{381b73ab-6c6f-4a10-8df1-2744101132c5}" File="ui/common/common_btn_anniu10_sel.png" UseOriginSize="True" />
                    </SelectElement>
                    <DisableElement Type="WZUIContainer" GUID="{fa7bf1c1-e142-4c11-b8e3-a2ed51d2d734}" />
                    <WZUILabelTTF Type="WZUILabelTTF" GUID="{bee4b3bf-61ca-4f90-8ef7-cd06e2446189}" LabelStyleKey="NORMAL_GREEN_BTN" TextKey="WORLD_LEVEL" FontSize="" Name="txtBtn3_CellArenaCommonBtn" />
                </Button>
                <Button Type="WZUIButton" GUID="{5a8f1e53-8816-47ec-bd31-3e0e24e6df7a}" RelativePosition="0.32632,0.5" RelativeSize="0.22,1" LuaDoneFunctionName="onTrain" LuaActionName="">
                    <NormalElement Type="WZUIContainer" GUID="{2a3db0d9-e109-4eab-9bf9-09c511b9fcc0}">
                        <WZUIImage Type="WZUIImage" GUID="{eeb62751-9c14-46da-b3a1-455130bd7550}" File="ui/common/common_btn_anniu10.png" UseOriginSize="True" />
                    </NormalElement>
                    <SelectElement Type="WZUIContainer" GUID="{490dd948-ff69-47ae-a170-56aa210e9f63}">
                        <WZUIImage Type="WZUIImage" GUID="{34c8f96e-d013-4484-9fcd-4f3cf6606c94}" File="ui/common/common_btn_anniu10_sel.png" UseOriginSize="True" />
                    </SelectElement>
                    <DisableElement Type="WZUIContainer" GUID="{a8b26568-899d-455a-a03e-86f362664f1c}" />
                    <WZUILabelTTF Type="WZUILabelTTF" GUID="{dea22a54-ec39-45dd-93c8-632564503dfb}" LabelStyleKey="NORMAL_GREEN_BTN" TextKey="TRAINCAMP_DEC4" FontSize="" Text="" Name="txtBtn1_CellArenaCommonBtn" />
                </Button>
                <Button Type="WZUIButton" GUID="{4d8633c2-fdfd-41f5-a1ed-71619a44a5cb}" RelativePosition="0.0133348,0.5" RelativeSize="0.22,1" LuaDoneFunctionName="onPractice" LuaActionName="">
                    <NormalElement Type="WZUIContainer" GUID="{20925f69-11a5-4391-953d-e4f05a8418b6}">
                        <WZUIImage Type="WZUIImage" GUID="{b3e5a977-9694-417c-a765-1aeb884d3acc}" File="ui/common/common_btn_anniu10.png" UseOriginSize="True" />
                    </NormalElement>
                    <SelectElement Type="WZUIContainer" GUID="{73017643-367b-46fd-a8c8-25eef38e41f2}">
                        <WZUIImage Type="WZUIImage" GUID="{9c516de6-cac0-4f71-a706-db186020e051}" File="ui/common/common_btn_anniu10_sel.png" UseOriginSize="True" />
                    </SelectElement>
                    <DisableElement Type="WZUIContainer" GUID="{152fec6a-7c9d-41fd-b2a5-aaa6ee382e25}" />
                    <WZUILabelTTF Type="WZUILabelTTF" GUID="{e8797911-70f6-4434-a83b-6936ac048cc4}" LabelStyleKey="NORMAL_GREEN_BTN" TextKey="HALL_MATCH_2" FontSize="" />
                </Button>
            </WZUIContainer>
            <WZUIContainer Type="WZUIContainer" GUID="{8dfcaa05-89a5-4a1e-bbc9-56d24be4021f}" Visible="True" AnchorPoint="1,0.5" RelativePosition="1,0.5">
                <WZUIContainer Type="WZUIContainer" GUID="{c83f6ad7-2fd1-4c80-934b-e4c55c948ffe}" UseAbsSize="True" AbsContentSize="40,40" RelativePosition="0.989583,0.488348" AnchorPoint="1,0.5" ShowAll="True">
                    <Button Type="WZUIButton" GUID="{ceb7e96f-6d6a-409f-8f98-a86d81d4752f}" RelativePosition="0.5,0.5" RelativeSize="1,1" LuaDoneFunctionName="onArenaAddHelpClick" LuaActionName="Normal">
                        <NormalElement Type="WZUIContainer" GUID="{7986cdbb-2bc4-497b-a46b-8ae42732dc72}">
                            <WZUIImage Type="WZUIImage" GUID="{e9e4b2cc-b13b-43f1-b346-6ad57786b175}" File="ui/common/common_icon_gth.png" UseOriginSize="True" />
                        </NormalElement>
                        <SelectElement Type="WZUIContainer" GUID="{554c23ce-e4da-49ad-bdad-a2fb512bb228}">
                            <WZUIImage Type="WZUIImage" GUID="{82c8d037-d176-47db-aa78-1053f15b8ac6}" File="ui/common/common_icon_gth.png" UseOriginSize="True" />
                        </SelectElement>
                        <DisableElement Type="WZUIContainer" GUID="{763c088f-3add-4171-8ede-51bac9016281}" />
                    </Button>
                </WZUIContainer>
                <WZUIContainer Type="WZUIContainer" GUID="{fcd9eae1-f221-456a-bd78-e736f11dc64a}" UseAbsSize="True" AbsContentSize="40,40" RelativePosition="0.925477,0.488348" AnchorPoint="1,0.5" Name="conArenaAddInfo_CellArenaCommonBtn" Visible="True" ShowAll="True">
                    <Button Type="WZUIButton" GUID="{01436240-d1a7-45f2-b114-b33b192a8b7e}" RelativePosition="0.5,0.5" RelativeSize="1,1" LuaDoneFunctionName="onArenaAddInfoClick" LuaActionName="Normal" Name="btnArenaAddInfo_CellArenaCommonBtn">
                        <NormalElement Type="WZUIContainer" GUID="{d1265c90-01e5-4705-8066-35f38e588b50}">
                            <WZUIImage Type="WZUIImage" GUID="{894f53b5-9e34-4f1f-89d1-d73e34858638}" File="ui/common/common_icon_jfjcxinxi.png" UseOriginSize="True" />
                        </NormalElement>
                        <SelectElement Type="WZUIContainer" GUID="{5a140638-7ddc-473c-8ab9-ddff6f49bff7}">
                            <WZUIImage Type="WZUIImage" GUID="{2dbb2861-d1f5-48f0-a1cd-1a2512c683d7}" File="ui/common/common_icon_jfjcxinxi.png" UseOriginSize="True" RelativePosition="0.5,0.5" />
                        </SelectElement>
                        <DisableElement Type="WZUIContainer" GUID="{094c538c-19d8-4000-8491-9ac73a631f57}" />
                        <WZUIImage Type="WZUIImage" GUID="{f0edaa7c-6c9d-4ea5-b403-786e6d8f4a6d}" File="ui/common/common_icon_xiaodianzhui.png" UseOriginSize="True" Name="imgARedDot_CellArenaCommonBtn" Scale="0.7" RelativePosition="0.884181,1.04237" Visible="False" />
                    </Button>
                </WZUIContainer>
            </WZUIContainer>
        </WZUIContainer>
    </WZUIContainer>
</CellArenaCommonBtn>
