﻿<?xml version="1.0" ?>
<CellTopHandle GUID="{5bd30577-f812-44a9-ad51-8451227d63a3}">
    <WZUIContainer AbsContentSize="" GUID="{E3AD270E-281C-4734-9906-710B39D32926}" LuaObjectName="" Name="CellTopHandle" NameCreate="True" Type="WZUIContainer" UseAbsSize="True" RelativePosition="0.5,1" AnchorPoint="0.5,1">
        <WZUIContainer Type="WZUIContainer" GUID="{51A66194-9F39-452f-A2E5-60FC50C65D40}" AbsContentSize="960,80" UseAbsSize="True" RelativePosition="0.5,1" ShowAll="False" AnchorPoint="0.5,1" Visible="True" Name="conTop_CellTopHandle" NameCreate="True" TouchSwallow="True">
            <WZUIContainer Type="WZUIContainer" GUID="{35E86003-4D66-411a-896A-4F6A78DEE26F}" AbsContentSize="960,96" UseAbsSize="True" RelativePosition="0.5,1" AbsPosition="479,40" AnchorPoint="0.5,1" TouchEnable="False">
                <WZUI9Image Type="WZUI9Image" GUID="{FF238CD8-CC38-4403-A5C7-E8A895986E7C}" File="ui/common/common_scale9_di1.png" RelativePosition="0.5,0.5" Visible="True" UseOriginSize="False" CapInsets="300,10,1,1" />
            </WZUIContainer>
            <WZUIContainer Type="WZUIContainer" GUID="{49E828E9-52F7-4c10-A39B-75493EDF588F}" RelativeSize="1,1" AnchorPoint="0,0.5" RelativePosition="0,0.6125" ShowAll="True" AbsContentSize="220,62" UseAbsSize="True" Visible="True" AbsPosition="0,49">
                <WZUIImage Type="WZUIImage" GUID="{926CB366-91C8-44b8-99AF-257C2BE140D8}" File="" UseOriginSize="True" RelativePosition="0.35,0.5" ShowAll="False" AnchorPoint="0,0.5" TouchEnable="False" Name="imgTitle_CellTopHandle" />
                <Button Type="WZUIButton" AbsContentSize="" UseAbsSize="False" RelativePosition="0,0.5" AnchorPoint="0,0.5" LuaDoneFunctionName="onReturn" GUID="{F4EC75F7-B050-444b-89EF-F7C9DA496F8D}" Visible="True" LuaActionName="Normal" LocalInterval="200">
                    <NormalElement Type="WZUIContainer" RelativePosition="0.50.5" GUID="{DB17F143-92D3-4836-AA0E-32775E8961CD}">
                        <WZUIImage Type="WZUIImage" GUID="{553AE0EF-5E24-4998-A4C4-95BDFA4C4B82}" File="ui/common/common_icon_fanhui.png" UseOriginSize="True" RelativePosition="0.2,0.5" Name="imgBack_CellTopHandle" />
                    </NormalElement>
                    <SelectElement Type="WZUIContainer" GUID="{04A5B1CA-B961-4b89-B957-4D8807C2C633}">
                        <WZUIImage Type="WZUIImage" GUID="{D36735F9-5EFD-4f4d-B83B-71D4CAC40567}" File="ui/common/common_icon_fanhui_sel.png" UseOriginSize="True" RelativePosition="0.2,0.5" Scale="1" />
                    </SelectElement>
                    <DisableElement Type="WZUIContainer" GUID="{334FF0C1-448B-426c-8E9F-5769663E471A}" />
                </Button>
            </WZUIContainer>
            <WZUIContainer Type="WZUIContainer" GUID="{3309D8E6-A276-41e0-9CBA-915EF2CFA322}" Name="conGold_CellTopHandle" NameCreate="True" Visible="True" UseAbsSize="False" ShowAll="True" RelativeSize="0.5,1" RelativePosition="0.540625,0.6125" AbsPosition="519,49" />
            <WZUIContainer Type="WZUIContainer" GUID="{3137241B-23E2-4daa-8BC8-B0FB2D8AD75F}" AbsContentSize="88,62" UseAbsSize="True" AnchorPoint="1,1" RelativePosition="1,1" ShowAll="False">
                <WZUIContainer Type="WZUIContainer" GUID="{64AC162C-AF61-4b15-A00A-4E0EA63D060C}" Name="conBottomBar_CellTopHandle" RelativePosition="0,0.5" AbsPosition="480,29" ShowAll="False" AbsContentSize="88,62" UseAbsSize="True" AnchorPoint="0,0.5" />
            </WZUIContainer>
            <WZUIContainer AbsContentSize="960,640" AbsPosition="480,100" AnchorPoint="1,1" RelativePosition="1,1" GUID="{894ae5fb-9067-47e4-aa78-de1607703220}" LuaObjectName="" Name="" NameCreate="False" Type="WZUIContainer" UseAbsSize="True" TouchSwallow="False">
                <WZUIContainer AbsContentSize="960,640" GUID="{8231f6cd-e23b-409b-8030-8b504759c9bc}" RelativePosition="1,0.5" Type="WZUIContainer" UseAbsSize="True" Visible="True" AnchorPoint="1,0.5" TouchSwallow="False">
                    <WZUIContainer Type="WZUIContainer" GUID="{812ec780-d77d-4bd7-8a2c-a555dcc75d88}" Name="" RelativePosition="1,1." AnchorPoint="1,1" ShowAll="True" TouchSwallow="False">
                        <WZUIContainer AbsContentSize="98,58" AnchorPoint="1,1" GUID="{c8dae898-e9e9-44bd-81e4-36e7fbd91bfb}" Order="1" RelativePosition="1,1.00044" ShowAll="False" Type="WZUIContainer" UseAbsSize="True" Visible="True" Name="" ScaleX="1" Scale="1" TouchSwallow="False">
                            <WZUIContainer Type="WZUIContainer" GUID="{52856eff-8392-43b9-9b9a-2f285df003a5}" Name="conNetSignal_CellTopHandle" AnchorPoint="1,0.5" AbsContentSize="40,40" UseAbsSize="True" RelativePosition="0.07,0.5" TouchSwallow="False" />
                        </WZUIContainer>
                    </WZUIContainer>
                </WZUIContainer>
            </WZUIContainer>
        </WZUIContainer>
    </WZUIContainer>
</CellTopHandle>
