<?xml version="1.0"?>
<HurtNumber GUID="{29E63909-A8C3-44d4-8C3E-B26B49053A99}">
	<WZUIContainer Type="WZUIContainer" GUID="{334B5EF6-7EB7-4c7f-9552-E71E8C9EDFD3}" AbsContentSize="960,640" UseAbsSize="True" UseAbsCoordinate="False">
		<WZUIContainer Type="WZUIContainer" GUID="{E17FE134-D8C6-4ae1-ADFB-32803484A675}" Visible="True" Name="conHurtType0_HurtNumber" UseAbsCoordinate="True" AbsPosition="480,320" UseAbsSize="True" AbsContentSize="960,640">
			<WZUIContainer Type="WZUIContainer" GUID="{52EF4782-3138-4b7e-B21D-6A1D79D7F054}" Scale="0.50" RelativePosition="0.5,0.5" Visible="True">
				<WZUIImage Type="WZUIImage" GUID="{CE03E342-223A-40fc-A480-E7E8BA3603B6}" File="ui/combat/common_num_zhandoujianhao.png" UseOriginSize="True" AnchorPoint="0.5,0.5" RelativePosition="0.48,0.50" Scale="1.0" />
				<WZUILabelAtlasFont Type="WZUILabelAtlasFont" GUID="{1753CCF6-CDC7-487a-8D62-38F2146558E8}" CharMapFileName="ui/combat/common_num_zhandoushuzi.png" UseOriginSize="True" Width="26" Height="34" Text="10" AnchorPoint="0,0.5" Name="txtHurtValue_HurtNumber" Scale="1" RelativePosition="0.5,0.5" Alignment="Center" />
				<Action Type="WZUIActionSequence" GUID="{6F6C3014-FE78-4ec9-8F6B-2B2AD94C1B50}">
					<ChildAction Type="WZUIActionScaleTo" Duration="0.1" GUID="{FCEF1BFF-7419-4ca8-B19E-83830381EA1F}" ScaleX="1.50" ScaleY="1.5" />
					<ChildAction Type="WZUIActionScaleTo" Duration="0.1" GUID="{4AEACB45-DC43-4418-B299-A85C56E8173D}" ScaleX="1" ScaleY="1" />
					<ChildAction Type="WZUIActionDelayTime" Duration="1" GUID="{48BF8D48-77C7-4dc1-8747-CA4845D3675C}" />
					<ChildAction Type="WZUIActionSpawn" Duration="0.6" GUID="{E5C64394-156D-44bc-B067-FD1A6CEF1346}">
						<ChildAction Type="WZUIActionMoveTo" Duration="1" FinishLuaFunction="" MoveX="0.5" MoveY="1" GUID="{3B8155D8-F0F2-4c59-ACB5-3349AE9579FA}" />
						<ChildAction Type="WZUIActionContainerFadeFromTo" Duration="0.40000" OpacityFrom="255" FinishLuaFunction="_finishFlyingNum" GUID="{9CE0B20D-E602-458d-9C0F-854461D82E30}" />
					</ChildAction>
				</Action>
			</WZUIContainer>
		</WZUIContainer>
		<WZUIContainer Type="WZUIContainer" GUID="{AA88CE10-B984-4309-B84A-DEF4C393C4D8}" Visible="True" Name="conHurtType1_HurtNumber" UseAbsCoordinate="True" AbsPosition="480,320" AbsContentSize="960,640" UseAbsSize="True" Scale="1" ScaleY="1" RelativePosition="0.5,0.50">
			<WZUIContainer Type="WZUIContainer" GUID="{C969C1BA-27B5-4e43-B8DB-B1C569888E65}" Scale="0.5" ScaleY="0.5" ScaleX="0.5">
				<WZUIImage Type="WZUIImage" GUID="{5B64FEF0-14EC-4ff6-8253-2E5B751DD59D}" File="ui/combat/common_icon_baoji.png" UseOriginSize="True" AnchorPoint="0.5,0.5" RelativePosition="0.55,0.61" RelativeSize="1,1.00000" />
				<WZUIImage Type="WZUIImage" GUID="{BA1B98E0-CAC8-4a09-AD70-5879AF163DBC}" File="ui/combat/common_num_zhujiemianjianhao2.png" UseOriginSize="True" AnchorPoint="0.5,0.5" RelativePosition="0.49,0.49" RelativeSize="1,10000" />
				<WZUILabelAtlasFont Type="WZUILabelAtlasFont" GUID="{6FD06F20-B954-4444-B77B-26D9B4B4239F}" CharMapFileName="ui/combat/common_num_zhandoushuzi2.png" UseOriginSize="True" Width="32" Height="42" Text="12" AnchorPoint="0,0.5" Name="txtHurtValue_HurtNumber" Scale="1" Alignment="Center" RelativePosition="0.5,0.5" />
				<Action Type="WZUIActionSequence" GUID="{070A484A-E34C-40f7-8C89-44BA7011721C}">
					<ChildAction Type="WZUIActionScaleTo" Duration="0.1" GUID="{81AEB456-0E78-4109-BC67-5327F2857F9F}" ScaleX="1.50" ScaleY="1.5" />
					<ChildAction Type="WZUIActionScaleTo" Duration="0.1" GUID="{99F2E5F5-94B1-4157-8AB2-8935989A6346}" ScaleX="1" ScaleY="1" />
					<ChildAction Type="WZUIActionDelayTime" Duration="1" GUID="{3858382D-F605-406b-97E3-66CFB4062E0B}" />
					<ChildAction Type="WZUIActionSpawn" Duration="0.6" GUID="{F0CBDB8A-0F4E-484c-9B15-6E174A7D45A9}">
						<ChildAction Type="WZUIActionMoveTo" Duration="1" FinishLuaFunction="" MoveX="0.5" MoveY="1" GUID="{3920EB0E-8748-4f22-98F1-DE0A4EE5FF61}" />
						<ChildAction Type="WZUIActionContainerFadeFromTo" Duration="0.40000" OpacityFrom="255" FinishLuaFunction="_finishFlyingNum" GUID="{DC116847-7A0E-4468-9539-0EB1DCE7E644}" />
					</ChildAction>
				</Action>
			</WZUIContainer>
		</WZUIContainer>
		<WZUIContainer Type="WZUIContainer" GUID="{4F5A5B0A-9B36-49f4-9132-2DE36E8C491B}" Visible="True" Name="conHurtType3_HurtNumber" UseAbsCoordinate="True" AbsPosition="480,320" UseAbsSize="True" AbsContentSize="960,640">
			<WZUIContainer Type="WZUIContainer" GUID="{331240C2-14BD-4aed-9254-AE9700ADC9D3}" Scale="0.5" ScaleX="0.5" ScaleY="0.5">
				<WZUIImage Type="WZUIImage" GUID="{74876138-E313-4d30-9AD8-F2945B9F9345}" File="ui/combat/common_num_zhandoujiahuao.png" UseOriginSize="True" AnchorPoint="0.5,0.5" RelativePosition="0.48,0.5" />
				<WZUILabelAtlasFont Type="WZUILabelAtlasFont" GUID="{23BCE319-9D64-4a0e-AA3C-0838A40FC79F}" CharMapFileName="ui/combat/common_num_zhandoushuzilvse.png" UseOriginSize="True" Width="24" Height="36" Text="180" AnchorPoint="0,0.5" Name="txtHurtValue_HurtNumber" Scale="1" Alignment="Center" RelativePosition="0.5,0.50" />
				<Action Type="WZUIActionSequence" GUID="{CDD37A4D-8693-45b0-AEA2-75C6F349D2EA}">
					<ChildAction Type="WZUIActionScaleTo" Duration="0.1" GUID="{CC2FBCE5-7762-412a-9F1A-7BBF4F43D8C9}" ScaleX="1.50" ScaleY="1.5" />
					<ChildAction Type="WZUIActionScaleTo" Duration="0.1" GUID="{1014A1DD-EA46-4061-A634-A4567CC95923}" ScaleX="1" ScaleY="1" />
					<ChildAction Type="WZUIActionDelayTime" Duration="1" GUID="{544F1019-0F6A-4d6a-AF75-8C5B2ED80746}" />
					<ChildAction Type="WZUIActionSpawn" Duration="0.6" GUID="{46235837-F6AD-4599-8E4D-BF5ED05B9BAB}">
						<ChildAction Type="WZUIActionMoveTo" Duration="1" FinishLuaFunction="" MoveX="0.5" MoveY="1" GUID="{23285E14-D92C-4e96-979D-5999DB8A8432}" />
						<ChildAction Type="WZUIActionContainerFadeFromTo" Duration="0.40000" OpacityFrom="255" FinishLuaFunction="_finishFlyingNum" GUID="{12B8AB45-875F-40c3-B313-CE5D8A763463}" />
					</ChildAction>
				</Action>
			</WZUIContainer>
		</WZUIContainer>
	</WZUIContainer>
</HurtNumber>
