<?xml version="1.0"?>
<qiuhun06 GUID="{AF7A3ECD-EBD4-40c3-839A-C1AE872337A6}">
	<WZUIContainer AbsContentSize="960,640" GUID="{EDBC3F6F-D686-4beb-8A48-931D40C858D9}" Name="qiuhun06" NameCreate="True" Scale="1" Type="WZUIContainer" UseAbsSize="True" AnchorPoint="0.5,0.5" RelativePosition="0.5,0.5" Visible="True" ShowAll="False">
		<WZUIContainer Type="WZUIContainer" GUID="{05E3D366-78E5-41b1-AE2E-9E99AD33230A}" Name="con_qiuhun06" AbsContentSize="0,0" UseAbsSize="False" Visible="True" RelativePosition="0.5,0.5">
			<WZUIParticle Type="WZUIParticle" GUID="{3C8C8643-6A37-498b-90EA-38E516880950}" PlistFile="particle/skills_lp_07.plist" RelativePosition="0.275068,0.373106" />
			<WZUIParticle Type="WZUIParticle" GUID="{66009B8A-2605-4c22-A0C9-1B430DEF72BF}" PlistFile="particle/skills_lp_08.plist" RelativePosition="0.0915194,0.34587" />
			<WZUIParticle Type="WZUIParticle" GUID="{3E7D322E-572E-4b92-B754-2CA12D22E891}" PlistFile="particle/skills_lp_07.plist" RelativePosition="0.73211,0.344075" ScaleX="-1" Scale="1" FlipX="True" />
			<WZUIParticle Type="WZUIParticle" GUID="{68C81F76-777E-4271-8D5E-E202B8E10873}" PlistFile="particle/skills_lp_08.plist" RelativePosition="0.906228,0.34587" ScaleX="-1" Scale="1" FlipX="True" />
		</WZUIContainer>
	</WZUIContainer>
</qiuhun06>
