﻿<?xml version="1.0" ?>
<redEnvelope01 GUID="{18862ECE-AB5E-4e57-90EF-1AA73672B7F8}">
    <WZUIContainer AbsContentSize="0,0" GUID="{E2B21508-E67E-4222-B815-393D0CBF7D8A}" Name="redEnvelope01" NameCreate="True" RelativePosition="0.5,1" Scale="1" ScaleX="1" ScaleY="1" Type="WZUIContainer" UseAbsSize="False" Visible="True" AnchorPoint="0.5,1">
        <WZUIParticle Type="WZUIParticle" GUID="{32056597-7580-46ec-8BDF-2CDB6D30FEDC}" PlistFile="particle/skill_cjhb_01.plist" AnchorPoint="0.5,1" RelativePosition="0.5,1" ShowAll="True" />
        <Button Type="WZUIButton" GUID="{643eeaae-2401-47b4-af09-6b923077cd8b}" Scale="2" ScaleX="2" ScaleY="2" UseAbsSize="True" AbsContentSize="1000,1000" Order="10">
            <NormalElement Type="WZUIContainer" GUID="{51e7514c-59bd-4f66-93b6-53531c12facb}" />
            <SelectElement Type="WZUIContainer" GUID="{7915a5f9-c2a2-4497-92c6-ac2466aeece7}" />
            <DisableElement Type="WZUIContainer" GUID="{49a6d8c4-fc81-4809-8610-4d5a6bed0024}" />
        </Button>
    </WZUIContainer>
</redEnvelope01>
