﻿<?xml version="1.0" ?>
<SceneMarryCopy GUID="{4435B1A8-BFC9-457d-82A8-24E30A578BAD}">
    <WZUIFrame Type="WZUIFrame" GUID="{0415C748-C4CC-4c10-A321-85F79DD241B1}" LuaObjectName="SceneMarryCopy" Name="SceneMarryCopy" NameCreate="True" AbsContentSize="0,0" UseAbsSize="False" LuaTouchBeganFunction="onTouchBegan">
        <WZUIImage Type="WZUIImage" GUID="{8BE5F46C-6160-4233-9AEF-C9830B2DFA85}" File="ui/common_bg/common_scale9_di2.png" Visible="True" RelativePosition="0.5,0.5" UseOriginSize="False" Scale="1" />
        <WZUIContainer Type="WZUIContainer" GUID="{428606EC-66E8-46ba-B2F1-881F06E66BB2}" AbsContentSize="960,560" UseAbsSize="True" RelativePosition="0.5,0.46569" ShowAll="True">
            <WZUIContainer Type="WZUIContainer" GUID="{43B86929-9AAC-41b9-A50A-174920F61360}" AbsContentSize="895,515" UseAbsSize="True" RelativePosition="0.501408,0.462164" Visible="True">
                <WZUIContainer Type="WZUIContainer" GUID="{745EDE33-2578-4b35-9C11-A250558284B9}">
                    <WZUI9Image Type="WZUI9Image" GUID="{81687D51-1504-4ef8-85AB-7BA5555ABDCF}" File="ui/common/common_scale9_di32.png" Visible="True" />
                    <WZUIContainer Type="WZUIContainer" GUID="{2F484A5D-7EE7-44dd-ADE9-3C851F0DA462}" AbsContentSize="884,400" UseAbsSize="True" AnchorPoint="0.5,1" RelativePosition="0.5,0.973383" Visible="True">
                        <WZUI9Image Type="WZUI9Image" GUID="{20EAF8A6-CC06-4fdd-B3A9-87709A1A2402}" File="ui/common/common_scale9_di6.png" />
                    </WZUIContainer>
                    <WZUIImage Type="WZUIImage" GUID="{E29A839E-6B4D-4ad1-AD1E-2498C872D981}" File="ui/marrige/marry_pic_bg1.png" UseOriginSize="True" RelativePosition="0.5,0.57" Visible="True" TouchEnable="False" />
                </WZUIContainer>
                <WZUIContainer Type="WZUIContainer" GUID="{7B5F3C8A-58C8-487d-88EA-272F33A0CFC1}" AbsContentSize="895,380" UseAbsSize="True" RelativePosition="0.5,0.569903" AbsPosition="447.5,293.5">
                    <WZUIContainer Type="WZUIContainer" GUID="{C5432019-EAFB-45d6-B8ED-094F58929778}" RelativeSize="0.52,0.94" RelativePosition="0.764476,0.510324" Visible="True" AbsContentSize="385,366" UseAbsSize="True" AbsPosition="684.206,193.923">
                        <WZUIContainer Type="WZUIContainer" GUID="{83CEDDB7-3982-450c-A7A4-3CA3B52EEF5B}">
                            <WZUI9Image Type="WZUI9Image" GUID="{37F0428E-AB6F-4380-A596-AE7C1B552B01}" File="ui/common/common_scale9_di29.png" Opacity="150" Visible="True" />
                        </WZUIContainer>
                        <WZUIContainer Type="WZUIContainer" GUID="{4DF0B5F1-0B3C-46ba-9B3E-394436514590}" RelativeSize="1,0.22" RelativePosition="0.5,0.85246" AbsPosition="192.5,312">
                            <WZUILabelTTF Type="WZUILabelTTF" GUID="{8D857B2B-3AA4-4a5f-8408-8D208B08984C}" Name="txtCopyName_SceneMarryCopy" Alignment="Left" AnchorPoint="0,0.5" LabelStyleKey="C12_F24" Text="" RelativePosition="0.0446292,0.821474" AbsPosition="17.1822,66.1451" />
                            <WZUILabelTTF Type="WZUILabelTTF" GUID="{E0D6272A-9294-40c3-8FA7-F336845A5ACF}" Name="txtCopyDesc_SceneMarryCopy" Text="" LabelStyleKey="C7_F22" Alignment="Left" AnchorPoint="0,1" RelativePosition="0.0493506,0.562096" AbsPosition="19,45.26" Dimensions="350,0" />
                        </WZUIContainer>
                        <WZUIContainer Type="WZUIContainer" GUID="{F6EB28DD-9842-49c3-ABC1-59FDC257400D}" RelativeSize="1,0.7" RelativePosition="0.5,0.367349" AbsPosition="192.5,135.919">
                            <WZUIContainer Type="WZUIContainer" GUID="{15E365E6-E90C-4439-9977-18671A7172CB}" Visible="True">
                                <WZUIImage Type="WZUIImage" GUID="{3D3D53A2-7394-46c0-8602-739973E7735B}" File="ui/common/common_pic_jiantou4.png" UseOriginSize="True" RelativePosition="0.103833,0.46305" Visible="True" AbsPosition="39.9756,118.634" />
                                <WZUIImage Type="WZUIImage" GUID="{A987FF4A-C231-49b2-B89C-7D67B7F368F3}" File="ui/common/common_pic_jiantou4.png" UseOriginSize="True" FlipX="True" RelativePosition="0.867205,0.462193" Visible="True" AbsPosition="333.874,118.414" />
                                <WZUIContainer Type="WZUIContainer" GUID="{5C2D4186-55F3-4109-A082-D9588B378671}" AbsContentSize="400,2" UseAbsSize="True" RelativePosition="0.5,0.390588" AbsPosition="192.5,100.069" Visible="False">
                                    <WZUI9Image Type="WZUI9Image" GUID="{342E8536-92B2-44f6-8B6F-E7CA876C81AA}" File="ui/common/common_scale9_fengexian.png" />
                                    <WZUI9Image Type="WZUI9Image" GUID="{9310DE49-8DBA-4d3a-A195-7563019EA024}" File="ui/common/common_scale9_fengexian.png" />
                                </WZUIContainer>
                            </WZUIContainer>
                            <WZUIContainer AbsContentSize="" GUID="{1AD670ED-4DA0-4c5d-87FE-B7CBD23302F2}" RelativePosition="0.5,0.786825" Type="WZUIContainer" UseAbsSize="False" AnchorPoint="0.5,0.5" Visible="True" RelativeSize="1,0.35" AbsPosition="196.35,201.585">
                                <WZUICheckBoxGroup Type="WZUICheckBoxGroup" GUID="{18AA0052-C9F7-47b4-B38C-938D954352F6}" Name="checkDif_SceneMarryCopy" NameCreate="True">
                                    <CheckBox Type="WZUICheckBox" GUID="{FF3910D0-8C4C-4302-A6C7-E97E3999FBE2}" AbsContentSize="100,100" UseAbsSize="True" RelativePosition="0.172036,0.531314" SelectedIndex="1" LuaCheckedFunctionName="onCheckBoxDifficult" Tag="1" Name="checkBox1_SceneMarryCopy" NameCreate="True">
                                        <CheckElement Type="WZUIContainer" GUID="{39F919E0-FDCC-4061-9FA3-85F57CF4C2F7}">
                                            <WZUIImage Type="WZUIImage" GUID="{02639498-6960-4541-A493-FE86D42D0D90}" File="ui/copy/copy_icon_jd1.png" UseOriginSize="True" RelativePosition="0.5,0.5" />
                                            <WZUIImage Type="WZUIImage" GUID="{A61C2EF0-E270-441b-BC67-D8759EEB8AC9}" File="ui/common/common_icon_zdxingxing.png" UseOriginSize="True" RelativePosition="0.28,0.13" Scale="0.7" Name="imgCheckStar1_SceneMarryCopy" NameCreate="True" />
                                            <WZUIImage Type="WZUIImage" GUID="{C97C6BE3-6755-488e-A083-C274E887E081}" File="ui/common/common_icon_zdjd.png" UseOriginSize="True" RelativePosition="0.63,0.0900001" Scale="1" />
                                        </CheckElement>
                                        <CheckElement Type="WZUIContainer" GUID="{D53E4DEF-9C92-4938-B287-77D09F4EBC42}">
                                            <WZUIImage Type="WZUIImage" GUID="{22813B0D-BDA4-42fb-8AD8-48F85B4F21F0}" File="ui/common/common_icon_nanduxuanze.png" UseOriginSize="True" />
                                            <WZUIImage Type="WZUIImage" GUID="{658833F0-73AF-4aaf-B221-DDBC01069517}" File="ui/copy/copy_icon_jd1.png" UseOriginSize="True" RelativePosition="0.5,0.5" />
                                            <WZUIImage Type="WZUIImage" GUID="{468DA3BF-4AA3-43ef-A1A5-CCC336C34839}" File="ui/common/common_icon_zdxingxing.png" UseOriginSize="True" RelativePosition="0.28,0.13" Scale="0.7" Name="imgCheckStarSel1_SceneMarryCopy" NameCreate="True" />
                                            <WZUIImage Type="WZUIImage" GUID="{C62E9EC4-2807-4770-BE21-2ABBA8F93BDD}" File="ui/common/common_icon_zdjd.png" UseOriginSize="True" RelativePosition="0.63,0.0900001" Scale="1" />
                                        </CheckElement>
                                    </CheckBox>
                                    <CheckBox Type="WZUICheckBox" GUID="{C1840E58-4488-48a8-B5F6-E87697B71458}" AbsContentSize="100,100" UseAbsSize="True" RelativePosition="0.5,0.531314" SelectedIndex="0" LuaCheckedFunctionName="onCheckBoxDifficult" Tag="2" Name="checkBox2_SceneMarryCopy" NameCreate="True">
                                        <CheckElement Type="WZUIContainer" GUID="{8A19143F-80AF-4ace-9FF9-E64C7CD04880}">
                                            <WZUIImage Type="WZUIImage" GUID="{E2511A07-40FC-41f1-9D94-89348B882857}" File="ui/copy/copy_icon_kn1.png" UseOriginSize="True" RelativePosition="0.5,0.5" />
                                            <WZUIImage Type="WZUIImage" GUID="{F5FD4E00-45E5-497a-BCA6-9391FC5D5423}" File="ui/common/common_icon_zdxingxing.png" UseOriginSize="True" RelativePosition="0.28,0.13" Scale="0.7" Name="imgCheckStar2_SceneMarryCopy" NameCreate="True" />
                                            <WZUIImage Type="WZUIImage" GUID="{66AD50E2-CAD9-4ee7-9571-8368C52B9BF3}" File="ui/common/common_icon_zdkn.png" UseOriginSize="True" RelativePosition="0.63,0.0900001" Scale="1" />
                                        </CheckElement>
                                        <CheckElement Type="WZUIContainer" GUID="{BBDD6EF6-C692-48b1-98CD-C7F8D6FE9A03}">
                                            <WZUIImage Type="WZUIImage" GUID="{90225A0D-80F5-48a1-BD98-C8145CE01C46}" File="ui/common/common_icon_nanduxuanze.png" UseOriginSize="True" />
                                            <WZUIImage Type="WZUIImage" GUID="{6E9C3367-5F60-4ee0-8F92-83E1BB7A84B7}" File="ui/copy/copy_icon_kn1.png" UseOriginSize="True" RelativePosition="0.5,0.5" />
                                            <WZUIImage Type="WZUIImage" GUID="{B70F19D6-FA8D-41f0-8FD1-AE312F589E0B}" File="ui/common/common_icon_zdxingxing.png" UseOriginSize="True" RelativePosition="0.28,0.13" Scale="0.7" Name="imgCheckStarSel2_SceneMarryCopy" NameCreate="True" />
                                            <WZUIImage Type="WZUIImage" GUID="{7EEA4C8F-231E-48d3-9E78-0E4847142032}" File="ui/common/common_icon_zdkn.png" UseOriginSize="True" RelativePosition="0.63,0.0900001" Scale="1" />
                                        </CheckElement>
                                    </CheckBox>
                                    <CheckBox Type="WZUICheckBox" GUID="{F0922212-189E-4922-B4C8-C86E3602BB4C}" AbsContentSize="100,100" UseAbsSize="True" RelativePosition="0.817093,0.531314" SelectedIndex="0" LuaCheckedFunctionName="onCheckBoxDifficult" Tag="3" Name="checkBox3_SceneMarryCopy" NameCreate="True">
                                        <CheckElement Type="WZUIContainer" GUID="{4B20E95C-EDC2-428b-AE4E-0A52292B76AB}">
                                            <WZUIImage Type="WZUIImage" GUID="{DBA9097B-CF52-4084-BEDF-17933A4CE6CD}" File="ui/copy/copy_icon_dy1.png" UseOriginSize="True" RelativePosition="0.5,0.5" />
                                            <WZUIImage Type="WZUIImage" GUID="{10CC8C49-7727-4313-9F33-2EAF38EB29B3}" File="ui/common/common_icon_zdxingxing.png" UseOriginSize="True" RelativePosition="0.28,0.13" Scale="0.7" Name="imgCheckStar3_SceneMarryCopy" NameCreate="True" />
                                            <WZUIImage Type="WZUIImage" GUID="{A40122D5-DA28-4056-9532-68A30ACE398F}" File="ui/common/common_icon_zddy.png" UseOriginSize="True" RelativePosition="0.63,0.0900001" Scale="1" />
                                        </CheckElement>
                                        <CheckElement Type="WZUIContainer" GUID="{C55D1DBB-0E0D-4610-88B4-97463A5EB9BD}">
                                            <WZUIImage Type="WZUIImage" GUID="{A9103060-3A3D-4442-B082-E196C722A6AA}" File="ui/common/common_icon_nanduxuanze.png" UseOriginSize="True" />
                                            <WZUIImage Type="WZUIImage" GUID="{3550BC58-3062-4b6f-97CC-FB595D3F875E}" File="ui/copy/copy_icon_dy1.png" UseOriginSize="True" RelativePosition="0.5,0.5" />
                                            <WZUIImage Type="WZUIImage" GUID="{622C617E-8281-4f7a-A23B-7769FD9A3EC6}" File="ui/common/common_icon_zdxingxing.png" UseOriginSize="True" RelativePosition="0.28,0.13" Scale="0.7" Name="imgCheckStarSel3_SceneMarryCopy" NameCreate="True" />
                                            <WZUIImage Type="WZUIImage" GUID="{DFED2049-803E-45a0-88EC-E73C94D187A8}" File="ui/common/common_icon_zddy.png" UseOriginSize="True" RelativePosition="0.63,0.0900001" Scale="1" />
                                        </CheckElement>
                                    </CheckBox>
                                    <CheckBox Type="WZUICheckBox" GUID="{7e05df25-abb6-4c82-9f38-d51014335ec2}" AbsContentSize="100,100" UseAbsSize="True" RelativePosition="0.817093,0.531314" SelectedIndex="0" LuaCheckedFunctionName="onCheckBoxDifficult" Tag="4" Name="checkBox4_SceneMarryCopy" NameCreate="True" Visible="False">
                                        <CheckElement Type="WZUIContainer" GUID="{f8d0beef-b14d-4304-a2e5-122755f3ad3b}">
                                            <WZUIImage Type="WZUIImage" GUID="{2c1b5f7b-5d06-4a60-83f4-3efa8aac771c}" File="ui/copy/copy_icon_dy2.png" UseOriginSize="True" RelativePosition="0.5,0.5" />
                                            <WZUIImage Type="WZUIImage" GUID="{715ea162-0597-4e84-aab1-9908723effa6}" File="ui/common/common_icon_zdxingxing.png" UseOriginSize="True" RelativePosition="0.28,0.13" Scale="0.7" Name="imgCheckStar4_SceneMarryCopy" NameCreate="True" />
                                            <WZUIImage Type="WZUIImage" GUID="{9cd25d86-1011-4a15-8d2e-fc31ffb194bd}" File="ui/common/common_icon_zddy2.png" UseOriginSize="True" RelativePosition="0.63,0.0900001" Scale="1" />
                                        </CheckElement>
                                        <CheckElement Type="WZUIContainer" GUID="{c58042f8-5474-4f19-a7f4-61b3695f209f}">
                                            <WZUIImage Type="WZUIImage" GUID="{d42e6cc9-6571-4a9a-9f9b-f73b8a356ff2}" File="ui/common/common_icon_nanduxuanze.png" UseOriginSize="True" />
                                            <WZUIImage Type="WZUIImage" GUID="{70620b60-5eb0-475f-87f6-51b17ae4000e}" File="ui/copy/copy_icon_dy2.png" UseOriginSize="True" RelativePosition="0.5,0.5" />
                                            <WZUIImage Type="WZUIImage" GUID="{c88f2882-e81a-4133-bcd2-a5cea50e0317}" File="ui/common/common_icon_zdxingxing.png" UseOriginSize="True" RelativePosition="0.28,0.13" Scale="0.7" Name="imgCheckStarSel4_SceneMarryCopy" NameCreate="True" />
                                            <WZUIImage Type="WZUIImage" GUID="{7c3b36eb-730e-4be8-a546-70ad59ac35c2}" File="ui/common/common_icon_zddy2.png" UseOriginSize="True" RelativePosition="0.63,0.0900001" Scale="1" />
                                        </CheckElement>
                                    </CheckBox>
                                </WZUICheckBoxGroup>
                            </WZUIContainer>
                            <WZUIContainer Type="WZUIContainer" GUID="{8CD1F452-EBAC-4427-B2E1-FC5EB63600EB}" RelativePosition="0.497403,0.200217" RelativeSize="0.92,0.3" AbsPosition="191.5,51.2956" Visible="True">
                                <WZUI9Image Type="WZUI9Image" GUID="{C3893C40-2945-4f1c-89EC-22FE5BA994BE}" File="ui/common/common_scale9_di7.png" Visible="True" />
                                <WZUITableContainer Type="WZUITableContainer" GUID="{056EC106-3616-40e0-B21C-2351B1A2E30A}" UseAbsSize="False" AbsContentSize="" RelativePosition="0.590645,0.503188" EnableMoveVertical="False" Name="tbconDrop_SceneMarryCopy" CellElementHeight="0.28" EnableMoveoutContainer="True" IsVerticalMode="False" RelativeSize="0.76,0.9" ColumnCount="1" AbsPosition="209.206,38.6751" />
                                <WZUILabelTTF Type="WZUILabelTTF" GUID="{AC67DC29-BF87-4e4a-87CF-F81A6446F0D0}" Text="" BoldFont="True" Color="105,65,46" FontSize="22" StrokeSize="4" Name="txtReward_SceneMarryCopy" RelativePosition="0.0359711,0.5" AnchorPoint="0,0.5" TextKey="TEAM_MAYBE_GET" />
                            </WZUIContainer>
                            <WZUIContainer Type="WZUIContainer" GUID="{C2F2256E-4204-4a8c-B779-F00AF9007B5C}" RelativeSize="1,0.1" RelativePosition="0.5,0.455364" AbsPosition="232.44,122.42">
                                <WZUIFreeTextBox Type="WZUIFreeTextBox" GUID="{F3910F4C-D2C0-46d3-849C-F5E9A5533CB5}" Name="txtSugFight_SceneMarryCopy" MaxWidth="300" />
                            </WZUIContainer>
                        </WZUIContainer>
                    </WZUIContainer>
                </WZUIContainer>
                <WZUIContainer Type="WZUIContainer" GUID="{19197339-3BE7-49d7-AAEF-9A8752AAE729}" AbsContentSize="884,102" UseAbsSize="True" RelativePosition="0.5,0" AnchorPoint="0.5,0">
                    <WZUIContainer Type="WZUIContainer" GUID="{3CD9228A-19F4-4817-A94E-18C82C671BDE}" RelativeSize="0.23,1" RelativePosition="0.867648,0.5" Scale="1" AbsPosition="677.001,51">
                        <WZUIContainer Type="WZUIContainer" GUID="{127CB8A5-38F9-4699-83F0-9AE5EB59AF24}" AbsContentSize="212,76" UseAbsSize="True">
                            <WZUIButton Type="WZUIButton" AbsContentSize="" UseAbsSize="False" Name="btnStartGame_SceneMarryCopy" NameCreate="True" LuaDoneFunctionName="onStartGameButtonClick" GUID="{DBF7CDFE-19BD-4132-99B9-ADA5BB417C2A}">
                                <NormalElement Type="WZUIContainer" GUID="{29D57B57-5065-4171-AE1F-4176AC934A8D}">
                                    <WZUIImage Type="WZUIImage" GUID="{8FFAF3D2-A136-4edc-BFDB-F7425F3A7294}" File="ui/common/common_btn_anniu8.png" UseOriginSize="False" />
                                </NormalElement>
                                <SelectElement Type="WZUIContainer" GUID="{4FF1179C-CA5C-44af-BE83-62FC6B8D1BCE}" Scale="1.05">
                                    <WZUIImage Type="WZUIImage" GUID="{2A348FA9-4CFC-4431-B987-E4806338750C}" File="ui/common/common_btn_anniu8_sel.png" />
                                </SelectElement>
                                <DisableElement Type="WZUIContainer" GUID="{71D6C585-1F4B-4f7b-B154-C2965996FAC1}" />
                            </WZUIButton>
                            <WZArmature Type="WZArmature" GUID="{4A1A6181-5589-40d4-AF8B-1D63A3A22F1E}" ArmatureFile="ui/ui_tongyong_anniu.xml" ArmatureName="ui_tongyong_anniu" UseOriginSize="True" RelativePosition="0.5,0.5" AnchorPoint="0.5,0.5" Name="armBtn_SceneMarryCopy" TouchEnable="False" Scale="1">
                                <Action Type="WZUIArmatureAnimationById" GUID="{F64B5B0D-4FE9-4b0b-A902-5AC513EFA464}" AnimationId="0" />
                            </WZArmature>
                            <WZUIImage Type="WZUIImage" GUID="{BE22DA3B-7983-4277-A2FC-BE1B2E285493}" Name="imgBtnDesc_SceneMarryCopy" RelativeSize="1,1" NameCreate="True" File="ui/common/common_icon_ksyx.png" UseOriginSize="True" TouchEnable="False" Visible="True" />
                        </WZUIContainer>
                    </WZUIContainer>
                    <WZUIContainer Type="WZUIContainer" GUID="{4ED96E83-AF25-47f7-BB62-E803E4331D5F}" RelativeSize="0.5,0.4" RelativePosition="0.247738,0.578431" AbsPosition="219,59">
                        <WZUIFreeTextBox Type="WZUIFreeTextBox" GUID="{F79D84EA-B73F-41a7-922D-CD6FB05ECB43}" Name="ftbCnt_SceneMarryCopy" AnchorPoint="0,0.5" MaxWidth="500" RelativePosition="0.061086,0.5" AbsPosition="27,20.4" />
                        <WZUIFreeTextBox Type="WZUIFreeTextBox" GUID="{BC774646-FA90-4e71-A32B-56C6FA7BF09F}" Name="ftbPower_SceneMarryCopy" AnchorPoint="0,0.5" RelativePosition="0.579186,0.5" AbsPosition="256,20.4" MaxWidth="500" />
                    </WZUIContainer>
                    <WZUIContainer Type="WZUIContainer" GUID="{4467dc47-7601-4042-b9ca-aee4dc5d9c9c}" AbsContentSize="100,60" UseAbsSize="True" RelativePosition="0.682128,0.5">
                        <Button Type="WZUIButton" GUID="{0f2b0eb4-6287-4db8-ac2b-9b9cb7748508}" LuaDoneFunctionName="onClickSkill" LuaActionName="Normal">
                            <NormalElement Type="WZUIContainer" GUID="{ffc4fe8c-baac-4ec1-b4c7-d80f4006a74a}">
                                <WZUIImage Type="WZUIImage" GUID="{02f3b45a-62cd-4754-88b8-eeda946fabbf}" File="ui/Hall/battle_icon_jinengdaoju.png" UseOriginSize="True" />
                            </NormalElement>
                            <SelectElement Type="WZUIContainer" GUID="{43366786-d8e8-4da4-b2c7-915717200b1f}">
                                <WZUIImage Type="WZUIImage" GUID="{3cb8adbb-f8d5-4f77-bd3e-1d3ac37c0983}" File="ui/Hall/battle_icon_jinengdaoju.png" UseOriginSize="True" />
                            </SelectElement>
                            <DisableElement Type="WZUIContainer" GUID="{468f4b41-916d-4ab2-bf5f-61420c11abd4}" />
                        </Button>
                    </WZUIContainer>
                </WZUIContainer>
            </WZUIContainer>
            <WZUIContainer Type="WZUIContainer" GUID="{9842BE9D-635E-4b79-BE39-0F4C0C555424}" AbsContentSize="960,560" UseAbsSize="True" Visible="True" TouchEnable="False">
                <WZUIImage Type="WZUIImage" GUID="{D5EBF872-C6DB-4370-8C8A-7AA787C3FCCF}" File="ui/marrige/marry_icon_jhcz1.png" UseOriginSize="True" RelativePosition="0.0415501,0.558877" Visible="True" />
                <WZUIImage Type="WZUIImage" GUID="{905A8EC2-7C7A-4153-9C5A-20C5D51C2771}" File="ui/marrige/marry_icon_jhcz2.png" UseOriginSize="True" RelativePosition="0.158943,0.905143" />
                <WZUIImage Type="WZUIImage" GUID="{CDB65613-FCA0-46ea-BF29-460CE202E913}" File="ui/marrige/marry_icon_jhcz3.png" UseOriginSize="True" RelativePosition="0.389646,0.905143" ScaleX="1" />
                <WZUIImage Type="WZUIImage" GUID="{169E0EBA-8EB7-4a9d-8144-F03C136B53BB}" File="ui/marrige/marry_icon_jhcz2.png" UseOriginSize="True" RelativePosition="0.840777,0.905143" ScaleX="-1" />
                <WZUIImage Type="WZUIImage" GUID="{61AE971A-87E7-4996-9973-E2B82E62640C}" UseOriginSize="True" File="ui/marrige/marry_icon_jhcz3.png" RelativePosition="0.610354,0.90273" ScaleX="-1" />
                <WZUIImage Type="WZUIImage" GUID="{6BDBBFCB-AE6E-4224-B566-D1B0D048CC3E}" File="ui/marrige/common_pic_hd3.png" UseOriginSize="True" RelativePosition="0.507038,0.901571" />
                <WZUIImage Type="WZUIImage" GUID="{E4736E79-0A06-4803-BD74-706CE85AE96E}" File="ui/marrige/common_pic_hd1.png" UseOriginSize="True" RelativePosition="0.0457728,0.932168" />
                <WZUIImage Type="WZUIImage" GUID="{4E906C26-353A-4408-8723-153C65F01AFB}" File="ui/marrige/marry_icon_jhcz1.png" UseOriginSize="True" ScaleX="-1" RelativePosition="0.959998,0.556464" />
                <WZUIImage Type="WZUIImage" GUID="{5FF58E70-1B46-4d55-B506-5D798BC12E6A}" File="ui/marrige/common_pic_hd1.png" UseOriginSize="True" RelativePosition="0.948456,0.924929" ScaleX="-1" />
            </WZUIContainer>
            <WZUIContainer Type="WZUIContainer" GUID="{4B0B5444-3504-4dac-902D-78E2C0021EFE}" AbsContentSize="895,515" UseAbsSize="True" RelativePosition="0.501408,0.462164" Visible="True">
                <WZUIContainer Type="WZUIContainer" GUID="{E72A6D7A-AC59-4362-828B-536F95ED3BCB}" AbsContentSize="895,380" UseAbsSize="True" RelativePosition="0.5,0.569903" AbsPosition="447.5,293.5">
                    <WZUIContainer Type="WZUIContainer" GUID="{EEEA5558-EB4A-4d19-A1AA-52E93AD585CD}" AbsContentSize="486,380" UseAbsSize="True" RelativePosition="0.277152,0.5" Visible="True" AbsPosition="248.051,298.3">
                        <WZUIContainer Type="WZUIContainer" GUID="{7E6307DF-5D19-42b0-BBC6-BD1B5700614C}">
                            <WZUIImage Type="WZUIImage" GUID="{6AE33B5A-BF52-40c1-9F9E-B90576C77620}" File="ui/marrige/marry_pic_bg2.png" UseOriginSize="True" Visible="True" />
                        </WZUIContainer>
                        <WZUIContainer Type="WZUIContainer" GUID="{467F0F5E-681E-46fd-AECD-940AF30AE50E}" AbsContentSize="200,390" UseAbsSize="True" RelativePosition="0.276842,0" Name="conPlayer1_SceneMarryCopy" AbsPosition="134.545,211.363" AnchorPoint="0.5,0" />
                        <WZUIContainer Type="WZUIContainer" GUID="{BC33CAE9-EB14-4f98-BAC9-AD716C1CE2B6}" AbsContentSize="200,390" UseAbsSize="True" RelativePosition="0.706883,-0.00263158" Name="conPlayer2_SceneMarryCopy" AbsPosition="343.545,-1" AnchorPoint="0.5,0" />
                    </WZUIContainer>
                </WZUIContainer>
            </WZUIContainer>
        </WZUIContainer>
        <WZUIContainer Type="WZUIContainer" GUID="{22FB9E11-72B4-4866-A820-E49177635652}" Name="conTips_SceneMarryCopy" Order="10" ShowAll="True" />
    </WZUIFrame>
</SceneMarryCopy>
