﻿<SceneWorldTeamBossRoom GUID="{0d677092-54c8-4782-bd5b-2cefa1138088}">
    <WZUIFrame GUID="{4bde9b9d-e506-4414-8d10-7e3b6c2e1793}" LuaObjectName="SceneWorldTeamBossRoom" LuaTouchBeganFunction="onTouchBegan" Name="SceneWorldTeamBossRoom" NameCreate="True" NoBorder="False" ShowAll="False" Tag="-1" Type="WZUIFrame">
        <WZUIContainer Type="WZUIContainer" GUID="{175c9a5b-e3ec-439d-8088-b41d0c83abce}" Name="conBg_SceneWorldTeamBossRoom" TouchEnable="False" Order="-1">
            <WZUIImage Type="WZUIImage" GUID="{e66b6289-b7f0-48a8-9f64-274a3551f0b8}" File="ui/common_bg/common_scale9_di2.png" isValid="True" Visible="True" Scale="1" />
        </WZUIContainer>
        <WZUILabelAtlasFont CharMapFileName="image/common/num/count_down_number.png" Color="255,0,0" GUID="{25ff8476-15e7-41cf-b348-b27e6b030c0c}" Height="150" Name="txtMakePairTime_SceneWorldTeamBossRoom" Order="501" RelativePosition="0.5,0.5" ShowAll="True" Text="1" Type="WZUILabelAtlasFont" UseOriginSize="True" Visible="True" Width="102" />
        <WZUIContainer Type="WZUIContainer" GUID="{65db121b-215c-4fb1-99c6-785932b2ffc5}" RelativePosition="0.5,0" AbsPosition="480,76" AbsContentSize="960,578" UseAbsSize="True" AnchorPoint="0.5,0" Visible="True" ShowAll="False">
            <WZUIContainer Type="WZUIContainer" GUID="{343dd052-2f4f-4d92-9d37-80eef2bcde9b}" Name="conCenter_SceneWorldTeamBossRoom" RelativePosition="0.327861,0.584323" UseAbsSize="True" AbsContentSize="602,456" Visible="True" ShowAll="True">
                <WZUI9Image Type="WZUI9Image" GUID="{5ee44884-0ccd-4b5c-b89c-f6f63f86eb00}" File="ui/common/common_scale9_di32.png" />
                <WZUIContainer Type="WZUIContainer" GUID="{9e6069f7-6dad-4fb6-99b0-812e62cff858}" AbsContentSize="286,426" UseAbsSize="True" RelativePosition="0.26,0.5" Name="conSeat1_SceneWorldTeamBossRoom" AnchorPoint="0.5,0.5" AbsPosition="125.29,548.189" Tag="-1">
                    <WZUI9Image Type="WZUI9Image" GUID="{0d73bac7-19a8-415d-808b-2f23ffb39988}" File="ui/hall/battle_scale9_jndj01.png" Visible="True" />
                    <WZUIContainer Type="WZUIContainer" GUID="{e17129eb-491a-4e5e-85b9-c84603b6cefe}" Name="conSeatInfo_SceneWorldTeamBossRoom" />
                    <WZUIContainer Type="WZUIContainer" GUID="{a037832f-9251-4cfa-a13f-2b0d5c9bc0eb}" AbsContentSize="105,105" UseAbsSize="True" Name="conPlayer_SceneWorldTeamBossRoom" RelativePosition="0.5,0.2" TouchEnable="False" />
                    <WZUIContainer Type="WZUIContainer" GUID="{6c40ca37-3ef1-470e-9ef1-1e0dd592d0a3}" Name="conForNameAndTitle_SceneWorldTeamBossRoom" AbsContentSize="306,100" UseAbsSize="True" RelativePosition="0.5,0.64" TouchEnable="False">
                        <WZUIContainer Type="WZUIContainer" GUID="{06acad91-5917-4db8-b216-976b42148068}" AnchorPoint="0.5,1" RelativePosition="0.5,1" RelativeSize="1,0.5" Name="conTitle_SceneWorldTeamBossRoom" TouchEnable="False">
                            <WZUILabelTTF Type="WZUILabelTTF" GUID="{52207aff-18a0-4ea1-b546-bf55fd4fba1d}" Name="txtPlayerTitle_SceneWorldTeamBossRoom" Color="247,137,24" FontSize="18" EnableStroke="True" StrokeColor="79,60,48" StrokeSize="4" RelativePosition="0.5,0.88" TouchEnable="False" AnchorPoint="0.5,0" />
                        </WZUIContainer>
                        <WZUILabelTTF Type="WZUILabelTTF" GUID="{aa2129be-d2b4-4ba7-a386-1477c1737cb5}" Name="txtPlayerLv_SceneWorldTeamBossRoom" RelativePosition="0.425676,0.742424" AnchorPoint="1,0.5" Color="255,227,116" FontSize="18" EnableStroke="True" StrokeSize="4" StrokeColor="105,65,46" Text="" TouchEnable="False" />
                        <WZUILabelTTF Type="WZUILabelTTF" GUID="{32ad6f84-d229-4637-8f14-f003ea5bde90}" Name="txtPlayerName_SceneWorldTeamBossRoom" RelativePosition="0.425676,0.742424" AnchorPoint="0,0.5" Color="255,255,255" EnableStroke="True" FontSize="18" StrokeSize="4" Text="" StrokeColor="79,60,48" TouchEnable="False" />
                    </WZUIContainer>
                    <WZUIContainer Type="WZUIContainer" GUID="{246ba18d-d300-4d68-9edd-4a47125014d9}" AbsContentSize="60,60" UseAbsSize="True" RelativePosition="0.206772,0.59" Name="conPet_SceneWorldTeamBossRoom" TouchEnable="False" />
                    <WZUIContainer Type="WZUIContainer" GUID="{e2d0b38d-6bba-42b1-9368-d3aea3e4b840}" Name="conFigureVoice_SceneWorldTeamBossRoom" Visible="False">
                        <WZUIImage Type="WZUIImage" GUID="{42593bfa-091a-4e33-8e62-031a376343c9}" Name="imgFigureVoice_SceneWorldTeamBossRoom" File="ui/common/common_icon_yuying_02.png" UseOriginSize="True" RelativePosition="0.97773,0.1" Scale="0.78" AnchorPoint="1,0" TouchEnable="False" AbsPosition="190.545,9.22543" Rotation="0" NameCreate="False" ScaleX="0.6" ScaleY="0.6" GrayRender="True" Visible="True" />
                        <WZUISpine Type="WZUISpine" GUID="{f030e5eb-e166-4d86-85fb-10301fb05384}" FileAtlas="ui/voice_speaking.atlas" FileJson="ui/voice_speaking.json" Loop="True" AnimationName="voice_speaking" RelativePosition="0.865,0.2177" ScaleX="0.6" ScaleY="0.6" Visible="False" Name="animFigureVoice_SceneWorldTeamBossRoom" Scale="0.6" />
                    </WZUIContainer>
                    <WZUIImage Type="WZUIImage" GUID="{6322dcbe-6edb-475a-b04e-5c14ef7e9be2}" Name="imgPlayerStatus_SceneWorldTeamBossRoom" File="" UseOriginSize="True" RelativePosition="0.953053,0.09" Scale="0.78" AnchorPoint="1,0" TouchEnable="False" AbsPosition="190.545,9.22543" Rotation="7" NameCreate="False" />
                    <WZUIButton Type="WZUIButton" LuaDoneFunctionName="onClickCellRoomSeat" GUID="{c444daac-38c6-4458-8282-c261a3e63cba}" Name="btnPlayerFigure_SceneWorldTeamBossRoom" Tag="1" AbsContentSize="110,200" UseAbsSize="True" RelativePosition="0.5,0.32" Visible="False">
                        <NormalElement Type="WZUIContainer" GUID="{ad2f8b39-980a-4680-866d-ff1495dfe9d0}" />
                        <SelectElement Type="WZUIContainer" GUID="{5aeb076f-df11-4da5-ae0d-97f6c2d607c2}" />
                        <DisableElement Type="WZUIContainer" GUID="{1f010439-15a1-4f13-b52f-33de7c418d7d}" />
                    </WZUIButton>
                    <Button Type="WZUIButton" Name="btnPlayerPet_SceneWorldTeamBossRoom" AbsContentSize="60,60" TouchEnable="True" UseAbsSize="True" RelativePosition="0.206772,0.59" LuaDoneFunctionName="onClickPet" Visible="False" Tag="1" GUID="{041262ec-17a0-4735-a0e7-289278c261f3}">
                        <NormalElement Type="WZUIContainer" GUID="{79625775-3ab1-42b5-84fe-9aae3e1fe136}" />
                        <SelectElement Type="WZUIContainer" GUID="{99c13d02-24ad-4951-b420-fca581271273}" />
                        <DisableElement Type="WZUIContainer" GUID="{a3bcee4d-83d5-43a8-9eeb-4aa9da8a4e10}" />
                    </Button>
                    <WZUIContainer Type="WZUIContainer" GUID="{86ecd9a0-79e9-4285-9b34-27a1e2f7bfe3}" AbsContentSize="60,60" UseAbsSize="True" Name="conWeapon_SceneWorldTeamBossRoom" RelativePosition="0.122908,0.15" AbsPosition="41,35.4999" Tag="1">
                        <WZUISpine Type="WZUISpine" GUID="{f23d9931-9fff-4bbb-8481-5c37e2fed6a4}" FileJson="ui/ui_jjc_weapon.json" FileAtlas="ui/ui_jjc_weapon.atlas" AnimationName="" Loop="True" RelativePosition="0.466668,1.75" AbsPosition="30,105" TouchEnable="False" Visible="False" Name="spWeapon_SceneWorldTeamBossRoom" Scale="1.2" />
                        <WZUIImage Type="WZUIImage" GUID="{8cd15d4d-9f27-429b-ad2e-f1819fcab0da}" Name="imgWeaponIcon_SceneWorldTeamBossRoom" UseOriginSize="False" File="" TouchEnable="False" />
                        <Button Type="WZUIButton" Name="btnWeapon_SceneWorldTeamBossRoom" LuaDoneFunctionName="onClickWeapon" Tag="1" GUID="{f5d3fa4a-6fa3-42ab-a706-e7201bb55665}">
                            <NormalElement Type="WZUIContainer" GUID="{6f7ebce6-ab35-4aaa-89c9-1d41a6dfe8e3}" />
                            <SelectElement Type="WZUIContainer" GUID="{b81e1f4a-5330-49e0-a7d9-0fa25a94697e}" />
                            <DisableElement Type="WZUIContainer" GUID="{5dc53298-abe2-45a8-a759-e8f2971d2555}" />
                        </Button>
                    </WZUIContainer>
                    <WZUIFreeTextBox Type="WZUIFreeTextBox" GUID="{d675c3a9-8d4d-47ea-8300-867bf8b3b015}" Name="ftxtInspire_SceneWorldTeamBossRoom" RelativePosition="0.5,0.05" MaxWidth="280" />
                    <WZUIContainer Type="WZUIContainer" GUID="{38645005-d5c8-4ffc-8070-24c1a0ffd999}" Name="conForDressSuit_SceneWorldTeamBossRoom" AbsContentSize="122,34" UseAbsSize="True" RelativePosition="0.777,0.95139" />
                </WZUIContainer>
                <WZUIContainer Type="WZUIContainer" GUID="{5389c224-556e-47fc-bc19-f4a33393a8f8}" AbsContentSize="286,426" UseAbsSize="True" RelativePosition="0.74,0.5" Name="conSeat2_SceneWorldTeamBossRoom" AnchorPoint="0.5,0.5" AbsPosition="125.29,548.189" Tag="-1">
                    <WZUI9Image Type="WZUI9Image" GUID="{b18d7362-f3df-4b30-9a4e-2c581ff21d28}" File="ui/hall/battle_scale9_jndj01.png" Visible="True" />
                    <WZUIContainer Type="WZUIContainer" GUID="{004c480f-b33f-49e8-aadd-8c0d6eb31de2}" Name="conSeatInfo_SceneWorldTeamBossRoom" />
                    <WZUIContainer Type="WZUIContainer" GUID="{1f7caa3e-b267-4331-9439-40bdd7a375aa}" AbsContentSize="105,105" UseAbsSize="True" Name="conPlayer_SceneWorldTeamBossRoom" RelativePosition="0.5,0.2" TouchEnable="False" />
                    <WZUIContainer Type="WZUIContainer" GUID="{bd114d7b-e517-4934-9a2b-784543863e1d}" Name="conForNameAndTitle_SceneWorldTeamBossRoom" AbsContentSize="306,100" UseAbsSize="True" RelativePosition="0.5,0.64" TouchEnable="False">
                        <WZUIContainer Type="WZUIContainer" GUID="{40b1732d-de1c-420b-8fc8-5aacc18d582f}" AnchorPoint="0.5,1" RelativePosition="0.5,1" RelativeSize="1,0.5" Name="conTitle_SceneWorldTeamBossRoom" TouchEnable="False">
                            <WZUILabelTTF Type="WZUILabelTTF" GUID="{d6c328b1-1812-48cd-9dd4-ad9830ba6a11}" Name="txtPlayerTitle_SceneWorldTeamBossRoom" Color="247,137,24" FontSize="18" EnableStroke="True" StrokeColor="79,60,48" StrokeSize="4" RelativePosition="0.5,0.88" TouchEnable="False" AnchorPoint="0.5,0" />
                        </WZUIContainer>
                        <WZUILabelTTF Type="WZUILabelTTF" GUID="{467e8aaa-65dd-46e8-85b7-d9bd4449fc0a}" Name="txtPlayerLv_SceneWorldTeamBossRoom" RelativePosition="0.425676,0.742424" AnchorPoint="1,0.5" Color="255,227,116" FontSize="18" EnableStroke="True" StrokeSize="4" StrokeColor="105,65,46" Text="" TouchEnable="False" />
                        <WZUILabelTTF Type="WZUILabelTTF" GUID="{73aac2d6-fd75-4f03-a2ee-d7f74e8b243f}" Name="txtPlayerName_SceneWorldTeamBossRoom" RelativePosition="0.425676,0.742424" AnchorPoint="0,0.5" Color="255,255,255" EnableStroke="True" FontSize="18" StrokeSize="4" Text="" StrokeColor="79,60,48" TouchEnable="False" />
                    </WZUIContainer>
                    <WZUIContainer Type="WZUIContainer" GUID="{a98cd825-88fa-4355-907a-107a68101347}" AbsContentSize="60,60" UseAbsSize="True" RelativePosition="0.206772,0.59" Name="conPet_SceneWorldTeamBossRoom" TouchEnable="False" />
                    <WZUIContainer Type="WZUIContainer" GUID="{e367e9f6-18b3-4ccf-b9da-6898435f3528}" Name="conFigureVoice_SceneWorldTeamBossRoom" Visible="False">
                        <WZUIImage Type="WZUIImage" GUID="{6940aa56-bfde-48a8-9325-488dc079e78c}" Name="imgFigureVoice_SceneWorldTeamBossRoom" File="ui/common/common_icon_yuying_02.png" UseOriginSize="True" RelativePosition="0.97773,0.1" Scale="0.78" AnchorPoint="1,0" TouchEnable="False" AbsPosition="190.545,9.22543" Rotation="0" NameCreate="False" ScaleX="0.6" ScaleY="0.6" GrayRender="True" Visible="True" />
                        <WZUISpine Type="WZUISpine" GUID="{437bab02-4b9f-4e9e-9689-3b94c46f17a2}" FileAtlas="ui/voice_speaking.atlas" FileJson="ui/voice_speaking.json" Loop="True" AnimationName="voice_speaking" RelativePosition="0.865,0.2177" ScaleX="0.6" ScaleY="0.6" Visible="False" Name="animFigureVoice_SceneWorldTeamBossRoom" Scale="0.6" />
                    </WZUIContainer>
                    <WZUIImage Type="WZUIImage" GUID="{a7f5f4a1-e741-43a7-a809-b082206a3990}" Name="imgPlayerStatus_SceneWorldTeamBossRoom" File="" UseOriginSize="True" RelativePosition="0.953053,0.09" Scale="0.78" AnchorPoint="1,0" TouchEnable="False" AbsPosition="190.545,9.22543" Rotation="7" NameCreate="False" />
                    <WZUIButton Type="WZUIButton" LuaDoneFunctionName="onClickCellRoomSeat" GUID="{cb9dfb25-5bd7-42e7-a87d-d10d7b6aa0f6}" Name="btnPlayerFigure_SceneWorldTeamBossRoom" Tag="2" AbsContentSize="110,200" UseAbsSize="True" RelativePosition="0.5,0.32" Visible="False">
                        <NormalElement Type="WZUIContainer" GUID="{4f74b177-6ef2-4e5b-bf06-f715e0dfb390}" />
                        <SelectElement Type="WZUIContainer" GUID="{7aad5ce4-f39f-4457-9c97-b16a921b36fe}" />
                        <DisableElement Type="WZUIContainer" GUID="{db58144c-da8b-4196-97c9-662aa89d3c9d}" />
                    </WZUIButton>
                    <Button Type="WZUIButton" Name="btnPlayerPet_SceneWorldTeamBossRoom" AbsContentSize="60,60" TouchEnable="True" UseAbsSize="True" RelativePosition="0.206772,0.59" LuaDoneFunctionName="onClickPet" Visible="False" Tag="2" GUID="{be52df93-6024-4412-9594-c0be6298dc1a}">
                        <NormalElement Type="WZUIContainer" GUID="{2ea68db8-1eba-4d1e-834d-1f52d8904aa0}" />
                        <SelectElement Type="WZUIContainer" GUID="{040afabc-8b1b-4069-9772-b8de15e36a27}" />
                        <DisableElement Type="WZUIContainer" GUID="{a35910c1-41a5-4e82-9cec-babf3896b333}" />
                    </Button>
                    <WZUIContainer Type="WZUIContainer" GUID="{8e8ddd59-c5df-4086-ae6e-39b1cbfb4d54}" AbsContentSize="60,60" UseAbsSize="True" Name="conWeapon_SceneWorldTeamBossRoom" RelativePosition="0.122908,0.15" AbsPosition="41,35.4999" Tag="2">
                        <WZUISpine Type="WZUISpine" GUID="{509b07b5-b7c0-45ef-838e-0bc18a64ca29}" FileJson="ui/ui_jjc_weapon.json" FileAtlas="ui/ui_jjc_weapon.atlas" AnimationName="" Loop="True" RelativePosition="0.466668,1.75" AbsPosition="30,105" TouchEnable="False" Visible="False" Name="spWeapon_SceneWorldTeamBossRoom" Scale="1.2" />
                        <WZUIImage Type="WZUIImage" GUID="{053fbf7e-1362-4ee1-8e05-f432ffe0d192}" Name="imgWeaponIcon_SceneWorldTeamBossRoom" UseOriginSize="False" File="" TouchEnable="False" />
                        <Button Type="WZUIButton" Name="btnWeapon_SceneWorldTeamBossRoom" LuaDoneFunctionName="onClickWeapon" Tag="1" GUID="{ab8ac2ec-bcac-41ea-bd09-26de8534d35d}">
                            <NormalElement Type="WZUIContainer" GUID="{45c75e16-8296-49ac-961e-7cec659dd49c}" />
                            <SelectElement Type="WZUIContainer" GUID="{3ff8d78d-c315-4030-8f42-90953feb272e}" />
                            <DisableElement Type="WZUIContainer" GUID="{3abb4170-74a7-46a8-a25b-1d3b70e99fa1}" />
                        </Button>
                    </WZUIContainer>
                    <WZUIFreeTextBox Type="WZUIFreeTextBox" GUID="{531a66fd-d580-4d75-89d1-b7a9a084e1ce}" Name="ftxtInspire_SceneWorldTeamBossRoom" RelativePosition="0.5,0.05" MaxWidth="280" />
                    <WZUIContainer Type="WZUIContainer" GUID="{c0e1aa19-7224-40d5-a895-e9c4a50e158d}" Name="conForDressSuit_SceneWorldTeamBossRoom" AbsContentSize="122,34" UseAbsSize="True" RelativePosition="0.777,0.95139" />
                </WZUIContainer>
                <WZUIContainer Type="WZUIContainer" GUID="{8d5f48c2-c4b3-45f3-b535-7071ecd117cb}" AbsContentSize="306,456" UseAbsSize="True" RelativePosition="1.27,0.5" Name="conBossInfo_SceneWorldTeamBossRoom" AnchorPoint="0.5,0.5" AbsPosition="125.29,548.189" Tag="-1">
                    <WZUIContainer Type="WZUIContainer" GUID="{1535a467-23b6-4ed2-a47a-7078a63a8993}" AbsContentSize="306,56" AnchorPoint="0.5,1" RelativePosition="0.5,1" UseAbsSize="True" Name="conTop_SceneWorldTeamBossRoom">
                        <Button Type="WZUIButton" GUID="{05aebe41-51e9-4ddb-8cb3-b93c1ca62f6f}" UseAbsSize="True" AbsContentSize="60,60" RelativePosition="0.1,0.5" LuaDoneFunctionName="onChangeInfo" LuaActionName="Normal">
                            <NormalElement Type="WZUIContainer" GUID="{c9fe39e7-78a9-4190-9e49-c07293f3f047}" />
                            <SelectElement Type="WZUIContainer" GUID="{448a5a14-2592-428e-a1d1-b8e0c982a414}" />
                            <DisableElement Type="WZUIContainer" GUID="{f3f1397c-28d3-410d-ae7b-bb220e8e56f5}" />
                            <WZUIImage Type="WZUIImage" GUID="{7eba4734-ef05-48c1-97c2-8ba3f0da651d}" AbsPosition="0,0" UseOriginSize="True" File="ui/city/beta/main_icon_shezhi_2.png" />
                        </Button>
                        <WZUILabelTTF BoldFont="False" Color="105,65,46" EnableStroke="False" Font="" FontSize="20" GUID="{18edde05-aa3c-4809-9063-d36c081fc337}" Name="txtRoomName_SceneWorldTeamBossRoom" RelativePosition="0.2,0.7" ShadowColor="0,0,0" StrokeColor="91,49,24" StrokeSize="4" Text="saasagsag" Type="WZUILabelTTF" AnchorPoint="0,0.5" />
                        <WZUIContainer AbsContentSize="220,25" GUID="{2d3dc69d-0eb9-4d57-a274-471624d54f0c}" RelativePosition="0.2,0.3" ShowAll="False" Type="WZUIContainer" UseAbsSize="True" AnchorPoint="0,0.5" Name="conPassword_SceneWorldTeamBossRoom">
                            <WZUILabelTTF BoldFont="False" Color="105,65,46" EnableStroke="False" FontSize="20" GUID="{36d1bb82-e665-4a89-bb0f-38e20d2f641d}" RelativePosition="0,0.5" StrokeColor="91,49,24" Text="密码" Type="WZUILabelTTF" Name="txtRoomPassD_SceneWorldTeamBossRoom" AnchorPoint="0,0.5" TextKey="ROOM_PASSWORD" />
                            <WZUILabelTTF BoldFont="False" Color="105,65,46" EnableStroke="False" Font="" FontSize="20" GUID="{9c394766-c08e-48b4-a21f-ea6cb916eeff}" Name="txtRoomPass_SceneWorldTeamBossRoom" RelativePosition="0.259987,0.5" ShadowColor="0,0,0" StrokeColor="91,49,24" StrokeSize="4" Text="" Type="WZUILabelTTF" AnchorPoint="0,0.5" />
                        </WZUIContainer>
                    </WZUIContainer>
                    <WZUIContainer Type="WZUIContainer" GUID="{6826baf6-f77b-4417-bc79-78d31bdd4202}" AbsContentSize="306,400" UseAbsSize="True" AnchorPoint="0.5,0" RelativePosition="0.5,0">
                        <WZUIImage Type="WZUIImage" GUID="{42dd31d3-8bec-422b-9d31-7074ef67393d}" File="ui/world_boss/common_scale9_boss.png" UseOriginSize="True" RelativePosition="0.5,0.4875" />
                        <WZUIContainer AbsContentSize="" GUID="{54c9e783-4147-4957-88f8-c56b225fb700}" RelativePosition="0.5,0.29608" Type="WZUIContainer" UseAbsSize="False" Visible="True" RelativeSize="1,0.2" AnchorPoint="0.5,1">
                            <WZUIContainer AbsContentSize="226,20" AnchorPoint="0,0" GUID="{4cbc77fa-d73e-4edf-8780-a9faf728508a}" RelativePosition="0.216962,0.578616" RelativeSize="1,0.5" Type="WZUIContainer" UseAbsSize="True">
                                <WZUI9Image File="ui/common/common_progress_boss1_bg.png" GUID="{5bd7ef0e-bc0a-4315-8b24-17c37a221b28}" RelativePosition="0.5,0.5" Type="WZUI9Image" UseOriginSize="True" />
                                <WZUIProgress BgPicture="ui/common/common_progress_boss1_fore.png" GUID="{f8553c61-3741-4d05-b605-8f4f60e969f2}" Name="progBossBlood_SceneWorldTeamBossRoom" Percentage="" RelativePosition="0.5,0.5" Type="WZUIProgress" UseOriginSize="False" RelativeSize="1,0.9" Rotation="" />
                                <WZUILabelTTF Type="WZUILabelTTF" GUID="{3d34cad5-e3d7-4893-abbe-138c6eee9c9c}" Color="255,255,255" FontSize="18" Text="" Name="txtBossBlood_SceneWorldTeamBossRoom" NameCreate="True" EnableStroke="True" LabelStyleKey="NORMAL_EXP_PROGRESS" StrokeSize="4" StrokeColor="105,65,46" />
                            </WZUIContainer>
                            <WZUILabelTTF Type="WZUILabelTTF" GUID="{5c42047f-7b57-4f9c-9557-f411c4579581}" Color="255,236,193" FontSize="20" Name="txtLv_SceneWorldTeamBossRoom" Text="" RelativePosition="0.0428172,0.678132" Alignment="Left" AnchorPoint="0,0.5" EnableStroke="True" StrokeColor="105,65,46" StrokeSize="4" />
                        </WZUIContainer>
                        <WZUIContainer Type="WZUIContainer" GUID="{f400d8bf-33f5-46f9-9991-63202e432b6d}" AnchorPoint="0.5,1" RelativePosition="0.5,1" RelativeSize="1,0.73" Name="conMonster_SceneWorldTeamBossRoom">
                            <WZUILabelTTF Type="WZUILabelTTF" GUID="{9599fc38-19d7-456c-a716-d72e1a7646af}" FontSize="20" Color="255,236,193" StrokeSize="4" StrokeColor="105,65,46" Name="txtMonsterName_SceneWorldTeamBossRoom" Order="1" RelativePosition="0.5,0.9" EnableStroke="True" />
                            <WZUIImage Type="WZUIImage" GUID="{ad5ed2b5-102d-451a-9346-cf3df2427f45}" File="ui/common/common_icon_yy.png" UseOriginSize="True" RelativePosition="0.5,0.05" />
                        </WZUIContainer>
                        <WZUIContainer AbsContentSize="" GUID="{d3c19678-1acd-4db0-98a9-ba21e5f92d42}" RelativePosition="0.5,0.04" Type="WZUIContainer" UseAbsSize="False" Visible="True" RelativeSize="1,0.18" AnchorPoint="0.5,0" AbsPosition="152.1,18" Scale="0.83">
                            <WZUIContainer Type="WZUIContainer" GUID="{79de09f2-d146-4394-b676-087468863f5d}" RelativeSize="0.5,1" AnchorPoint="0,0.5" RelativePosition="0,0.5" AbsContentSize="" UseAbsSize="False">
                                <WZUIButton AbsContentSize="140,65" AnchorPoint="0.5,0.5" GUID="{d075020b-f036-416e-a448-ec561a0215ae}" LuaDoneFunctionName="onGoldInspire" RelativePosition="0.467127,0.34" Type="WZUIButton" UseAbsSize="True" Name="btnGold_SceneWorldTeamBossRoom" RelativeSize="1,1" LuaActionName="Normal" LocalInterval="300">
                                    <NormalElement GUID="{da75991f-e138-4738-8fb9-2254941fcb0c}" Type="WZUIContainer">
                                        <WZUIImage Type="WZUIImage" GUID="{d942627c-d829-4bf7-aa24-3ad20a6650f9}" File="ui/common/common_btn_anniu3.png" UseOriginSize="False" />
                                    </NormalElement>
                                    <SelectElement GUID="{e17ef8e7-43a2-4232-9270-410b4bd1bf55}" Type="WZUIContainer" Scale="1">
                                        <WZUIImage Type="WZUIImage" GUID="{e3cee11f-9271-4b99-83ab-ea6a44aa1b6c}" File="ui/common/common_btn_anniu3_sel.png" UseOriginSize="False" />
                                    </SelectElement>
                                    <DisableElement GUID="{07a69c53-03d2-4179-bc51-09111a20ac8b}" Type="WZUIContainer">
                                        <WZUIImage Type="WZUIImage" GUID="{cc2597fa-8b23-41df-b3ca-ae706699fa73}" File="ui/common/common_btn_anniu3.png" UseOriginSize="False" GrayRender="True" />
                                    </DisableElement>
                                    <WZUIFreeTextBox Type="WZUIFreeTextBox" GUID="{a6c593ee-9dfa-4125-8b4a-1b7eba274f3c}" Name="ftxtGoldCost_SceneWorldTeamBossRoom" RelativeSize="1,1" RelativePosition="0.5,0.5" MaxWidth="400" AnchorPoint="0.5,0.5" />
                                </WZUIButton>
                                <WZUIFreeTextBox Type="WZUIFreeTextBox" GUID="{ea8e6f89-5e59-4388-982a-e2d7ee5dee97}" Name="ftbCDGold_SceneWorldTeamBossRoom" RelativeSize="1,1" RelativePosition="0.5,0.828889" MaxWidth="400" />
                                <WZUILabelTTF Type="WZUILabelTTF" GUID="{3de3ab0c-cd68-4bfd-b632-73d48563360a}" Text="00:30" Color="255,236,193" FontSize="22" Alignment="Center" AnchorPoint="0.5,0.5" RelativePosition="0.5,0.936794" Name="txtCDGold_SceneWorldTeamBossRoom" TextKey="MAYBE_SUCCESS_SCENEWORLDBOSS" StrokeColor="105,65,46" StrokeSize="4" EnableStroke="True" />
                            </WZUIContainer>
                            <WZUIContainer Type="WZUIContainer" GUID="{1915e004-a7ab-49ba-ab81-f7eaa0a524ba}" RelativeSize="0.5,1" AnchorPoint="1,0.5" RelativePosition="1,0.5" AbsContentSize="" UseAbsSize="False">
                                <WZUIButton AbsContentSize="140,65" AnchorPoint="0.5,0.5" GUID="{d57e6e4b-237a-4db0-b1c7-3eb7b87e6163}" LuaDoneFunctionName="onDiamondInspire" RelativePosition="0.526299,0.34" Type="WZUIButton" UseAbsSize="True" Name="btnDiamond_SceneWorldTeamBossRoom" RelativeSize="1,1" TouchEnable="True" LuaActionName="Normal" LocalInterval="300">
                                    <NormalElement GUID="{303dfe4d-57b9-4a46-9ebc-fee44387d5ff}" Type="WZUIContainer">
                                        <WZUIImage Type="WZUIImage" GUID="{6db3bbb2-87e9-4822-af36-77d673365d25}" File="ui/common/common_btn_anniu3.png" UseOriginSize="False" />
                                    </NormalElement>
                                    <SelectElement GUID="{ef8ffdd2-36f7-44e0-b484-63d9cb661422}" Type="WZUIContainer" Scale="1">
                                        <WZUIImage Type="WZUIImage" GUID="{fb330d7d-5216-4842-b618-8774d4a78a03}" File="ui/common/common_btn_anniu3_sel.png" UseOriginSize="False" />
                                    </SelectElement>
                                    <DisableElement GUID="{5dccd537-c58c-48e3-be93-5f74ec9df4c7}" Type="WZUIContainer">
                                        <WZUIImage Type="WZUIImage" GUID="{da8d8957-63b9-4fa8-9370-969170f8bba1}" File="ui/common/common_btn_anniu3.png" UseOriginSize="False" GrayRender="True" />
                                    </DisableElement>
                                    <WZUIFreeTextBox Type="WZUIFreeTextBox" GUID="{2d55daf7-5a0f-4fca-be8e-929063c9d111}" Name="ftxtDiaCost_SceneWorldTeamBossRoom" RelativeSize="1,1" RelativePosition="0.5,0.5" MaxWidth="400" AnchorPoint="0.5,0.5" />
                                </WZUIButton>
                                <WZUILabelTTF Type="WZUILabelTTF" GUID="{0b11998a-163d-47f7-8b53-cb2e497408cb}" Text="00:30" Color="255,236,193" FontSize="22" Alignment="Center" AnchorPoint="0.5,0.5" RelativePosition="0.5,0.909016" Name="txtCDDiamond_SceneWorldTeamBossRoom" TextKey="MUST_SUCCESS_SCENEWORLDBOSS" EnableStroke="True" StrokeColor="105,65,46" StrokeSize="4" />
                            </WZUIContainer>
                        </WZUIContainer>
                    </WZUIContainer>
                </WZUIContainer>
            </WZUIContainer>
            <WZUIContainer Type="WZUIContainer" GUID="{2ee547b2-dad6-4e98-8fce-60b6266b3125}" AbsContentSize="960,100" UseAbsSize="True" AnchorPoint="0.5,0" RelativePosition="0.5,-0.00692042" Name="conBottom_SceneWorldTeamBossRoom" ShowAll="True">
                <WZUI9Image Type="WZUI9Image" GUID="{2384c5e4-f022-49cb-884d-9f6ea5f84ec5}" File="ui/hall/battle_scale9_jndj06.png" FlipX="False" FlipY="False" ScaleX="1.5" />
                <WZUIButton AbsContentSize="35,35" AnchorPoint="0.5,0" LuaDoneFunctionName="onClickMic" Name="btnMic_SceneWorldTeamBossRoom" Order="0" RelativePosition="0.0510418,0.693467" ShowAll="False" Type="WZUIButton" UseAbsSize="True" GUID="{273c3528-9270-4600-9648-9032bd55d606}" Scale="1" Visible="False">
                    <NormalElement Type="WZUIContainer" GUID="{141be39b-9862-45ca-b9b4-0b61ca38e8f6}">
                        <WZUIImage File="ui/common/common_icon_yuying02.png" Type="WZUIImage" UseOriginSize="True" GUID="{23277225-d63f-42df-a0c9-26c48c0ff412}" Visible="True" Scale="0.7" Name="imgMic1_SceneBossRoom" GrayRender="True" ScaleX="0.7" ScaleY="0.7" />
                    </NormalElement>
                    <SelectElement Type="WZUIContainer" GUID="{1bbb0dc8-40d5-4aec-8c60-d68acdece73a}">
                        <WZUIImage File="ui/common/common_icon_yuying02.png" Type="WZUIImage" UseOriginSize="True" Scale="0.7" GUID="{e04cf2cd-5a56-4942-b885-1ac0c88b2481}" Name="imgMic2_SceneBossRoom" ScaleX="0.7" ScaleY="0.7" GrayRender="True" />
                    </SelectElement>
                    <DisableElement Type="WZUIContainer" GUID="{8db5ce61-5ea3-457f-989a-d7960b8b1ebf}" />
                </WZUIButton>
                <WZUIButton AbsContentSize="35,35" AnchorPoint="0.5,0" LuaDoneFunctionName="onClickSpeaker" Name="btnSpeaker_SceneWorldTeamBossRoom" Order="0" RelativePosition="0.0506805,0.383791" ShowAll="False" Type="WZUIButton" UseAbsSize="True" GUID="{c10c5f97-af0e-4364-b5e0-a098a1b3d5a7}" Scale="1" Visible="False">
                    <NormalElement Type="WZUIContainer" GUID="{337e4e0f-975d-4d35-bb2f-2f2932f23a66}">
                        <WZUIImage File="ui/common/common_icon_yuying_02.png" Type="WZUIImage" UseOriginSize="True" GUID="{af0821ad-618e-49f7-99fc-d6d14c1a7b7b}" Visible="True" Scale="0.7" Name="imgSpeaker1_SceneBossRoom" GrayRender="True" ScaleX="0.7" ScaleY="0.7" />
                    </NormalElement>
                    <SelectElement Type="WZUIContainer" GUID="{8d6b6c04-f9cf-4686-b6c0-485db6011c7e}">
                        <WZUIImage File="ui/common/common_icon_yuying_02.png" Type="WZUIImage" UseOriginSize="True" Scale="0.8" GUID="{a3764986-007e-4899-bd64-54886b02ee69}" Name="imgSpeaker2_SceneBossRoom" ScaleY="0.8" ScaleX="0.8" GrayRender="True" />
                    </SelectElement>
                    <DisableElement Type="WZUIContainer" GUID="{e20094e3-af1a-4d4b-bc29-566026fc1966}" />
                </WZUIButton>
                <WZUIContainer Type="WZUIContainer" GUID="{374d5e14-e42d-4461-9156-015c60378cdb}" AbsContentSize="212,76" UseAbsSize="True" RelativePosition="0.885416,0.5" ShowAll="False" Visible="True">
                    <WZUIButton Type="WZUIButton" AbsContentSize="0,0" UseAbsSize="False" RelativePosition="0.5,0.5" GUID="{066d2603-e235-497c-9351-e86ea28526fb}" LuaDoneFunctionName="onStartGameButtonClick" Name="btnReadyGame_SceneWorldTeamBossRoom" TouchEnable="True" UseAbsCoordinate="False" LuaActionName="">
                        <NormalElement Type="WZUIContainer" GUID="{cbe43012-de5d-445f-8e4f-97680409aa92}">
                            <WZUIImage Type="WZUIImage" GUID="{2341a6ce-0070-4822-9d1d-5458822a99b9}" File="ui/common/common_btn_anniu8.png" />
                        </NormalElement>
                        <SelectElement Type="WZUIContainer" GUID="{766aaf08-cec6-418b-82f3-a844f50e9647}" Scale="1.05">
                            <WZUIImage Type="WZUIImage" GUID="{934ae3e7-d1df-4d1d-9d28-38e0a012cd8e}" File="ui/common/common_btn_anniu8_sel.png" />
                        </SelectElement>
                        <DisableElement Type="WZUIContainer" GUID="{d95a4201-3cc1-4f66-a9e9-73ba4459fc96}">
                            <WZUIImage Type="WZUIImage" GUID="{c7e7256b-f440-4eb9-a084-c25860ef8295}" File="ui/common/common_btn_anniu8_sel.png" />
                        </DisableElement>
                    </WZUIButton>
                    <WZArmature Type="WZArmature" GUID="{0d5bf070-8102-4e0c-90da-51a4743aacc8}" ArmatureFile="ui/ui_tongyong_anniu.xml" ArmatureName="ui_tongyong_anniu" UseOriginSize="True" RelativePosition="0.5,0.5" AnchorPoint="0.5,0.5" Name="armBtn_SceneWorldTeamBossRoom" TouchEnable="False" UseBasePoint="False">
                        <Action Type="WZUIArmatureAnimationById" GUID="{b9aef9b4-decf-433f-91a8-66d65569d3b1}" AnimationId="0" />
                    </WZArmature>
                    <WZUIImage Type="WZUIImage" GUID="{13670a06-cd79-42b9-b8d2-a53b74a856dc}" File="ui/common/common_icon_ksyx.png" UseOriginSize="True" Name="imgStartGame_SceneWorldTeamBossRoom" TouchEnable="False" GrayRender="False" RelativePosition="0.5,0.552632" Visible="True" />
                </WZUIContainer>
                <WZUIContainer Type="WZUIContainer" GUID="{7a144a95-1ba7-4473-b545-afc7d2673be7}" AbsContentSize="70,70" UseAbsSize="True" RelativePosition="0.733334,0.5" Name="conSkill_SceneWorldTeamBossRoom">
                    <Button Type="WZUIButton" GUID="{2356ac54-7222-4d49-9bd2-0c925ef0cd3d}" LuaDoneFunctionName="onClickSkill" LuaActionName="Normal">
                        <NormalElement Type="WZUIContainer" GUID="{589268c5-bb6f-447c-975a-80e41c7948ff}">
                            <WZUIImage Type="WZUIImage" GUID="{bfad917a-d804-4afb-82c6-b3fcf6a12b1b}" File="ui/Hall/battle_icon_jinengdaoju.png" UseOriginSize="True" />
                        </NormalElement>
                        <SelectElement Type="WZUIContainer" GUID="{58d2b3f6-0178-4465-af61-274201e9256a}">
                            <WZUIImage Type="WZUIImage" GUID="{134650e6-0b4f-47f1-ad28-bf1e91ddf566}" File="ui/Hall/battle_icon_jinengdaoju.png" UseOriginSize="True" />
                        </SelectElement>
                        <DisableElement Type="WZUIContainer" GUID="{23e8b134-ec33-445a-ad17-d71a3d8e22e9}" />
                    </Button>
                </WZUIContainer>
            </WZUIContainer>
        </WZUIContainer>
        <WZUIContainer Type="WZUIContainer" GUID="{c08ab857-dd16-4b51-9e13-ad49a821a822}" TouchEnable="False" Visible="True">
            <WZUIParticle Type="WZUIParticle" GUID="{e0ac3ea5-9827-4a28-8a1d-c19a643435f4}" PlistFile="particle/particle_tongyonglizi.plist" RelativePosition="0.5,0" TouchSwallow="True" TouchEnable="False" AnchorPoint="0.5,0" />
        </WZUIContainer>
    </WZUIFrame>
</SceneWorldTeamBossRoom>
