<?xml version="1.0" encoding="utf-8" ?>
<SceneCombinedServerSelectRole GUID="{4BCDFBC8-44A5-4bba-B3BE-F0DBC33D390C}">
    <WZUIFrame AbsContentSize="960,640" GUID="{4F665696-CA96-41f6-8E37-BBACC98B62C5}" LuaObjectName="SceneCombinedServerSelectRole" Name="SceneCombinedServerSelectRole" NameCreate="True" Type="WZUIFrame" UseAbsSize="True">
        <WZUIContainer AbsContentSize="960,640" GUID="{0A2A0C0E-0C3C-48a5-94B2-A5A7D8DE608F}" Type="WZUIContainer" UseAbsSize="True">
            <WZUIContainer AbsContentSize="1136,720" GUID="{5784EB51-7267-412c-8578-EE22B607490B}" Type="WZUIContainer" UseAbsSize="True">
                <WZUI9Image File="common/Jigsaw/51.png" GUID="{F3A0761D-2BB0-44f2-BDBC-87A1A7F32729}" Type="WZUI9Image" />
            </WZUIContainer>
        </WZUIContainer>
        <WZUIContainer AbsContentSize="1136,450" GUID="{7F8B666B-A6EB-4cbe-B57D-95CF06DB8714}" RelativePosition="0.5,0.615" Type="WZUIContainer" UseAbsSize="True">
            <WZUIPageContainer AbsContentSize="1136,450" DropRefreshFunction="" GUID="{D186B667-DEB8-46c4-B9CE-0D8F26792DF3}" GetCurrentIndexFunction="onGetCurrentIndex" Name="pageConRoleList_SceneCombinedServerSelectRole" PageWidth="0.3" Type="WZUIPageContainer" UseAbsSize="True" />
        </WZUIContainer>
        <WZUIContainer AbsContentSize="170,66" GUID="{38DDA3A4-0CA0-4fe5-AF29-B1446C33AD1F}" RelativePosition="0.5,0.2" Type="WZUIContainer" UseAbsSize="True">
            <WZUIButton AbsContentSize="170,66" GUID="{97DF9F56-2116-4b08-BFD1-BD810D4C3ABE}" LuaDoneFunctionName="onBtnEnterGame" Type="WZUIButton" UseAbsSize="True">
                <NormalElement AbsContentSize="170,66" GUID="{84BFDF12-44F3-49a5-8124-2E20EEE5272D}" Type="WZUIContainer" UseAbsSize="True">
                    <WZUI9Image File="common/button/button_2.png" GUID="{9B0F8994-3902-40f0-A1D5-21D6061B4F7D}" Type="WZUI9Image" UseOriginSize="False" />
                </NormalElement>
                <SelectElement AbsContentSize="170,66" GUID="{CA0269B7-BF72-4a32-9D1B-3F9BAEF8611E}" Type="WZUIContainer" UseAbsSize="True">
                    <WZUI9Image File="common/button/button_2_sel.png" GUID="{2F3F9FB2-23FA-41aa-91CA-766497E0589E}" Type="WZUI9Image" UseOriginSize="False" />
                </SelectElement>
                <DisableElement AbsContentSize="170,66" GUID="{9D17C9A7-B96C-422c-8CAB-DAAE8C4899C8}" Type="WZUIContainer" UseAbsSize="True">
                    <WZUI9Image File="common/button/button_4.png" GUID="{94A2FD50-460A-40ce-B616-D57E31477C23}" Type="WZUI9Image" UseOriginSize="False" />
                </DisableElement>
                <WZUILabelTTF BoldFont="True" Color="255,255,255" Dimensions="0,0" EnableStroke="True" FontSize="28" GUID="{EDD729AD-4D81-4d67-8020-1ED0D8394F19}" Name="txtEnterGame_SceneCombinedServerSelectRole" StrokeColor="29,121,1" StrokeSize="4" Type="WZUILabelTTF" />
            </WZUIButton>
        </WZUIContainer>
    </WZUIFrame>
</SceneCombinedServerSelectRole>
