﻿<ScenePvp GUID="{1361e64e-53fa-4003-b32b-8d59162a9d3b}">
    <WZUIFrame Type="WZUIFrame" GUID="{867add1b-d680-4365-a3d9-3b45f77d24bf}" Name="ScenePvp" LuaObjectName="ScenePvp" LuaTouchBeganFunction="onTouchBegin">
        <WZUI9Image Type="WZUI9Image" GUID="{e6f9f8cc-7294-48f8-9bc4-509c47756209}" File="ui/common_bg/common_scale9_di2.png" Visible="True" Name="" UseOriginSize="True" Scale="2" />
        <WZUIContainer Type="WZUIContainer" GUID="{9c104da1-528f-4b72-8605-4743fe05048c}" ShowAll="True" Name="conList_ScenePvp">
            <WZUIContainer Type="WZUIContainer" GUID="{e5e982ab-d823-4810-8309-3525edfb2896}" RelativeSize="1,0.8" AbsContentSize="910,470" UseAbsSize="True" RelativePosition="0.50088,0.517187" ShowAll="False">
                <WZUIContainer Type="WZUIContainer" GUID="{ff487162-a79f-4902-a9f1-58147b21200d}" AbsContentSize="254,468" RelativePosition="0,0.5" UseAbsSize="True" AnchorPoint="0,0.5" Name="" Visible="True">
                    <Button Type="WZUIButton" GUID="{23a2b351-e373-4e16-99fb-f17e11201e57}" AbsContentSize="254,468" UseAbsSize="True" RelativePosition="0.5,0.5" Visible="True" LuaDoneFunctionName="onSelectMatch" Tag="1" Name="btn1_ScenePvp">
                        <NormalElement Type="WZUIContainer" GUID="{a2260d9a-7340-40a8-b43a-5724a85ef228}">
                            <WZUIImage Type="WZUIImage" GUID="{78ade4cc-90fc-40d4-a2e3-ce9920830052}" File="ui/pvp/common_pic_jjct1.png" UseOriginSize="True" Visible="True" />
                        </NormalElement>
                        <SelectElement Type="WZUIContainer" GUID="{2b311a26-ff9b-430e-a4fe-575204d3bdfd}">
                            <WZUIImage Type="WZUIImage" GUID="{6aefdfa2-93d5-46bd-b35e-a4e4ed0e5ca0}" File="ui/pvp/common_pic_jjct1.png" UseOriginSize="True" />
                            <WZUIContainer Type="WZUIContainer" GUID="{fd8f901d-9ce7-497b-9e0c-7ae46b76fcb4}" AbsContentSize="254,468" UseAbsSize="True" ScaleX="0.98" ScaleY="0.98" RelativePosition="0.5,0.504">
                                <WZUI9Image Type="WZUI9Image" GUID="{3414b50e-3311-4847-9e11-ae1e21d22e64}" File="ui/common/common_shade_chushouheidi.png" Opacity="200" Scale="1" ScaleX="1" ScaleY="1" RelativePosition="0.5,0.5" />
                            </WZUIContainer>
                        </SelectElement>
                        <DisableElement Type="WZUIContainer" GUID="{584ecb46-1697-411c-b601-669e51e3d149}" />
                    </Button>
                    <WZUIContainer Type="WZUIContainer" GUID="{d87c3f5f-6372-41a6-875e-c21050df871c}" AnchorPoint="0.5,0" RelativePosition="0.5,0" RelativeSize="1,0.18">
                        <WZUILabelTTF Type="WZUILabelTTF" GUID="{a980aa64-9d24-4031-861f-7e471f8add00}" LabelStyleKey="C1_F28_S4_C13" TextKey="PVP_HALL_4" RelativePosition="0.5,0.737417" />
                        <WZUILabelTTF Type="WZUILabelTTF" GUID="{fb23e0fb-1a27-471e-abdc-7d7442660531}" LabelStyleKey="C7_F18" TextKey="PVP_HALL_6" RelativePosition="0.5,0.381292" Name="txtE1_ScenePvp" />
                    </WZUIContainer>
                    <WZUIContainer Type="WZUIContainer" GUID="{88de5966-3b3b-4b22-b30a-a2843e9a1690}" Visible="True">
                        <WZUIContainer Type="WZUIContainer" GUID="{c12936d2-8fe3-471f-9ed2-6e29b7f3c487}" Scale="0.99" ScaleY="0.97" RelativePosition="0.5,0.510684" ScaleX="0.98" Visible="False" Name="conStateClose1_ScenePvp">
                            <WZUI9Image Type="WZUI9Image" GUID="{7c0c3426-e737-4910-a039-50702208ec26}" File="ui/common/common_shade_chushouheidi.png" TouchEnable="False" TouchSwallow="False" />
                            <WZUIImage Type="WZUIImage" GUID="{c858b50f-fca6-44f6-9e4f-5e3a581276a4}" File="ui/common/common_icon_suo.png" UseOriginSize="True" RelativePosition="0.5,0.619659" Scale="0.82" TouchEnable="False" TouchSwallow="False" />
                            <WZUIFreeTextBox Type="WZUIFreeTextBox" GUID="{15f51d00-f8c0-481e-9f83-cb799b41f3b8}" Name="ftbOpenTime1_ScenePvp" MaxWidth="300" TouchEnable="False" TouchSwallow="False" />
                        </WZUIContainer>
                        <WZUIContainer Type="WZUIContainer" GUID="{5e0f9eaf-8af3-4ba8-9d11-e5daf1f21f7e}" Name="conStateOpen1_ScenePvp" Visible="True">
                            <WZUIContainer Type="WZUIContainer" GUID="{498e86be-8f37-43f2-bd1a-8ec8aa122bf1}" AbsContentSize="90,30" UseAbsSize="True" RelativePosition="0.19,0.91" Visible="True">
                                <WZUIImage Type="WZUIImage" GUID="{4f6f9f99-6b7b-4b2a-873a-a1d0fc90188b}" File="ui/pvp/common_icon_jjchdkq.png" UseOriginSize="True" RelativePosition="0,0.5" Name="imgStateOpen1_ScenePvp" AnchorPoint="0,0.5" />
                                <WZUILabelTTF Type="WZUILabelTTF" GUID="{52102b4f-0283-4943-abd3-f6d577dc207b}" LabelStyleKey="C18_F18_S4_C14" TextKey="PVP_HALL_36" Name="txtStateOpen1_ScenePvp" RelativePosition="0.05,0.5" Alignment="Left" AnchorPoint="0,0.5" />
                            </WZUIContainer>
                        </WZUIContainer>
                    </WZUIContainer>
                    <WZUIContainer Type="WZUIContainer" GUID="{6b41167c-ac89-4808-9141-78f94c01ce4c}" TouchEnable="False" Name="con1_ScenePvp" Visible="True">
                        <WZUI9Image Type="WZUI9Image" GUID="{5a839c05-de9b-4fce-b9f0-b0e2854c41d5}" File="ui/common/common_shade_chushouheidi.png" ScaleY="0.98" ScaleX="0.99" RelativePosition="0.5,0.5" />
                        <WZUIImage Type="WZUIImage" GUID="{eb231bab-d60c-4a69-b5b8-d9205794b69b}" File="ui/common/common_icon_suo.png" UseOriginSize="True" />
                    </WZUIContainer>
                </WZUIContainer>
                <WZUIContainer Type="WZUIContainer" GUID="{626ea417-7b3d-44c2-90ee-d5ed854bf005}" AbsContentSize="254,468" RelativePosition="0.432,0.5" UseAbsSize="True" Name="">
                    <Button Type="WZUIButton" GUID="{c3d7cb5c-1c29-4f46-b8f6-1b00ff84e82a}" AbsContentSize="254,468" UseAbsSize="True" RelativePosition="0.5,0.5" Visible="True" LuaDoneFunctionName="onSelectMatch" Tag="2">
                        <NormalElement Type="WZUIContainer" GUID="{96e05b48-8291-486c-8766-3fb7cf4d4179}">
                            <WZUIImage Type="WZUIImage" GUID="{4aac4b5b-26e9-48e6-8d2c-b96c66edee38}" File="ui/pvp/common_pic_jjct2.png" UseOriginSize="True" />
                        </NormalElement>
                        <SelectElement Type="WZUIContainer" GUID="{ceebcf8e-ea24-4652-9147-0325dfabde1a}">
                            <WZUIImage Type="WZUIImage" GUID="{5117b3f6-56c1-46d7-8464-162e8149bb50}" File="ui/pvp/common_pic_jjct2.png" UseOriginSize="True" />
                            <WZUIContainer Type="WZUIContainer" GUID="{47bc9200-4a3c-4226-8003-4c1ed66fa2ed}" AbsContentSize="254,468" UseAbsSize="True" ScaleX="0.98" ScaleY="0.98" RelativePosition="0.5,0.504">
                                <WZUI9Image Type="WZUI9Image" GUID="{e26673f5-d5d7-4b9e-9266-9aaaadb002ae}" File="ui/common/common_shade_chushouheidi.png" Opacity="200" Scale="1" ScaleX="1" ScaleY="1" RelativePosition="0.5,0.5" />
                            </WZUIContainer>
                        </SelectElement>
                        <DisableElement Type="WZUIContainer" GUID="{c17c10bd-368c-40c6-9898-f5f080da10f8}" />
                    </Button>
                    <WZUIContainer Type="WZUIContainer" GUID="{d6abaa36-d3ba-4721-899a-e9e558a76c53}" AnchorPoint="0.5,0" RelativePosition="0.5,0" RelativeSize="1,0.18">
                        <WZUILabelTTF Type="WZUILabelTTF" GUID="{c751e2c3-c0fe-4fc4-8617-565aecd8d974}" LabelStyleKey="C1_F28_S4_C13" TextKey="WELFARE_COMPETE1" RelativePosition="0.5,0.737417" Text="" Name="txtET_ScenePvp" />
                        <WZUILabelTTF Type="WZUILabelTTF" GUID="{d78ba3a5-a97c-4838-9e52-400c88817f95}" LabelStyleKey="C7_F18" TextKey="PVP_HALL_37" RelativePosition="0.5,0.381292" Name="txtE2_ScenePvp" />
                    </WZUIContainer>
                    <WZUIContainer Type="WZUIContainer" GUID="{4d680b03-3a9a-487a-8329-68417cc1f9c2}" Visible="True">
                        <WZUIContainer Type="WZUIContainer" GUID="{1f0e19d6-5151-4729-8115-fa3baa135a0e}" Scale="0.99" ScaleY="0.97" RelativePosition="0.5,0.510684" ScaleX="0.98" Visible="False" Name="conStateClose2_ScenePvp">
                            <WZUI9Image Type="WZUI9Image" GUID="{936485ee-e10d-4cf0-bf25-00f9bf34f51f}" File="ui/common/common_shade_chushouheidi.png" TouchEnable="False" TouchSwallow="False" />
                            <WZUIImage Type="WZUIImage" GUID="{1a8f36f8-f222-465b-93cd-0f0156ac1baf}" File="ui/common/common_icon_suo.png" UseOriginSize="True" RelativePosition="0.5,0.619659" Scale="0.82" TouchEnable="False" TouchSwallow="False" />
                            <WZUIFreeTextBox Type="WZUIFreeTextBox" GUID="{7dcc3a88-bd7c-4a9e-8abc-1670cf17c0c3}" Name="ftbOpenTime2_ScenePvp" MaxWidth="300" TouchEnable="False" TouchSwallow="False" />
                        </WZUIContainer>
                        <WZUIContainer Type="WZUIContainer" GUID="{a78f85d3-e20b-4704-9220-4d86cf5c0307}" Name="conStateOpen2_ScenePvp" Visible="True">
                            <WZUIContainer Type="WZUIContainer" GUID="{62e7d461-80cb-410a-87f9-ead2b856d768}" AbsContentSize="90,30" UseAbsSize="True" RelativePosition="0.19,0.91">
                                <WZUIImage Type="WZUIImage" GUID="{9de3d776-213b-449e-8840-5ccd914ea6c7}" File="ui/pvp/common_icon_jjchdkq.png" UseOriginSize="True" RelativePosition="0,0.5" ScaleX="1" AnchorPoint="0,0.5" Name="imgopen2_ScenePvp" />
                                <WZUILabelTTF Type="WZUILabelTTF" GUID="{c6182025-297a-48b4-9e00-266278c746df}" LabelStyleKey="C18_F18_S4_C14" TextKey="" Name="open2_ScenePvp" Text="" Alignment="Left" AnchorPoint="0,0.5" RelativePosition="0.05,0.5" />
                            </WZUIContainer>
                        </WZUIContainer>
                        <WZUIFreeTextBox Type="WZUIFreeTextBox" GUID="{f133cd77-91e9-4729-848e-e57b555d3ee1}" Name="time21" MaxWidth="220" AnchorPoint="0,1" RelativePosition="0.05,0.865" />
                    </WZUIContainer>
                    <WZUIContainer Type="WZUIContainer" GUID="{e4c55488-a5c5-42a8-92c7-9f507f6cca48}" TouchEnable="False" Name="con2_ScenePvp" Visible="True">
                        <WZUI9Image Type="WZUI9Image" GUID="{95780cc3-fa3a-42d1-8ea1-adaf0217cc92}" File="ui/common/common_shade_chushouheidi.png" ScaleY="0.98" ScaleX="0.99" RelativePosition="0.5,0.5" />
                        <WZUIImage Type="WZUIImage" GUID="{6d913eb0-96d5-4adc-bb51-366a6417bead}" File="ui/common/common_icon_suo.png" UseOriginSize="True" />
                    </WZUIContainer>
                </WZUIContainer>
                <WZUIContainer Type="WZUIContainer" GUID="{a71cdc52-55b6-448b-9a01-bc8b00b11841}" AbsContentSize="378,468" UseAbsSize="True" RelativePosition="1,0.5" AnchorPoint="1,0.5" Name="" Visible="True">
                    <Button Type="WZUIButton" GUID="{1966c7a2-5190-4af6-be87-eb58fade63c6}" AbsContentSize="380,468" UseAbsSize="True" RelativePosition="0.5,0.5" Visible="True" LuaDoneFunctionName="onSelectMatch" Tag="3" TouchEnable="True" Name="btn3_ScenePvp">
                        <NormalElement Type="WZUIContainer" GUID="{6f87918c-4f82-4d93-94bd-30a63cbbf636}">
                            <WZUIImage Type="WZUIImage" GUID="{431bf933-e2f8-4367-ba00-3bc8b2b0452b}" File="ui/pvp/common_pic_jjct3.png" UseOriginSize="True" />
                        </NormalElement>
                        <SelectElement Type="WZUIContainer" GUID="{5a3590c2-4b61-428d-8ed9-da9af45af134}">
                            <WZUIImage Type="WZUIImage" GUID="{799ea7c0-721a-4bb1-9748-c4fff1ec5b13}" File="ui/pvp/common_pic_jjct3.png" UseOriginSize="True" />
                            <WZUIContainer Type="WZUIContainer" GUID="{d5456aa7-d47a-4015-a2ff-bdbbc9fe38f2}" AbsContentSize="378,468" UseAbsSize="True" ScaleX="0.985" ScaleY="0.98" RelativePosition="0.5,0.504">
                                <WZUI9Image Type="WZUI9Image" GUID="{dfaa7837-1540-47cb-a019-6a204923f2b2}" File="ui/common/common_shade_chushouheidi.png" Opacity="200" Scale="1" ScaleX="1" ScaleY="1" RelativePosition="0.5,0.5" />
                            </WZUIContainer>
                        </SelectElement>
                        <DisableElement Type="WZUIContainer" GUID="{f01d96a9-2c63-4e2e-9165-36755e3187dd}" />
                    </Button>
                    <WZUIContainer Type="WZUIContainer" GUID="{0f3ba835-6237-4237-9497-0eb68a001d7a}" AnchorPoint="0.5,0" RelativePosition="0.5,0" RelativeSize="1,0.18" Visible="True">
                        <WZUILabelTTF Type="WZUILabelTTF" GUID="{6287fbe0-012b-4578-9c98-b606d69e7397}" LabelStyleKey="C1_F28_S4_C13" TextKey="BATTLE_MODEL_RANK" RelativePosition="0.5,0.737417" />
                        <WZUILabelTTF Type="WZUILabelTTF" GUID="{b3c31170-00fb-4cfc-b8de-44b804978c01}" LabelStyleKey="C7_F18" TextKey="PVP_HALL_8" RelativePosition="0.5,0.381292" Name="txtE3_ScenePvp" />
                    </WZUIContainer>
                    <WZUIContainer Type="WZUIContainer" GUID="{f5a4acb3-efc4-4dd4-9daf-83c20aef8b5e}" Visible="True">
                        <WZUIContainer Type="WZUIContainer" GUID="{53c9b39b-fd85-4cfd-aaad-be19600146d2}" Scale="0.99" ScaleY="0.97" RelativePosition="0.497355,0.508547" ScaleX="0.99" Visible="False" Name="conStateClose3_ScenePvp" Order="1" TouchContainerEnable="False">
                            <WZUI9Image Type="WZUI9Image" GUID="{f5a38441-c16f-4eb0-b3b4-855cebe21f38}" File="ui/common/common_shade_chushouheidi.png" TouchEnable="False" TouchSwallow="False" />
                            <WZUIImage Type="WZUIImage" GUID="{c6895185-f4c5-4de0-b5f0-eb6dde37cc33}" File="ui/common/common_icon_suo.png" UseOriginSize="True" RelativePosition="0.5,0.5" Scale="0.82" TouchEnable="False" TouchSwallow="False" />
                            <WZUIFreeTextBox Type="WZUIFreeTextBox" GUID="{199121ed-186f-458a-b14b-66676a4581a1}" Name="ftbOpenTime3_ScenePvp" MaxWidth="300" TouchEnable="False" TouchSwallow="False" />
                        </WZUIContainer>
                        <WZUIContainer Type="WZUIContainer" GUID="{cd38a9de-7fda-443f-aa1f-1c760dbf9f5f}" Name="conStateOpen3_ScenePvp" Visible="True">
                            <WZUIContainer Type="WZUIContainer" GUID="{50645cf3-d985-4444-b78f-0642d8436377}" AbsContentSize="90,30" UseAbsSize="True" RelativePosition="0.125,0.91">
                                <WZUIImage Type="WZUIImage" GUID="{dab123fa-385a-4094-aaed-6d8363589c35}" File="ui/pvp/common_icon_jjchdkq.png" UseOriginSize="True" RelativePosition="0,0.5" Name="imgStateOpen3_ScenePvp" AnchorPoint="0,0.5" />
                                <WZUILabelTTF Type="WZUILabelTTF" GUID="{424cbd7d-7095-4f4d-9df6-dcb1c550e6a6}" LabelStyleKey="C18_F18_S4_C14" TextKey="PVP_HALL_38" Name="txtStateOpen3_ScenePvp" Alignment="Left" AnchorPoint="0,0.5" RelativePosition="0.05,0.5" />
                            </WZUIContainer>
                        </WZUIContainer>
                        <WZUILabelTTF Type="WZUILabelTTF" GUID="{ed38e0bc-4b81-4de9-85b7-be6990aac2f3}" Name="time31" LabelStyleKey="C18_F20_S4_C5" Text="" RelativePosition="0.034127,0.84" Alignment="Left" AnchorPoint="0,0.5" TextKey="ASCENDING33" Visible="False" />
                        <WZUILabelTTF Type="WZUILabelTTF" GUID="{128e4e92-de4b-46f7-84d6-83ca9890b434}" Name="time32" LabelStyleKey="C18_F20_S4_C5" Text="" RelativePosition="0.034127,0.78" Alignment="Left" AnchorPoint="0,0.5" />
                    </WZUIContainer>
                    <WZUIContainer Type="WZUIContainer" GUID="{2a4ffcfe-262d-41ea-8dc9-f88205676add}" TouchEnable="False" Name="con3_ScenePvp" Visible="True">
                        <WZUI9Image Type="WZUI9Image" GUID="{8116b8e1-1a36-40bc-8cfd-24e5383989af}" File="ui/common/common_shade_chushouheidi.png" ScaleY="0.98" ScaleX="0.99" RelativePosition="0.5,0.5" />
                        <WZUIImage Type="WZUIImage" GUID="{1d6b46b7-8f01-48eb-8678-b488f0599ba7}" File="ui/common/common_icon_suo.png" UseOriginSize="True" />
                    </WZUIContainer>
                </WZUIContainer>
            </WZUIContainer>
        </WZUIContainer>
    </WZUIFrame>
</ScenePvp>
