﻿<?xml version="1.0" ?>
<SceneMemberList GUID="{1BAA0F36-62E6-4209-A017-A0F0B0ADBC61}">
    <WZUIWindow Type="WZUIWindow" GUID="{28EB799D-D11E-4c61-8D21-EBFBE1A50B30}" Name="SceneMemberList" LuaObjectName="SceneMemberList" ShowAll="False" LuaTouchBeganFunction="onTouchBegan" RelativePosition="0.5,0.5">
        <WZUIContainer AbsContentSize="" GUID="{6FBE03F9-6C08-4a63-AAA2-716159955C04}" Type="WZUIContainer" UseAbsSize="False" Visible="True" TouchSwallow="False">
            <WZUI9Image Type="WZUI9Image" GUID="{0ADE3EF7-9329-4744-BE38-F1AF639CDC98}" File="ui/common_bg/common_scale9_di2.png" Visible="True" UseOriginSize="True" Scale="2" />
        </WZUIContainer>
        <WZUIContainer Type="WZUIContainer" GUID="{A324097A-C1B0-4900-8A40-D32DA5160465}" Name="conShowAll_SceneMemberList" ShowAll="True" RelativePosition="0.5,0.5" Order="0">
            <WZUIContainer Type="WZUIContainer" GUID="{F9567031-806B-46f0-ACE6-898308D26310}" AbsContentSize="850,520" UseAbsSize="True" RelativePosition="0.5,0.45" ShowAll="False" Visible="True">
                <WZUI9Image Type="WZUI9Image" GUID="{A1C7441F-7BC7-4779-9699-879FCBDB9D69}" File="ui/common/common_scale9_di32.png" />
            </WZUIContainer>
            <WZUIContainer Type="WZUIContainer" GUID="{95333a74-d876-426c-b7cb-91b18b344fb0}" Name="conMain1" Visible="True">
                <WZUIContainer Type="WZUIContainer" GUID="{9ec93de8-9a33-4adc-934a-18d515b14edc}" UseAbsSize="True" AbsContentSize="840,430" RelativePosition="0.5,0.51">
                    <WZUI9Image Type="WZUI9Image" GUID="{00d9710e-8be6-4850-b4f6-77b5a5d9532e}" File="ui/community/gonghui_di2.png" />
                    <WZUIImage Type="WZUIImage" GUID="{30a653f8-ec88-4cf5-974d-2708a7741d99}" File="ui/community/gonghui_fengexian.png" UseOriginSize="True" RelativePosition="0.5,0" ScaleX="2" />
                </WZUIContainer>
                <WZUIContainer AnchorPoint="0.5,0.6" GUID="{917765f4-c8b4-446f-b8d8-f8272f6f5a45}" RelativePosition="0.37,0.58" ShowAll="False" Type="WZUIContainer" AbsContentSize="590,430" UseAbsSize="True">
                    <WZUIContainer AbsContentSize="560,45" GUID="{411c3f91-0ebe-4aa3-9578-16f6813b0b03}" Name="conTopTItle_SceneMemberList" RelativePosition="0.5,1" RelativeSize="0.8,0.12" ShowAll="False" Type="WZUIContainer" UseAbsSize="True" AnchorPoint="0.5,1">
                        <WZUILabelTTF Color="255,227,116" FontSize="25" GUID="{7ed86c06-8ae5-4b6f-9fef-2dc4c633a551}" Name="txtJob_SceneMemberList" RelativePosition="0.26,0.5" ShadowColor="255,255,255" ShadowOpacity="255,255,255" Type="WZUILabelTTF" BoldFont="True" EnableStroke="True" StrokeColor="109,81,42" StrokeSize="4" LabelStyleKey="C11_F24" TextKey="NEWCOMMUNITY12" />
                        <WZUILabelTTF Color="255,227,116" FontSize="25" GUID="{8ee355d0-a742-4732-ac58-e536d07a9908}" Name="txtCon_SceneMemberList" RelativePosition="0.55,0.5" ShadowColor="255,255,255" StrokeColor="109,81,42" Type="WZUILabelTTF" StrokeSize="4" BoldFont="True" EnableStroke="True" TextKey="COMMUNITYINFO50" LabelStyleKey="C11_F24" />
                        <WZUILabelTTF Color="255,227,116" FontSize="25" GUID="{3e6ed135-9a55-4a15-a45c-9e4cf785f684}" Name="txtState_SceneMemberList" RelativePosition="0.8,0.5" ShadowColor="255,255,255" StrokeColor="109,81,42" Type="WZUILabelTTF" EnableStroke="True" BoldFont="True" StrokeSize="4" TextKey="COMMUNITYINFO51" LabelStyleKey="C11_F24" />
                        <WZUIImage Type="WZUIImage" GUID="{b30fc8f9-6ec0-46fc-a8cc-e5176050a820}" File="ui/community/gonghui_fengexian.png" UseOriginSize="True" RelativePosition="0.5,0" ScaleX="1.3" Scale="1.3" ScaleY="1" />
                    </WZUIContainer>
                    <WZUITableContainer AbsContentSize="600,375" CellElementHeight="0.23" EnableHorizontalScroll="False" EnableMoveHorizontal="False" EnableVerticalScroll="True" GUID="{0f4205c6-b59c-4831-b010-e75112ea41ae}" Name="tbconTextContent_SceneMemberList" RelativePosition="0.5,0.45" RelativeSize="1,1" ScrollPictureDown="" ScrollPictureMid="" ScrollPictureTop="" Type="WZUITableContainer" UseAbsSize="True" VerticalInterval="0.016" />
                    <WZUIImage Type="WZUIImage" GUID="{79a014c2-bc1f-4929-b1cb-c38a1e5eb89a}" File="ui/community/gonghui_fengexian.png" UseOriginSize="True" RelativePosition="0.996058,0.511187" ScaleX="1" Rotation="90" Scale="1" ScaleY="1" />
                </WZUIContainer>
                <WZUIContainer Type="WZUIContainer" GUID="{48e34bf9-4184-407d-b1b7-2cace08fbbe8}" AbsContentSize="255,425" UseAbsSize="True" RelativePosition="0.805,0.51" Name="conInfo_SceneMemberList" ShowAll="False">
                    <WZUIFreeTextBox Type="WZUIFreeTextBox" GUID="{10b5eedc-939c-459e-97c7-6a1623238a73}" Name="infoFree_SceneMemberList" RelativePosition="0.03,0.67" MaxWidth="800" AnchorPoint="0,0.5" Visible="False" />
                    <WZUIContainer Type="WZUIContainer" GUID="{06fe0e94-734b-4e28-9487-9ed1d872a287}" Name="con1" UseAbsSize="True" AbsContentSize="280,175" RelativePosition="0.5,1" AnchorPoint="0.5,1">
                        <WZUILabelTTF Type="WZUILabelTTF" GUID="{fe7228ec-518d-43b4-90ef-4d5b6cfb308c}" Name="CommunityNameT" BoldFont="True" FontSize="20" Alignment="Left" AnchorPoint="0,0.5" Color="255,227,116" Text="" RelativePosition="0.144621,0.81" TextKey="COMMUNITY_BATTLE" />
                        <WZUILabelTTF Type="WZUILabelTTF" GUID="{04e36079-00c6-49d5-a499-2580ac21aa7f}" Name="CommunityName" BoldFont="True" FontSize="20" Alignment="Left" AnchorPoint="0,0.5" Color="255,236,193" Text="Name" RelativePosition="0.374692,0.81" LabelStyleKey="C7_F20" />
                        <WZUILabelTTF Type="WZUILabelTTF" GUID="{33fd2cc8-a446-43fa-9fb6-79631e08748e}" Name="CommunityIdT" BoldFont="True" FontSize="20" Alignment="Left" AnchorPoint="0,0.5" Color="255,227,116" Text="I D:" RelativePosition="0.144621,0.64" TextKey="" />
                        <WZUILabelTTF Type="WZUILabelTTF" GUID="{1e6583d4-831e-4490-9fd7-2b1efa47a851}" Name="CommunityId" BoldFont="True" FontSize="20" Alignment="Left" AnchorPoint="0,0.5" Color="195,171,148" Text="Name" RelativePosition="0.374692,0.64" />
                        <WZUILabelTTF Type="WZUILabelTTF" GUID="{fb7b4942-39fe-4db4-8d10-73399f011c0b}" Name="CommunityLvT" BoldFont="True" FontSize="20" Alignment="Left" AnchorPoint="0,0.5" Color="255,227,116" Text="" RelativePosition="0.144621,0.47" TextKey="NEWCOMMUNITY1" />
                        <WZUILabelTTF Type="WZUILabelTTF" GUID="{92603757-fbf1-4b64-8f80-231f23f5c9e9}" Name="CommunityLv" BoldFont="True" FontSize="20" Alignment="Left" AnchorPoint="0,0.5" Color="195,171,148" Text="0" RelativePosition="0.374692,0.47" />
                        <WZUIImage Type="WZUIImage" GUID="{16c1b3a9-784d-4422-a121-7d525bb38dd7}" File="ui/common/common_icon_gzww.png" UseOriginSize="True" Scale="0.9" RelativePosition="0.0716752,0.3" Visible="False" />
                        <WZUILabelTTF Type="WZUILabelTTF" GUID="{65389c19-7bc2-4fe4-a4ec-f290a4d9c427}" Name="CommunityPrestige" BoldFont="True" FontSize="20" Alignment="Left" AnchorPoint="0,0.5" Color="255,227,116" Text="" RelativePosition="0.144621,0.3" TextKey="COMMUNITYINFO57" />
                        <WZUILabelTTF Type="WZUILabelTTF" GUID="{b177d3f6-f748-4879-b52e-35f1642ea798}" Name="CommunityPrestige1" BoldFont="True" FontSize="20" Alignment="Left" AnchorPoint="0,0.5" Color="195,171,148" Text="0" RelativePosition="0.388801,0.3" />
                        <WZUILabelTTF Type="WZUILabelTTF" GUID="{61e3c744-9308-45dd-a440-5ab7f7add57f}" Name="CommunityMember" BoldFont="True" FontSize="20" Alignment="Left" AnchorPoint="0,0.5" Color="255,227,116" Text="" RelativePosition="0.141093,0.13" TextKey="PEOPLE_NUM" />
                        <WZUILabelTTF Type="WZUILabelTTF" GUID="{ff4c998e-2d03-4c02-9bdf-6b8a89d2b41b}" Name="CommunityMember1" BoldFont="True" FontSize="20" Alignment="Left" AnchorPoint="0,0.5" Color="195,171,148" Text="0/0" RelativePosition="0.388183,0.13" />
                        <WZUIImage Type="WZUIImage" GUID="{4676d400-e228-4de5-bd0f-7df6db0f723f}" File="ui/common/common_scale9_fengexian.png" UseOriginSize="True" RelativePosition="0.5,0" ScaleX="1.4" AnchorPoint="0.5,1" />
                    </WZUIContainer>
                    <WZUIContainer Type="WZUIContainer" GUID="{13a6ed2c-9e23-498b-bfad-5d3c13d93637}" AbsContentSize="280,105" UseAbsSize="True" AnchorPoint="0.5,0" RelativePosition="0.5,0.34" Name="con2">
                        <WZUIFreeTextBox Type="WZUIFreeTextBox" GUID="{07ff8611-41b4-45be-afe5-bd31c8bf00a9}" Name="CommunityDeclaration" AnchorPoint="0,1" RelativePosition="0.0898077,0.925522" MaxWidth="240" ShowText="" />
                    </WZUIContainer>
                    <WZUIContainer Type="WZUIContainer" GUID="{5915a708-a7b1-4c41-9115-07924227bfdc}" Name="con3" UseAbsSize="True" AbsContentSize="280,85" RelativePosition="0.5,0.24" Visible="True">
                        <WZUILabelTTF Type="WZUILabelTTF" GUID="{c107b1d3-20b9-449e-87b2-6d68e0e4416a}" Name="txtFight" BoldFont="True" FontSize="20" Alignment="Left" AnchorPoint="0,0.5" Color="255,227,116" Text="" RelativePosition="0.2,0.73" TextKey="" />
                        <WZUIButton Type="WZUIButton" GUID="{8a005f66-2dd8-4bef-9041-52927c5ca6c3}" AbsContentSize="116,56" UseAbsSize="True" RelativePosition="0.77,0.265" Name="btnFight" LuaDoneFunctionName="onFightClick" LuaActionName="Normal" Visible="False">
                            <NormalElement Type="WZUIContainer" GUID="{759b6f5b-8b13-4d0d-903b-16ab08ec2ad3}">
                                <WZUIImage Type="WZUIImage" GUID="{3519f17b-5fc9-4387-916e-4209fbda30a6}" File="ui/common/common_btn_anniu5_sel.png" UseOriginSize="True" />
                            </NormalElement>
                            <SelectElement Type="WZUIContainer" GUID="{923798a4-52a2-4364-87f7-0bf473b7605b}">
                                <WZUIImage Type="WZUIImage" GUID="{7e68f0e8-027e-420e-bc9a-0ac3d7700f14}" File="ui/common/common_btn_anniu5_sel.png" Scale="1" ScaleX="1" ScaleY="1" UseOriginSize="True" />
                            </SelectElement>
                            <DisableElement Type="WZUIContainer" GUID="{254232ef-bf7d-4488-a91f-f37caa587108}" />
                            <WZUILabelTTF Type="WZUILabelTTF" GUID="{6fff1bea-1edd-445e-a3e6-a34ff6fd2f94}" Color="255,236,193" FontSize="24" BoldFont="True" Text="" RelativePosition="0.5,0.5" EnableStroke="True" StrokeColor="136,66,29" StrokeSize="4" LabelStyleKey="C1_F20_S4_C3" TextKey="ACTIVE_BTN_GO" />
                        </WZUIButton>
                        <WZUIImage Type="WZUIImage" GUID="{8060724e-b364-4d59-9ecf-0801f6da4b57}" File="ui/common/common_scale9_fengexian.png" UseOriginSize="True" RelativePosition="0.5,1" ScaleX="1.4" AnchorPoint="0.5,1" />
                    </WZUIContainer>
                    <WZUIContainer Type="WZUIContainer" GUID="{5383b2c2-a0d7-41ab-8970-710a47ee11d5}" AbsContentSize="280,50" UseAbsSize="True" AnchorPoint="0.5,0.5" RelativePosition="0.5,0.07" Name="con4">
                        <WZUILabelTTF Type="WZUILabelTTF" GUID="{139e913f-04d9-446b-a9f2-2209b18ad3a2}" Name="Contribution" BoldFont="True" FontSize="20" Alignment="Left" AnchorPoint="0,0.5" Color="255,227,116" Text="" RelativePosition="0.145,0.75" TextKey="" />
                        <WZUILabelTTF Type="WZUILabelTTF" GUID="{270ed84b-5737-48eb-8c17-66f43589d726}" Name="Contribution1" BoldFont="True" FontSize="20" Alignment="Left" AnchorPoint="0,0.5" Color="195,171,148" Text="0/1000" RelativePosition="0.5,0.75" />
                        <WZUILabelTTF Type="WZUILabelTTF" GUID="{fb7d5cd5-3920-476f-ae92-075ab3e027fe}" Name="Contribution5" BoldFont="True" FontSize="20" Alignment="Left" AnchorPoint="0,0.5" Color="255,227,116" Text="" RelativePosition="0.145,0.2" TextKey="TDONATE" />
                        <WZUILabelTTF Type="WZUILabelTTF" GUID="{8c8a2152-1c5d-4134-9033-294a53489031}" Name="Contribution6" BoldFont="True" FontSize="20" Alignment="Left" AnchorPoint="0,0.5" Color="195,171,148" Text="0/1000" RelativePosition="0.5,0.2" />
                        <WZUIImage Type="WZUIImage" GUID="{8494c5ba-67dd-480a-b38a-8045b16b8d29}" File="ui/common/common_scale9_fengexian.png" UseOriginSize="True" RelativePosition="0.5,1.1" ScaleX="1.4" AnchorPoint="0.5,1" />
                    </WZUIContainer>
                </WZUIContainer>
                <WZUIContainer Type="WZUIContainer" GUID="{b55ad5c9-7a96-43a5-a88a-d41d594c6ef7}" AbsContentSize="960,100" AnchorPoint="0.5,1" RelativePosition="0.5,0.18" UseAbsSize="True" Name="conBottom_SceneMemberList" ShowAll="False">
                    <WZUIContainer Type="WZUIContainer" GUID="{73dd3c78-2deb-4c66-8dc5-1be0b1e1c7c2}" AbsContentSize="320,40" UseAbsSize="True" AnchorPoint="0.5,0.5" RelativePosition="0.27107,0.769586" Visible="False">
                        <WZUILabelTTF Type="WZUILabelTTF" GUID="{0de37ea4-2910-477b-a679-d0b1f21f12d7}" Name="Contribution3" BoldFont="True" FontSize="18" Alignment="Left" AnchorPoint="0,0.5" Color="255,227,116" Text="" RelativePosition="0.035,0.5" TextKey="COMMUNITYINFO59" />
                        <WZUILabelTTF Type="WZUILabelTTF" GUID="{b62469a1-ec2a-45aa-90cc-b8d7298606a9}" Name="Contribution4" BoldFont="True" FontSize="18" Alignment="Left" AnchorPoint="0,0.5" Color="255,236,193" Text="0/1000" RelativePosition="0.35,0.5" />
                        <WZUIImage Type="WZUIImage" GUID="{e8905dda-c3ea-4d47-9d5e-9ce048008cf1}" File="ui/common/common_icon_ghgx.png" UseOriginSize="True" RelativePosition="-0.02,0.5" />
                    </WZUIContainer>
                    <WZUIButton Type="WZUIButton" GUID="{6d208e69-ab4e-4c51-9327-7c25c055764b}" AbsContentSize="116,56" UseAbsSize="True" RelativePosition="0.4,0.6" Name="btnLog" LuaDoneFunctionName="onBtm1" LuaActionName="Normal" Visible="False">
                        <NormalElement Type="WZUIContainer" GUID="{a0206497-bd77-4524-b5a1-48778263930f}">
                            <WZUIImage Type="WZUIImage" GUID="{14e2f028-90ee-4afc-8219-2a0643aa426a}" File="ui/common/common_btn_anniu3_1.png" UseOriginSize="True" />
                        </NormalElement>
                        <SelectElement Type="WZUIContainer" GUID="{cca5fa9e-971a-4477-adc7-f96bbf0904b0}">
                            <WZUIImage Type="WZUIImage" GUID="{ed7f77fa-0a3e-4aea-a580-24872a86976a}" File="ui/common/common_btn_anniu3_1_sel.png" Scale="1" ScaleX="1" ScaleY="1" UseOriginSize="True" />
                        </SelectElement>
                        <DisableElement Type="WZUIContainer" GUID="{57cb6b64-0d8e-4c41-bb83-f09e94331ee5}" />
                        <WZUILabelTTF Type="WZUILabelTTF" GUID="{f12db88a-3f19-4e30-af7a-fb3a95172103}" Color="255,236,193" FontSize="24" BoldFont="True" Text="" RelativePosition="0.5,0.5" EnableStroke="True" StrokeColor="136,66,29" StrokeSize="4" LabelStyleKey="SMALL_ORANGE_BTN" TextKey="STAR_SOUL_BUTTON_UPDATE" Name="txtBtnLog_SceneMemberList" />
                    </WZUIButton>
                    <Button Type="WZUIButton" GUID="{b6a5c6af-2f13-44eb-85fb-4a1460eaa236}" AbsContentSize="116,56" UseAbsSize="True" RelativePosition="0.55,0.6" Name="btnManage" LuaDoneFunctionName="onBtm2" LuaActionName="Normal" Visible="False">
                        <NormalElement Type="WZUIContainer" GUID="{364761e3-da62-44a7-b6d9-dcc8c276e336}">
                            <WZUIImage Type="WZUIImage" GUID="{5fc886cb-250b-437d-aa0f-2c0789c4dd95}" File="ui/common/common_btn_anniu3_1.png" UseOriginSize="True" />
                        </NormalElement>
                        <SelectElement Type="WZUIContainer" GUID="{d1af813f-493d-4fa7-966f-bc12aceb29f5}">
                            <WZUIImage Type="WZUIImage" GUID="{e7c69c86-e91d-4c3a-a4e3-46bfa39dba8a}" File="ui/common/common_btn_anniu3_1_sel.png" Scale="1" ScaleX="1" ScaleY="1" UseOriginSize="True" />
                        </SelectElement>
                        <DisableElement Type="WZUIContainer" GUID="{4aacf636-40e8-43d3-b7b9-78db2c1efe8b}" />
                        <WZUILabelTTF Type="WZUILabelTTF" GUID="{3e45edea-af56-4fe0-813f-6dd9aeef0a64}" Color="255,236,193" FontSize="24" BoldFont="True" Text="" RelativePosition="0.5,0.5" StrokeColor="136,66,29" StrokeSize="4" EnableStroke="True" LabelStyleKey="SMALL_ORANGE_BTN" TextKey="SETTING_TITLE" Name="txtManage_SceneMemberList" />
                    </Button>
                    <WZUIButton Type="WZUIButton" GUID="{4aacb83b-e085-4a98-a92b-fcfed5f9e471}" AbsContentSize="116,56" UseAbsSize="True" RelativePosition="0.7,0.6" Name="btnContribution" LuaDoneFunctionName="onBtm3" LuaActionName="Normal" Visible="False">
                        <NormalElement Type="WZUIContainer" GUID="{94ea5662-2d96-4477-9421-a116df305247}">
                            <WZUIImage Type="WZUIImage" GUID="{8ef4a984-6ac6-4322-9600-cc43731e896d}" File="ui/common/common_btn_anniu3_1.png" UseOriginSize="True" />
                        </NormalElement>
                        <SelectElement Type="WZUIContainer" GUID="{5c3722fa-4247-4a32-bb92-62f4a41452c8}">
                            <WZUIImage Type="WZUIImage" GUID="{2f594089-30be-4634-8d6e-8c5c8da2b16d}" File="ui/common/common_btn_anniu3_1_sel.png" Scale="1" UseOriginSize="True" />
                        </SelectElement>
                        <DisableElement Type="WZUIContainer" GUID="{ff2ed5dd-678e-4f8c-91f9-6122a3df2ecf}" />
                        <WZUILabelTTF Type="WZUILabelTTF" GUID="{0bd63235-46df-47ca-b433-6860382c3019}" Color="255,236,193" FontSize="24" BoldFont="True" Text="" RelativePosition="0.5,0.5" StrokeColor="64,128,1" StrokeSize="4" EnableStroke="True" LabelStyleKey="SMALL_ORANGE_BTN" TextKey="NEWCOMMUNITY2" Name="txtContribution_SceneMemberList" />
                        <WZUIImage Type="WZUIImage" GUID="{de53a909-a3c8-4624-a1e8-ca72fc3b50d9}" File="ui/common/common_icon_xiaodianzhui.png" UseOriginSize="True" RelativePosition="0.99,0.84" Name="imgApply_SceneMemberList" Visible="False" />
                    </WZUIButton>
                    <WZUIButton Type="WZUIButton" GUID="{e2bd27e8-5b1b-494b-b573-5a136966cd58}" AbsContentSize="116,56" UseAbsSize="True" RelativePosition="0.85,0.6" Name="btnContribution1" LuaDoneFunctionName="onContribution" LuaActionName="Normal">
                        <NormalElement Type="WZUIContainer" GUID="{d4ede7ce-736e-41f5-9e0b-7002b421c376}">
                            <WZUIImage Type="WZUIImage" GUID="{14fe84ec-86e0-4161-9e7a-723eda7f7991}" File="ui/common/common_btn_anniu10_1.png" UseOriginSize="True" />
                        </NormalElement>
                        <SelectElement Type="WZUIContainer" GUID="{d2d69244-a1bd-4557-bc6d-0cd3e1ccf659}">
                            <WZUIImage Type="WZUIImage" GUID="{4a032fdd-a1d9-4f4f-9917-370ecf5a1aa0}" File="ui/common/common_btn_anniu10_1_sel.png" Scale="1" UseOriginSize="True" />
                        </SelectElement>
                        <DisableElement Type="WZUIContainer" GUID="{05cfe861-888d-44da-a313-2afccd8a95c5}" />
                        <WZUILabelTTF Type="WZUILabelTTF" GUID="{186aee4d-0c7b-4a4a-9e35-79994944d7f5}" Color="255,236,193" FontSize="24" BoldFont="True" Text="" RelativePosition="0.5,0.5" StrokeColor="64,128,1" StrokeSize="4" EnableStroke="True" LabelStyleKey="SMALL_GREEN_BTN" TextKey="COMMUNITYINFO79" Name="txtbtnContribution1_SceneMemberList" />
                    </WZUIButton>
                    <WZUIContainer Type="WZUIContainer" GUID="{f2abe655-0fd0-4e30-ae87-da039c13ce5a}" AbsContentSize="116,56" UseAbsSize="True" RelativePosition="0.68,0.8" Name="conForPopMenu_SceneMemberList" AnchorPoint="0.5,0" ShowAll="False" />
                </WZUIContainer>
                <WZUIContainer Type="WZUIContainer" GUID="{fa3addf8-6a4e-4b64-ac81-3126cf72676e}" RelativeSize="0.4,0.94" RelativePosition="0.29,0.115" AnchorPoint="1,0.5" AbsContentSize="192,45" UseAbsSize="True" Name="conFind" Visible="True">
                    <WZUI9Image Type="WZUI9Image" GUID="{eb65b4e9-5173-4150-a42d-e2bf8413a059}" File="ui/common/common_scale9_di51.png" Visible="True" Opacity="150" />
                    <WZUI9Image Type="WZUI9Image" GUID="{9621db55-bce5-4b92-a01a-2fe907e31c82}" File="ui/common/common_scale9_sousuoxian.png" UseOriginSize="True" RelativePosition="0.76,0.5" ScaleY="0.9" Color="255,255,255" />
                    <WZUIEditBox Type="WZUIEditBox" GUID="{1fcdfa2c-74d4-4dfc-84d1-6cfb9ab9f1e5}" FontSize="18" TextFieldPadding="0" Text="1122" PlaceHolder="" BgHidden="False" InputMode="ModeAny" BgPicture="ui/common/transparent_bg.png" Name="editFind" MaxLength="6" Color="79,60,48" PlaceHolderAlignment="0" FontColor="255,236,193" PlaceholderFontColor="138,122,106" Alignment="0" ChinesePlaceholderNum="2" RelativeSize="0.95,1" AnchorPoint="1,0.5" RelativePosition="1,0.5" LuaEditBoxEditingDidEnd="onFinishInput" />
                    <WZUIButton Type="WZUIButton" GUID="{a0edd6ca-7ecb-481f-a470-10327f373913}" AbsContentSize="50,80" UseAbsSize="True" RelativePosition="1.01723,0.5" AnchorPoint="1,0.5" LuaDoneFunctionName="onFriendFind" LuaActionName="Normal">
                        <NormalElement Type="WZUIContainer" GUID="{e69fc3a0-91e5-499c-a58f-0383e852fe61}" />
                        <SelectElement Type="WZUIContainer" GUID="{53ca39e6-03f8-4402-85aa-f8c6eec2462f}" />
                        <DisableElement Type="WZUIContainer" GUID="{3c29214c-32fa-40ad-ae2e-72c1a3522d26}" />
                        <WZUIImage Type="WZUIImage" GUID="{85e34e55-ca62-44a9-a0ac-5bce2e6aab7c}" File="ui/common/common_icon_sousuo.png" UseOriginSize="True" />
                    </WZUIButton>
                    <WZUIButton Type="WZUIButton" GUID="{841d7483-8db5-4195-a24e-6b3f47a2ba1a}" AbsContentSize="50,80" UseAbsSize="True" RelativePosition="0.78,0.5" AnchorPoint="1,0.5" LuaDoneFunctionName="onCancelFind" LuaActionName="Normal" Name="btnCancelFind" Visible="False">
                        <NormalElement Type="WZUIContainer" GUID="{8a32961e-0814-40b1-af56-7ac48c963531}" />
                        <SelectElement Type="WZUIContainer" GUID="{eaceb357-6a0c-4116-91ec-79df488a235e}" />
                        <DisableElement Type="WZUIContainer" GUID="{5f243f53-174c-4414-bc00-7b6a7cfda378}" />
                        <WZUIImage Type="WZUIImage" GUID="{5901e9cd-f20d-4ce9-ac1b-3d7f111a3335}" File="ui/common/common_icon_guanbi.png" UseOriginSize="True" Scale="0.6" />
                    </WZUIButton>
                </WZUIContainer>
            </WZUIContainer>
            <WZUIContainer Type="WZUIContainer" GUID="{a4cacffc-19a8-4b6e-b0e4-23b184572c84}" Name="conMain2" UseAbsSize="False" AbsContentSize="0,0" Visible="False">
                <WZUIContainer Type="WZUIContainer" GUID="{4c36365e-75c7-4a24-a038-c2a9e50624d5}" AbsContentSize="835,43" UseAbsSize="True" RelativePosition="0.5,0.81">
                    <WZUI9Image Type="WZUI9Image" GUID="{aa00cf13-7e8a-439f-87d4-e02b55796cf6}" File="ui/community/gonghui_di2.png" />
                    <WZUILabelTTF Type="WZUILabelTTF" GUID="{dae1e302-3a7c-410f-8f1c-217099a697c4}" LabelStyleKey="C11_F24" TextKey="COMMUNITYINFO178" RelativePosition="0.07,0.5" Name="txtMain2Title1_SceneMemberList" />
                    <WZUIImage Type="WZUIImage" GUID="{4a29db40-7b6d-4e88-a182-b65b93a6c643}" File="ui/community/gonghui_fengexian.png" UseOriginSize="True" RelativePosition="0.5,0" ScaleX="2" />
                </WZUIContainer>
                <WZUIContainer Type="WZUIContainer" GUID="{6bee53e0-9ba9-4b2d-811d-429eca5e8015}" AbsContentSize="830,40" UseAbsSize="True" RelativePosition="0.5,0.625">
                    <WZUI9Image Type="WZUI9Image" GUID="{b38f9a19-0b7c-4c6c-b029-79a7224987ab}" File="ui/community/gonghui_di.png" />
                    <WZUILabelTTF Type="WZUILabelTTF" GUID="{896d58f9-dbc6-43e8-bc42-bca7b76dee59}" LabelStyleKey="C11_F24" TextKey="COMMUNITYINFO198" RelativePosition="0.07,0.5" Name="txtMain2Title2_SceneMemberList" />
                    <WZUIImage Type="WZUIImage" GUID="{4e20ae87-0f8e-4563-8998-41e7606d8db1}" File="ui/community/gonghui_fengexian.png" UseOriginSize="True" RelativePosition="0.5,1" ScaleX="2" />
                    <WZUIImage Type="WZUIImage" GUID="{55fcd92d-0d41-4a94-8c4d-190dd2ffb6e9}" File="ui/community/gonghui_fengexian.png" UseOriginSize="True" RelativePosition="0.5,0" ScaleX="2" />
                </WZUIContainer>
                <WZUIContainer Type="WZUIContainer" GUID="{bf9f623b-4ed3-4300-9de6-f6d6a4e649e8}" AbsContentSize="830,40" UseAbsSize="True" RelativePosition="0.5,0.4">
                    <WZUI9Image Type="WZUI9Image" GUID="{f0114fa2-63d0-45e5-814b-73f7b9a14d6e}" File="ui/community/gonghui_di.png" />
                    <WZUILabelTTF Type="WZUILabelTTF" GUID="{0fb555c4-4a18-4e4c-bd85-5f56c9018a66}" LabelStyleKey="C11_F24" TextKey="COMMUNITYINFO237" RelativePosition="0.07,0.5" Name="txtMain2Title3_SceneMemberList" />
                    <WZUIImage Type="WZUIImage" GUID="{94323acc-aa79-4b5c-9c57-0d92c997e825}" File="ui/community/gonghui_fengexian.png" UseOriginSize="True" RelativePosition="0.5,1" ScaleX="2" />
                    <WZUIImage Type="WZUIImage" GUID="{adfd2aba-86d8-43da-9012-f6c37b87af5c}" File="ui/community/gonghui_fengexian.png" UseOriginSize="True" RelativePosition="0.5,0" ScaleX="2" />
                </WZUIContainer>
                <WZUIButton Type="WZUIButton" LuaDoneFunctionName="onChangeName" RelativePosition="0.87,0.715" GUID="{ddf4252d-5f46-41b1-b8ce-c9b893ef90fe}" LuaActionName="Normal" AbsContentSize="60,60" UseAbsSize="True" AbsPosition="316.318,389.847" Name="btnChangeName_SceneMemberList" Order="1" Scale="0.9" Visible="True">
                    <NormalElement Type="WZUIContainer" GUID="{04ab3b13-da42-4721-998a-f9cc9bb04cb7}">
                        <WZUIImage Type="WZUIImage" GUID="{89ed3fbc-f94f-400c-90a4-ec8675f4315d}" File="shopitems/renamedpen.png" UseOriginSize="True" />
                    </NormalElement>
                    <SelectElement Type="WZUIContainer" GUID="{76d3d51f-437b-4fde-8555-607484bf61b4}">
                        <WZUIImage Type="WZUIImage" GUID="{af582566-5f37-4fc6-8490-ada8b3f14a18}" File="shopitems/renamedpen.png" UseOriginSize="True" />
                    </SelectElement>
                    <DisableElement Type="WZUIContainer" GUID="{8d505e34-94c7-4421-b2ce-38ec5c87373e}" />
                </WZUIButton>
                <WZUILabelTTF Type="WZUILabelTTF" GUID="{22c50995-95be-4fdc-998d-7db9b0369bcc}" LabelStyleKey="C1_F22" TextKey="COMMUNITYINFO179" RelativePosition="0.14,0.715" Name="communityName1_SceneMemberList" />
                <WZUILabelTTF Type="WZUILabelTTF" GUID="{cadd25d6-13f9-4c5c-a03f-b4bd6e8db28e}" LabelStyleKey="C15_F22" TextKey="" RelativePosition="0.205,0.715" Name="communityName2" Alignment="Left" AnchorPoint="0,0.5" Text="name" />
                <WZUIContainer AbsContentSize="800,100" AnchorPoint="0.5,0" GUID="{ac5bef93-06d9-4554-af14-73617436f3b2}" RelativePosition="0.494856,0.43" Type="WZUIContainer" UseAbsSize="True" Name="conDeclaration" Visible="True">
                    <WZUIEditBox AnchorPoint="0.5,0.5" BgPicture="ui/common/transparent_bg.png" ChinesePlaceholderNum="0" Color="62,34,8" Dimensions="80,0" FontColor="62,34,8" FontSize="20" GUID="{dd085b85-03eb-46b5-86cb-d4c27d01d849}" KeyBordReturnType="TypeDone" LuaEditBoxEditingDidEnd="onReturn" LuaEditBoxReturn="" LuaEditBoxTextChanged="onChangeSignature" MaxLength="60" MultiLine="True" Name="editSign_SceneMemberList" PlaceholderFontColor="62,34,8" RelativePosition="0.46,0.5" RelativeSize="0.9,1" Text="123" TouchEnable="False" Type="WZUIEditBox" AbsPosition="239.7,55.0541" PlaceHolder="" PlaceHolderAlignment="0" VerticalAlignment="0" VerticalPlaceHolderAlignment="0" Visible="False" />
                    <WZUIButton AbsContentSize="120,60" AnchorPoint="1,0.5" GUID="{beed236c-36a9-4a1a-96d4-e96bf611c2e7}" LuaDoneFunctionName="onSaveClick" Name="btnSave_SceneMemberList" RelativePosition="1.025,0.33" Scale="1" TouchEnable="True" Type="WZUIButton" UseAbsSize="True" Visible="True" ScaleX="1" ScaleY="1" AbsPosition="454.7,17.85">
                        <NormalElement GUID="{a2db9733-2a11-4713-bc98-d17e96096f78}" Type="WZUIContainer">
                            <WZUI9Image CapInsets="0,0,0,0" File="ui/common/common_btn_anniu4.png" GUID="{c453d4fb-3a10-4f30-9d67-5f21e5b28e7c}" Type="WZUI9Image" UseOriginSize="True" RelativePosition="0.5,0.5" Name="imgSave1_SceneMemberList" />
                        </NormalElement>
                        <SelectElement GUID="{2e70737b-4ee8-4666-ad5a-9165e83bebcb}" Type="WZUIContainer">
                            <WZUI9Image CapInsets="0,0,0,0" File="ui/common/common_btn_anniu4_sel.png" GUID="{cf8c8a06-f5d9-4576-a366-b8b2ce58ab91}" Type="WZUI9Image" Name="imgSave2_SceneMemberList" />
                        </SelectElement>
                        <DisableElement GUID="{8a18978d-1391-4319-88a8-a7641d4d9724}" Type="WZUIContainer">
                            <WZUI9Image CapInsets="0,0,0,0" File="ui/bag/common_icon_xf.png" GUID="{b51f279b-16b5-454f-a261-62974a279f4d}" Type="WZUI9Image" Name="imgSave3_SceneMemberList" />
                        </DisableElement>
                        <WZUILabelTTF Type="WZUILabelTTF" GUID="{ffe9ac58-dd79-4489-86c8-c03873bf867f}" LabelStyleKey="C1_F26_S4_C5" TextKey="CHANGE" RelativePosition="0.5,0.5" Name="txtSave_SceneMemberList" />
                    </WZUIButton>
                    <WZUILabelTTF Type="WZUILabelTTF" GUID="{6a9f17f9-0957-4d60-b868-879261c76ef0}" LabelStyleKey="C1_F22" TextKey="" RelativePosition="0.02,0.8" Name="communityDeclaration2" Alignment="Left" AnchorPoint="0,0.5" Text="name" Dimensions="780,0" />
                </WZUIContainer>
                <WZUIContainer Type="WZUIContainer" GUID="{04ea52e3-bba8-42ad-b884-9b985a96cb49}" Name="conMain">
                    <WZUILabelTTF Type="WZUILabelTTF" GUID="{3685c3d7-8604-4454-ab4c-4bc0102fedc6}" LabelStyleKey="C11_F22" TextKey="NEWCOMMUNITY10" RelativePosition="0.2,0.335" />
                    <WZUILabelTTF Type="WZUILabelTTF" GUID="{de143985-8ab3-4b87-9126-d1c11fc2b433}" LabelStyleKey="C11_F22" TextKey="NEWCOMMUNITY11" RelativePosition="0.54,0.335" />
                    <WZUIContainer Type="WZUIContainer" GUID="{4ca534aa-b619-41dd-b234-2dd06d91f1ae}" AbsContentSize="350,50" UseAbsSize="True" RelativePosition="0.54,0.24">
                        <WZUILabelTTF Type="WZUILabelTTF" GUID="{e741f102-f065-4fde-b292-4b1d20cac354}" LabelStyleKey="C1_F22" TextKey="REVIEW3" Alignment="Left" AnchorPoint="0,0.5" RelativePosition="0.05,0.5" Name="txtMain2Open1_SceneMemberList" />
                        <Button Type="WZUIButton" Name="reduce_WndOpenChest" AbsContentSize="64,64" UseAbsSize="True" RelativePosition="0.63,0.5" GUID="{d4e36eb5-6c0c-4fac-be78-deb85fe13e8f}" LuaDoneFunctionName="onReduceLv" Scale="1" ScaleX="1" ScaleY="1" Order="1">
                            <NormalElement Type="WZUIContainer" GUID="{d3eb3032-bec7-4288-9a2a-acd21436a63d}">
                                <WZUIImage Type="WZUIImage" GUID="{1a7999e8-51c4-44ed-89e6-7404ac1e3e10}" File="ui/common/common_btn_js.png" UseOriginSize="True" />
                            </NormalElement>
                            <SelectElement Type="WZUIContainer" GUID="{66060713-7be0-482c-b244-f7435369c7e8}">
                                <WZUIImage Type="WZUIImage" GUID="{4848b715-a32a-4b35-b4f1-90f47db8848a}" File="ui/common/common_btn_js_sel.png" UseOriginSize="True" />
                            </SelectElement>
                            <DisableElement Type="WZUIContainer" GUID="{30ddd160-7713-46ba-a7ae-fad8e02e1a81}">
                                <WZUIImage Type="WZUIImage" GUID="{e3cbb291-0a24-49b8-a7df-2d6788a91a05}" File="ui/common/common_btn_js.png" UseOriginSize="True" />
                            </DisableElement>
                        </Button>
                        <WZUIContainer GUID="{021f638d-45de-4d36-894a-7647ec3a7d86}" Type="WZUIContainer" AbsContentSize="80,40" UseAbsSize="True" RelativePosition="0.775,0.5">
                            <WZUI9Image File="ui/common/common_scale9_di40.png" GUID="{06ed1676-77a6-4baf-b9d4-d71313febabe}" Name="" RelativePosition="0.5,0.5" RelativeSize="1,1" ScaleX="0.8" ScaleY="0.9" Type="WZUI9Image" Scale="1" Opacity="150" />
                            <WZUIEditBox BgPicture="ui/common/transparent_bg.png" Color="255,236,193" FontColor="99,255,95" FontSize="24" GUID="{bb94e0ae-4b1d-47f0-b9de-9d33e9e5dc6b}" InputMode="ModeNumeric" KeyBordReturnType="TypeDone" Name="editBoxInputLv_SceneMemberList" PlaceholderFontColor="99,255,95" RelativePosition="0.5,0.5" RelativeSize="1,1" Type="WZUIEditBox" UseOriginSize="False" Text="1" TextFieldPadding="1" VerticalAlignment="1" VerticalPlaceHolderAlignment="1" PlaceHolderAlignment="1" Alignment="1" PlaceHolder="" AbsPosition="30.2,22.5" TouchEnable="False" TouchSwallow="False" />
                        </WZUIContainer>
                        <WZUIButton Type="WZUIButton" Name="add_WndOpenChest" AbsContentSize="64,64" UseAbsSize="True" GUID="{d2798315-7fcd-4f38-9050-2b3167ff424a}" RelativePosition="0.92,0.5" LuaDoneFunctionName="onAddLv" Scale="1" ScaleX="1" ScaleY="1" Order="1">
                            <NormalElement Type="WZUIContainer" GUID="{70e1e571-22ef-46e8-93f8-f2b8a677c65e}">
                                <WZUIImage Type="WZUIImage" GUID="{12c4ceef-c3c3-4f5c-87e3-8db162bad297}" File="ui/common/common_btn_zj.png" UseOriginSize="True" />
                            </NormalElement>
                            <SelectElement Type="WZUIContainer" GUID="{bdce93a2-9c56-4ae7-a8d5-8040c46f5672}">
                                <WZUIImage Type="WZUIImage" GUID="{624b121a-a389-4b11-a613-e4625974b87d}" File="ui/common/common_btn_zj_sel.png" UseOriginSize="True" />
                            </SelectElement>
                            <DisableElement Type="WZUIContainer" GUID="{522eac2f-c5a1-4cf3-8d5f-5577b5f4bbc8}">
                                <WZUIImage Type="WZUIImage" GUID="{0c884495-0819-4f30-9669-4bc29ab28263}" File="ui/common/common_btn_zj.png" UseOriginSize="True" />
                            </DisableElement>
                        </WZUIButton>
                    </WZUIContainer>
                    <WZUIContainer Type="WZUIContainer" GUID="{b60014dd-fccb-4e60-a2aa-6d375125a6d7}" AbsContentSize="350,50" UseAbsSize="True" RelativePosition="0.54,0.15">
                        <WZUILabelTTF Type="WZUILabelTTF" GUID="{51bf6ef2-4e30-4e4b-a3f5-92ff6b7d6734}" LabelStyleKey="C1_F22" TextKey="REVIEW4" Alignment="Left" AnchorPoint="0,0.5" RelativePosition="0.05,0.5" Name="txtMain2Open2_SceneMemberList" />
                        <Button Type="WZUIButton" Name="reduce_WndOpenChest" AbsContentSize="64,64" UseAbsSize="True" RelativePosition="0.63,0.5" GUID="{7e5cbe3d-ef0c-46dd-be4c-fec0c5bb5645}" LuaDoneFunctionName="onReduceVip" Scale="1" ScaleX="1" ScaleY="1" Order="1">
                            <NormalElement Type="WZUIContainer" GUID="{143fd32a-b2f1-4dad-a27b-a755bba59d5d}">
                                <WZUIImage Type="WZUIImage" GUID="{d0401ba1-1aa0-4c4f-ab34-e30adaa50268}" File="ui/common/common_btn_js.png" UseOriginSize="True" />
                            </NormalElement>
                            <SelectElement Type="WZUIContainer" GUID="{e2fee3c3-1f69-4ad5-b1bb-5059ae0713c1}">
                                <WZUIImage Type="WZUIImage" GUID="{fefa51e9-f592-49c3-9263-e9ce10a544c8}" File="ui/common/common_btn_js_sel.png" UseOriginSize="True" />
                            </SelectElement>
                            <DisableElement Type="WZUIContainer" GUID="{2a7a609a-2358-4ab9-9912-14e13455bd98}">
                                <WZUIImage Type="WZUIImage" GUID="{0e620301-82df-4a5f-8e2f-c5b8d3c92c95}" File="ui/common/common_btn_js.png" UseOriginSize="True" />
                            </DisableElement>
                        </Button>
                        <WZUIContainer GUID="{6255e0b0-ee57-4795-9434-e9e5ce2c2fb7}" Type="WZUIContainer" AbsContentSize="80,40" UseAbsSize="True" RelativePosition="0.775,0.5">
                            <WZUI9Image File="ui/common/common_scale9_di40.png" GUID="{33f9dfa6-78a0-4c8b-8e4d-5eac8201dec6}" Name="" RelativePosition="0.5,0.5" RelativeSize="1,1" ScaleX="0.8" ScaleY="0.9" Type="WZUI9Image" Scale="1" Opacity="150" />
                            <WZUIEditBox BgPicture="ui/common/transparent_bg.png" Color="255,236,193" FontColor="99,255,95" FontSize="24" GUID="{7e583d64-1c3d-4ac6-91de-366c69e7aea6}" InputMode="ModeNumeric" KeyBordReturnType="TypeDone" Name="editBoxInputVip_SceneMemberList" PlaceholderFontColor="99,255,95" RelativePosition="0.5,0.5" RelativeSize="1,1" Type="WZUIEditBox" UseOriginSize="False" Text="" TextFieldPadding="1" VerticalAlignment="1" VerticalPlaceHolderAlignment="1" PlaceHolderAlignment="1" Alignment="1" PlaceHolder="" AbsPosition="30.2,22.5" TouchEnable="False" TouchSwallow="False" />
                        </WZUIContainer>
                        <WZUIButton Type="WZUIButton" Name="add_WndOpenChest" AbsContentSize="64,64" UseAbsSize="True" GUID="{fbb7f14f-128d-480a-815c-5c37f92fba07}" RelativePosition="0.92,0.5" LuaDoneFunctionName="onAddVip" Scale="1" ScaleX="1" ScaleY="1" Order="1">
                            <NormalElement Type="WZUIContainer" GUID="{9475f07f-9712-4d78-83d9-8d30570bc851}">
                                <WZUIImage Type="WZUIImage" GUID="{9994080f-61bd-4fb2-833e-14da54a20127}" File="ui/common/common_btn_zj.png" UseOriginSize="True" />
                            </NormalElement>
                            <SelectElement Type="WZUIContainer" GUID="{907a9873-2868-48d5-b978-28995a5a724c}">
                                <WZUIImage Type="WZUIImage" GUID="{ee374a01-fcaa-4de7-a1f7-c55b549b5f0c}" File="ui/common/common_btn_zj_sel.png" UseOriginSize="True" />
                            </SelectElement>
                            <DisableElement Type="WZUIContainer" GUID="{42c726b9-85ce-4792-befc-43ec4b5763d2}">
                                <WZUIImage Type="WZUIImage" GUID="{49efa44f-8df1-491a-8973-c9025af6bfa3}" File="ui/common/common_btn_zj.png" UseOriginSize="True" />
                            </DisableElement>
                        </WZUIButton>
                    </WZUIContainer>
                    <WZUICheckBoxGroup AbsContentSize="250,120" AnchorPoint="0.5,1" GUID="{f3da9b8b-934e-4bed-a9fb-502c55b3682c}" RelativePosition="0.18,0.28" RelativeSize="1,1" ScaleY="1" TouchContainerEnable="True" Type="WZUICheckBoxGroup" UseAbsSize="True" Order="0" Name="checkBox_SceneMemberList">
                        <CheckBox AbsContentSize="165,50" AnchorPoint="0.5,0.5" GUID="{21428131-7081-4714-ad08-e3c8f7dc8899}" LuaSelectedFunctionName="onCheck" Name="" RelativePosition="0.5,0.8" SelectedIndex="1" TouchContainerEnable="True" Type="WZUICheckBox" UseAbsSize="True" AbsPosition="0,443" Tag="10">
                            <CheckElement AbsContentSize="34,34" AnchorPoint="0.5,0.5" GUID="{88c04f66-6d5e-463a-bb67-b5ba1e9ba190}" RelativePosition="0.3,0.52" TouchContainerEnable="True" Type="WZUIContainer" UseAbsSize="True">
                                <WZUI9Image Type="WZUI9Image" GUID="{111a3188-4b16-4b22-8f52-4aba2e1195b8}" File="ui/common/common_scale9_di13.png" UseOriginSize="True" />
                            </CheckElement>
                            <CheckElement AbsContentSize="34,34" AnchorPoint="0.5,0.5" GUID="{27f5ef2a-680c-40ab-848a-7b7858f467b0}" RelativePosition="0.3,0.52" TouchContainerEnable="True" Type="WZUIContainer" UseAbsSize="True">
                                <WZUI9Image Type="WZUI9Image" GUID="{996f6924-334e-4c22-95fd-6da41129a390}" File="ui/common/common_scale9_di13.png" UseOriginSize="True" />
                                <WZUIImage Type="WZUIImage" GUID="{fbc746d1-49a1-4b65-9d76-250ae201b8be}" File="ui/common/common_icon_gou.png" UseOriginSize="True" />
                            </CheckElement>
                            <WZUILabelTTF Type="WZUILabelTTF" GUID="{f29dbb68-8df1-4086-84a6-438fcc3a5d98}" LabelStyleKey="C1_F22" Scale="1" TextKey="REVIEW1" RelativePosition="0.72,0.5" Color="127,70,26" ScaleX="1" ScaleY="1" Name="txtMain2Check1_SceneMemberList" />
                        </CheckBox>
                        <CheckBox AbsContentSize="165,50" AnchorPoint="0.5,0.5" GUID="{f2f5daba-8f05-4b32-babb-823c5e4e6cc0}" LuaSelectedFunctionName="onCheck" Name="" RelativePosition="0.5,0.3" SelectedIndex="0" TouchContainerEnable="True" Type="WZUICheckBox" UseAbsSize="True" AbsPosition="0,443" Tag="0">
                            <CheckElement AbsContentSize="34,34" AnchorPoint="0.5,0.5" GUID="{7adfab92-3713-4703-b99a-715c84b83712}" RelativePosition="0.3,0.52" TouchContainerEnable="True" Type="WZUIContainer" UseAbsSize="True">
                                <WZUI9Image Type="WZUI9Image" GUID="{13109411-946e-40f0-ae5f-0e7e0267ad44}" File="ui/common/common_scale9_di13.png" UseOriginSize="True" />
                            </CheckElement>
                            <CheckElement AbsContentSize="34,34" AnchorPoint="0.5,0.5" GUID="{78ca6225-4df2-4ba1-8e62-9352b7605b41}" RelativePosition="0.3,0.52" TouchContainerEnable="True" Type="WZUIContainer" UseAbsSize="True">
                                <WZUI9Image Type="WZUI9Image" GUID="{b0f73dc9-0751-49fc-ad3c-83232960a34e}" File="ui/common/common_scale9_di13.png" UseOriginSize="True" />
                                <WZUIImage Type="WZUIImage" GUID="{d3062afb-5e77-4046-bdd5-d1b929ba5955}" File="ui/common/common_icon_gou.png" UseOriginSize="True" />
                            </CheckElement>
                            <WZUILabelTTF Type="WZUILabelTTF" GUID="{ec86cdf0-403f-4f85-861a-b5721a1ba2fe}" LabelStyleKey="C1_F22" Scale="1" TextKey="REVIEW2" RelativePosition="0.7,0.5" Color="127,70,26" ScaleX="1" ScaleY="1" Name="txtMain2Check2_SceneMemberList" />
                        </CheckBox>
                    </WZUICheckBoxGroup>
                    <Button Type="WZUIButton" GUID="{b2507509-322d-4b0b-aa90-ee11203fbe98}" UseAbsSize="True" AbsContentSize="850,200" RelativePosition="0.5,0.21" Name="btnCover" LuaDoneFunctionName="onCover" Order="1">
                        <NormalElement Type="WZUIContainer" GUID="{de1a2fdd-f56a-4899-8683-88ed034ed2ff}" TouchContainerEnable="True" />
                        <SelectElement Type="WZUIContainer" GUID="{a4914927-5e76-4946-b238-ec49ce20181f}" TouchContainerEnable="True" />
                        <DisableElement Type="WZUIContainer" GUID="{eaef6ab7-1668-4657-994e-8ed8dc9a4bd7}" />
                    </Button>
                    <WZUIImage Type="WZUIImage" GUID="{b1ac8f0b-7373-4ac1-b5f9-eaffa5ff30fd}" File="ui/community/gonghui_fengexian02.png" UseOriginSize="True" RelativePosition="0.32,0.22" ScaleY="1.2" />
                    <WZUIImage Type="WZUIImage" GUID="{ae528ee4-1222-4e2d-a235-a07374d507f3}" File="ui/community/gonghui_fengexian02.png" UseOriginSize="True" RelativePosition="0.78,0.22" ScaleY="1.2" />
                    <WZUIButton AbsContentSize="110,60" AnchorPoint="1,0.5" GUID="{f25b8604-4f9e-406d-bbb0-5521c0102bf9}" LuaDoneFunctionName="onSureSetting" Name="" RelativePosition="0.906,0.216148" Scale="0.85" TouchEnable="True" Type="WZUIButton" UseAbsSize="True" Visible="True" ScaleX="0.85" ScaleY="0.85" AbsPosition="454.7,17.85" LuaActionName="Normal">
                        <NormalElement GUID="{b6573b60-c066-4e0e-ac4c-4dff84718485}" Type="WZUIContainer">
                            <WZUI9Image CapInsets="0,0,0,0" File="ui/common/common_btn_anniu10_1.png" GUID="{4cdb2868-3216-4622-b71a-fef3086ceb26}" Type="WZUI9Image" UseOriginSize="True" RelativePosition="0.5,0.5" Name="" />
                        </NormalElement>
                        <SelectElement GUID="{af7f59aa-803e-42c6-95a8-014386612a0d}" Type="WZUIContainer">
                            <WZUI9Image CapInsets="0,0,0,0" File="ui/common/common_btn_anniu10_1_sel.png" GUID="{6394e1ea-76c4-4416-ac81-5465ecff23ba}" Type="WZUI9Image" Name="" />
                        </SelectElement>
                        <DisableElement GUID="{dc8f826e-5845-41ab-b02a-77dedfa18df3}" Type="WZUIContainer">
                            <WZUI9Image CapInsets="0,0,0,0" File="ui/common/common_btn_anniu10_1.png" GUID="{b15af6ac-1b07-437b-b387-f19ecbd742ee}" Type="WZUI9Image" Name="" GrayRender="True" />
                        </DisableElement>
                        <WZUILabelTTF Type="WZUILabelTTF" GUID="{4336c796-f050-4414-97b4-71098c78fb7c}" LabelStyleKey="NORMAL_GREEN_BTN" TextKey="CONFIRM" RelativePosition="0.5,0.5" Name="txtConfirm2_SceneMemberList" />
                    </WZUIButton>
                </WZUIContainer>
            </WZUIContainer>
            <WZUIContainer Type="WZUIContainer" GUID="{0eb64824-c89d-401f-a8f4-f8b9585ddb82}" Name="conMain3" Visible="False">
                <WZUIContainer Type="WZUIContainer" GUID="{3a1a5bbf-1cd7-427d-ba7f-0fba62fe5c82}" AbsContentSize="835,375" UseAbsSize="True" RelativePosition="0.5,0.475">
                    <WZUI9Image Type="WZUI9Image" GUID="{6894f1dd-c886-45eb-a7d3-8cd8676a37dd}" File="ui/community/gonghui_di.png" />
                    <WZUIImage Type="WZUIImage" GUID="{c7b82a37-3ffd-4a55-a3a7-cb920d1a6515}" File="ui/community/gonghui_fengexian.png" UseOriginSize="True" RelativePosition="0.5,0" ScaleX="2" />
                </WZUIContainer>
                <WZUIContainer Type="WZUIContainer" GUID="{e0d8375f-aae0-4f02-9285-8a7493a81e52}" AbsContentSize="830,40" UseAbsSize="True" RelativePosition="0.5,0.805">
                    <WZUILabelTTF Type="WZUILabelTTF" GUID="{6d6b4c19-50be-43e6-8518-3bde84370cbd}" Name="CommunityMember2" BoldFont="True" FontSize="20" Alignment="Left" AnchorPoint="0,0.5" Color="255,227,116" Text="" RelativePosition="0.0244784,0.50037" TextKey="PEOPLE_NUM" LabelStyleKey="C11_F22" />
                    <WZUILabelTTF Type="WZUILabelTTF" GUID="{3c950c86-8d77-4398-80d2-5a8e231b0859}" Name="CommunityMember3" BoldFont="True" FontSize="20" Alignment="Left" AnchorPoint="0,0.5" Color="255,236,193" Text="0/0" RelativePosition="0.101406,0.500371" LabelStyleKey="C15_F22" />
                    <Button Type="WZUIButton" GUID="{4aa542de-5e0e-478d-8dd2-ec0d82a6bf1e}" UseAbsSize="True" AbsContentSize="100,40" RelativePosition="0.92,0.5" LuaDoneFunctionName="onQuit">
                        <NormalElement Type="WZUIContainer" GUID="{05511f11-571b-41dd-b5a3-f912de5ba85a}">
                            <WZUI9Image Type="WZUI9Image" GUID="{eb4d41ab-ebe1-44e9-84ff-1dcd265c1a35}" File="ui/common/common_btn_anniu5.png" />
                        </NormalElement>
                        <SelectElement Type="WZUIContainer" GUID="{0335bbfd-1947-4cf0-b027-d374eef57232}">
                            <WZUI9Image Type="WZUI9Image" GUID="{c9b3b646-d811-48f6-a6e9-cee505e58832}" File="ui/common/common_btn_anniu5_sel.png" />
                        </SelectElement>
                        <DisableElement Type="WZUIContainer" GUID="{baadbfa2-2213-4878-aedb-903f27b69b27}" />
                        <WZUILabelTTF Type="WZUILabelTTF" GUID="{d0853e34-6e7a-4b89-9f43-0c22b069da6c}" Name="txtMain3Btn_SceneMemberList" BoldFont="True" FontSize="20" Alignment="Left" AnchorPoint="0,0.5" Color="255,236,193" Text="" RelativePosition="0.14,0.5" LabelStyleKey="C1_F18_S4_C3" TextKey="COMMUNITY6" Scale="1" ScaleX="1" ScaleY="1" />
                    </Button>
                    <WZUICheckBoxGroup AbsContentSize="330,50" AnchorPoint="0.5,0.5" GUID="{0b0510bf-43eb-41c7-9ffd-16f796179968}" RelativePosition="0.4,0.5" RelativeSize="1,1" ScaleY="1" TouchContainerEnable="True" Type="WZUICheckBoxGroup" UseAbsSize="True" Order="0" Name="checkBox_WndSetEnemyCommunity">
                        <CheckBox AbsContentSize="165,50" AnchorPoint="0,0.5" GUID="{29bb749e-1415-4885-8c5c-d6750237cbdd}" LuaSelectedFunctionName="onCheckLog1" Name="" RelativePosition="0,0.5" SelectedIndex="1" TouchContainerEnable="True" Type="WZUICheckBox" UseAbsSize="True" AbsPosition="0,443" Tag="10">
                            <CheckElement AbsContentSize="34,34" AnchorPoint="0.5,0.5" GUID="{76841dff-fe21-4b11-8784-31d98a263871}" RelativePosition="0.3,0.52" TouchContainerEnable="True" Type="WZUIContainer" UseAbsSize="True">
                                <WZUI9Image Type="WZUI9Image" GUID="{0b7a710f-5df5-4116-ae7a-c04c917f79e6}" File="ui/common/common_scale9_di13.png" UseOriginSize="True" />
                            </CheckElement>
                            <CheckElement AbsContentSize="34,34" AnchorPoint="0.5,0.5" GUID="{db872f99-ec12-4685-8654-dde2e87da691}" RelativePosition="0.3,0.52" TouchContainerEnable="True" Type="WZUIContainer" UseAbsSize="True">
                                <WZUI9Image Type="WZUI9Image" GUID="{0ddee64d-fc26-4718-9048-381a02cee3ea}" File="ui/common/common_scale9_di13.png" UseOriginSize="True" />
                                <WZUIImage Type="WZUIImage" GUID="{d58e4a9e-c615-4ff5-93c3-6abb7dac409a}" File="ui/common/common_icon_gou.png" UseOriginSize="True" />
                            </CheckElement>
                            <WZUILabelTTF Type="WZUILabelTTF" GUID="{1b932752-2056-4169-851a-4208d18dadd1}" LabelStyleKey="C1_F22_S4_C13" Scale="1" TextKey="COMMUNITYINFO78" RelativePosition="0.72,0.5" Color="127,70,26" ScaleX="1" ScaleY="1" Name="txtMain3Check1_SceneMemberList" />
                        </CheckBox>
                        <CheckBox AbsContentSize="165,50" AnchorPoint="0,0.5" GUID="{59415b98-e4df-4a16-b858-0bd6b185e252}" LuaSelectedFunctionName="onCheckLog2" Name="" RelativePosition="0.5,0.5" SelectedIndex="0" TouchContainerEnable="True" Type="WZUICheckBox" UseAbsSize="True" AbsPosition="0,443" Tag="0">
                            <CheckElement AbsContentSize="34,34" AnchorPoint="0.5,0.5" GUID="{51760a32-f2a2-46ac-8a14-382ffb2950ae}" RelativePosition="0.3,0.52" TouchContainerEnable="True" Type="WZUIContainer" UseAbsSize="True">
                                <WZUI9Image Type="WZUI9Image" GUID="{8f5beb95-d3f8-48b3-9cb6-3c53e31f3df9}" File="ui/common/common_scale9_di13.png" UseOriginSize="True" />
                            </CheckElement>
                            <CheckElement AbsContentSize="34,34" AnchorPoint="0.5,0.5" GUID="{bef67097-353f-43bd-aa99-7d0ea90d63ea}" RelativePosition="0.3,0.52" TouchContainerEnable="True" Type="WZUIContainer" UseAbsSize="True">
                                <WZUI9Image Type="WZUI9Image" GUID="{5c6db533-46f3-41ae-b533-38f9ae40dae6}" File="ui/common/common_scale9_di13.png" UseOriginSize="True" />
                                <WZUIImage Type="WZUIImage" GUID="{02876c30-4ad1-4922-bede-3652edc267f8}" File="ui/common/common_icon_gou.png" UseOriginSize="True" />
                            </CheckElement>
                            <WZUILabelTTF Type="WZUILabelTTF" GUID="{839b68ef-db26-4510-b135-9856546226c4}" LabelStyleKey="C1_F22_S4_C13" Scale="1" TextKey="COMMUNITYINFO77" RelativePosition="0.7,0.5" Color="127,70,26" ScaleX="1" ScaleY="1" Name="txtMain3Check2_SceneMemberList" />
                        </CheckBox>
                    </WZUICheckBoxGroup>
                </WZUIContainer>
                <WZUIContainer Type="WZUIContainer" GUID="{415b3d23-01d2-4573-8eb1-b4d8c6526c0d}" AbsContentSize="830,70" UseAbsSize="True" RelativePosition="0.5,0.112">
                    <Button Type="WZUIButton" GUID="{f736b834-3462-4709-9b28-59d3b6d477f7}" UseAbsSize="True" AbsContentSize="120,60" RelativePosition="0.09,0.5" Name="btnManage1" LuaDoneFunctionName="onManage1">
                        <NormalElement Type="WZUIContainer" GUID="{98c6df6e-7f50-42ab-88d8-962668c4fbf8}">
                            <WZUI9Image Type="WZUI9Image" GUID="{57399efa-4846-47bd-8c4c-aa47c6e83e93}" File="ui/common/common_btn_anniu3_1.png" UseOriginSize="True" />
                        </NormalElement>
                        <SelectElement Type="WZUIContainer" GUID="{f12ccf58-706d-433a-a118-7846ff76a71a}">
                            <WZUI9Image Type="WZUI9Image" GUID="{20e7f36d-7f87-47be-943e-959ece11422c}" File="ui/common/common_btn_anniu3_1_sel.png" UseOriginSize="True" />
                        </SelectElement>
                        <DisableElement Type="WZUIContainer" GUID="{4fd28962-fbe5-49b7-8fec-3ec942013a29}" />
                        <WZUILabelTTF Type="WZUILabelTTF" GUID="{09a3f790-bf2c-4f43-b30a-13cabb1891e0}" Name="txtManage1_SceneMemberList" BoldFont="True" FontSize="20" Alignment="Center" AnchorPoint="0.5,0.5" Color="255,236,193" Text="" RelativePosition="0.5,0.5" LabelStyleKey="SMALL_ORANGE_BTN" TextKey="NEWCOMMUNITY3" Scale="1" ScaleX="1" ScaleY="1" />
                    </Button>
                    <Button Type="WZUIButton" GUID="{9c91a4a2-08eb-477e-b2ec-a50f8c7dafc2}" UseAbsSize="True" AbsContentSize="120,60" RelativePosition="0.254,0.5" Name="btnManage2" LuaDoneFunctionName="onManage2">
                        <NormalElement Type="WZUIContainer" GUID="{3716b538-a5bb-47f1-aa72-01c12ab5e54b}">
                            <WZUI9Image Type="WZUI9Image" GUID="{898d5a76-6152-4803-8fd5-acdcc60ee17e}" File="ui/common/common_btn_anniu3_1.png" UseOriginSize="True" />
                        </NormalElement>
                        <SelectElement Type="WZUIContainer" GUID="{9902cc42-f7d8-448b-b50a-1f99d6fd946e}">
                            <WZUI9Image Type="WZUI9Image" GUID="{c29315bc-c104-4e36-b500-cfb1123a636e}" File="ui/common/common_btn_anniu3_1_sel.png" UseOriginSize="True" />
                        </SelectElement>
                        <DisableElement Type="WZUIContainer" GUID="{be1871cc-64b5-4b79-9e3d-e2c2ec04af5e}" />
                        <WZUILabelTTF Type="WZUILabelTTF" GUID="{cfdf2216-217e-4bb2-81a7-4638526cd0ec}" Name="txtManage2_SceneMemberList" BoldFont="True" FontSize="20" Alignment="Center" AnchorPoint="0.5,0.5" Color="255,236,193" Text="" RelativePosition="0.5,0.5" LabelStyleKey="SMALL_ORANGE_BTN" TextKey="COMMUNITYINFO173" Scale="1" ScaleX="1" ScaleY="1" />
                    </Button>
                    <Button Type="WZUIButton" GUID="{7d2548a0-979c-46c8-b5ac-4920eb6f4180}" UseAbsSize="True" AbsContentSize="120,60" RelativePosition="0.418,0.5" Name="btnManage4" LuaDoneFunctionName="onManage4">
                        <NormalElement Type="WZUIContainer" GUID="{7bf1c8c6-85d7-425d-9fd2-30ce926f6c02}">
                            <WZUI9Image Type="WZUI9Image" GUID="{d8ecf7df-cf5a-4b20-8866-808a8af623cc}" File="ui/common/common_btn_anniu3_1.png" UseOriginSize="True" />
                        </NormalElement>
                        <SelectElement Type="WZUIContainer" GUID="{7a929d11-bd49-4cd8-b30c-0ae13ee67545}">
                            <WZUI9Image Type="WZUI9Image" GUID="{3790b108-6187-472c-86cc-0334160816c8}" File="ui/common/common_btn_anniu3_1_sel.png" UseOriginSize="True" />
                        </SelectElement>
                        <DisableElement Type="WZUIContainer" GUID="{dd25d02a-5d00-414c-b2f9-b1507f690c33}" />
                        <WZUILabelTTF Type="WZUILabelTTF" GUID="{7ca0a65f-f4db-4a39-a9fa-e92182501f05}" Name="txtManage4_SceneMemberList" BoldFont="True" FontSize="20" Alignment="Center" AnchorPoint="0.5,0.5" Color="255,236,193" Text="" RelativePosition="0.5,0.5" LabelStyleKey="SMALL_ORANGE_BTN" TextKey="COMMUNITYINFO130" Scale="1" ScaleX="1" ScaleY="1" />
                    </Button>
                    <Button Type="WZUIButton" GUID="{96bb0b73-968e-48f9-8da7-929c9b80af8b}" UseAbsSize="True" AbsContentSize="120,60" RelativePosition="0.582,0.5" Name="btnManage5" LuaDoneFunctionName="onManage5">
                        <NormalElement Type="WZUIContainer" GUID="{f8e84c52-db4c-4c8b-8f8c-5c30038528ce}">
                            <WZUI9Image Type="WZUI9Image" GUID="{c8cca562-c79e-4133-adc8-843098140754}" File="ui/common/common_btn_anniu3_1.png" UseOriginSize="True" />
                        </NormalElement>
                        <SelectElement Type="WZUIContainer" GUID="{29d563e7-981d-472e-baf2-dc723e9e4011}">
                            <WZUI9Image Type="WZUI9Image" GUID="{ba42b9ea-c925-4240-931a-16ecfe864d1e}" File="ui/common/common_btn_anniu3_1_sel.png" UseOriginSize="True" />
                        </SelectElement>
                        <DisableElement Type="WZUIContainer" GUID="{151ed83d-10b5-4557-bf20-ba90c620f731}" />
                        <WZUILabelTTF Type="WZUILabelTTF" GUID="{212d8e29-9472-4dd7-af82-e52e58844735}" Name="txtManage5_SceneMemberList" BoldFont="True" FontSize="20" Alignment="Center" AnchorPoint="0.5,0.5" Color="255,236,193" Text="" RelativePosition="0.5,0.5" LabelStyleKey="SMALL_ORANGE_BTN" TextKey="COMMUNITY1" Scale="1" ScaleX="1" ScaleY="1" />
                        <WZUIImage Type="WZUIImage" GUID="{54515105-6f5e-4f2e-8fc1-d1e7db7dc8e9}" File="ui/common/common_icon_xiaodianzhui.png" UseOriginSize="True" RelativePosition="0.99,0.84" Name="imgApply1_SceneMemberList" Visible="False" />
                    </Button>
                    <Button Type="WZUIButton" GUID="{12c79ecb-af8d-409b-827d-17489df5cb75}" UseAbsSize="True" AbsContentSize="120,60" RelativePosition="0.746,0.5" Name="btnManage6" LuaDoneFunctionName="onManage6">
                        <NormalElement Type="WZUIContainer" GUID="{210cab32-33b3-4ca2-a643-235d240132bf}">
                            <WZUI9Image Type="WZUI9Image" GUID="{2fc282d9-8cf9-4955-98d0-1ba5473e4990}" File="ui/common/common_btn_anniu3_1.png" UseOriginSize="True" />
                        </NormalElement>
                        <SelectElement Type="WZUIContainer" GUID="{343e0201-8205-49e1-b25f-8559a20379dd}">
                            <WZUI9Image Type="WZUI9Image" GUID="{20456ba1-b76a-4267-866a-1ba28e226c2e}" File="ui/common/common_btn_anniu3_1_sel.png" UseOriginSize="True" />
                        </SelectElement>
                        <DisableElement Type="WZUIContainer" GUID="{cd84b330-d924-47f0-a7a8-0d0b1739a69f}" />
                        <WZUILabelTTF Type="WZUILabelTTF" GUID="{1ef24754-ae8d-4ca5-9e73-0cf60b29a742}" Name="txtManage6_SceneMemberList" BoldFont="True" FontSize="20" Alignment="Center" AnchorPoint="0.5,0.5" Color="255,236,193" Text="" RelativePosition="0.5,0.5" LabelStyleKey="SMALL_ORANGE_BTN" TextKey="COMMUNITY5" Scale="1" ScaleX="1" ScaleY="1" />
                    </Button>
                    <Button Type="WZUIButton" GUID="{6b071524-3fee-4b2d-99d9-f702888e2c2b}" UseAbsSize="True" AbsContentSize="120,60" RelativePosition="0.91,0.5" Name="btnManage3" LuaDoneFunctionName="onManage3">
                        <NormalElement Type="WZUIContainer" GUID="{ba38c702-245a-4d09-913c-05e5d65fdcbd}">
                            <WZUI9Image Type="WZUI9Image" GUID="{77bd6f21-c523-4fe6-abd9-21967e4dd618}" File="ui/common/common_btn_anniu3_1.png" UseOriginSize="True" />
                        </NormalElement>
                        <SelectElement Type="WZUIContainer" GUID="{7ea51408-7bde-4106-8e7f-bdff04f5f7f6}">
                            <WZUI9Image Type="WZUI9Image" GUID="{9f70b492-c549-433d-815c-db67652aa7c7}" File="ui/common/common_btn_anniu3_1_sel.png" UseOriginSize="True" />
                        </SelectElement>
                        <DisableElement Type="WZUIContainer" GUID="{6bac2973-db6b-4244-b531-a998ca5b9cb2}" />
                        <WZUILabelTTF Type="WZUILabelTTF" GUID="{1315dd01-69a5-449e-b5a2-125905ac6e6b}" Name="txtManage3_SceneMemberList" BoldFont="True" FontSize="20" Alignment="Center" AnchorPoint="0.5,0.5" Color="255,236,193" Text="" RelativePosition="0.5,0.5" LabelStyleKey="SMALL_ORANGE_BTN" TextKey="COMMUNITYINFO104" Scale="1" ScaleX="1" ScaleY="1" />
                    </Button>
                </WZUIContainer>
                <WZUIFreeListContainer EnableMoveHorizontal="False" GUID="{4c7f7a04-1beb-4945-a269-2c5b00d08f07}" Name="freeconText_SceneMemberList" RelativePosition="0.5,0.475" RelativeSize="1,1" Type="WZUIFreeListContainer" AbsContentSize="850,360" UseAbsSize="True" Resistance="1" />
            </WZUIContainer>
        </WZUIContainer>
    </WZUIWindow>
</SceneMemberList>
