﻿<?xml version="1.0" ?>
<SceneCommunityTotem GUID="{2C88CB2E-F012-4f18-B5CA-A9105E0D3A78}">
    <WZUIWindow Type="WZUIWindow" GUID="{95977C47-D735-4027-9FD8-76AE7DBA5119}" Name="SceneCommunityTotem" LuaObjectName="SceneCommunityTotem" ShowAll="False" AbsContentSize="960,640" UseAbsSize="True" RelativePosition="0.5,0.5" LuaTouchBeganFunction="onTouchBegin">
        <WZUIContainer AbsContentSize="" GUID="{08277F62-47DE-440e-B993-8B64195D85C6}" Type="WZUIContainer" UseAbsSize="False" Visible="True" TouchSwallow="False">
            <WZUI9Image Type="WZUI9Image" GUID="{8278A36A-A3D6-4143-9456-649CB6838CD7}" File="ui/common_bg/common_scale9_di2.png" Visible="True" UseOriginSize="True" Scale="2" />
        </WZUIContainer>
        <WZUIContainer Type="WZUIContainer" GUID="{A5B11498-0A78-47bb-90A7-F89CD4F7E01B}" Name="conShowAll_SceneCommunityTotem" Rotation="0" ShowAll="True">
            <WZUIContainer AbsContentSize="960,640" GUID="{4076C6EC-48A9-4c07-A9EA-D63FCAFA8DE1}" Name="conBg_SceneTotem" ShowAll="False" Type="WZUIContainer" UseAbsSize="True" Visible="True">
                <WZUIContainer Type="WZUIContainer" GUID="{53AB121B-2909-4fad-A5C9-D2C6C695F5DE}" AbsContentSize="850,520" UseAbsSize="True" RelativePosition="0.5,0.45" ShowAll="False">
                    <WZUI9Image Type="WZUI9Image" GUID="{FA7EBB05-6F8B-4f24-B6DA-ABB13548F2A3}" File="ui/common/common_scale9_di32.png" />
                    <WZUIContainer Type="WZUIContainer" GUID="{AEC7B155-355E-4600-84D8-38BA57FCF0B3}" AbsContentSize="836,410" UseAbsSize="True" RelativePosition="0.5,0.455">
                        <WZUI9Image Type="WZUI9Image" GUID="{EEA4BA68-8C89-4b2a-9CC3-B3E39FAC0E36}" File="ui/common/common_scale9_di6.png" />
                    </WZUIContainer>
                    <WZUIImage Type="WZUIImage" GUID="{DF3525E7-E40F-42a9-8302-BA53C896595F}" File="ui/common/common_icon_diandian.png" UseOriginSize="True" RelativePosition="0.031,0.95" />
                    <WZUIImage Type="WZUIImage" GUID="{23CE6571-CF56-4e5c-A985-5A97F67650AD}" File="ui/common/common_icon_diandian.png" UseOriginSize="True" RelativePosition="0.965,0.95" />
                </WZUIContainer>
            </WZUIContainer>
            <WZUIContainer Type="WZUIContainer" GUID="{1F945E59-5FA4-4c0a-A13C-4E2FFD75F179}" AbsContentSize="800,70" UseAbsSize="True" RelativePosition="0.5,0.79" Name="conInfo_SceneTotem" ShowAll="False">
                <WZUIContainer Type="WZUIContainer" GUID="{706C85B8-2ED0-4824-A417-B67993E142F5}" AbsContentSize="240,40" UseAbsSize="True" AnchorPoint="0.5,0" RelativePosition="0.18,0">
                    <WZUILabelTTF Type="WZUILabelTTF" GUID="{BDD6F46C-9F6E-408f-BA42-CF33DA449D22}" Name="CommunityPrestige" BoldFont="True" FontSize="24" Alignment="Left" AnchorPoint="0,0.5" Color="255,227,116" Text="" RelativePosition="0,0.5" TextKey="COMMUNITYINFO57" />
                    <WZUILabelTTF Type="WZUILabelTTF" GUID="{776F4F7B-FD77-4100-A5B6-E6894CC2FA06}" Name="CommunityPrestige1" BoldFont="True" FontSize="18" Alignment="Left" AnchorPoint="0,0.5" Color="255,236,193" Text="0" RelativePosition="0.3,0.5" />
                    <WZUIImage Type="WZUIImage" GUID="{23D3D58B-E8F3-4ac5-8A9F-A89307942232}" File="ui/common/common_icon_gzww.png" UseOriginSize="True" RelativePosition="-0.065,0.5" Scale="0.9" />
                </WZUIContainer>
                <WZUIContainer Type="WZUIContainer" GUID="{9CD3B4E0-8209-48ab-B1E3-96B0C8B0C509}" AbsContentSize="240,50" UseAbsSize="True" AnchorPoint="0.5,1" RelativePosition="0.594777,0.875006" Visible="False">
                    <WZUILabelTTF Type="WZUILabelTTF" GUID="{54A4FD37-7627-460b-8A4D-2DA403EFF882}" Name="CommunityLv" BoldFont="True" FontSize="24" Alignment="Left" AnchorPoint="0,0.5" Color="60,42,22" Text="公会等级:" RelativePosition="0,0.5" />
                    <WZUILabelTTF Type="WZUILabelTTF" GUID="{CB307E70-B860-484e-A93F-33DA48EF4716}" Name="CommunityLv1" BoldFont="True" FontSize="24" Alignment="Left" AnchorPoint="0,0.5" Color="255,238,144" Text="18" />
                </WZUIContainer>
                <WZUIFreeTextBox Type="WZUIFreeTextBox" GUID="{B71E9BFD-103D-4e38-8369-FD2CFCA9690F}" Name="infoFree_SceneCommunityTotem" RelativePosition="0.03,0.7" MaxWidth="800" AnchorPoint="0,0.5" />
            </WZUIContainer>
            <WZUIContainer Type="WZUIContainer" GUID="{21CE1B34-C946-442c-AD16-DB2079D811B8}" AbsContentSize="840,412" UseAbsSize="True" RelativePosition="0.5,0.41" ShowAll="False">
                <WZUIContainer Type="WZUIContainer" GUID="{F775737F-D49B-4f86-8A01-40F8AE2C2535}" Name="conLeft_SceneTotem" AbsContentSize="360,390" UseAbsSize="True" AnchorPoint="0,0.5" RelativePosition="0.0537442,0.501835" ShowAll="False">
                    <WZUI9Image Type="WZUI9Image" GUID="{DBB463B8-08C0-4381-B4B4-A379017B2BB1}" File="ui/community/common_pic_faguang1.png" Visible="True" Opacity="180" UseOriginSize="True" ScaleY="1.01" RelativePosition="0.5,0.502564" AbsPosition="180,196" />
                    <WZUIButton Type="WZUIButton" GUID="{B0C79E52-4516-47b5-8011-825E2DC58CD4}" AbsContentSize="116,56" UseAbsSize="True" RelativePosition="0.5,0.1" Name="btnUpgrade" LuaDoneFunctionName="onUpgrade" LuaActionName="Normal">
                        <NormalElement Type="WZUIContainer" GUID="{AD3DC51B-E597-4808-8F35-BFD12FFC851B}">
                            <WZUIImage Type="WZUIImage" GUID="{F2A6030C-A000-4e29-AAFD-9D838D4F0DCC}" File="ui/common/common_btn_anniu10_1.png" UseOriginSizeProportion="False" UseOriginSize="True" />
                        </NormalElement>
                        <SelectElement Type="WZUIContainer" GUID="{231241F8-E069-42cd-8DDA-CEA106607E86}">
                            <WZUIImage Type="WZUIImage" GUID="{C3AD6D32-9AD7-4a3b-A34B-1B09D4BB9500}" File="ui/common/common_btn_anniu10_1_sel.png" Scale="1" ScaleX="1" ScaleY="1" UseOriginSize="True" />
                        </SelectElement>
                        <DisableElement Type="WZUIContainer" GUID="{64A5920B-65E6-44ed-BA2F-F0434BCDE5A9}" />
                        <WZUILabelTTF Type="WZUILabelTTF" GUID="{277890E3-92E9-45d4-8DD7-B05990AB0A1F}" Color="255,236,193" FontSize="24" BoldFont="True" Text="升级" RelativePosition="0.5,0.5" EnableStroke="True" StrokeSize="4" StrokeColor="64,128,1" TextKey="STAR_SOUL_BUTTON_UPDATE" LabelStyleKey="SMALL_GREEN_BTN" Name="txtStarSoulButtonUpdate_SceneCommunityTotem" />
                    </WZUIButton>
                    <WZUIButton Type="WZUIButton" GUID="{1C1CBE8E-B128-4c54-980C-97A127A3BA23}" AbsContentSize="110,50" UseAbsSize="True" RelativePosition="-0.086,-0.045" Name="btnInfo" LuaDoneFunctionName="onInfo" LuaActionName="Normal">
                        <NormalElement Type="WZUIContainer" GUID="{A56453D0-8F7D-42fc-AB06-1B5F9F4077FE}">
                            <WZUIImage Type="WZUIImage" GUID="{5D212993-9111-4a8a-998F-D5E2B3A7E905}" File="ui/common/common_icon_gth.png" UseOriginSize="True" />
                        </NormalElement>
                        <SelectElement Type="WZUIContainer" GUID="{9CFE7573-8FED-4b04-9CA2-A80192BE602D}">
                            <WZUIImage Type="WZUIImage" GUID="{1F245667-4007-4427-8939-A2E19F3445C0}" File="ui/common/common_icon_gth.png" UseOriginSize="True" Scale="1" ScaleX="1" ScaleY="1" />
                        </SelectElement>
                        <DisableElement Type="WZUIContainer" GUID="{4592FE93-5A05-43b0-9A42-E5BAA480CBAE}" />
                    </WZUIButton>
                    <WZUIContainer Type="WZUIContainer" GUID="{8C666A83-7E97-4442-9159-72411DE34DF0}" TouchEnable="False" Visible="True">
                        <WZUISpine Type="WZUISpine" GUID="{87CE64C3-E3CE-4b21-A26F-FAAA85D6ACEC}" FileAtlas="ui/ui_zhanyang_tuteng_hou.atlas" FileJson="ui/ui_zhanyang_tuteng_hou.json" AnimationName="effect" Loop="True" RelativePosition="0.5,1.35324" />
                        <WZUIImage Type="WZUIImage" GUID="{40151BEF-57CA-4a1f-8D17-9AC8559F7C43}" File="ui/community/common_icon_gonghui1.png" UseOriginSize="True" Scale="1" RelativePosition="0.5006,0.750328" Visible="True" Name="imgTotemLevel" />
                        <WZUILabelTTF Type="WZUILabelTTF" GUID="{07EE0EC4-F10C-4793-BB3F-2366B5E056F0}" FontSize="22" Color="255,227,116" TextKey="COMMUNITYINFO62" RelativePosition="0.5,0.34359" />
                        <WZUILabelTTF Type="WZUILabelTTF" GUID="{BF20AE3D-C326-4038-BE24-873433379453}" FontSize="22" Color="255,89,74" TextKey="" RelativePosition="0.496622,0.265008" Text="00:00:00" Name="timeLeft_SceneTotem" />
                        <WZUISpine Type="WZUISpine" GUID="{3E6A1D84-1EE6-457f-931D-3A3869CC4375}" FileAtlas="ui/ui_zhanyang_tuteng.atlas" FileJson="ui/ui_zhanyang_tuteng.json" AnimationName="effect" Loop="True" RelativePosition="0.5,1.15" />
                    </WZUIContainer>
                </WZUIContainer>
                <WZUIContainer Type="WZUIContainer" GUID="{7F12F48C-AD62-4bf3-A791-FAF1A890EDFA}" AbsContentSize="360,410" UseAbsSize="True" AnchorPoint="1,0.5" RelativePosition="0.96,0.505" Name="conRight_SceneTotem" ShowAll="False">
                    <WZUI9Image Type="WZUI9Image" GUID="{E9D5650F-2FD6-497b-BB59-F0D9BDC128DB}" File="ui/common/common_scale9_di20.png" Color="0,0,0" Opacity="100" />
                    <WZUIContainer Type="WZUIContainer" GUID="{C0051C7A-1458-49af-9872-15C960624D8E}" AbsContentSize="240,50" UseAbsSize="True" AnchorPoint="0,1" RelativePosition="0.034,0.98" Visible="True">
                        <WZUILabelTTF Type="WZUILabelTTF" GUID="{CDE65FD8-8B01-49df-892D-7D5DB1D823C1}" Name="Level" BoldFont="True" FontSize="20" Alignment="Left" AnchorPoint="0,0.5" Color="255,227,116" Text="" RelativePosition="0.2,0.5" TextKey="COMMUNITYINFO80" />
                        <WZUILabelTTF Type="WZUILabelTTF" GUID="{66CB9844-9959-4fe0-8A2F-7AC7FCD364C8}" Name="Level1" BoldFont="True" FontSize="20" Alignment="Left" AnchorPoint="0,0.5" Color="255,236,193" Text="1" RelativePosition="0.7,0.5" />
                    </WZUIContainer>
                    <WZUIContainer Type="WZUIContainer" GUID="{05F003AD-71C7-4995-8CD3-45ADF66FA415}" AbsContentSize="300,200" UseAbsSize="True" RelativePosition="0.5,0.63">
                        <WZUIContainer Type="WZUIContainer" GUID="{A6ED2139-370A-4f35-8ACD-16619E9991B8}" AbsContentSize="240,30" UseAbsSize="True" AnchorPoint="0.5,1" RelativePosition="0.5,0.83">
                            <WZUILabelTTF Type="WZUILabelTTF" GUID="{B310270E-ECD9-4a3f-BD07-97EB9715320F}" Name="SchoolLevel" BoldFont="True" FontSize="20" Alignment="Left" AnchorPoint="0,0.5" Color="255,227,116" Text="" RelativePosition="0,0.5" TextKey="COMMUNITYINFO81" />
                        </WZUIContainer>
                        <WZUIContainer Type="WZUIContainer" GUID="{FC876403-B27D-4f89-BD38-84543EF850DA}" AbsContentSize="240,30" UseAbsSize="True" AnchorPoint="0.5,1" RelativePosition="0.5,0.62">
                            <WZUILabelTTF Type="WZUILabelTTF" GUID="{AB1AEA26-17E2-4fa2-90C7-90194A59FB7B}" Name="SchoolLevel1" BoldFont="True" FontSize="20" Alignment="Left" AnchorPoint="0,0.5" Color="255,121,31" Text="" RelativePosition="0,0.5" />
                            <WZUILabelTTF Type="WZUILabelTTF" GUID="{6C9EAF51-A56F-4093-AB4D-9B31DF609DBA}" Name="SchoolAttr1" BoldFont="True" FontSize="20" Alignment="Left" AnchorPoint="0,0.5" Color="255,236,193" Text="0" RelativePosition="0.7,0.5" />
                        </WZUIContainer>
                        <WZUIContainer Type="WZUIContainer" GUID="{8CB5D15C-979B-4b93-874D-9C84CC358DC1}" AbsContentSize="240,30" UseAbsSize="True" AnchorPoint="0.5,1" RelativePosition="0.5,0.45">
                            <WZUILabelTTF Type="WZUILabelTTF" GUID="{353796C7-6D7B-4f95-8046-15E5CDBC8B34}" Name="SchoolLevel2" BoldFont="True" FontSize="20" Alignment="Left" AnchorPoint="0,0.5" Color="255,121,31" Text="" RelativePosition="0,0.5" />
                            <WZUILabelTTF Type="WZUILabelTTF" GUID="{35ED9932-15CA-427f-A68C-FF2F8177E20B}" Name="SchoolAttr2" BoldFont="True" FontSize="20" Alignment="Left" AnchorPoint="0,0.5" Color="255,236,193" Text="0" RelativePosition="0.7,0.5" />
                        </WZUIContainer>
                        <WZUIContainer Type="WZUIContainer" GUID="{CFF47888-905B-42d7-8990-728E83895D8D}" AbsContentSize="240,30" UseAbsSize="True" AnchorPoint="0.5,1" RelativePosition="0.5,0.28">
                            <WZUILabelTTF Type="WZUILabelTTF" GUID="{CF548EAB-EBA6-433c-A8AD-2118ABA91D06}" Name="SchoolLevel3" BoldFont="True" FontSize="20" Alignment="Left" AnchorPoint="0,0.5" Color="255,121,31" Text="" RelativePosition="0,0.5" />
                            <WZUILabelTTF Type="WZUILabelTTF" GUID="{8037EE73-7533-40ff-B34B-DE196E5616B5}" Name="SchoolAttr3" BoldFont="True" FontSize="20" Alignment="Left" AnchorPoint="0,0.5" Color="255,236,193" Text="0" RelativePosition="0.7,0.5" />
                        </WZUIContainer>
                    </WZUIContainer>
                    <WZUIContainer Type="WZUIContainer" GUID="{643F8106-A747-4c17-BFB0-5D67DF3884D2}" AbsContentSize="280,38" UseAbsSize="True" AnchorPoint="0.5,1" RelativePosition="0.5,0.315" Scale="1" ScaleX="1" ScaleY="1">
                        <WZUIContainer Type="WZUIContainer" GUID="{5C5846D3-9777-432b-8A73-62884F65604D}" AbsContentSize="560,76" UseAbsSize="True" Scale="0.5">
                            <WZUI9Image Type="WZUI9Image" GUID="{6D156774-DD27-4d06-8516-97E3C62E1531}" File="ui/common/common_scale9_heidi6.png" />
                        </WZUIContainer>
                        <WZUILabelTTF Type="WZUILabelTTF" GUID="{1BD03275-223F-456a-ADCE-7EE57D80E6BC}" Name="Cost" BoldFont="True" FontSize="20" Alignment="Left" AnchorPoint="0,0.5" Color="255,227,116" Text="" RelativePosition="0.15,0.5" TextKey="COMMUNITYINFO82" />
                        <WZUILabelTTF Type="WZUILabelTTF" GUID="{3BFC1034-DE03-499c-B0FA-D786358536F6}" Name="Cost1" BoldFont="True" FontSize="24" Alignment="Left" AnchorPoint="0,0.5" Color="255,236,193" Text="0" RelativePosition="0.58,0.5" />
                        <WZUIImage Type="WZUIImage" GUID="{66B194AE-FA04-46c4-9EEE-5AB53F62BE73}" File="ui/common/common_icon_jinbi.png" UseOriginSize="True" RelativePosition="0.51,0.5" Scale="0.8" />
                    </WZUIContainer>
                    <WZUIButton Type="WZUIButton" GUID="{FDC6B8F6-4DAD-4049-9C9D-A321FFFCECDF}" AbsContentSize="116,56" UseAbsSize="True" RelativePosition="0.5,0.116" Name="btnLearn" LuaDoneFunctionName="onLearn" LuaActionName="Normal">
                        <NormalElement Type="WZUIContainer" GUID="{1474B922-6869-47a9-A6EF-3D7032864218}">
                            <WZUIImage Type="WZUIImage" GUID="{4A1DF8FB-8B99-4ba1-A7A6-5D4F7F38A39F}" File="ui/common/common_btn_anniu3_1.png" UseOriginSize="True" />
                            <WZUILabelTTF Type="WZUILabelTTF" GUID="{D20046A3-0D10-4b5f-A19B-97C7940FCCC5}" Color="255,236,193" FontSize="22" BoldFont="True" Text="" RelativePosition="0.5,0.5" Name="zyTotem1" StrokeColor="132,66,29" StrokeSize="4" EnableStroke="True" LabelStyleKey="SMALL_ORANGE_BTN" TextKey="COMMUNITYINFO83" />
                        </NormalElement>
                        <SelectElement Type="WZUIContainer" GUID="{0910586E-FFB1-4852-99F3-9C966D0FC923}">
                            <WZUIImage Type="WZUIImage" GUID="{7F9E4E8C-C1AC-4288-A65A-6659C4555DEB}" File="ui/common/common_btn_anniu3_1_sel.png" Scale="1" UseOriginSize="True" />
                            <WZUILabelTTF Type="WZUILabelTTF" GUID="{4380BB33-75E3-44ea-96BE-1D4FAB467208}" Color="255,236,193" FontSize="22" BoldFont="True" Text="" RelativePosition="0.5,0.5" Name="zyTotem2" EnableStroke="True" StrokeColor="132,66,29" StrokeSize="4" LabelStyleKey="SMALL_ORANGE_BTN" TextKey="COMMUNITYINFO83" />
                        </SelectElement>
                        <DisableElement Type="WZUIContainer" GUID="{7CEBFA83-3756-4534-B1BF-A036C87E605B}">
                            <WZUIImage Type="WZUIImage" GUID="{E9A7D5C7-7AF3-4b3f-99F7-356274AEB9F8}" File="ui/common/common_btn_anniu3_1.png" GrayRender="True" RelativePosition="0.5,0.5" UseOriginSize="True" />
                            <WZUILabelTTF Type="WZUILabelTTF" GUID="{22E0B43A-5645-4b82-9D90-8368515F952C}" Color="255,255,255" FontSize="22" BoldFont="True" Text="" RelativePosition="0.5,0.5" Name="zyTotem3" EnableStroke="False" StrokeColor="128,128,128" StrokeSize="4" LabelStyleKey="SMALL_GRAY_BTN" TextKey="COMMUNITYINFO83" />
                        </DisableElement>
                    </WZUIButton>
                    <WZUIImage Type="WZUIImage" GUID="{5E39A0A3-E053-4fe6-AFD9-3E8A7EE4C726}" File="ui/common/common_pic_huabian.png" UseOriginSize="True" RelativePosition="0.495,0.85" ScaleX="1" Scale="1" />
                    <WZUIImage Type="WZUIImage" GUID="{0778FBC7-09F0-4b27-AD66-D2518368CE4E}" File="ui/common/common_pic_huabian.png" UseOriginSize="True" RelativePosition="0.495,0.385" ScaleX="1" Scale="1" FlipY="True" />
                </WZUIContainer>
            </WZUIContainer>
        </WZUIContainer>
    </WZUIWindow>
</SceneCommunityTotem>
