﻿<?xml version="1.0" ?>
<SceneCommunitySkill GUID="{E302BE9A-BD6E-4989-937E-3198E152F4FA}">
    <WZUIWindow Type="WZUIWindow" GUID="{2C69C2DC-A670-4d79-8837-6F19BB204ED7}" Name="SceneCommunitySkill" LuaObjectName="SceneCommunitySkill" ShowAll="False" RelativePosition="0.5,0.5" LuaTouchBeganFunction="onTouchBegin">
        <WZUIContainer AbsContentSize="" GUID="{6E560679-68C3-4f4a-8D80-25F144514A4F}" Type="WZUIContainer" UseAbsSize="False" Visible="True" TouchSwallow="False">
            <WZUI9Image Type="WZUI9Image" GUID="{18050E50-4CF7-4e6f-85E1-D66C29C257AE}" File="ui/common_bg/common_scale9_di2.png" Visible="True" UseOriginSize="True" Scale="2" />
        </WZUIContainer>
        <WZUIContainer Type="WZUIContainer" GUID="{5FAB1603-382A-46a4-A35A-9D774847E341}" Name="conShowAll_SceneCommunitySkill" ShowAll="True">
            <WZUIContainer Type="WZUIContainer" GUID="{015EB28F-899D-418a-9332-3FA5D5587626}" AbsContentSize="850,520" UseAbsSize="True" RelativePosition="0.5,0.45" ShowAll="False">
                <WZUI9Image Type="WZUI9Image" GUID="{BEAE7634-9ED2-4ec3-BA96-E6BDC3EA450D}" File="ui/common/common_scale9_di32.png" />
                <WZUIContainer Type="WZUIContainer" GUID="{94D5FF41-90F4-4f91-9444-1347CAC7F316}" AbsContentSize="836,410" UseAbsSize="True" RelativePosition="0.5,0.455">
                    <WZUI9Image Type="WZUI9Image" GUID="{866FC6E9-F927-4612-90D3-5826E5FB1376}" File="ui/common/common_scale9_di6.png" />
                </WZUIContainer>
                <WZUIImage Type="WZUIImage" GUID="{88912070-D63D-4244-8122-DCC8843DDD17}" File="ui/common/common_icon_diandian.png" UseOriginSize="True" RelativePosition="0.031,0.95" />
                <WZUIImage Type="WZUIImage" GUID="{A2D83822-4816-4e84-B351-ECF4D3BB71BA}" File="ui/common/common_icon_diandian.png" UseOriginSize="True" RelativePosition="0.965,0.95" />
            </WZUIContainer>
            <WZUIContainer Type="WZUIContainer" GUID="{EF3E0792-02E6-4330-AC21-CF061C9A2FA4}" AbsContentSize="842,412" UseAbsSize="True" ShowAll="False">
                <WZUIContainer Type="WZUIContainer" GUID="{4917DEEC-4B32-47ba-B228-265379AD4706}" Name="conLeft_SceneSkill" AbsContentSize="360,410" UseAbsSize="True" AnchorPoint="0,0.5" RelativePosition="0.0539685,0.364181" ShowAll="False">
                    <WZUI9Image Type="WZUI9Image" GUID="{2B668135-8231-47ae-A9D3-06516490D182}" File="ui/common/common_scale9_di20.png" Color="0,0,0" Opacity="100" Visible="True" />
                    <WZUIContainer Type="WZUIContainer" GUID="{F7134725-79E8-4e79-93B9-B8E43160AD83}" AbsContentSize="100,100" UseAbsSize="True" RelativePosition="0.261889,0.71" AbsPosition="94.28,291.1">
                        <WZUIImage Type="WZUIImage" GUID="{D5B005E9-2013-4000-AC62-43B5FEC768C7}" File="ui/common/common_icon_jinengkuang.png" RelativePosition="0.5,0.49" Name="skillBg01" UseOriginSize="True" Scale="1.1" Visible="True" Order="1" />
                        <Button Type="WZUIButton" GUID="{22B3006F-7950-4cc3-9D24-D76131982419}" AbsContentSize="70,70" UseAbsSize="True" LuaDoneFunctionName="onSkill1" Order="1" RelativePosition="0.5,0.5">
                            <NormalElement Type="WZUIContainer" GUID="{3D341E0E-5BE2-438a-9CB6-64382B46CFC5}">
                                <WZUIImage Type="WZUIImage" GUID="{3D258AB8-2E81-4b56-A5FF-AC56F740D93C}" File="ui/community/common_icon_jineng2.png" UseOriginSize="True" RelativePosition="0.5,0.5" />
                            </NormalElement>
                            <SelectElement Type="WZUIContainer" GUID="{09320E51-AD00-44cf-BCB0-033289C3B2FE}">
                                <WZUIImage Type="WZUIImage" GUID="{F66EC7CC-74F7-4c40-8EC4-56CC56D4D718}" File="ui/community/common_icon_jineng2.png" UseOriginSize="True" />
                            </SelectElement>
                            <DisableElement Type="WZUIContainer" GUID="{3452704A-4432-44f0-9958-247864A28A4A}">
                                <WZUIImage Type="WZUIImage" GUID="{19ACC060-1E97-4229-8344-5A5CAB9EF648}" File="ui/community/common_icon_jineng2.png" UseOriginSize="True" RelativePosition="0.5,0.5" />
                            </DisableElement>
                        </Button>
                        <WZUIImage Type="WZUIImage" GUID="{E4F68799-D8B3-459c-9FA0-6A096DC9D156}" File="ui/common/common_scale9_beibaodi_sel.png" RelativePosition="0.5,0.48" Name="skillBg1" UseOriginSize="True" Scale="0.8" Visible="True" Order="1" AbsPosition="50,48" />
                        <WZUILabelTTF Type="WZUILabelTTF" GUID="{DE2B14E7-EA05-437e-9AD2-875EC8271A21}" FontSize="20" Color="255,236,193" BoldFont="True" Text="Lv.0" RelativePosition="0.5,0" Name="skillLevel1" />
                    </WZUIContainer>
                    <WZUIContainer Type="WZUIContainer" GUID="{C9841892-4F68-42b2-9EA4-131DC6299F77}" AbsContentSize="100,100" UseAbsSize="True" RelativePosition="0.498,0.71" AbsPosition="136.083,287.796">
                        <WZUIImage Type="WZUIImage" GUID="{0A4A5C12-859B-4528-A3BA-40794742308A}" File="ui/common/common_icon_jinengkuang.png" RelativePosition="0.5,0.49" Name="skillBg02" UseOriginSize="True" Scale="1.1" />
                        <Button Type="WZUIButton" GUID="{2DB530B7-B0E9-494b-B434-D0B2B58E22AB}" AbsContentSize="70,70" UseAbsSize="True" LuaDoneFunctionName="onSkill2">
                            <NormalElement Type="WZUIContainer" GUID="{FA01D3EF-3A44-45db-AC75-58A42CF38613}">
                                <WZUIImage Type="WZUIImage" GUID="{B6C165A2-0A76-4898-A414-A2AF2D1BF7EB}" File="ui/community/common_icon_jineng3.png" UseOriginSize="True" />
                            </NormalElement>
                            <SelectElement Type="WZUIContainer" GUID="{12891087-A056-44e8-925F-0323B050AD34}">
                                <WZUIImage Type="WZUIImage" GUID="{4D34EC14-11CD-4144-84EA-1D3AE49B1A87}" File="ui/community/common_icon_jineng3.png" Visible="True" UseOriginSize="True" />
                            </SelectElement>
                            <DisableElement Type="WZUIContainer" GUID="{4BE118B8-C1AB-458c-B488-273FAC1677D6}">
                                <WZUIImage Type="WZUIImage" GUID="{01FF6B0D-C1F8-466f-A405-CCADFED623C4}" File="ui/community/common_icon_jineng3.png" UseOriginSize="True" />
                            </DisableElement>
                        </Button>
                        <WZUIImage Type="WZUIImage" GUID="{96F57D65-3E9B-4531-8A1F-595CFEFE78C7}" File="ui/common/common_scale9_beibaodi_sel.png" RelativePosition="0.5,0.48" Name="skillBg2" Visible="True" Scale="0.8" Color="255,255,255" AbsPosition="50,48" UseOriginSize="True" />
                        <WZUILabelTTF Type="WZUILabelTTF" GUID="{CD3A427B-0B82-4de2-B2A3-27F7A109B2A7}" FontSize="20" Color="255,236,193" BoldFont="True" Text="Lv.0" RelativePosition="0.5,0" Name="skillLevel2" />
                    </WZUIContainer>
                    <WZUIContainer Type="WZUIContainer" GUID="{AFB085E0-E5D6-4eee-9590-28336E1C3272}" AbsContentSize="100,100" UseAbsSize="True" RelativePosition="0.728778,0.71" AbsPosition="262.36,291.1">
                        <WZUIImage Type="WZUIImage" GUID="{E6007B3E-8D81-4d83-A88C-EA606FBB011D}" File="ui/common/common_icon_jinengkuang.png" RelativePosition="0.5,0.49" Name="skillBg03" UseOriginSize="True" Scale="1.1" />
                        <Button Type="WZUIButton" GUID="{352B8E6E-AFAC-4c93-9850-6A515D925A02}" AbsContentSize="70,70" UseAbsSize="True" LuaDoneFunctionName="onSkill3">
                            <NormalElement Type="WZUIContainer" GUID="{751BA655-166A-4cb2-AA55-540F85726892}">
                                <WZUIImage Type="WZUIImage" GUID="{90F4F7F9-0FAD-4f81-B1C6-6C446E7706FF}" File="ui/community/common_icon_jineng4.png" UseOriginSize="True" />
                            </NormalElement>
                            <SelectElement Type="WZUIContainer" GUID="{DBAC2541-48D0-4a29-9E62-0C203A357369}">
                                <WZUIImage Type="WZUIImage" GUID="{5790D667-F6DE-4dc9-A217-A4077D6E4468}" File="ui/community/common_icon_jineng4.png" UseOriginSize="True" />
                            </SelectElement>
                            <DisableElement Type="WZUIContainer" GUID="{2304577A-4D88-4541-9FAD-452E81B53AAF}">
                                <WZUIImage Type="WZUIImage" GUID="{E1BF6059-00C2-49d3-B020-C721B11274FB}" File="ui/community/common_icon_jineng4.png" UseOriginSize="True" />
                            </DisableElement>
                        </Button>
                        <WZUIImage Type="WZUIImage" GUID="{1D669C2B-C36C-4251-BE61-3DFE7AEBE077}" File="ui/common/common_scale9_beibaodi_sel.png" RelativePosition="0.5,0.48" Name="skillBg3" Visible="True" Scale="0.8" UseOriginSize="True" AbsPosition="50,48" />
                        <WZUILabelTTF Type="WZUILabelTTF" GUID="{3041910D-4D4F-4400-BF94-46F4DF24F289}" FontSize="20" Color="255,236,193" BoldFont="True" Text="Lv.0" RelativePosition="0.539188,0" Name="skillLevel3" />
                    </WZUIContainer>
                    <WZUIContainer Type="WZUIContainer" GUID="{BD92D6F0-C57E-4f14-ABEA-D3919AB31D68}" AbsContentSize="100,100" UseAbsSize="True" RelativePosition="0.141889,0.43" AbsPosition="51.08,176.3">
                        <WZUIImage Type="WZUIImage" GUID="{A1A99A4D-0E1C-48dc-842E-618B9F34DB63}" File="ui/common/common_icon_jinengkuang.png" RelativePosition="0.5,0.49" Name="skillBg04" UseOriginSize="True" Scale="1.1" />
                        <Button Type="WZUIButton" GUID="{163EF185-DBA3-4fb7-AF1B-81D78F75EE54}" AbsContentSize="70,70" UseAbsSize="True" LuaDoneFunctionName="onSkill4">
                            <NormalElement Type="WZUIContainer" GUID="{AD2CC4A6-4207-41aa-9AF6-2D66F4E42E42}">
                                <WZUIImage Type="WZUIImage" GUID="{0CD3450E-E3A1-4546-93F2-36BB2CEC61F8}" File="ui/community/common_icon_jineng1.png" UseOriginSize="True" />
                            </NormalElement>
                            <SelectElement Type="WZUIContainer" GUID="{81952047-D4CB-438a-8765-E57BB0B85B5F}">
                                <WZUIImage Type="WZUIImage" GUID="{803A8843-3EAC-4099-959C-4CA6A279D401}" File="ui/community/common_icon_jineng1.png" UseOriginSize="True" />
                            </SelectElement>
                            <DisableElement Type="WZUIContainer" GUID="{3DAEB69A-8C11-4f5c-A11F-FB20E7E6D7DF}">
                                <WZUIImage Type="WZUIImage" GUID="{A233F7AA-1EAF-48e8-AF6F-55A473BDBAB6}" File="ui/community/common_icon_jineng1.png" UseOriginSize="True" />
                            </DisableElement>
                        </Button>
                        <WZUIImage Type="WZUIImage" GUID="{D96E5052-777C-4340-979E-029BB73ACDF5}" File="ui/common/common_scale9_beibaodi_sel.png" RelativePosition="0.5,0.47" Name="skillBg4" Visible="True" Scale="0.8" UseOriginSize="True" AbsPosition="50,47" />
                        <WZUILabelTTF Type="WZUILabelTTF" GUID="{02E13EB3-9E38-4045-8CE5-82496E870A02}" FontSize="20" Color="255,236,193" BoldFont="True" Text="Lv.0" RelativePosition="0.5,0" Name="skillLevel4" />
                    </WZUIContainer>
                    <WZUIContainer Type="WZUIContainer" GUID="{F86F08B9-3725-435e-ADAA-CD08AA3E4A82}" AbsContentSize="100,100" UseAbsSize="True" RelativePosition="0.380778,0.43" AbsPosition="137.08,176.3" File="ui/community/common_icon_jineng5.png">
                        <WZUIImage Type="WZUIImage" GUID="{711262BC-4027-45f1-AE40-17673EE4B8F8}" File="ui/common/common_icon_jinengkuang.png" RelativePosition="0.5,0.49" Name="skillBg05" UseOriginSize="True" Scale="1.1" />
                        <Button Type="WZUIButton" GUID="{4E8ED5C3-324E-4437-B5E6-0E2247CB8D1B}" AbsContentSize="70,70" UseAbsSize="True" LuaDoneFunctionName="onSkill5">
                            <NormalElement Type="WZUIContainer" GUID="{07BFEF16-6134-40ad-85A8-C44C5B279B2A}">
                                <WZUIImage Type="WZUIImage" GUID="{1EEDB345-A170-4f8b-9501-6C3086BA82E3}" File="ui/community/common_icon_jineng5.png" UseOriginSize="True" />
                            </NormalElement>
                            <SelectElement Type="WZUIContainer" GUID="{30F44310-23E7-4177-8141-9A582751D502}">
                                <WZUIImage Type="WZUIImage" GUID="{D2984510-B4D0-4f87-9714-2B5F3AA50E15}" File="ui/community/common_icon_jineng5.png" UseOriginSize="True" />
                            </SelectElement>
                            <DisableElement Type="WZUIContainer" GUID="{3963183A-36A7-4288-95AC-28097BA670F2}">
                                <WZUIImage Type="WZUIImage" GUID="{FA5D5EAE-6B9B-48dc-97F4-A24E77CA3818}" File="ui/community/xinghun_defend.png" UseOriginSize="True" />
                            </DisableElement>
                        </Button>
                        <WZUIImage Type="WZUIImage" GUID="{6147EB9D-2CD2-4c2c-ACED-0E382802D127}" File="ui/common/common_scale9_beibaodi_sel.png" RelativePosition="0.5,0.47" Name="skillBg5" Visible="True" Scale="0.8" UseOriginSize="True" AbsPosition="50,47" />
                        <WZUILabelTTF Type="WZUILabelTTF" GUID="{26A2A016-23EE-4c4b-AF83-88BF5D28F832}" FontSize="20" Color="255,236,193" BoldFont="True" Text="Lv.0" RelativePosition="0.5,0" Name="skillLevel5" />
                    </WZUIContainer>
                    <WZUIContainer Type="WZUIContainer" GUID="{0C54217E-58F8-4ca2-8D59-19FBA8CB4352}" AbsContentSize="100,100" UseAbsSize="True" RelativePosition="0.622667,0.43" AbsPosition="224.16,176.3">
                        <WZUIImage Type="WZUIImage" GUID="{75457FCA-634E-4eb6-8FAD-30910DF4BB14}" File="ui/common/common_icon_jinengkuang.png" RelativePosition="0.5,0.49" Name="skillBg06" UseOriginSize="True" Scale="1.1" />
                        <Button Type="WZUIButton" GUID="{55137A68-FDF5-4c48-B8B4-1A27E09E1A00}" AbsContentSize="70,70" UseAbsSize="True" LuaDoneFunctionName="onSkill6">
                            <NormalElement Type="WZUIContainer" GUID="{8973FC40-BAD3-489e-8B5D-228B264BA4B0}">
                                <WZUIImage Type="WZUIImage" GUID="{EAA28218-47C3-48eb-BC35-AEF87A6FB322}" File="ui/community/common_icon_jineng7.png" UseOriginSize="True" />
                            </NormalElement>
                            <SelectElement Type="WZUIContainer" GUID="{0C70DABC-8BAC-49a1-A918-1F7109A859A5}">
                                <WZUIImage Type="WZUIImage" GUID="{79F716BA-327E-43be-AB06-9A75FEE719F0}" File="ui/community/common_icon_jineng7.png" UseOriginSize="True" />
                            </SelectElement>
                            <DisableElement Type="WZUIContainer" GUID="{807B204B-9DE0-4fc8-B683-1F65384EF608}">
                                <WZUIImage Type="WZUIImage" GUID="{6BDC9992-3D38-4ac0-A705-CB89FA57E894}" File="ui/community/common_icon_jineng7.png" UseOriginSize="True" />
                            </DisableElement>
                        </Button>
                        <WZUIImage Type="WZUIImage" GUID="{CD2D1FCC-E7A1-42f0-9BF3-F5452E2B85A1}" File="ui/common/common_scale9_beibaodi_sel.png" RelativePosition="0.5,0.47" Name="skillBg6" Visible="True" Scale="0.8" UseOriginSize="True" AbsPosition="50,47" />
                        <WZUILabelTTF Type="WZUILabelTTF" GUID="{52A298E8-F617-4bf9-9491-849FF84A441F}" FontSize="20" Color="255,236,193" BoldFont="True" Text="Lv.0" RelativePosition="0.5,0" Name="skillLevel6" />
                    </WZUIContainer>
                    <WZUIContainer Type="WZUIContainer" GUID="{D79B7654-F874-44ee-BEE5-95B9673E497C}" AbsContentSize="100,100" UseAbsSize="True" RelativePosition="0.859444,0.43" AbsPosition="309.4,176.3">
                        <WZUIImage Type="WZUIImage" GUID="{9B3B9899-68B0-4a31-A6F5-1723FEBB5241}" File="ui/common/common_icon_jinengkuang.png" RelativePosition="0.5,0.49" Name="skillBg07" UseOriginSize="True" Scale="1.1" />
                        <Button Type="WZUIButton" GUID="{B2B40105-6C51-42df-8246-9BB3CF3C102B}" AbsContentSize="70,70" UseAbsSize="True" LuaDoneFunctionName="onSkill7">
                            <NormalElement Type="WZUIContainer" GUID="{E7D97B78-5828-46e3-B435-0B05AD0D3ECA}">
                                <WZUIImage Type="WZUIImage" GUID="{BF56F0F1-9755-4f80-B1D0-837B3FCF2E8C}" File="ui/community/common_icon_jineng6.png" UseOriginSize="True" />
                            </NormalElement>
                            <SelectElement Type="WZUIContainer" GUID="{AEDD4B47-C22D-4a8c-B2D2-8F6AF818DBBE}">
                                <WZUIImage Type="WZUIImage" GUID="{03546FE4-C90B-41d1-AB5F-4CCF6E4BD0FD}" File="ui/community/common_icon_jineng6.png" UseOriginSize="True" />
                            </SelectElement>
                            <DisableElement Type="WZUIContainer" GUID="{D57BA906-9D40-4c84-A55B-625EB28D0A0B}">
                                <WZUIImage Type="WZUIImage" GUID="{87A1A7D5-CC27-490d-83E3-0834813AFFB6}" File="ui/community/common_icon_jineng6.png" UseOriginSize="True" />
                            </DisableElement>
                        </Button>
                        <WZUIImage Type="WZUIImage" GUID="{237E6C7D-E5F9-4510-AAC0-94DAA712703F}" File="ui/common/common_scale9_beibaodi_sel.png" RelativePosition="0.5,0.47" Name="skillBg7" Visible="True" Scale="0.8" UseOriginSize="True" AbsPosition="50,47" />
                        <WZUILabelTTF Type="WZUILabelTTF" GUID="{CD41E67A-23A9-4e5e-8023-5B14C75234C4}" FontSize="20" Color="255,236,193" BoldFont="True" Text="Lv.0" RelativePosition="0.5,0" Name="skillLevel7" />
                    </WZUIContainer>
                    <WZUIButton Type="WZUIButton" GUID="{21DC8D3A-F5EF-4987-873A-140EFC2D85A0}" AbsContentSize="116,56" UseAbsSize="True" RelativePosition="0.5,0.11" Name="btnUpgrade" LuaDoneFunctionName="onUpgrade" LuaActionName="Normal">
                        <NormalElement Type="WZUIContainer" GUID="{F9B9A46A-CDB0-400d-955C-E5D064CC4A42}">
                            <WZUI9Image Type="WZUI9Image" GUID="{EA741BFF-6B5F-4c67-AFB9-44B3318BB8CB}" File="ui/common/common_btn_anniu10_1.png" UseOriginSize="True" />
                        </NormalElement>
                        <SelectElement Type="WZUIContainer" GUID="{436E321E-A181-49f1-A838-ABD2FF53A0DF}">
                            <WZUI9Image Type="WZUI9Image" GUID="{8FC8CEB2-4DAB-4e78-8DDA-7A3B6D1F6E04}" File="ui/common/common_btn_anniu10_1_sel.png" Scale="1" ScaleX="1" ScaleY="1" UseOriginSize="True" />
                        </SelectElement>
                        <DisableElement Type="WZUIContainer" GUID="{591D59EA-416A-4b73-9D2B-6C01D92624ED}" />
                        <WZUILabelTTF Type="WZUILabelTTF" GUID="{6E6E85C9-D534-4fe5-9854-2A2D845FEF20}" Color="255,236,193" FontSize="24" BoldFont="True" Text="升级" RelativePosition="0.5,0.5" StrokeColor="64,128,1" StrokeSize="4" EnableStroke="True" TextKey="STAR_SOUL_BUTTON_UPDATE" LabelStyleKey="SMALL_GREEN_BTN" Name="txtUpgrade_SceneCommunitySkill" />
                    </WZUIButton>
                    <WZUIButton Type="WZUIButton" GUID="{1EBE6E3A-6DB0-49a5-A4F3-351E96AB7BF5}" AbsContentSize="112,52" UseAbsSize="True" RelativePosition="-0.0805181,-0.0176444" Name="btnInfo" LuaDoneFunctionName="onInfo" LuaActionName="Normal" AbsPosition="-28.9865,-7.23419">
                        <NormalElement Type="WZUIContainer" GUID="{92442C0B-346A-459d-A308-CF5FCE4CCC32}">
                            <WZUI9Image Type="WZUI9Image" GUID="{968EC0B2-BD80-4af9-8B4F-9F9D04B18855}" File="ui/common/common_icon_gth.png" UseOriginSize="True" RelativePosition="0.5,0.5" />
                        </NormalElement>
                        <SelectElement Type="WZUIContainer" GUID="{B55CC3D8-647F-4ca3-B427-77F4263F6D8E}">
                            <WZUI9Image Type="WZUI9Image" GUID="{2E06B12A-77DC-4dcf-B9F3-01D06C676745}" File="ui/common/common_icon_gth.png" UseOriginSize="True" Scale="1" ScaleX="1" ScaleY="1" />
                        </SelectElement>
                        <DisableElement Type="WZUIContainer" GUID="{3D8CFE7B-98CE-42d5-9953-67A32B2C4371}" />
                    </WZUIButton>
                    <WZUIContainer Type="WZUIContainer" GUID="{CFF464A9-2883-444a-8CB1-78842B436AE8}" AbsContentSize="240,50" UseAbsSize="True" AnchorPoint="0.5,1" RelativePosition="0.627168,0.948083" Visible="True" AbsPosition="225.78,388.714">
                        <WZUILabelTTF Type="WZUILabelTTF" GUID="{D17A8065-3B6E-4a00-84A5-5A34AB85F7FD}" Name="SchoolLevel" BoldFont="True" FontSize="20" Alignment="Left" AnchorPoint="0,0.5" Color="255,227,116" Text="" RelativePosition="0,0.5" TextKey="COMMUNITYINFO84" />
                        <WZUILabelTTF Type="WZUILabelTTF" GUID="{BFE479DF-8B55-49c0-BA37-B8FF6168F299}" Name="SchoolLevel1" BoldFont="True" FontSize="20" Alignment="Left" AnchorPoint="0,0.5" Color="255,236,193" Text="1" RelativePosition="0.5,0.5" />
                    </WZUIContainer>
                </WZUIContainer>
                <WZUIContainer Type="WZUIContainer" GUID="{4491A991-A8DC-4d66-A9D5-D1313BFCF077}" AbsContentSize="360,410" UseAbsSize="True" AnchorPoint="1,0.5" RelativePosition="0.949311,0.365" Name="conRight_SceneSkill" ShowAll="False">
                    <WZUIContainer Type="WZUIContainer" GUID="{1F917610-AA56-40ef-B10A-575BE3C39941}" AbsContentSize="620,90" UseAbsSize="True" RelativePosition="0.489115,0.255333" AbsPosition="176.081,104.686">
                        <WZUI9Image Type="WZUI9Image" GUID="{49AE0946-5F9C-4860-BE55-5F84D22BDAE4}" File="ui/common/common_scale9_heidi6.png" Scale="0.5" />
                    </WZUIContainer>
                    <WZUI9Image Type="WZUI9Image" GUID="{90C7BB9D-2441-44a1-B261-32E8D0B0840F}" File="ui/common/common_scale9_di20.png" Color="0,0,0" Opacity="100" Visible="True" />
                    <WZUIContainer Type="WZUIContainer" GUID="{82FDE682-5D8E-4704-88FF-0B3F4CC3E8EF}" AbsContentSize="300,150" UseAbsSize="True" RelativePosition="0.757898,0.622283" AbsPosition="272.843,255.136">
                        <WZUIImage Type="WZUIImage" GUID="{B7F4B190-056A-4b96-AB0D-137EC668D5FF}" File="ui/common/common_icon_jinengkuang.png" RelativePosition="0.2,0.55" Name="skillBg01" UseOriginSize="True" Scale="1.1" Visible="True" />
                        <WZUIImage Type="WZUIImage" GUID="{2881C5DC-6D27-4163-81F6-46952ECDF52F}" Name="learnSkillIcon" File="ui/community/common_icon_jineng2.png" UseOriginSize="True" RelativePosition="0.2,0.55" />
                        <WZUIContainer Type="WZUIContainer" GUID="{E6F9C4DF-9AC8-4ea6-8FE3-5DA7B29AA827}" AbsContentSize="150,30" UseAbsSize="True" RelativePosition="0.135,0.205" AbsPosition="39.4669,30.774">
                            <WZUILabelTTF Type="WZUILabelTTF" GUID="{8BF16475-6EEE-4ea7-82B3-7FA565DACAF7}" BoldFont="True" Color="255,121,31" FontSize="20" Text="Lv0" RelativePosition="-0.15,0.5" Name="curLevel" Alignment="Left" AnchorPoint="0,0.5" />
                            <WZUIImage Type="WZUIImage" GUID="{3D168D6A-5591-430a-8E00-9A9492B23887}" File="ui/common/common_icon_jiantou3.png" UseOriginSize="True" Name="arrow1" Scale="0.5" RelativePosition="0.65,0.5" />
                            <WZUILabelTTF Type="WZUILabelTTF" GUID="{EE042D69-5EA3-4947-B987-376045B15B42}" BoldFont="True" Color="255,236,193" FontSize="20" Text="Lv1" RelativePosition="1.35,0.5" Name="nextLevel" Alignment="Right" AnchorPoint="1,0.5" />
                        </WZUIContainer>
                        <WZUIContainer Type="WZUIContainer" GUID="{CBAA225C-EEB6-4f57-88C9-306D3D35FEE7}" AbsContentSize="150,30" UseAbsSize="True" RelativePosition="0.135,-0.015" AbsPosition="40.4128,-2.22605">
                            <WZUILabelTTF Type="WZUILabelTTF" GUID="{DA5D0FAC-B72D-48c6-AE71-564219F199F5}" BoldFont="True" Color="255,121,31" FontSize="20" Text="0" RelativePosition="-0.16,0.5" Name="skillValue" AnchorPoint="0,0.5" Alignment="Left" AbsPosition="-2,15" />
                            <WZUIImage Type="WZUIImage" GUID="{CA280B92-2946-4c9a-8044-A84E5D893C87}" File="ui/common/common_icon_jiantou3.png" UseOriginSize="True" Name="arrow2" Scale="0.5" RelativePosition="0.65,0.5" />
                            <WZUILabelTTF Type="WZUILabelTTF" GUID="{125C86B9-A118-499c-8CA8-94997C5335AF}" BoldFont="True" Color="255,236,193" FontSize="20" Text="0" RelativePosition="1.35,0.5" Name="skillValue1" Alignment="Right" AnchorPoint="1,0.5" />
                        </WZUIContainer>
                    </WZUIContainer>
                    <WZUIContainer Type="WZUIContainer" GUID="{DB4CB5A0-C7F9-46bc-BD38-248D4E14F1B6}" AbsContentSize="150,30" UseAbsSize="True" AnchorPoint="0.5,1" RelativePosition="0.309319,0.289206" AbsPosition="111.355,118.574">
                        <WZUILabelTTF Type="WZUILabelTTF" GUID="{49D84552-86BA-420b-87E2-A02EF0763409}" Name="goldCost1" BoldFont="True" FontSize="20" Alignment="Left" AnchorPoint="0,0.5" Color="255,236,193" Text="0" RelativePosition="0.65,0.5" />
                        <WZUIImage Type="WZUIImage" GUID="{41A92582-9012-48ba-B825-AB7FC0D5E68F}" File="ui/common/common_icon_jinbi.png" UseOriginSize="True" Scale="0.8" />
                    </WZUIContainer>
                    <WZUIContainer Type="WZUIContainer" GUID="{9E6B94AB-E98E-489b-B27C-39CF39E5D682}" AbsContentSize="150,30" UseAbsSize="True" AnchorPoint="0.5,1" RelativePosition="0.673789,0.289129" AbsPosition="242.564,118.543">
                        <WZUILabelTTF Type="WZUILabelTTF" GUID="{A37D2FE7-3BEA-4b1f-A06F-69A3FFFE3C61}" Name="donateCost1" BoldFont="True" FontSize="20" Alignment="Left" AnchorPoint="0,0.5" Color="255,236,193" Text="0" RelativePosition="0.65,0.5" />
                        <WZUIImage Type="WZUIImage" GUID="{266D64DD-18BA-49c4-B698-88939F9C0CF9}" File="ui/common/common_icon_ghgx.png" UseOriginSize="True" Scale="0.9" />
                    </WZUIContainer>
                    <WZUIButton Type="WZUIButton" GUID="{275367FB-F80C-4f99-8388-57AF941D4591}" AbsContentSize="116,56" UseAbsSize="True" RelativePosition="0.5,0.109" Name="btnLearn" LuaDoneFunctionName="onLearn" TouchEnable="True" LuaActionName="Normal">
                        <NormalElement Type="WZUIContainer" GUID="{C57E67AC-495C-4136-8B48-8C48200F4E89}">
                            <WZUI9Image Type="WZUI9Image" GUID="{A93A6EE0-68B3-4d75-A05B-AF951C444F6B}" File="ui/common/common_btn_anniu3_1.png" UseOriginSize="True" />
                            <WZUILabelTTF Type="WZUILabelTTF" GUID="{78636DD4-DAD1-4178-A03E-8CA691A587BD}" Color="255,236,193" FontSize="22" BoldFont="True" Text="" RelativePosition="0.5,0.5" EnableStroke="True" StrokeColor="132,66,29" StrokeSize="4" LabelStyleKey="SMALL_ORANGE_BTN" TextKey="COMMUNITYINFO85" Name="txtSkill1_SceneCommunitySkill" />
                        </NormalElement>
                        <SelectElement Type="WZUIContainer" GUID="{89D09E4D-1AE2-4044-8467-E9F2EE917E76}">
                            <WZUI9Image Type="WZUI9Image" GUID="{5E9B8C2B-114E-46cb-8F30-DB68C98F967E}" File="ui/common/common_btn_anniu3_1_sel.png" RelativePosition="0.5,0.5" Scale="1" UseOriginSize="True" />
                            <WZUILabelTTF Type="WZUILabelTTF" GUID="{3EB15B8B-FE08-4df0-B3D6-EEE3E64BF818}" Color="255,236,193" FontSize="22" BoldFont="True" Text="" RelativePosition="0.5,0.5" EnableStroke="True" StrokeColor="132,66,29" StrokeSize="4" LabelStyleKey="SMALL_ORANGE_BTN" TextKey="COMMUNITYINFO85" Name="txtSkill2_SceneCommunitySkill" />
                        </SelectElement>
                        <DisableElement Type="WZUIContainer" GUID="{8D3AD5EF-1B69-41e7-90C6-86B2FD8042A9}">
                            <WZUI9Image Type="WZUI9Image" GUID="{17C74F6D-A401-4b0d-860C-82D78A07D34E}" File="ui/common/common_btn_anniu3_1.png" GrayRender="True" RelativePosition="0.5,0.5" UseOriginSize="True" />
                            <WZUILabelTTF Type="WZUILabelTTF" GUID="{FF0B3866-36D7-48ac-B86D-3E180F1BA239}" Color="255,255,255" FontSize="22" BoldFont="True" Text="" RelativePosition="0.5,0.5" EnableStroke="False" StrokeSize="4" StrokeColor="132,66,29" LabelStyleKey="SMALL_GRAY_BTN" TextKey="COMMUNITYINFO85" Name="txtSkill3_SceneCommunitySkill" />
                        </DisableElement>
                    </WZUIButton>
                    <WZUIImage Type="WZUIImage" GUID="{8B188FB7-70A3-4577-9AF4-735E5E5740CD}" File="ui/common/common_pic_huabian.png" UseOriginSize="True" RelativePosition="0.5,0.78" ScaleX="1" Scale="1" />
                    <WZUIImage Type="WZUIImage" GUID="{04D64516-D37C-472f-8D9F-838A2EC0FB37}" File="ui/common/common_pic_huabian.png" UseOriginSize="True" RelativePosition="0.5,0.36" ScaleX="1" FlipY="True" Scale="1" />
                    <WZUILabelTTF Type="WZUILabelTTF" GUID="{F64D548E-B578-4eb7-9F38-618C4AFBE48A}" Name="" BoldFont="True" FontSize="20" Alignment="Left" AnchorPoint="0,0.5" Color="255,227,116" Text="" RelativePosition="0.396637,0.877756" AbsPosition="142.789,359.88" TextKey="COMMUNITYINFO85" />
                    <WZUILabelTTF Type="WZUILabelTTF" GUID="{3E3AEDE9-C67B-478d-B987-504D13A744D9}" Name="txtCost_SceneCommunitySkill" BoldFont="True" FontSize="20" Alignment="Left" AnchorPoint="0,0.5" Color="255,227,116" Text="" RelativePosition="0.106969,0.253027" AbsPosition="38.5088,103.741" TextKey="PETUSE" />
                </WZUIContainer>
            </WZUIContainer>
            <WZUIContainer Type="WZUIContainer" GUID="{021B64D0-703E-4531-8F46-E7EFEC3443F7}" AbsContentSize="800,70" UseAbsSize="True" RelativePosition="0.5,0.79" Name="conInfo_SceneSkill" ShowAll="False">
                <WZUIContainer Type="WZUIContainer" GUID="{9B4FF634-B5BF-4016-9EBB-9EB60B951F9E}" AbsContentSize="240,40" UseAbsSize="True" AnchorPoint="0.5,1" RelativePosition="0.1825,0.53">
                    <WZUILabelTTF Type="WZUILabelTTF" GUID="{9A92D5E8-1F1A-4892-855C-895D3CC7B5F9}" Name="CommunityPrestige" BoldFont="True" FontSize="22" Alignment="Left" AnchorPoint="0,0.5" Color="255,227,116" Text="" RelativePosition="0,0.5" TextKey="COMMUNITYINFO57" />
                    <WZUILabelTTF Type="WZUILabelTTF" GUID="{A4D313F6-4264-45a6-8D44-08A7A4FA77ED}" Name="CommunityPrestige1" BoldFont="True" FontSize="22" Alignment="Left" AnchorPoint="0,0.5" Color="255,236,193" Text="0" RelativePosition="0.3,0.5" />
                    <WZUIImage Type="WZUIImage" GUID="{0959642C-74A4-41d3-ACC3-9ABCF7B864F7}" File="ui/common/common_icon_gzww.png" Scale="0.9" UseOriginSize="True" RelativePosition="-0.0683333,0.5" />
                </WZUIContainer>
                <WZUIContainer Type="WZUIContainer" GUID="{3D6D5636-4AD7-45c7-80AC-2F2D8AC0304E}" AbsContentSize="240,40" UseAbsSize="True" AnchorPoint="0.5,1" RelativePosition="0.69125,0.921429">
                    <WZUILabelTTF Type="WZUILabelTTF" GUID="{1B936E7F-C5A5-42c2-94B5-C4E970B666A8}" Name="CommunityDonate" BoldFont="True" FontSize="22" Alignment="Left" AnchorPoint="0,0.5" Color="255,227,116" Text="" RelativePosition="0.15,0.5" TextKey="COMMUNITYINFO59" />
                    <WZUILabelTTF Type="WZUILabelTTF" GUID="{46541ED9-DA36-4a59-AB34-5260467C447B}" Name="CommunityDonate1" BoldFont="True" FontSize="22" Alignment="Left" AnchorPoint="0,0.5" Color="255,236,193" Text="0" RelativePosition="0.6,0.5" />
                    <WZUIImage Type="WZUIImage" GUID="{49FC5C6B-B227-43c6-9D24-2A02E629ABE5}" File="ui/common/common_icon_ghgx.png" UseOriginSize="True" RelativePosition="0.05,0.5" />
                </WZUIContainer>
                <WZUIContainer Type="WZUIContainer" GUID="{95DDAA57-E213-4b33-9A6C-10C4DCA48C9C}" AbsContentSize="240,40" UseAbsSize="True" AnchorPoint="0.5,1" RelativePosition="0.67,0.52" Visible="False">
                    <WZUILabelTTF Type="WZUILabelTTF" GUID="{1776944A-2369-46ae-9EAE-0044BBD3B279}" Name="CommunityLv" BoldFont="True" FontSize="22" Alignment="Left" AnchorPoint="0,0.5" Color="255,227,116" Text="公会等级:" RelativePosition="0,0.5" />
                    <WZUILabelTTF Type="WZUILabelTTF" GUID="{224DEA2B-77EB-4711-BA8B-55E253219559}" Name="CommunityLv1" BoldFont="True" FontSize="22" Alignment="Left" AnchorPoint="0,0.5" Color="255,236,193" Text="18" />
                </WZUIContainer>
                <WZUIFreeTextBox Type="WZUIFreeTextBox" GUID="{1A1A42B2-7F77-433c-B305-9240D35012F2}" Name="infoFree_SceneCommunitySkill" RelativePosition="0.0325,0.7" MaxWidth="800" AnchorPoint="0,0.5" />
            </WZUIContainer>
        </WZUIContainer>
    </WZUIWindow>
</SceneCommunitySkill>
