﻿<SceneCommunityCopy GUID="{c650a787-706f-4b15-82a4-005582e484f3}">
    <WZUIFrame GUID="{06283360-e60c-460c-b284-9050a4f03144}" LuaObjectName="SceneCommunityCopy" LuaTouchBeganFunction="onTouchBegan" Name="SceneCommunityCopy" NameCreate="True" RelativePosition="0.5,0.5" Scale="1" ShowAll="False" Type="WZUIFrame" AbsContentSize="960,640" UseAbsSize="True">
        <WZUIContainer Type="WZUIContainer" GUID="{9c42c916-4cda-45cb-89f6-100694610d96}" Name="conBg_SceneCommunityCopy" TouchEnable="False" Visible="True">
            <WZUIImage Type="WZUIImage" GUID="{f4205837-23f4-4a23-9c1b-234b6cf95a5b}" File="ui/common_bg/common_scale9_di2.png" UseOriginSize="False" />
        </WZUIContainer>
        <WZUIContainer Type="WZUIContainer" GUID="{4655bd7c-1d45-4e83-9cad-0ac73123d8cf}" AbsContentSize="896,518" UseAbsSize="True" RelativePosition="0.5,0.459375" ShowAll="True">
            <WZUI9Image Type="WZUI9Image" GUID="{5c040983-fc9f-45a8-9533-dc489a8e3533}" File="ui/common/common_scale9_di32.png" />
            <WZUIContainer Type="WZUIContainer" GUID="{c8f26d40-a347-41f1-b36f-3d3fa7d676ba}" Name="conLeft_SceneCommunityCopy" AbsContentSize="280,470" UseAbsSize="True" RelativePosition="0.18192,0.5">
                <WZUITableContainer Type="WZUITableContainer" GUID="{631034f8-5f7c-442b-ba9d-9c61e226c200}" EnableVerticalScroll="True" EnableMoveHorizontal="False" CellElementHeight="0.28" Name="tabBossList_SceneCommunityCopy" />
            </WZUIContainer>
            <WZUIContainer Type="WZUIContainer" GUID="{1e53dc1c-e60f-4cc3-963d-3de2c939c13a}" AbsContentSize="550,472" UseAbsSize="True" Name="conRight_SceneCommunityCopy" RelativePosition="0.66406,0.5">
                <WZUI9Image Type="WZUI9Image" GUID="{4abcc7f7-6043-4125-856a-be8e05d5b01f}" File="ui/common/common_scale9_di7.png" />
                <WZUILabelTTF Type="WZUILabelTTF" GUID="{2462c494-99d5-4c13-9984-891e71f998e0}" LabelStyleKey="C13_F20" Text="今日挑战次数：" Name="txtChangle_SceneCommunityCopy" RelativePosition="0.142168,0.941375" TextKey="TODAY_CHALLENGE_TOTAL" />
                <WZUILabelTTF Type="WZUILabelTTF" GUID="{0736785e-d1e8-4880-af50-94f547f11393}" LabelStyleKey="C13_F20" Text="" Name="txtChanngleTotal_SceneCommunityCopy" RelativePosition="0.26035,0.939256" AnchorPoint="0,0.5" UseAbsCoordinate="False" UseOriginSize="True" />
                <WZUILabelTTF Type="WZUILabelTTF" GUID="{08cdbdc3-9259-4e39-9d61-ce3e2205876b}" LabelStyleKey="C13_F20" Text="今日获取：" Name="txtGet_SceneCommunityCopy" RelativePosition="0.674895,0.941375" TextKey="TODAY_OBTAIN" />
                <WZUIContainer Type="WZUIContainer" GUID="{22f2b4fb-5cf1-404a-81d1-47fa6e68c592}" AbsContentSize="40,40" UseAbsSize="True" RelativePosition="0.792309,0.942439">
                    <WZUIImage Type="WZUIImage" GUID="{b608bef8-cb3c-4b37-bf63-52c0be76015f}" File="ui/community/common_icon_gonghui_pic.png" UseOriginSize="True" RelativePosition="0.5,0.5" />
                    <Button Type="WZUIButton" GUID="{00e579bc-c2a9-4df0-9b59-55d033365efa}" LuaDoneFunctionName="onClickImage">
                        <NormalElement Type="WZUIContainer" GUID="{1e5df284-87e7-4d84-a9f1-5fa6d5935728}" />
                        <SelectElement Type="WZUIContainer" GUID="{2ddb91e3-8a9f-4cb4-91cf-fcf549ddd387}" />
                        <DisableElement Type="WZUIContainer" GUID="{41275389-6a6a-4598-bbee-4d099ee6255c}" />
                    </Button>
                </WZUIContainer>
                <WZUILabelTTF Type="WZUILabelTTF" GUID="{12addc56-911f-4995-aadd-47c358e0c03f}" LabelStyleKey="C13_F20" Text="" Name="txtGetTotal_SceneCommunityCopy" RelativePosition="0.834025,0.941375" AnchorPoint="0,0.5" />
                <WZUIContainer Type="WZUIContainer" GUID="{14a45476-8f4b-4f0e-8c67-382f3383a8a5}" AbsContentSize="548,310" UseAbsSize="True" RelativePosition="0.5,0.561441">
                    <WZUI9Image Type="WZUI9Image" GUID="{0d8cd6fe-8c16-43ce-9cff-86f74745e5b1}" File="ui/common/common_scale9_di20.png" />
                    <WZUILabelTTF Type="WZUILabelTTF" GUID="{f941a0d1-8eda-43e6-acb7-ad5b5ce85ccf}" LabelStyleKey="C11_F20_S4_C5" Text="" RelativePosition="0.0323368,0.91357" AnchorPoint="0,0.5" Name="txtMapName_SceneCommunityCopy" />
                    <WZUIContainer Type="WZUIContainer" GUID="{d5a3fd5b-6885-4427-91a1-ed69a0d3a827}" AbsContentSize="102,32" UseAbsSize="True" RelativePosition="0.881324,0.916765">
                        <Button Type="WZUIButton" GUID="{5af33f77-fd9b-4e48-81ef-134f15afc968}" LuaDoneFunctionName="onClickRank">
                            <NormalElement Type="WZUIContainer" GUID="{f99b01cd-3bbb-410d-b9ed-23a68de68c11}">
                                <WZUI9Image Type="WZUI9Image" GUID="{d68fc931-7ad0-4436-bea4-7c05d0ab90c7}" File="ui/common/common_btn_anniu5.png" />
                            </NormalElement>
                            <SelectElement Type="WZUIContainer" GUID="{bba2a78b-7598-4ed3-b49d-7421f5e1b8b7}">
                                <WZUI9Image Type="WZUI9Image" GUID="{1ed59184-51ba-4cac-bf24-2dcf43eacbe6}" File="ui/common/common_btn_anniu5.png" />
                            </SelectElement>
                            <DisableElement Type="WZUIContainer" GUID="{a08ddeb4-f2e3-41dd-9f7d-17aff1510507}" />
                        </Button>
                        <WZUILabelTTF Type="WZUILabelTTF" GUID="{11ae5dc5-5051-43f1-930b-ae1f7674e184}" TextKey="PASS_RANK" LabelStyleKey="C1_F20" RelativePosition="0.5,0.46875" Name="txtRank_SceneCommnityCopy" />
                    </WZUIContainer>
                    <WZUIContainer Type="WZUIContainer" GUID="{61e0c8b3-332a-44fa-aaed-a6cd9bd38ff9}" AbsContentSize="548,245" UseAbsSize="True" RelativePosition="0.5,0.435484">
                        <WZUIContainer Type="WZUIContainer" GUID="{922feb0a-c378-4e4c-b6d8-84aed646c178}" AbsContentSize="165,243" UseAbsSize="True" RelativePosition="0.179081,0.501154" Name="conBoss1_SceneCommunityCopy">
                            <WZUI9Image Type="WZUI9Image" GUID="{0c0b73cb-a483-4f7f-b1c5-25669e2a9d95}" File="ui/common/common_scale9_di52.png" Opacity="76.5" />
                            <WZUILabelTTF Type="WZUILabelTTF" GUID="{433fa10f-06d3-4408-9f74-a620eb7d5b65}" LabelStyleKey="C1_F20_S4_C5" Text="" RelativePosition="0.5,0.899327" Name="txtBossName_SceneCommunityCopy" />
                            <WZUIImage Type="WZUIImage" GUID="{ce961516-661f-4a0b-ac57-d425fce24517}" File="ui/common/common_pic_diwen5.png" UseOriginSize="True" Scale="0.5" ScaleX="0.5" ScaleY="0.5" RelativePosition="0.5,0.393004" />
                            <WZUIContainer Type="WZUIContainer" GUID="{43e53e05-cdb8-4d65-b789-123a0bc0e4cf}" AbsContentSize="122,22" UseAbsSize="True" RelativePosition="0.5,0.800412">
                                <WZUIImage Type="WZUIImage" GUID="{35564503-4a5e-49a9-ac50-8528c09fcb92}" File="ui/common/common_progress_zhandou_bg2.png" UseOriginSize="True" />
                                <WZUIProgress Type="WZUIProgress" GUID="{7fdf799e-c53f-480f-a4d2-21956a809637}" BgPicture="ui/common/common_progress_zhandou_fore.png" UseOriginSize="True" RelativePosition="0.5,0.508" Name="proBossLife_SceneCommunityCopy" Percentage="0" />
                                <WZUILabelTTF Type="WZUILabelTTF" GUID="{215a58bb-ec94-4b38-98e9-c31a20ef17ca}" LabelStyleKey="C18_F20_S1_C5" Text="" Name="txtPro_SceneCommunityCopy" />
                            </WZUIContainer>
                            <WZUISpine Type="WZUISpine" GUID="{5fa0d6ba-b6c3-436c-8fef-2d44de58b67f}" RelativePosition="0.50606,0.425925" Name="spBoss_SceneCommunityCopy" FileAtlas="" FileJson="" AnimationName="wait" Loop="True" />
                            <WZUIImage Type="WZUIImage" GUID="{ec735658-dc98-42aa-85f5-4a83ad765e89}" Name="imgBossStats_SceneCommunityCopy" File="ui/common/common_icon_yijisha.png" UseOriginSize="True" RelativePosition="0.756291,0.141932" Visible="False" />
                            <WZUILabelTTF Type="WZUILabelTTF" GUID="{bdd952dc-1bd8-44b5-a7bf-7e4f8342813f}" LabelStyleKey="C18_F18_S4_C14" Text="" RelativePosition="0.5,0.185519" Name="txtHurtBuffer_SceneCommunityCopy" />
                            <WZUILabelTTF Type="WZUILabelTTF" GUID="{b3eb6761-5c36-411e-ab48-1dfab72e34dd}" LabelStyleKey="C15_F20_S4_C5" Text="" RelativePosition="0.5,0.0811518" Name="txtFightStats_SceneCommunityCopy" TextKey="CHALLENGEING" Visible="False" />
                            <WZUIImage Type="WZUIImage" GUID="{53de0d69-3f70-4dc0-bcdb-9962585b6a03}" File="ui/common/common_icon_suo.png" UseOriginSize="True" Scale="0.5" ScaleX="0.5" ScaleY="0.5" Name="imgLock_SceneCommunityCopy" RelativePosition="0.5,0.23251" Visible="False" />
                            <WZUILabelTTF Type="WZUILabelTTF" GUID="{d34a5e3b-5509-4298-a3d0-af556dd29717}" LabelStyleKey="C1_F20_S4_C5" Text="" RelativePosition="0.507615,0.0759808" Name="txtOpenStats_SceneCommunityCopy" TextKey="STAR_SOUL_NOT_ACTIVE" Visible="False" />
                            <Button Type="WZUIButton" GUID="{4aa867ac-e142-4671-9a6f-fe506f220a66}" LuaDoneFunctionName="onClickChallenge" Tag="1">
                                <NormalElement Type="WZUIContainer" GUID="{0c5ceb73-65c0-4153-95f3-665e9d6ff278}" />
                                <SelectElement Type="WZUIContainer" GUID="{6156b408-86e4-4c10-8244-21a128929784}" />
                                <DisableElement Type="WZUIContainer" GUID="{cda90de8-2195-4368-beea-6513d2db39c8}" />
                            </Button>
                        </WZUIContainer>
                        <WZUIContainer Type="WZUIContainer" GUID="{6908a9e7-7e69-415f-822b-d148147d68c2}" AbsContentSize="165,243" UseAbsSize="True" RelativePosition="0.501825,0.501154" Name="conBoss2_SceneCommunityCopy">
                            <WZUI9Image Type="WZUI9Image" GUID="{a37fba0f-c48c-4db2-bdfc-0d6595bb70f5}" File="ui/common/common_scale9_di52.png" Opacity="76.5" />
                            <WZUILabelTTF Type="WZUILabelTTF" GUID="{fc58f6a0-3446-411c-b9dd-9d7e00b3818a}" LabelStyleKey="C1_F20_S4_C5" Text="" RelativePosition="0.5,0.899327" Name="txtBossName_SceneCommunityCopy" />
                            <WZUIImage Type="WZUIImage" GUID="{b2a76144-9dc2-4ab6-a8e4-01466d892040}" File="ui/common/common_pic_diwen5.png" UseOriginSize="True" Scale="0.5" ScaleX="0.5" ScaleY="0.5" RelativePosition="0.5,0.393004" />
                            <WZUIContainer Type="WZUIContainer" GUID="{eb6e9fcf-3268-4260-9b87-dfb1ad61af45}" AbsContentSize="122,22" UseAbsSize="True" RelativePosition="0.5,0.800412">
                                <WZUIImage Type="WZUIImage" GUID="{74cb3447-4462-4f53-af01-3a51d131355a}" File="ui/common/common_progress_zhandou_bg2.png" UseOriginSize="True" />
                                <WZUIProgress Type="WZUIProgress" GUID="{44171f5d-752c-4df9-bd64-8c112b876682}" BgPicture="ui/common/common_progress_zhandou_fore.png" UseOriginSize="True" RelativePosition="0.5,0.508" Name="proBossLife_SceneCommunityCopy" Percentage="0" />
                                <WZUILabelTTF Type="WZUILabelTTF" GUID="{1e4d71ce-e327-4f98-87c6-86f8399fce3e}" Name="txtPro_SceneCommunityCopy" LabelStyleKey="C18_F20_S1_C5" Text="" />
                            </WZUIContainer>
                            <WZUISpine Type="WZUISpine" GUID="{0936cd1d-c77f-4e17-a921-2df3b1b87116}" RelativePosition="0.50606,0.425925" Name="spBoss_SceneCommunityCopy" FileAtlas="" FileJson="" AnimationName="wait" Loop="True" />
                            <WZUIImage Type="WZUIImage" GUID="{095f9af4-9926-46d3-88b8-e0b6eb9a6709}" Name="imgBossStats_SceneCommunityCopy" File="ui/common/common_icon_yijisha.png" UseOriginSize="True" RelativePosition="0.756291,0.141932" Visible="False" />
                            <WZUILabelTTF Type="WZUILabelTTF" GUID="{086bac93-06e7-4086-aebf-c31d480e42e9}" LabelStyleKey="C18_F18_S4_C14" Text="" RelativePosition="0.5,0.185519" Name="txtHurtBuffer_SceneCommunityCopy" />
                            <WZUILabelTTF Type="WZUILabelTTF" GUID="{080f4074-0f8a-41b6-8da8-1adfd4b5ab23}" LabelStyleKey="C15_F20_S4_C5" Text="" RelativePosition="0.5,0.0811518" Name="txtFightStats_SceneCommunityCopy" TextKey="CHALLENGEING" Visible="False" />
                            <WZUIImage Type="WZUIImage" GUID="{f0d9679b-6b05-4836-b765-8a3317a545e5}" File="ui/common/common_icon_suo.png" UseOriginSize="True" Scale="0.5" ScaleX="0.5" ScaleY="0.5" Name="imgLock_SceneCommunityCopy" RelativePosition="0.5,0.23251" Visible="False" />
                            <WZUILabelTTF Type="WZUILabelTTF" GUID="{aa801554-28be-4bbe-a72e-8aa71947da17}" LabelStyleKey="C1_F20_S4_C5" Text="" RelativePosition="0.507615,0.0759808" Name="txtOpenStats_SceneCommunityCopy" Visible="False" TextKey="STAR_SOUL_NOT_ACTIVE" />
                            <Button Type="WZUIButton" GUID="{a8c81721-a2f7-4d6f-b026-52e9d472d795}" LuaDoneFunctionName="onClickChallenge" Tag="2">
                                <NormalElement Type="WZUIContainer" GUID="{0549533b-91ac-421d-aa1b-3a0b32d5f3c9}" />
                                <SelectElement Type="WZUIContainer" GUID="{4cedd7eb-9ee9-4259-bfb9-646d6712448e}" />
                                <DisableElement Type="WZUIContainer" GUID="{da3939f4-1461-45ba-b874-0057886b1f3c}" />
                            </Button>
                        </WZUIContainer>
                        <WZUIContainer Type="WZUIContainer" GUID="{ab93dc28-3847-4b62-b951-a2922a50d75f}" AbsContentSize="165,243" UseAbsSize="True" RelativePosition="0.822792,0.501154" Name="conBoss3_SceneCommunityCopy">
                            <WZUI9Image Type="WZUI9Image" GUID="{0279d7cb-00ad-4fc1-bffa-6f978c6c43a2}" File="ui/common/common_scale9_di52.png" Opacity="76.5" />
                            <WZUILabelTTF Type="WZUILabelTTF" GUID="{30bbfe3a-03be-4c43-a945-580185db8389}" LabelStyleKey="C1_F20_S4_C5" Text="" RelativePosition="0.5,0.899327" Name="txtBossName_SceneCommunityCopy" />
                            <WZUIImage Type="WZUIImage" GUID="{f18a578e-94dc-4b18-abca-563cf3e33aba}" File="ui/common/common_pic_diwen5.png" UseOriginSize="True" Scale="0.5" ScaleX="0.5" ScaleY="0.5" RelativePosition="0.5,0.393004" />
                            <WZUIContainer Type="WZUIContainer" GUID="{dc4866bd-3892-433a-bd1b-03d048cc9cee}" AbsContentSize="122,22" UseAbsSize="True" RelativePosition="0.5,0.800412">
                                <WZUIImage Type="WZUIImage" GUID="{8bcd9f5e-c7fc-422d-a88e-41a0398f1127}" File="ui/common/common_progress_zhandou_bg2.png" UseOriginSize="True" />
                                <WZUIProgress Type="WZUIProgress" GUID="{b2194276-98de-49fd-af6e-1a04cc0721bf}" BgPicture="ui/common/common_progress_zhandou_fore.png" UseOriginSize="True" RelativePosition="0.5,0.508" Name="proBossLife_SceneCommunityCopy" Percentage="0" />
                                <WZUILabelTTF Type="WZUILabelTTF" GUID="{c8391c7f-a111-4b82-8773-bb84097293e6}" LabelStyleKey="C18_F20_S1_C5" Text="" Name="txtPro_SceneCommunityCopy" />
                            </WZUIContainer>
                            <WZUISpine Type="WZUISpine" GUID="{3d1ca60f-d60e-4937-9077-b17b7f8207d4}" RelativePosition="0.50606,0.425925" Name="spBoss_SceneCommunityCopy" FileAtlas="" FileJson="" AnimationName="wait" Loop="True" />
                            <WZUIImage Type="WZUIImage" GUID="{c7a74373-7f2f-4805-b260-40ce7e0f0e27}" Name="imgBossStats_SceneCommunityCopy" File="ui/common/common_icon_yijisha.png" UseOriginSize="True" RelativePosition="0.756291,0.141932" Visible="False" />
                            <WZUILabelTTF Type="WZUILabelTTF" GUID="{a5e99821-2b7e-40a6-b180-e195cbe328bb}" LabelStyleKey="C18_F18_S4_C14" Text="" RelativePosition="0.5,0.185519" Name="txtHurtBuffer_SceneCommunityCopy" />
                            <WZUILabelTTF Type="WZUILabelTTF" GUID="{6984a712-da98-4159-8511-07a53d5d0adc}" LabelStyleKey="C15_F20_S4_C5" Text="" RelativePosition="0.5,0.0811518" Name="txtFightStats_SceneCommunityCopy" TextKey="CHALLENGEING" Visible="False" />
                            <WZUIImage Type="WZUIImage" GUID="{0d2ee257-ae01-4f9b-abec-f4c9bfc01c16}" File="ui/common/common_icon_suo.png" UseOriginSize="True" Scale="0.5" ScaleX="0.5" ScaleY="0.5" Name="imgLock_SceneCommunityCopy" RelativePosition="0.5,0.23251" Visible="False" />
                            <WZUILabelTTF Type="WZUILabelTTF" GUID="{6fd05828-898f-4d21-91f7-e4aa4d718b18}" LabelStyleKey="C1_F20_S4_C5" Text="" RelativePosition="0.507615,0.0759808" Name="txtOpenStats_SceneCommunityCopy" TextKey="STAR_SOUL_NOT_ACTIVE" Visible="False" />
                            <Button Type="WZUIButton" GUID="{bceee4d0-e14f-4d6a-9635-78cf4de6da08}" LuaDoneFunctionName="onClickChallenge" Tag="3">
                                <NormalElement Type="WZUIContainer" GUID="{641bc12b-8f69-47a6-8ce9-319a35c10f3a}" />
                                <SelectElement Type="WZUIContainer" GUID="{05261243-cb8e-4ca4-9cde-70d4917aa6de}" />
                                <DisableElement Type="WZUIContainer" GUID="{22628150-2132-41a1-a940-413c477f7794}" />
                            </Button>
                        </WZUIContainer>
                    </WZUIContainer>
                </WZUIContainer>
                <WZUIContainer Type="WZUIContainer" GUID="{43f99f3e-12c8-4024-9f3d-94fb38b2f12c}" AbsContentSize="550,110" AnchorPoint="0.5,0" RelativePosition="0.5,0" UseAbsSize="True" Name="conRightButtom_SceneCommunityCopy">
                    <WZUILabelTTF Type="WZUILabelTTF" GUID="{e89945af-0773-42f3-a67d-d25b0e13511c}" LabelStyleKey="C1_F18_S4_C13" Text="" RelativePosition="0.234735,0.851546" Name="txtHurtTotal_SceneCommunityCopy" AnchorPoint="0,0.5" />
                    <WZUILabelTTF Type="WZUILabelTTF" GUID="{12ec8cbb-5ee8-499c-a8d0-ff852746f6f0}" LabelStyleKey="C1_F18_S4_C13" Text="" RelativePosition="0.117534,0.851546" Name="txtWeekDMG_SceneCommunityCopy" TextKey="WEEK_TOTAL_HURT" />
                    <WZUIImage Type="WZUIImage" GUID="{4ace1884-0b89-48d6-a363-3bef08247bc3}" File="ui/common/common_progress_huoyuedu.png" UseOriginSize="True" Scale="0.78" ScaleX="0.78" ScaleY="0.78" RelativePosition="0.5,0.381818" />
                    <WZUIProgress Type="WZUIProgress" GUID="{b1a1c441-1770-485f-8847-aebb6d909380}" BgPicture="ui/common/common_progress_huoyuedu2.png" UseOriginSize="True" Scale="0.78" ScaleX="0.78" ScaleY="0.78" RelativePosition="0.523637,0.374727" Name="proFightBoss_SceneCommunityCopy" Percentage="0" />
                    <WZUIContainer Type="WZUIContainer" GUID="{a300cada-0b35-4c1f-8ca8-9d002872c97c}" AbsContentSize="480,60" UseAbsSize="True" RelativePosition="0.534545,0.390909">
                        <WZUIContainer Type="WZUIContainer" GUID="{bcb27d04-0be0-43f3-bd57-588a409c21c6}" AbsContentSize="90,90" UseAbsSize="True" RelativePosition="0.237277,0.560606" Name="conBox1_SceneCommunityCopy">
                            <WZArmature Type="WZArmature" GUID="{3a3f359c-93a8-4748-acc3-2860dcafc66d}" ArmatureFile="ui/ui_danrenfuben_box_01.xml" ArmatureName="ui_danrenfuben_box_01" UseOriginSize="True" Visible="False" Scale="1" Name="armBox1_SceneCommunityCopy" RelativePosition="0.507448,-0.222588" ScaleX="1" ScaleY="1" TouchEnable="False" AbsPosition="46.6703,-31.9145">
                                <Action Type="WZUIArmatureAnimationById" GUID="{478414ae-728f-494e-8021-663bba4293bb}" IsLoop="False" AnimationId="0" Loop="-1" />
                            </WZArmature>
                            <WZUIImage Type="WZUIImage" GUID="{76f06ac5-7bf1-4949-8d0f-7aab83417efe}" File="ui/common/common_icon_lan1.png" UseOriginSize="True" Name="imgBox1_SceneCommunityCopy" Tag="7" />
                            <WZUILabelTTF Type="WZUILabelTTF" GUID="{44e2dd86-09c6-4d31-8e98-3349f0a315b1}" LabelStyleKey="C1_F18_S4_C13" Text="" RelativePosition="0.466667,0.111111" Name="txtBox1_SceneCommunityCopy" />
                            <WZUIImage Type="WZUIImage" GUID="{f9a4d9e1-afd9-49df-b89d-4d32f9504f6b}" File="ui/common/common_icon_xiaodianzhui.png" UseOriginSize="True" Name="imgRedPoint1_SceneCommunityCopy" RelativePosition="0.855555,0.744445" Scale="0.8" ScaleX="0.8" ScaleY="0.8" TouchEnable="False" Visible="False" />
                            <Button Type="WZUIButton" GUID="{35efffd0-7bf8-4194-a3df-2595be7eb4f6}" LuaDoneFunctionName="onClickReward" Tag="1">
                                <NormalElement Type="WZUIContainer" GUID="{12ce6ce5-85ca-40c7-a65a-ecaddcf96919}" />
                                <SelectElement Type="WZUIContainer" GUID="{d3bb2666-3ce9-4730-92ea-82d3b0c5f265}" />
                                <DisableElement Type="WZUIContainer" GUID="{6f7eb186-22d5-4e41-b077-864103d71519}" />
                            </Button>
                        </WZUIContainer>
                        <WZUIContainer Type="WZUIContainer" GUID="{0c6a360c-4fb0-4cf1-a01d-cc167c006dc8}" AbsContentSize="90,90" UseAbsSize="True" RelativePosition="0.558075,0.560606" Name="conBox2_SceneCommunityCopy">
                            <WZArmature Type="WZArmature" GUID="{d1cbb83d-53b9-4cf4-afe8-e16cf8faef9e}" ArmatureFile="ui/ui_danrenfuben_box_01.xml" ArmatureName="ui_danrenfuben_box_01" UseOriginSize="True" Visible="False" Scale="1" Name="armBox2_SceneCommunityCopy" RelativePosition="0.507448,-0.222588" ScaleX="1" ScaleY="1" TouchEnable="False" AbsPosition="46.6703,-31.9145">
                                <Action Type="WZUIArmatureAnimationById" GUID="{b0fd3e79-dc81-4ef3-8f54-5bcae8e245de}" IsLoop="False" AnimationId="0" Loop="-1" />
                            </WZArmature>
                            <WZUIImage Type="WZUIImage" GUID="{68d6f2e9-f715-4ce6-b185-94bfb85c90dd}" File="ui/common/common_icon_zi1.png" UseOriginSize="True" Name="imgBox2_SceneCommunityCopy" Tag="7" />
                            <WZUILabelTTF Type="WZUILabelTTF" GUID="{a70cdde2-c856-4d82-aaa0-f1d57a452526}" LabelStyleKey="C1_F18_S4_C13" Text="" RelativePosition="0.466667,0.111111" Name="txtBox2_SceneCommunityCopy" />
                            <WZUIImage Type="WZUIImage" GUID="{63037a8a-ab35-473a-9095-4463f6661e99}" File="ui/common/common_icon_xiaodianzhui.png" UseOriginSize="True" Name="imgRedPoint2_SceneCommunityCopy" RelativePosition="0.855555,0.744445" Scale="0.8" ScaleX="0.8" ScaleY="0.8" TouchEnable="False" Visible="False" />
                            <Button Type="WZUIButton" GUID="{559de8d7-05cf-4a84-82b0-47983613cc26}" LuaDoneFunctionName="onClickReward" Tag="2">
                                <NormalElement Type="WZUIContainer" GUID="{b3e7ecdd-3913-4d60-b914-16b8fa703125}" />
                                <SelectElement Type="WZUIContainer" GUID="{6192e6ab-a0f1-46f1-bc92-48385c4c986f}" />
                                <DisableElement Type="WZUIContainer" GUID="{35e6bf8c-c5e5-4732-8dc7-584f5e2a0e8b}" />
                            </Button>
                        </WZUIContainer>
                        <WZUIContainer Type="WZUIContainer" GUID="{440b2372-dede-4709-a6c4-779f060610cc}" AbsContentSize="90,90" UseAbsSize="True" RelativePosition="0.920421,0.560606" Name="conBox3_SceneCommunityCopy">
                            <WZArmature Type="WZArmature" GUID="{17fef632-282a-46c0-84cd-a05395fa5f93}" ArmatureFile="ui/ui_danrenfuben_box_01.xml" ArmatureName="ui_danrenfuben_box_01" UseOriginSize="True" Visible="False" Scale="1" Name="armBox3_SceneCommunityCopy" RelativePosition="0.507448,-0.222588" ScaleX="1" ScaleY="1" TouchEnable="False" AbsPosition="46.6703,-31.9145">
                                <Action Type="WZUIArmatureAnimationById" GUID="{5bc7b329-7188-41a3-b8da-25d5ecb2050e}" IsLoop="False" AnimationId="0" Loop="-1" />
                            </WZArmature>
                            <WZUIImage Type="WZUIImage" GUID="{c664d779-0b94-4bf6-b055-9331b330bb32}" File="ui/common/common_icon_huang1.png" UseOriginSize="True" Name="imgBox3_SceneCommunityCopy" Tag="7" />
                            <WZUILabelTTF Type="WZUILabelTTF" GUID="{c09736f8-e840-4ae0-b575-c374306c5cea}" LabelStyleKey="C1_F18_S4_C13" Text="" RelativePosition="0.466667,0.111111" Name="txtBox3_SceneCommunityCopy" />
                            <WZUIImage Type="WZUIImage" GUID="{7997f2e1-17fb-445e-9083-b109c17b8fef}" File="ui/common/common_icon_xiaodianzhui.png" UseOriginSize="True" Name="imgRedPoint3_SceneCommunityCopy" RelativePosition="0.855555,0.744445" Scale="0.8" ScaleX="0.8" ScaleY="0.8" TouchEnable="False" Visible="False" />
                            <Button Type="WZUIButton" GUID="{9de434cc-d8a2-4c01-b4a4-1838af4e3108}" LuaDoneFunctionName="onClickReward" Tag="3">
                                <NormalElement Type="WZUIContainer" GUID="{31a10fb8-a6e6-4a5a-9e1d-5d5bbceb8163}" />
                                <SelectElement Type="WZUIContainer" GUID="{7b031c6a-78ec-430c-a62d-8b7c993bac52}" />
                                <DisableElement Type="WZUIContainer" GUID="{af7f4364-9b4e-40b6-a084-fd2160c7c302}" />
                            </Button>
                        </WZUIContainer>
                    </WZUIContainer>
                </WZUIContainer>
            </WZUIContainer>
        </WZUIContainer>
    </WZUIFrame>
    <WZUIContainer Type="WZUIContainer" GUID="{48dac3a5-acfe-4838-8cc9-a66e2bd76490}" AbsContentSize="268,120" UseAbsSize="True" Name="CellBossMap" Visible="True">
        <WZUIImage Type="WZUIImage" GUID="{fb07909b-9b27-4b4d-9fac-1cdc8cb994f1}" File="map/map63_bg.png" UseOriginSize="False" Name="imgMap_CellBossMap" TouchEnable="False" />
        <WZUIContainer Type="WZUIContainer" GUID="{2007caa8-c920-43e3-a58f-f6f764987fd0}" AbsContentSize="184,32" UseAbsSize="True" RelativePosition="0.329985,0.867515" TouchEnable="False">
            <WZUI9Image Type="WZUI9Image" GUID="{74925b8d-c294-419e-96ae-b56958e63635}" File="ui/common/common_scale9_di11.png" />
            <WZUILabelTTF Type="WZUILabelTTF" GUID="{5936e570-2923-44f6-8bc9-314ba5aaae9d}" Name="txtMapName_CellBossMap" LabelStyleKey="C11_F20" Text="" RelativePosition="0.0361965,0.5" AnchorPoint="0,0.5" />
        </WZUIContainer>
        <WZUILabelTTF Type="WZUILabelTTF" GUID="{f656990c-4ad6-4639-836f-49074ddd61a0}" LabelStyleKey="C1_F18_S4_C14" Text="" RelativePosition="0.854911,0.183976" Name="txtPassStats_CellBossMap" TextKey="PASS_LEVEL" Visible="False" />
        <WZUILabelTTF Type="WZUILabelTTF" GUID="{94bf9478-5d9f-4405-9c23-aa7e0451c88f}" LabelStyleKey="C15_F20_S4_C5" Text="" RelativePosition="0.784291,0.205064" Name="txtFightStats_CellBossMap" TextKey="CHALLENGEING" Visible="False" />
        <WZUILabelTTF Type="WZUILabelTTF" GUID="{ac648b64-930e-46ac-b26b-ac4f21aedfbb}" LabelStyleKey="C1_F20" Text="" NameCreate="False" Name="txtBossOpenTip_CellBossMap" />
        <WZUI9Image Type="WZUI9Image" GUID="{47316579-fd16-4dc3-aeea-83ff1db0e2b2}" File="ui/common/common_scale9_kuang.png" Scale="1.05" TouchEnable="False" />
        <WZUI9Image Type="WZUI9Image" GUID="{f0ed08da-abf3-4067-9c0b-277b9129b669}" File="ui/common/common_scale9_beibaodi_sel.png" Name="imgSelect_CellBossMap" Visible="False" Scale="1.05" TouchEnable="False" />
        <Button Type="WZUIButton" GUID="{3904ac64-cb77-4c6b-9042-33088abbeaeb}" LuaDoneFunctionName="onClickCell">
            <NormalElement Type="WZUIContainer" GUID="{c2bb625b-bb4d-4972-a91d-01abb0708584}" />
            <SelectElement Type="WZUIContainer" GUID="{84475a7a-9a12-4e89-acdd-5cd204cd8738}" />
            <DisableElement Type="WZUIContainer" GUID="{8394629a-2678-4551-a27b-f5af123fb62c}" />
        </Button>
    </WZUIContainer>
</SceneCommunityCopy>
