﻿<?xml version="1.0" ?>
<SceneBossRoom GUID="{FA6BC3EB-9742-430a-9222-243A23283EB9}">
    <WZUIFrame GUID="{45EF88A8-F0A1-473a-8BAF-9F5CAD90965F}" LuaObjectName="SceneBossRoom" LuaTouchBeganFunction="onTouchBegan" Name="SceneBossRoom" NameCreate="True" NoBorder="False" ShowAll="False" Tag="-1" Type="WZUIFrame">
        <WZUIContainer Type="WZUIContainer" GUID="{a3fe190c-fe3b-456a-9d2c-6f4bf02c7998}" Name="conBg_SceneBossRoom" TouchEnable="False" Order="-1">
            <WZUIImage Type="WZUIImage" GUID="{852ef3d8-d017-4d97-a753-df4933df2ecf}" File="ui/common_bg/common_scale9_di2.png" isValid="True" Visible="True" Scale="1" />
        </WZUIContainer>
        <WZUILabelAtlasFont CharMapFileName="image/common/num/count_down_number.png" Color="255,0,0" GUID="{c520241c-0c76-471c-a8e1-2767733b21be}" Height="150" Name="txtMakePairTime_SceneBossRoom" Order="501" RelativePosition="0.5,0.5" ShowAll="True" Text="1" Type="WZUILabelAtlasFont" UseOriginSize="True" Visible="True" Width="102" />
        <WZUIContainer Type="WZUIContainer" GUID="{19d096eb-05d1-4998-8829-1722f7311771}" RelativePosition="0.5,0" AbsPosition="480,76" AbsContentSize="960,578" UseAbsSize="True" AnchorPoint="0.5,0" Visible="True" ShowAll="False">
            <WZUIContainer Type="WZUIContainer" GUID="{f48cbee8-8f81-4bcb-ab6d-f63722653e93}" Name="conTop_SceneBossRoom" AbsContentSize="960,96" UseAbsSize="True" RelativePosition="0.5,1" AnchorPoint="0.5,1" ShowAll="True">
                <WZUI9Image Type="WZUI9Image" GUID="{049b5094-bab8-4ff3-ada0-2cd9f5cb50fe}" File="ui/hall/battle_scale9_jndj05.png" UseOriginSize="False" ScaleX="1.5" />
                <WZUIContainer Type="WZUIContainer" GUID="{755705c0-249d-41fc-b6a9-a5af12ae49d2}" AbsContentSize="196,84" UseAbsSize="True" RelativePosition="0.110416,0.495361" Name="conMap_SceneBossRoom" Visible="True" Tag="-1" Order="1" AnchorPoint="0.5,0.5" Scale="1" ShowAll="False">
                    <WZUIImage Type="WZUIImage" GUID="{215baeca-f550-46f5-81c0-65a6d4f39523}" Name="imgMapBg_SceneBossRoom" File="map/map68_bg.png" UseOriginSize="True" RelativePosition="0.5,0.507707" Visible="True" Scale="0.5" ScaleY="0.5" ScaleX="0.5" />
                    <WZUIImage Type="WZUIImage" GUID="{23854262-12dd-425a-b978-fde154f56b4c}" File="ui/common/map_icon_genggaishezhi.png" UseOriginSize="True" RelativePosition="0.5,0.190833" Name="imgChangeRoomInfo_SceneBossRoom" Visible="True" Scale="0.8" ScaleX="0.8" ScaleY="0.8" />
                    <WZUIButton Type="WZUIButton" AbsContentSize="0,0" UseAbsSize="False" LuaDoneFunctionName="onChangeInfo" GUID="{b4d5652e-c5f8-4ba3-821a-f9f12a9f92c3}" Scale="1" ScaleY="1" Name="btnMap_SceneBossRoom" Visible="True">
                        <NormalElement Type="WZUIContainer" GUID="{599529f5-368b-4e24-9c95-a6af42897086}" />
                        <SelectElement Type="WZUIContainer" GUID="{366cc02f-ff6c-4029-a57a-7fc660827933}" />
                        <DisableElement Type="WZUIContainer" GUID="{aa98658c-9545-41d8-bcd4-30f013daa16c}" />
                    </WZUIButton>
                    <WZUIContainer Type="WZUIContainer" GUID="{551f9299-bfd9-4af6-92fa-4df7145dd8fe}" AbsContentSize="200,25" UseAbsSize="True" AnchorPoint="0.5,1" RelativePosition="0.5,1">
                        <WZUILabelTTF Type="WZUILabelTTF" GUID="{9c3c7866-8746-4eea-81e2-14097d5e9898}" Name="txtMapTitle_SceneBossRoom" Color="255,227,116" FontSize="18" Text="" RelativePosition="0.989693,0.5" AnchorPoint="1,0.5" LabelStyleKey="C11_F18_S4_C3" />
                    </WZUIContainer>
                </WZUIContainer>
                <WZUIContainer AbsContentSize="220,30" GUID="{f89980ed-8a0f-4a32-911c-b2f1ac25377e}" RelativePosition="0.215625,0.802653" Scale="1" ScaleX="1" ShowAll="False" Type="WZUIContainer" UseAbsSize="True" AnchorPoint="0,0.5" Name="conRoom_SceneBossRoom" Visible="True">
                    <WZUILabelTTF BoldFont="False" Color="128,54,13" EnableStroke="False" Font="" FontSize="20" GUID="{78b21266-cf00-4907-a7c6-38a115acc12e}" Name="txtRoomName_SceneBossRoom" RelativePosition="0.259987,0.5" ShadowColor="0,0,0" StrokeColor="91,49,24" StrokeSize="4" Text="" Type="WZUILabelTTF" AnchorPoint="0,0.5" />
                    <WZUILabelTTF BoldFont="False" Color="105,65,46" EnableStroke="False" Font="" FontSize="20" GUID="{890e8fe1-ef55-4361-8ba3-2eb7d730ea15}" Name="txtRoomNameD_SceneBossRoom" RelativePosition="0.0327143,0.5" ShadowColor="0,0,0" StrokeColor="91,49,24" StrokeSize="4" Text="" Type="WZUILabelTTF" AnchorPoint="0,0.5" TextKey="ROOM_NAME_BATTLE" />
                </WZUIContainer>
                <WZUIContainer AbsContentSize="220,30" GUID="{b5ad4a97-74c6-4e2c-92b2-1469ccca315d}" RelativePosition="0.215625,0.5" ShowAll="False" Type="WZUIContainer" UseAbsSize="True" AnchorPoint="0,0.5" Name="conID_SceneBossRoom">
                    <WZUILabelTTF BoldFont="False" Color="105,65,46" EnableStroke="False" FontSize="20" GUID="{d0c3c091-d62a-44b3-8868-be9f95994150}" RelativePosition="0.032554,0.5" StrokeColor="91,49,24" Text="ID:" Type="WZUILabelTTF" Name="txtRoomIDD_SceneBossRoom" AnchorPoint="0,0.5" TextKey="ROOM_NUMBER" />
                    <WZUILabelTTF BoldFont="False" Color="128,54,13" EnableStroke="False" Font="" FontSize="20" GUID="{962bbc7e-fa7f-4f44-9ba3-3bcb05b19b7b}" Name="txtRoomId_SceneBossRoom" RelativePosition="0.259987,0.5" ShadowColor="0,0,0" StrokeColor="91,49,24" StrokeSize="4" Text="" Type="WZUILabelTTF" AnchorPoint="0,0.5" />
                </WZUIContainer>
                <WZUIContainer AbsContentSize="220,30" GUID="{5e831e3f-29a5-4d17-a07e-d0a2f24835ad}" RelativePosition="0.215625,0.170113" ShowAll="False" Type="WZUIContainer" UseAbsSize="True" AnchorPoint="0,0.5" Name="txtConPassword">
                    <WZUILabelTTF BoldFont="False" Color="105,65,46" EnableStroke="False" FontSize="20" GUID="{903a6725-47e1-46d3-a978-85db345f4c32}" RelativePosition="0.032554,0.5" StrokeColor="91,49,24" Text="密码" Type="WZUILabelTTF" Name="txtRoomPassD_SceneBossRoom" AnchorPoint="0,0.5" TextKey="ROOM_PASSWORD" />
                    <WZUILabelTTF BoldFont="False" Color="128,54,13" EnableStroke="False" Font="" FontSize="20" GUID="{8520a25a-d096-403b-aee8-ffb862ff1337}" Name="txtRoomPass_SceneBossRoom" RelativePosition="0.259987,0.5" ShadowColor="0,0,0" StrokeColor="91,49,24" StrokeSize="4" Text="" Type="WZUILabelTTF" AnchorPoint="0,0.5" />
                </WZUIContainer>
                <WZUIContainer Type="WZUIContainer" GUID="{95b3cb27-47eb-4d17-b589-93bd56c2a2ec}" AbsContentSize="65,65" UseAbsSize="True" RelativePosition="0.95458,0.496621">
                    <Button Type="WZUIButton" LuaDoneFunctionName="onClickInvPlayer" GUID="{46cbc25b-a2b4-4faf-8a63-72be39c731bd}" LuaActionName="">
                        <NormalElement Type="WZUIContainer" GUID="{42836339-0d5a-434b-8966-d1d5fb5fc53f}">
                            <WZUIImage Type="WZUIImage" GUID="{a16fca4c-fc08-405a-a30e-ca0f2ae0845c}" File="ui/Hall/battle_icon_yaoqing.png" UseOriginSize="True" />
                        </NormalElement>
                        <SelectElement Type="WZUIContainer" GUID="{8e66f628-49ff-47e3-a5db-c283c73f16c0}" Scale="1.12">
                            <WZUIImage Type="WZUIImage" GUID="{db1aac50-931c-405a-b26c-8bf10843084f}" File="ui/Hall/battle_icon_yaoqing.png" UseOriginSize="True" />
                        </SelectElement>
                        <DisableElement Type="WZUIContainer" GUID="{46c2ca0a-4d1e-458c-8ca1-a7e101e070cf}">
                            <WZUIImage Type="WZUIImage" GUID="{193524cb-191f-4535-a426-0ea5e30f2cbe}" File="ui/Hall/battle_icon_yaoqing.png" UseOriginSize="True" />
                        </DisableElement>
                    </Button>
                </WZUIContainer>
                <WZUIContainer Type="WZUIContainer" GUID="{b523b03a-fe2e-4a1d-acd1-2ebce5e901cc}" AbsContentSize="65,65" UseAbsSize="True" RelativePosition="0.87333,0.496621" Name="conPrize_SceneBossRoom">
                    <Button Type="WZUIButton" LuaDoneFunctionName="onClickPrize" GUID="{a0bec41a-16d8-4ed2-a268-99005c8bbf88}" LuaActionName="">
                        <NormalElement Type="WZUIContainer" GUID="{f4c26fd5-4b57-471d-a13d-8c829361ae8c}">
                            <WZUIImage Type="WZUIImage" GUID="{368af704-1656-4683-a0bb-7e0ab40094d0}" File="ui/Hall/battle_icon_jiangli.png" UseOriginSize="True" />
                        </NormalElement>
                        <SelectElement Type="WZUIContainer" GUID="{9145049b-6c90-4e36-a94d-53e15e5f41d8}" Scale="1.12">
                            <WZUIImage Type="WZUIImage" GUID="{da465eea-644a-4e76-a4cb-e1383c4c52f8}" File="ui/Hall/battle_icon_jiangli.png" UseOriginSize="True" />
                        </SelectElement>
                        <DisableElement Type="WZUIContainer" GUID="{37628813-7095-4051-92df-c2e85f9eeaa6}">
                            <WZUIImage Type="WZUIImage" GUID="{17cbfd9b-62e0-46ba-a790-3e9d53170134}" File="ui/Hall/battle_icon_jiangli.png" UseOriginSize="True" />
                        </DisableElement>
                    </Button>
                </WZUIContainer>
                <WZUICheckBoxGroup Type="WZUICheckBoxGroup" GUID="{eec34ef8-2666-4165-9769-a5d40a533d4e}" Name="checkDif_SceneBossRoom" NameCreate="False" AbsContentSize="230,75" UseAbsSize="True" RelativePosition="0.68125,0.5" Visible="True">
                    <CheckBox Type="WZUICheckBox" GUID="{675e54d7-90e9-4f1e-ab4c-3227d20f94a6}" AbsContentSize="75,75" UseAbsSize="True" AnchorPoint="0,0.5" RelativePosition="0,0.5" Tag="1" LuaCheckedFunctionName="onCheckBoxDifficult">
                        <CheckElement Type="WZUIContainer" GUID="{bc60dd0e-ab75-42b4-9b3c-d16ea29dd329}">
                            <WZUIImage Type="WZUIImage" GUID="{52f54c54-22ef-47c8-89d7-345cc31bd43f}" File="ui/hall/common_icon_zdjd_copy.png" UseOriginSize="True" />
                            <WZUIImage Type="WZUIImage" GUID="{60628fea-1ae7-409c-9a16-e78c338c6f38}" File="ui/hall/battle_scale9_jndj07.png" UseOriginSize="True" Scale="1.1" ScaleX="1.1" ScaleY="1.1" />
                            <WZUILabelTTF Type="WZUILabelTTF" GUID="{c3272035-643c-4dd8-aaca-a9e6e1d28de3}" LabelStyleKey="C1_F18_S4_C5" TextKey="COMMON" RelativePosition="0.5,0.153333" />
                        </CheckElement>
                        <CheckElement Type="WZUIContainer" GUID="{15fffa4a-da1f-4bb6-8874-3be31ed6086d}">
                            <WZUIImage Type="WZUIImage" GUID="{b6435bf1-6faa-4ec0-bb50-8c597c16a09b}" File="ui/hall/battle_scale9_jndj07.png" Scale="1.1" ScaleX="1.1" ScaleY="1.1" UseOriginSize="True" />
                            <WZUIImage Type="WZUIImage" GUID="{a44e1af3-2cf4-457a-ad04-bbb2c353f6e7}" File="ui/hall/common_icon_zdjd_copy_sel.png" UseOriginSize="True" />
                            <WZUILabelTTF Type="WZUILabelTTF" GUID="{cefadf15-5063-4d63-afbb-446935cdf97d}" LabelStyleKey="C1_F18_S4_C5" TextKey="COMMON" RelativePosition="0.5,0.153333" />
                        </CheckElement>
                    </CheckBox>
                    <CheckBox Type="WZUICheckBox" GUID="{4c05fd20-bfc7-48e9-98fb-625d815fe6ed}" AbsContentSize="75,75" UseAbsSize="True" RelativePosition="0.5,0.5" Tag="2" LuaCheckedFunctionName="onCheckBoxDifficult">
                        <CheckElement Type="WZUIContainer" GUID="{44f3dd73-bdce-4a94-97a7-1b9c4ef07621}">
                            <WZUIImage Type="WZUIImage" GUID="{ac6da185-bed2-4140-895e-2a29076cb38c}" File="ui/hall/common_icon_zdkn_copy.png" UseOriginSize="True" />
                            <WZUIImage Type="WZUIImage" GUID="{9ebadfd1-9fd2-4d78-a380-764825288506}" File="ui/hall/battle_scale9_jndj07.png" UseOriginSize="True" Scale="1.1" ScaleX="1.1" ScaleY="1.1" />
                            <WZUILabelTTF Type="WZUILabelTTF" GUID="{0d14e83d-59d0-4e4f-af4e-d45315c4cb27}" LabelStyleKey="C1_F18_S4_C5" TextKey="DIFFICULTY" RelativePosition="0.5,0.153333" />
                        </CheckElement>
                        <CheckElement Type="WZUIContainer" GUID="{8b9183b8-d360-4a2d-aa07-946bb0430d8d}">
                            <WZUIImage Type="WZUIImage" GUID="{d3ea8f2f-ef4a-4f44-ac16-0fe01d077382}" File="ui/hall/battle_scale9_jndj07.png" Scale="1.1" ScaleX="1.1" ScaleY="1.1" UseOriginSize="True" />
                            <WZUIImage Type="WZUIImage" GUID="{b76af6b3-1800-431c-b187-8220f3343f0c}" File="ui/hall/common_icon_zdkn_copy_sel.png" UseOriginSize="True" />
                            <WZUILabelTTF Type="WZUILabelTTF" GUID="{6cc71476-cc00-46b0-8546-e9fb4d24fd14}" LabelStyleKey="C1_F18_S4_C5" TextKey="DIFFICULTY" RelativePosition="0.5,0.153333" />
                        </CheckElement>
                    </CheckBox>
                    <CheckBox Type="WZUICheckBox" GUID="{28a2ef74-ce14-49ab-9e0c-36937ae751ff}" AbsContentSize="75,75" UseAbsSize="True" RelativePosition="1,0.5" AnchorPoint="1,0.5" Tag="3" LuaCheckedFunctionName="onCheckBoxDifficult">
                        <CheckElement Type="WZUIContainer" GUID="{6f479a7a-4677-440b-89e5-12416ffa05d2}">
                            <WZUIImage Type="WZUIImage" GUID="{b3b9f166-f976-406e-92bb-3a5a46304a6c}" File="ui/hall/common_icon_zddy_copy.png" UseOriginSize="True" RelativePosition="0.486667,0.5" />
                            <WZUIImage Type="WZUIImage" GUID="{14e7891a-d111-42d2-a15b-48ec364760a6}" File="ui/hall/battle_scale9_jndj07.png" UseOriginSize="True" Scale="1.1" ScaleX="1.1" ScaleY="1.1" />
                            <WZUILabelTTF Type="WZUILabelTTF" GUID="{ddf4940b-e6f0-49eb-87d9-4e21ce4f00ea}" LabelStyleKey="C1_F18_S4_C5" TextKey="HELL" RelativePosition="0.5,0.153333" />
                        </CheckElement>
                        <CheckElement Type="WZUIContainer" GUID="{822b9c0b-6658-485c-8b1c-7508fee204ba}">
                            <WZUIImage Type="WZUIImage" GUID="{4a58dc33-cefb-4570-baef-a012c2fd9d89}" File="ui/hall/battle_scale9_jndj07.png" Scale="1.1" ScaleX="1.1" ScaleY="1.1" UseOriginSize="True" />
                            <WZUIImage Type="WZUIImage" GUID="{aea86442-981f-42d0-a68b-5c555dd905cc}" File="ui/hall/common_icon_zddy_copy_sel.png" UseOriginSize="True" />
                            <WZUILabelTTF Type="WZUILabelTTF" GUID="{635872fc-a5e6-4d81-8c83-e2fefdae382a}" LabelStyleKey="C1_F18_S4_C5" TextKey="HELL" RelativePosition="0.5,0.153333" />
                        </CheckElement>
                    </CheckBox>
                </WZUICheckBoxGroup>
            </WZUIContainer>
            <WZUIContainer Type="WZUIContainer" GUID="{a78ef9f5-cb8e-4dd1-b32b-1d12317e7822}" Name="conCenter_SceneBossRoom" RelativePosition="0.5,0.504092" UseAbsSize="True" AbsContentSize="960,386" Visible="True" ShowAll="True">
                <WZUIContainer Type="WZUIContainer" GUID="{b025901f-7afd-4913-9bb6-fe169c14bc56}" AbsContentSize="306,386" UseAbsSize="True" RelativePosition="0.173218,0.992449" Name="conSeat1_SceneBossRoom" AnchorPoint="0.5,1" AbsPosition="125.29,548.189" Tag="-1">
                    <WZUIContainer Type="WZUIContainer" GUID="{11abcd12-a6d4-40fe-9d2f-080a86b9117d}" Name="conSeatInfo_SceneBossRoom" />
                    <WZUIContainer Type="WZUIContainer" GUID="{0602a9b0-1e1e-4062-ac73-35ad46be995e}" AbsContentSize="105,105" UseAbsSize="True" Name="conPlayer_SceneBossRoom" RelativePosition="0.5,0.16" TouchEnable="False" />
                    <WZUIContainer Type="WZUIContainer" GUID="{1fbb60d6-47e7-40e4-81f5-a740526635ca}" Name="conForNameAndTitle_SceneBossRoom" AbsContentSize="306,100" UseAbsSize="True" RelativePosition="0.5,0.6" TouchEnable="False">
                        <WZUIContainer Type="WZUIContainer" GUID="{de930523-302d-4212-9a1e-784b26e1ede5}" AnchorPoint="0.5,1" RelativePosition="0.5,1" RelativeSize="1,0.5" Name="conTitle_SceneBossRoom" TouchEnable="False">
                            <WZUILabelTTF Type="WZUILabelTTF" GUID="{51a92e4b-6c22-40d7-9ceb-89d6b9c42641}" Name="txtPlayerTitle_SceneBossRoom" Color="247,137,24" FontSize="18" EnableStroke="True" StrokeColor="79,60,48" StrokeSize="4" RelativePosition="0.5,0.88" TouchEnable="False" AnchorPoint="0.5,0" />
                        </WZUIContainer>
                        <WZUILabelTTF Type="WZUILabelTTF" GUID="{3be1e9b2-b1e5-4a81-9734-39d932df68f4}" Name="txtPlayerLv_SceneBossRoom" RelativePosition="0.425676,0.742424" AnchorPoint="1,0.5" Color="255,227,116" FontSize="18" EnableStroke="True" StrokeSize="4" StrokeColor="105,65,46" Text="" TouchEnable="False" />
                        <WZUILabelTTF Type="WZUILabelTTF" GUID="{d4813582-30db-47a4-8565-f10dc931691a}" Name="txtPlayerName_SceneBossRoom" RelativePosition="0.425676,0.742424" AnchorPoint="0,0.5" Color="255,255,255" EnableStroke="True" FontSize="18" StrokeSize="4" Text="" StrokeColor="79,60,48" TouchEnable="False" />
                    </WZUIContainer>
                    <WZUIContainer Type="WZUIContainer" GUID="{f39f9489-e88e-4208-a370-f291b629b64b}" AbsContentSize="60,60" UseAbsSize="True" RelativePosition="0.206772,0.59" Name="conPet_SceneBossRoom" TouchEnable="False" />
                    <WZUIContainer Type="WZUIContainer" GUID="{dafa5fc5-83a1-4db3-981f-6ee389b2ff2b}" Name="conFigureVoice_SceneBossRoom" Visible="False">
                        <WZUIImage Type="WZUIImage" GUID="{849ce166-2ee1-4ae5-900d-b6e6b5c3af5a}" Name="imgFigureVoice_SceneBossRoom" File="ui/common/common_icon_yuying_02.png" UseOriginSize="True" RelativePosition="0.97773,0.1" Scale="0.78" AnchorPoint="1,0" TouchEnable="False" AbsPosition="190.545,9.22543" Rotation="0" NameCreate="False" ScaleX="0.6" ScaleY="0.6" GrayRender="True" Visible="True" />
                        <WZUISpine Type="WZUISpine" GUID="{7065a186-c261-42d4-a6d5-d80aaadd28aa}" FileAtlas="ui/voice_speaking.atlas" FileJson="ui/voice_speaking.json" Loop="True" AnimationName="voice_speaking" RelativePosition="0.865,0.2177" ScaleX="0.6" ScaleY="0.6" Visible="False" Name="animFigureVoice_SceneBossRoom" Scale="0.6" />
                    </WZUIContainer>
                    <WZUIImage Type="WZUIImage" GUID="{1e6906af-3180-4828-94ea-c7721007c1e7}" Name="imgPlayerStatus_SceneBossRoom" File="" UseOriginSize="True" RelativePosition="0.953053,0.01" Scale="0.78" AnchorPoint="1,0" TouchEnable="False" AbsPosition="190.545,9.22543" Rotation="7" NameCreate="False" />
                    <WZUIButton Type="WZUIButton" LuaDoneFunctionName="onClickCellRoomSeat" GUID="{d6e84d3f-2ef0-49c5-99b1-d7c33b23d8c4}" Name="btnPlayerFigure_SceneBossRoom" Tag="1" AbsContentSize="110,200" UseAbsSize="True" RelativePosition="0.5,0.32" Visible="False">
                        <NormalElement Type="WZUIContainer" GUID="{e2fc59d9-b60b-4b28-b75e-f2b0af9fd1ba}" />
                        <SelectElement Type="WZUIContainer" GUID="{07323120-921c-4c73-8ffb-56e2b0bd0b70}" />
                        <DisableElement Type="WZUIContainer" GUID="{6ca36900-17ce-4e83-8d30-ee967060509f}" />
                    </WZUIButton>
                    <Button Type="WZUIButton" Name="btnPlayerPet_SceneBossRoom" AbsContentSize="60,60" TouchEnable="True" UseAbsSize="True" RelativePosition="0.206772,0.59" LuaDoneFunctionName="onClickPet" Visible="False" Tag="1" GUID="{4e312974-0d6a-449c-9906-f4414fe31d8a}">
                        <NormalElement Type="WZUIContainer" GUID="{3bef1879-252b-4a43-8841-968808f1ce68}" />
                        <SelectElement Type="WZUIContainer" GUID="{432354ad-e3e1-4be2-8559-0a50589c92a5}" />
                        <DisableElement Type="WZUIContainer" GUID="{ee03f12e-7fce-4860-bc84-9e0c2bdba610}" />
                    </Button>
                    <WZUIContainer Type="WZUIContainer" GUID="{c1c7d26b-0c3e-4ef8-a31a-72f614ed1070}" AbsContentSize="60,60" UseAbsSize="True" Name="conWeapon_SceneBossRoom" RelativePosition="0.122908,0.08" AbsPosition="41,35.4999" Tag="1">
                        <WZUISpine Type="WZUISpine" GUID="{ff45f0f2-ec74-4a39-9156-7530fc68223f}" FileJson="ui/ui_jjc_weapon.json" FileAtlas="ui/ui_jjc_weapon.atlas" AnimationName="" Loop="True" RelativePosition="0.466668,1.75" AbsPosition="30,105" TouchEnable="False" Visible="False" Name="spWeapon_SceneBossRoom" Scale="1.2" />
                        <WZUIImage Type="WZUIImage" GUID="{44c9eb67-3dbf-483d-ade7-953099f6b53d}" Name="imgWeaponIcon_SceneBossRoom" UseOriginSize="False" File="" TouchEnable="False" />
                        <Button Type="WZUIButton" Name="btnWeapon_SceneBossRoom" LuaDoneFunctionName="onClickWeapon" Tag="1" GUID="{b2d076c0-d812-48bc-971e-efd642371480}">
                            <NormalElement Type="WZUIContainer" GUID="{b45ad2b3-8f57-4a65-a684-d98685ec0739}" />
                            <SelectElement Type="WZUIContainer" GUID="{05da5c39-e5b7-4ee3-b89f-f4aefc6e1e5b}" />
                            <DisableElement Type="WZUIContainer" GUID="{6995fd86-1db5-40e4-b5a7-7b471b2dc15e}" />
                        </Button>
                    </WZUIContainer>
                    <WZUIContainer Type="WZUIContainer" GUID="{0f807f1a-2dbb-4984-8ee0-d548ddd9eefb}" Name="conForDressSuit_SceneBossRoom" AbsContentSize="122,34" UseAbsSize="True" RelativePosition="0.777,0.942" />
                </WZUIContainer>
                <WZUIContainer Type="WZUIContainer" GUID="{0caa4df8-33ea-46cc-b98a-36256b59f245}" AbsContentSize="306,386" UseAbsSize="True" RelativePosition="0.501343,0.992449" Name="conSeat2_SceneBossRoom" AnchorPoint="0.5,1" AbsPosition="125.29,548.189" Tag="-1">
                    <WZUIContainer Type="WZUIContainer" GUID="{7dc2eb32-a5c1-4ac6-b803-9c3653ad34e4}" Name="conSeatInfo_SceneBossRoom" />
                    <WZUIContainer Type="WZUIContainer" GUID="{b7d40aa0-8144-4127-9084-971e7de781df}" AbsContentSize="105,105" UseAbsSize="True" Name="conPlayer_SceneBossRoom" RelativePosition="0.5,0.16" TouchEnable="False" />
                    <WZUIContainer Type="WZUIContainer" GUID="{745feb18-8330-43c5-85c9-b40d248eff7a}" Name="conForNameAndTitle_SceneBossRoom" AbsContentSize="306,100" UseAbsSize="True" RelativePosition="0.5,0.6" TouchEnable="False">
                        <WZUIContainer Type="WZUIContainer" GUID="{03015acc-a0cf-48d3-a14a-98ca31f0d3d7}" AnchorPoint="0.5,1" RelativePosition="0.5,1" RelativeSize="1,0.5" Name="conTitle_SceneBossRoom" TouchEnable="False">
                            <WZUILabelTTF Type="WZUILabelTTF" GUID="{9010b6ce-d4a4-4126-b7d4-25677386d709}" Name="txtPlayerTitle_SceneBossRoom" Color="247,137,24" FontSize="18" EnableStroke="True" StrokeColor="79,60,48" StrokeSize="4" RelativePosition="0.5,0.88" TouchEnable="False" AnchorPoint="0.5,0" />
                        </WZUIContainer>
                        <WZUILabelTTF Type="WZUILabelTTF" GUID="{604ff689-0b21-47d3-ab3e-6c89ef8f0381}" Name="txtPlayerLv_SceneBossRoom" RelativePosition="0.425676,0.742424" AnchorPoint="1,0.5" Color="255,227,116" FontSize="18" EnableStroke="True" StrokeSize="4" StrokeColor="105,65,46" Text="" TouchEnable="False" />
                        <WZUILabelTTF Type="WZUILabelTTF" GUID="{07cd42eb-b360-4adf-a3bf-7251f5c4b9a8}" Name="txtPlayerName_SceneBossRoom" RelativePosition="0.425676,0.742424" AnchorPoint="0,0.5" Color="255,255,255" EnableStroke="True" FontSize="18" StrokeSize="4" Text="" StrokeColor="79,60,48" TouchEnable="False" />
                    </WZUIContainer>
                    <WZUIContainer Type="WZUIContainer" GUID="{a3472af9-a0b9-429d-9570-23451d7e0fb5}" AbsContentSize="60,60" UseAbsSize="True" RelativePosition="0.206772,0.59" Name="conPet_SceneBossRoom" TouchEnable="False" />
                    <WZUIContainer Type="WZUIContainer" GUID="{a117757e-eeb0-43f9-9daa-c08c0eba35bb}" Name="conFigureVoice_SceneBossRoom" Visible="False">
                        <WZUIImage Type="WZUIImage" GUID="{b8eb8c26-a4a2-4aeb-805c-a0b51b246e00}" Name="imgFigureVoice_SceneBossRoom" File="ui/common/common_icon_yuying_02.png" UseOriginSize="True" RelativePosition="0.97773,0.1" Scale="0.78" AnchorPoint="1,0" TouchEnable="False" AbsPosition="190.545,9.22543" Rotation="0" NameCreate="False" ScaleX="0.6" ScaleY="0.6" GrayRender="True" Visible="True" />
                        <WZUISpine Type="WZUISpine" GUID="{408168b5-0cc2-473e-9610-6d9305425b5f}" FileAtlas="ui/voice_speaking.atlas" FileJson="ui/voice_speaking.json" Loop="True" AnimationName="voice_speaking" RelativePosition="0.865,0.2177" ScaleX="0.6" ScaleY="0.6" Visible="False" Name="animFigureVoice_SceneBossRoom" Scale="0.6" />
                    </WZUIContainer>
                    <WZUIImage Type="WZUIImage" GUID="{a2dee5e4-12d9-42cc-b611-e87386820fbd}" Name="imgPlayerStatus_SceneBossRoom" File="" UseOriginSize="True" RelativePosition="0.953053,0.01" Scale="0.78" AnchorPoint="1,0" TouchEnable="False" AbsPosition="190.545,9.22543" Rotation="7" NameCreate="False" />
                    <WZUIButton Type="WZUIButton" LuaDoneFunctionName="onClickCellRoomSeat" GUID="{91da8d28-7662-4008-8374-6c7d40423f4a}" Name="btnPlayerFigure_SceneBossRoom" Tag="2" AbsContentSize="110,200" UseAbsSize="True" RelativePosition="0.5,0.32" Visible="False">
                        <NormalElement Type="WZUIContainer" GUID="{5a1b40b3-7ee1-4e77-b150-2135ad40afff}" />
                        <SelectElement Type="WZUIContainer" GUID="{cfdd0ad4-eed7-4832-b3f6-0971345832fe}" />
                        <DisableElement Type="WZUIContainer" GUID="{2774281f-0baa-4abd-91dc-e40efb57f28e}" />
                    </WZUIButton>
                    <Button Type="WZUIButton" Name="btnPlayerPet_SceneBossRoom" AbsContentSize="60,60" TouchEnable="True" UseAbsSize="True" RelativePosition="0.206772,0.59" LuaDoneFunctionName="onClickPet" Visible="False" Tag="2" GUID="{5a78313f-2605-48cc-b2f6-0af3c305b588}">
                        <NormalElement Type="WZUIContainer" GUID="{ece504c4-6e89-4094-97ec-0e52eb1186e0}" />
                        <SelectElement Type="WZUIContainer" GUID="{92ddae61-91f4-4961-821c-fe6601398f12}" />
                        <DisableElement Type="WZUIContainer" GUID="{3e8b4f6a-f182-4cb3-876b-1a7aef669efc}" />
                    </Button>
                    <WZUIContainer Type="WZUIContainer" GUID="{a0f712e0-0458-430d-b64b-e372f0e5bf9d}" AbsContentSize="60,60" UseAbsSize="True" Name="conWeapon_SceneBossRoom" RelativePosition="0.122908,0.08" AbsPosition="41,35.4999" Tag="2">
                        <WZUISpine Type="WZUISpine" GUID="{86b6fb14-4186-4f6c-b476-aa384e0347ca}" FileJson="ui/ui_jjc_weapon.json" FileAtlas="ui/ui_jjc_weapon.atlas" AnimationName="" Loop="True" RelativePosition="0.466668,1.75" AbsPosition="30,105" TouchEnable="False" Visible="False" Name="spWeapon_SceneBossRoom" Scale="1.2" />
                        <WZUIImage Type="WZUIImage" GUID="{5bcc88d6-f6f7-4a4a-82a4-96ed5b23e3aa}" Name="imgWeaponIcon_SceneBossRoom" UseOriginSize="False" File="" TouchEnable="False" />
                        <Button Type="WZUIButton" Name="btnWeapon_SceneBossRoom" LuaDoneFunctionName="onClickWeapon" Tag="1" GUID="{9c506a6c-27bd-4963-b15d-e95eba32256f}">
                            <NormalElement Type="WZUIContainer" GUID="{be7bd8e1-cf90-462b-af6b-2005668982a8}" />
                            <SelectElement Type="WZUIContainer" GUID="{beb34275-8d3c-4977-b4ca-93db3c648024}" />
                            <DisableElement Type="WZUIContainer" GUID="{9ff3bbe6-5b4c-4f96-be01-856d32813a68}" />
                        </Button>
                    </WZUIContainer>
                    <WZUIContainer Type="WZUIContainer" GUID="{b6eae7f8-454d-4f59-be40-b05c64bf362f}" Name="conForDressSuit_SceneBossRoom" AbsContentSize="122,34" UseAbsSize="True" RelativePosition="0.777,0.942" />
                </WZUIContainer>
                <WZUIContainer Type="WZUIContainer" GUID="{81e54e5e-293f-4947-8b6f-604cd9d950eb}" AbsContentSize="306,386" UseAbsSize="True" RelativePosition="0.828426,0.992449" Name="conSeat3_SceneBossRoom" AnchorPoint="0.5,1" AbsPosition="125.29,548.189" Tag="-1">
                    <WZUIContainer Type="WZUIContainer" GUID="{d0f973a0-ccd3-4f08-972b-90be01a63de2}" Name="conSeatInfo_SceneBossRoom" />
                    <WZUIContainer Type="WZUIContainer" GUID="{eac5657f-29b6-4e60-a445-3a24e0b3048d}" AbsContentSize="105,105" UseAbsSize="True" Name="conPlayer_SceneBossRoom" RelativePosition="0.5,0.16" TouchEnable="False" />
                    <WZUIContainer Type="WZUIContainer" GUID="{afc2b4f0-c26b-466e-9c66-4f03c2be0ba1}" Name="conForNameAndTitle_SceneBossRoom" AbsContentSize="306,100" UseAbsSize="True" RelativePosition="0.5,0.6" TouchEnable="False">
                        <WZUIContainer Type="WZUIContainer" GUID="{ace3d853-6bf3-4622-903c-1cbe05bb12f0}" AnchorPoint="0.5,1" RelativePosition="0.5,1" RelativeSize="1,0.5" Name="conTitle_SceneBossRoom" TouchEnable="False">
                            <WZUILabelTTF Type="WZUILabelTTF" GUID="{0b68c907-3bfe-4c84-8a5a-243644ff2b48}" Name="txtPlayerTitle_SceneBossRoom" Color="247,137,24" FontSize="18" EnableStroke="True" StrokeColor="79,60,48" StrokeSize="4" RelativePosition="0.5,0.88" TouchEnable="False" AnchorPoint="0.5,0" />
                        </WZUIContainer>
                        <WZUILabelTTF Type="WZUILabelTTF" GUID="{6dc8059e-2827-4014-920d-c4e83d79051a}" Name="txtPlayerLv_SceneBossRoom" RelativePosition="0.425676,0.742424" AnchorPoint="1,0.5" Color="255,227,116" FontSize="18" EnableStroke="True" StrokeSize="4" StrokeColor="105,65,46" Text="" TouchEnable="False" />
                        <WZUILabelTTF Type="WZUILabelTTF" GUID="{4941970c-1d81-40ad-a2d1-c4b9bb0ae26b}" Name="txtPlayerName_SceneBossRoom" RelativePosition="0.425676,0.742424" AnchorPoint="0,0.5" Color="255,255,255" EnableStroke="True" FontSize="18" StrokeSize="4" Text="" StrokeColor="79,60,48" TouchEnable="False" />
                    </WZUIContainer>
                    <WZUIContainer Type="WZUIContainer" GUID="{715b78e5-ab39-4711-989d-cea10bcd50e0}" AbsContentSize="60,60" UseAbsSize="True" RelativePosition="0.206772,0.59" Name="conPet_SceneBossRoom" TouchEnable="False" />
                    <WZUIContainer Type="WZUIContainer" GUID="{2d2b3a17-c0ac-4f6b-8162-d52e464f0522}" Name="conFigureVoice_SceneBossRoom" Visible="False">
                        <WZUIImage Type="WZUIImage" GUID="{fe849312-9353-4fcd-a247-2f2b65756bea}" Name="imgFigureVoice_SceneBossRoom" File="ui/common/common_icon_yuying_02.png" UseOriginSize="True" RelativePosition="0.97773,0.1" Scale="0.78" AnchorPoint="1,0" TouchEnable="False" AbsPosition="190.545,9.22543" Rotation="0" NameCreate="False" ScaleX="0.6" ScaleY="0.6" GrayRender="True" Visible="True" />
                        <WZUISpine Type="WZUISpine" GUID="{050ebd33-4f7b-4d26-b785-ab26b9d228f0}" FileAtlas="ui/voice_speaking.atlas" FileJson="ui/voice_speaking.json" Loop="True" AnimationName="voice_speaking" RelativePosition="0.865,0.2177" ScaleX="0.6" ScaleY="0.6" Visible="False" Name="animFigureVoice_SceneBossRoom" Scale="0.6" />
                    </WZUIContainer>
                    <WZUIImage Type="WZUIImage" GUID="{e1a031ac-fa47-4e8f-904d-b2c99ebd839e}" Name="imgPlayerStatus_SceneBossRoom" File="" UseOriginSize="True" RelativePosition="0.953053,0.01" Scale="0.78" AnchorPoint="1,0" TouchEnable="False" AbsPosition="190.545,9.22543" Rotation="7" NameCreate="False" />
                    <WZUIButton Type="WZUIButton" LuaDoneFunctionName="onClickCellRoomSeat" GUID="{43294bc0-289d-43e6-80ab-2e4d0843ee5f}" Name="btnPlayerFigure_SceneBossRoom" Tag="3" AbsContentSize="110,200" UseAbsSize="True" RelativePosition="0.5,0.32" Visible="False">
                        <NormalElement Type="WZUIContainer" GUID="{48b9f289-514b-4aa1-a787-d734fc137b96}" />
                        <SelectElement Type="WZUIContainer" GUID="{d6a0446a-e3fb-445e-84be-26f4a8256362}" />
                        <DisableElement Type="WZUIContainer" GUID="{63a183dd-9e4f-4142-842f-da6cdee6c432}" />
                    </WZUIButton>
                    <Button Type="WZUIButton" Name="btnPlayerPet_SceneBossRoom" AbsContentSize="60,60" TouchEnable="True" UseAbsSize="True" RelativePosition="0.206772,0.59" LuaDoneFunctionName="onClickPet" Visible="False" Tag="3" GUID="{706fe91f-ae09-4eb6-9231-5bf966e15ef7}">
                        <NormalElement Type="WZUIContainer" GUID="{4c1347bb-5ca7-4f38-941c-786e5cd5699e}" />
                        <SelectElement Type="WZUIContainer" GUID="{f181c243-8c28-4a16-9900-e9e456390ac2}" />
                        <DisableElement Type="WZUIContainer" GUID="{6b5fbd74-4711-4f99-a282-094fbe0f6fc6}" />
                    </Button>
                    <WZUIContainer Type="WZUIContainer" GUID="{d3c2b355-1e8f-4cc8-aca4-d4d9c67de843}" AbsContentSize="60,60" UseAbsSize="True" Name="conWeapon_SceneBossRoom" RelativePosition="0.122908,0.08" AbsPosition="41,35.4999" Tag="3">
                        <WZUISpine Type="WZUISpine" GUID="{ec104b44-3e2f-46aa-87dc-a82b8fd07ba0}" FileJson="ui/ui_jjc_weapon.json" FileAtlas="ui/ui_jjc_weapon.atlas" AnimationName="" Loop="True" RelativePosition="0.466668,1.75" AbsPosition="30,105" TouchEnable="False" Visible="False" Name="spWeapon_SceneBossRoom" Scale="1.2" />
                        <WZUIImage Type="WZUIImage" GUID="{a03a6149-fae2-4052-a328-343cfa283e4f}" Name="imgWeaponIcon_SceneBossRoom" UseOriginSize="False" File="" TouchEnable="False" />
                        <Button Type="WZUIButton" Name="btnWeapon_SceneBossRoom" LuaDoneFunctionName="onClickWeapon" Tag="1" GUID="{19ea4a7a-364a-48b9-af60-8163d3431aa0}">
                            <NormalElement Type="WZUIContainer" GUID="{a5d95e7d-03a9-4503-86a8-c1b33ba6819c}" />
                            <SelectElement Type="WZUIContainer" GUID="{56991ba1-6919-4169-9424-cfc3441924c8}" />
                            <DisableElement Type="WZUIContainer" GUID="{813ae752-5056-4aff-9081-a5f5bd83b3fc}" />
                        </Button>
                    </WZUIContainer>
                    <WZUIContainer Type="WZUIContainer" GUID="{b8ea840a-a78c-444a-9fa0-eea22c6ce4cc}" Name="conForDressSuit_SceneBossRoom" AbsContentSize="122,34" UseAbsSize="True" RelativePosition="0.777,0.942" />
                </WZUIContainer>
            </WZUIContainer>
            <WZUIContainer Type="WZUIContainer" GUID="{f499311f-a278-422a-9baa-5e374682328f}" AbsContentSize="960,100" UseAbsSize="True" AnchorPoint="0.5,0" RelativePosition="0.5,-0.00692042" Name="conBottom_SceneBossRoom" ShowAll="True">
                <WZUI9Image Type="WZUI9Image" GUID="{4e862c84-675c-4008-96ea-8e27ec56fd52}" File="ui/hall/battle_scale9_jndj06.png" FlipX="False" FlipY="False" ScaleX="1.5" />
                <WZUIButton AbsContentSize="35,35" AnchorPoint="0.5,0" LuaDoneFunctionName="onClickMic" Name="btnMic_SceneBossRoom" Order="0" RelativePosition="0.0510418,0.693467" ShowAll="False" Type="WZUIButton" UseAbsSize="True" GUID="{bed94f55-9850-4c68-b0b0-8842ac02d779}" Scale="1" Visible="False">
                    <NormalElement Type="WZUIContainer" GUID="{2e3fc05d-fc15-4de9-9295-a5394b2c6d5e}">
                        <WZUIImage File="ui/common/common_icon_yuying02.png" Type="WZUIImage" UseOriginSize="True" GUID="{c3cc4252-6eb4-476f-ae08-5f3d4264f6a8}" Visible="True" Scale="0.7" Name="imgMic1_SceneBossRoom" GrayRender="True" ScaleX="0.7" ScaleY="0.7" />
                    </NormalElement>
                    <SelectElement Type="WZUIContainer" GUID="{bb6cbf59-2915-4159-89bd-72f2f0a43b17}">
                        <WZUIImage File="ui/common/common_icon_yuying02.png" Type="WZUIImage" UseOriginSize="True" Scale="0.7" GUID="{13495883-80a1-4084-83db-513b8a236d60}" Name="imgMic2_SceneBossRoom" ScaleX="0.7" ScaleY="0.7" GrayRender="True" />
                    </SelectElement>
                    <DisableElement Type="WZUIContainer" GUID="{f296ce89-8904-42dd-a27d-23f191741220}" />
                </WZUIButton>
                <WZUIButton AbsContentSize="35,35" AnchorPoint="0.5,0" LuaDoneFunctionName="onClickSpeaker" Name="btnSpeaker_SceneBossRoom" Order="0" RelativePosition="0.0506805,0.383791" ShowAll="False" Type="WZUIButton" UseAbsSize="True" GUID="{42fb1b0d-a477-4913-ad32-f6af08aa7424}" Scale="1" Visible="False">
                    <NormalElement Type="WZUIContainer" GUID="{3e22f726-8668-4bcf-be65-df30a60f12f5}">
                        <WZUIImage File="ui/common/common_icon_yuying_02.png" Type="WZUIImage" UseOriginSize="True" GUID="{3b94d48c-c241-4cd7-bd22-20bc1d023b8a}" Visible="True" Scale="0.7" Name="imgSpeaker1_SceneBossRoom" GrayRender="True" ScaleX="0.7" ScaleY="0.7" />
                    </NormalElement>
                    <SelectElement Type="WZUIContainer" GUID="{cedced30-5d1a-4a96-aee7-70e0e00b6522}">
                        <WZUIImage File="ui/common/common_icon_yuying_02.png" Type="WZUIImage" UseOriginSize="True" Scale="0.8" GUID="{968bd8ce-f1d6-4f62-9e6c-81fabe143319}" Name="imgSpeaker2_SceneBossRoom" ScaleY="0.8" ScaleX="0.8" GrayRender="True" />
                    </SelectElement>
                    <DisableElement Type="WZUIContainer" GUID="{ebb62219-071d-4017-a709-cf00ca061864}" />
                </WZUIButton>
                <WZUIContainer Type="WZUIContainer" GUID="{36a6c1e2-c98c-4886-bd45-337f0a9d74ce}" AbsContentSize="212,76" UseAbsSize="True" RelativePosition="0.885416,0.5" ShowAll="False" Visible="True">
                    <WZUIButton Type="WZUIButton" AbsContentSize="0,0" UseAbsSize="False" RelativePosition="0.5,0.5" GUID="{5074b326-979c-43da-8bf5-e1c54d38685f}" LuaDoneFunctionName="onStartGameButtonClick" Name="btnReadyGame_SceneBossRoom" TouchEnable="True" UseAbsCoordinate="False" LuaActionName="">
                        <NormalElement Type="WZUIContainer" GUID="{b3a12bb0-95b0-4bec-b474-6cdd26e9b551}">
                            <WZUIImage Type="WZUIImage" GUID="{abd7989b-c515-4fd8-bd17-3df5f91638a7}" File="ui/common/common_btn_anniu8.png" />
                        </NormalElement>
                        <SelectElement Type="WZUIContainer" GUID="{8b9e7933-4c8f-4799-ad72-328fd4cf2231}" Scale="1.05">
                            <WZUIImage Type="WZUIImage" GUID="{f066455d-d79a-4859-93e2-e0ddcca8088d}" File="ui/common/common_btn_anniu8_sel.png" />
                        </SelectElement>
                        <DisableElement Type="WZUIContainer" GUID="{236a7d31-1849-4ab2-9fd4-1e0df582dcb8}">
                            <WZUIImage Type="WZUIImage" GUID="{156f726a-3e64-4267-ac5e-ab025443a3a5}" File="ui/common/common_btn_anniu8_sel.png" />
                        </DisableElement>
                    </WZUIButton>
                    <WZArmature Type="WZArmature" GUID="{5b13011b-2835-4fa7-8e02-4f64c32af774}" ArmatureFile="ui/ui_tongyong_anniu.xml" ArmatureName="ui_tongyong_anniu" UseOriginSize="True" RelativePosition="0.5,0.5" AnchorPoint="0.5,0.5" Name="armBtn_SceneBossRoom" TouchEnable="False" UseBasePoint="False">
                        <Action Type="WZUIArmatureAnimationById" GUID="{dd13a57b-3bdb-42c0-bc6c-32ae918c7862}" AnimationId="0" />
                    </WZArmature>
                    <WZUIImage Type="WZUIImage" GUID="{31056d6d-6b55-4a24-b9c1-bf302761fed0}" File="ui/common/common_icon_ksyx.png" UseOriginSize="True" Name="imgStartGame_SceneBossRoom" TouchEnable="False" GrayRender="False" RelativePosition="0.5,0.552632" Visible="True" />
                </WZUIContainer>
                <WZUIContainer Type="WZUIContainer" GUID="{ca6ee535-2ae2-4dce-8c00-ade634794dbb}" AbsContentSize="70,70" UseAbsSize="True" RelativePosition="0.733334,0.5" Name="conSkill_SceneBossRoom">
                    <Button Type="WZUIButton" GUID="{19787946-7485-4c05-bf4f-e974589236a4}" LuaDoneFunctionName="onClickSkill" LuaActionName="Normal">
                        <NormalElement Type="WZUIContainer" GUID="{d7bb63df-effb-4da3-9fb6-3f9a70dcca8d}">
                            <WZUIImage Type="WZUIImage" GUID="{908d5b90-ed5d-432b-9de9-b93b4b5845ef}" File="ui/Hall/battle_icon_jinengdaoju.png" UseOriginSize="True" />
                        </NormalElement>
                        <SelectElement Type="WZUIContainer" GUID="{df6a22db-9c3d-4c23-8d8e-696af7b53444}">
                            <WZUIImage Type="WZUIImage" GUID="{d04622f0-5dac-40f4-851e-0c92cf4393d1}" File="ui/Hall/battle_icon_jinengdaoju.png" UseOriginSize="True" />
                        </SelectElement>
                        <DisableElement Type="WZUIContainer" GUID="{c5974c1f-73eb-4157-90a1-65922d8eb5df}" />
                    </Button>
                </WZUIContainer>
                <WZUIContainer Type="WZUIContainer" GUID="{13ac30c6-0d0f-4f67-9a7c-62f0fd7c8399}" AbsContentSize="130,60" UseAbsSize="True" RelativePosition="0.620834,0.5" Name="conWorldInvite_SceneRoom" Visible="True">
                    <Button Type="WZUIButton" GUID="{81441617-52e1-4d00-926f-328cc0999071}" LuaDoneFunctionName="onClickWorldInvite" LuaActionName="Normal">
                        <NormalElement Type="WZUIContainer" GUID="{85bc2b98-56bd-41be-94ee-07ad082adf57}">
                            <WZUI9Image Type="WZUI9Image" GUID="{fc8e1569-e405-4a42-a22e-9868098e2854}" File="ui/common/common_btn_anniu3.png" />
                        </NormalElement>
                        <SelectElement Type="WZUIContainer" GUID="{6baa653f-5e8d-4e2a-896e-cce759331606}">
                            <WZUI9Image Type="WZUI9Image" GUID="{3970d005-3de2-48c0-a762-148818095816}" File="ui/common/common_btn_anniu3_0.png" />
                        </SelectElement>
                        <DisableElement Type="WZUIContainer" GUID="{68216cfd-5f33-4417-8cad-ba9e2921491d}" />
                    </Button>
                    <WZUILabelTTF Type="WZUILabelTTF" GUID="{dce057e6-bb4d-4558-9ee8-ff22a0f9c6ed}" LabelStyleKey="NORMAL_ORANGE_BTN" Text="sdsfds" TextKey="WORLD_TEAM_IV_TIP" Name="txtWorldInvite_SceneBossRoom" />
                </WZUIContainer>
            </WZUIContainer>
        </WZUIContainer>
        <WZUIContainer Type="WZUIContainer" GUID="{7000394f-0505-4a00-bc5d-7d44734bb3c1}" TouchEnable="False" Visible="True">
            <WZUIParticle Type="WZUIParticle" GUID="{de75fd45-a851-41b7-863c-fbf4f3cf5dc6}" PlistFile="particle/particle_tongyonglizi.plist" RelativePosition="0.5,0" TouchSwallow="True" TouchEnable="False" AnchorPoint="0.5,0" />
        </WZUIContainer>
    </WZUIFrame>
</SceneBossRoom>
