<?xml version="1.0"?>
<SceneCommunityShop GUID="{69D42E9C-2C2A-4e45-90D2-E8C2EA30B0F9}">
	<WZUIWindow Type="WZUIWindow" GUID="{D7A69EA6-D364-434d-BB11-FC3D8F8196A8}" Name="SceneCommunityShop" LuaObjectName="SceneCommunityShop" LuaTouchBeganFunction="onTouchBegan" ShowAll="False" RelativePosition="0.5,0.5">
		<WZUIContainer AbsContentSize="" GUID="{CDDE5A7D-08FF-408a-A430-3DD293982498}" Type="WZUIContainer" UseAbsSize="False" Visible="True" TouchSwallow="False">
			<WZUI9Image Type="WZUI9Image" GUID="{6706BE97-1F9F-462f-85AB-E58C7F94D996}" File="ui/common_bg/common_scale9_di2.png" Visible="True" UseOriginSize="True" Scale="2" />
		</WZUIContainer>
		<WZUIContainer Type="WZUIContainer" GUID="{DAF6F15A-0B85-41f1-A6DB-E8FEC3F572E0}" Name="conShowAll_SceneCommunityShop" ShowAll="True" Order="1">
			<WZUIContainer AbsContentSize="960,640" GUID="{1A4CE8E4-8450-484f-83F3-4D359E5B9C12}" Name="conBg_CommunityShop" ShowAll="False" Type="WZUIContainer" UseAbsSize="True" Visible="True">
				<WZUIContainer Type="WZUIContainer" GUID="{E72B38A7-5A73-47d4-ADD6-8EF48C9E601A}" AbsContentSize="855,520" UseAbsSize="True" RelativePosition="0.5,0.45" Visible="True" ShowAll="False">
					<WZUI9Image Type="WZUI9Image" GUID="{45B9A634-733F-4467-B4AF-B96FC460D1F0}" File="ui/common/common_scale9_di34.png" Visible="True" />
					<WZUIContainer Type="WZUIContainer" GUID="{F39CA6B3-3130-4b85-B40D-EAE6A0711700}" AbsContentSize="825,40" UseAbsSize="True" RelativePosition="0.5,0.93" ShowAll="False">
						<WZUI9Image Type="WZUI9Image" GUID="{4D6793E5-9327-48b4-BAEF-93195F99EA80}" File="ui/common/common_icon_xhd.png" Opacity="150" />
					</WZUIContainer>
					<WZUIImage Type="WZUIImage" GUID="{F921C592-2243-4203-BA6B-BCBA5C187E91}" File="ui/common/common_icon_scdi.png" UseOriginSize="True" RelativePosition="0.208533,0.95" Order="1" AbsPosition="178.295,494" />
					<WZUIImage Type="WZUIImage" GUID="{64F84CE5-A26F-4a68-BD7A-717DB7DEEEC3}" File="ui/common/common_icon_scdi.png" UseOriginSize="True" RelativePosition="0.792451,0.95" Order="1" AbsPosition="677.546,494" ScaleX="-1" />
					<WZUIImage Type="WZUIImage" GUID="{00C2F124-E322-4b68-8499-F7E19297F2E5}" File="ui/common/common_icon_btd.png" UseOriginSize="True" RelativePosition="0.5,0.95" Order="1" />
					<WZUIImage Type="WZUIImage" GUID="{9ED44729-AF17-4d91-8A26-3C9061BBD97D}" File="ui/common/common_icon_deng.png" UseOriginSize="True" RelativePosition="0.968271,0.920797" ShowAll="True" Order="1" />
					<WZUIImage Type="WZUIImage" GUID="{194CAC47-8762-41b4-930E-FA3F50223234}" File="ui/common/common_icon_deng.png" UseOriginSize="True" RelativePosition="0.0326945,0.920797" FlipX="True" ShowAll="True" Order="1" />
				</WZUIContainer>
				<WZUIImage Type="WZUIImage" GUID="{89338F8E-1E03-4353-B4C9-93679079CFA6}" File="ui/common/common_icon_shangcheng.png" UseOriginSize="True" RelativePosition="0.5,0.82" ShowAll="False" />
				<WZUIContainer Type="WZUIContainer" GUID="{A697A5B7-3264-4bb5-A781-91178AAC6902}" AbsContentSize="805,325" UseAbsSize="True" RelativePosition="0.5,0.43" ShowAll="False">
					<WZUI9Image Type="WZUI9Image" GUID="{F418C83D-FDAC-489c-B244-02826ACC8F76}" File="ui/common/common_scale9_di58.png" Opacity="110" />
				</WZUIContainer>
			</WZUIContainer>
			<WZUIContainer Type="WZUIContainer" GUID="{C1D991FE-1915-467b-854A-38745B646E2F}" AbsContentSize="350,50" UseAbsSize="True" AnchorPoint="0.5,0" RelativePosition="0.33,0.074" Visible="True" ShowAll="False">
				<WZUILabelTTF Type="WZUILabelTTF" GUID="{605EDE25-1039-450d-9890-1653357BFDD6}" Name="Contribution" BoldFont="True" FontSize="20" Alignment="Left" AnchorPoint="0,0.5" Color="79,60,48" Text="" RelativePosition="0.1,0.5" TextKey="COMMUNITYINFO59" />
				<WZUILabelTTF Type="WZUILabelTTF" GUID="{B6A1DDA0-02F7-4ade-B66A-B52DEA42CD01}" Name="Contribution1" BoldFont="True" FontSize="20" Alignment="Left" AnchorPoint="0,0.5" Color="128,54,13" Text="0/1000" RelativePosition="0.38,0.5" />
				<WZUIImage Type="WZUIImage" GUID="{4860B576-1155-48d8-A5BD-240CF994784F}" File="ui/common/common_icon_ghgx.png" UseOriginSize="True" RelativePosition="0.05,0.5" />
			</WZUIContainer>
			<WZUIContainer Type="WZUIContainer" GUID="{6EB6D53A-6D21-4e56-9115-A7A8338D05CE}" AbsContentSize="240,50" UseAbsSize="True" AnchorPoint="0.5,0" RelativePosition="0.56,0.074" ShowAll="False">
				<WZUILabelTTF Type="WZUILabelTTF" GUID="{A87A6556-FF00-4786-8C67-26913DEF7A43}" Name="refreshTime" BoldFont="True" FontSize="20" Alignment="Left" AnchorPoint="0,0.5" Color="105,65,46" Text="" RelativePosition="0,0.5" TextKey="COMMUNITYINFO95" />
				<WZUILabelTTF Type="WZUILabelTTF" GUID="{F370779A-F918-4e17-A67E-9826445472CB}" Name="refreshTime1" BoldFont="True" FontSize="20" Alignment="Left" AnchorPoint="0,0.5" Color="158,0,0" Text="中午12点" RelativePosition="0.56,0.5" />
			</WZUIContainer>
			<WZUITableContainer AbsContentSize="790,300" CellElementHeight="0.635" EnableHorizontalScroll="False" EnableMoveHorizontal="False" EnableVerticalScroll="True" GUID="{DE5AA021-F43A-4e74-8569-B5859B341967}" Name="tbcon_SceneShop" RelativePosition="0.5,0.435" RelativeSize="1,1" ScrollPictureDown="" ScrollPictureMid="" ScrollPictureTop="" Type="WZUITableContainer" UseAbsSize="True" VerticalInterval="0.016" ColumnCount="4" ShowAll="False" />
			<WZUIContainer Type="WZUIContainer" GUID="{79A163BA-DC6C-4519-8F0C-7145AD2F93DF}" AbsContentSize="800,100" AnchorPoint="0.5,0" RelativePosition="0.5,0.03" UseAbsSize="True" Name="conBottom_CommunityShop" ShowAll="False">
				<WZUIButton Type="WZUIButton" GUID="{961A3883-B3D2-4315-84EC-D88A1A02E5E4}" AbsContentSize="116,56" UseAbsSize="True" RelativePosition="0.914318,0.540533" Name="btnUpgrade" LuaDoneFunctionName="onUpgrade" LuaActionName="Normal">
					<NormalElement Type="WZUIContainer" GUID="{B1873A3C-BF18-47ff-9BB7-EF6D50655DCF}">
						<WZUIImage Type="WZUIImage" GUID="{F0A077B4-B9FA-40d6-BA5F-6C14A7D94E6A}" File="ui/common/common_btn_anniu10_1.png" Visible="True" UseOriginSize="True" />
					</NormalElement>
					<SelectElement Type="WZUIContainer" GUID="{FD05A58D-9EA1-4f17-83D7-51C2E0335EEE}">
						<WZUIImage Type="WZUIImage" GUID="{34D8FDFE-F541-4668-838A-071ECDE19559}" File="ui/common/common_btn_anniu10_1_sel.png" Scale="1" ScaleX="1" ScaleY="1" UseOriginSize="True" />
					</SelectElement>
					<DisableElement Type="WZUIContainer" GUID="{36496D2E-342C-4385-96B9-5EE71489953D}" />
					<WZUILabelTTF Type="WZUILabelTTF" GUID="{046FB8E7-8C91-4a59-8EF1-1ECC84C55CA5}" Color="255,236,193" FontSize="24" BoldFont="True" Text="升级" RelativePosition="0.5,0.5" StrokeColor="64,128,1" StrokeSize="4" EnableStroke="True" TextKey="STAR_SOUL_BUTTON_UPDATE" LabelStyleKey="SMALL_GREEN_BTN" />
				</WZUIButton>
				<WZUIButton Type="WZUIButton" GUID="{0AD171D7-A47A-4122-A587-57ADE030A3F2}" AbsContentSize="112,52" UseAbsSize="True" RelativePosition="-0.007,0.31" Name="btnInfo" LuaDoneFunctionName="onInfo" AnchorPoint="0.5,0.5" LuaActionName="Normal" Visible="False">
					<NormalElement Type="WZUIContainer" GUID="{5A3ADCFD-72B8-4e05-8DDD-AE4B9EFB74DB}">
						<WZUIImage Type="WZUIImage" GUID="{3344C74F-9946-4023-865A-8AE61E3D4E6D}" File="ui/common/common_icon_gth.png" UseOriginSize="True" />
					</NormalElement>
					<SelectElement Type="WZUIContainer" GUID="{5686D54D-1223-4471-A1E3-A399D59E9A24}">
						<WZUIImage Type="WZUIImage" GUID="{F83F66F4-9D63-4b93-AA76-B0D39DFB695F}" File="ui/common/common_icon_gth.png" UseOriginSize="True" Scale="1" ScaleX="1" ScaleY="1" />
					</SelectElement>
					<DisableElement Type="WZUIContainer" GUID="{8E575393-41E8-4b12-8843-426EEB7A9E8F}" />
				</WZUIButton>
			</WZUIContainer>
			<WZUIContainer Type="WZUIContainer" GUID="{713C3647-1E11-4c37-915D-21CDEDB978F7}" AbsContentSize="800,80" UseAbsSize="True" RelativePosition="0.5,0.735" Name="conInfo_CommunityShop" ShowAll="False">
				<WZUIContainer Type="WZUIContainer" GUID="{C4199750-AA62-48f7-BAD3-BEBFCC30A799}" AbsContentSize="240,40" UseAbsSize="True" AnchorPoint="0.5,1" RelativePosition="0.142,0.58">
					<WZUILabelTTF Type="WZUILabelTTF" GUID="{B0A0C5F8-9F33-4e0d-A873-4A207AB95B7E}" Name="CommunityPrestige" BoldFont="True" FontSize="20" Alignment="Left" AnchorPoint="0,0.5" Color="79,60,48" Text="" RelativePosition="0.08,0.5" TextKey="COMMUNITYINFO57" />
					<WZUILabelTTF Type="WZUILabelTTF" GUID="{E78E74BD-E717-4e6a-B614-B1939B6B7B69}" Name="CommunityPrestige1" BoldFont="True" FontSize="20" Alignment="Left" AnchorPoint="0,0.5" Color="128,54,13" Text="0" RelativePosition="0.33,0.5" />
					<WZUIImage Type="WZUIImage" GUID="{A96DEDCB-8E97-48e6-BBD0-4549C540DE21}" File="ui/common/common_icon_gzww.png" UseOriginSize="True" RelativePosition="0.015,0.5" Scale="0.9" />
				</WZUIContainer>
				<WZUIContainer Type="WZUIContainer" GUID="{3F2BCCD4-31CC-4f9f-8771-C2B7D0082E59}" AbsContentSize="240,40" UseAbsSize="True" AnchorPoint="0.5,1" RelativePosition="0.770212,1.40352" Visible="False">
					<WZUILabelTTF Type="WZUILabelTTF" GUID="{8A8616FD-73E4-4d4c-AB0D-CCE8CD3DBAE3}" Name="CommunityLv" BoldFont="True" FontSize="20" Alignment="Left" AnchorPoint="0,0.5" Color="175,166,156" Text="公会等级:" RelativePosition="0,0.5" />
					<WZUILabelTTF Type="WZUILabelTTF" GUID="{BC6B93D0-E116-4023-B18A-24F18D7962A1}" Name="CommunityLv1" BoldFont="True" FontSize="20" Alignment="Left" AnchorPoint="0,0.5" Color="255,238,144" Text="18" />
				</WZUIContainer>
				<WZUIContainer Type="WZUIContainer" GUID="{A2EB8C58-866B-4f73-BE6D-7EDECEE29E3B}" AbsContentSize="240,40" UseAbsSize="True" AnchorPoint="0.5,1" RelativePosition="0.75,0.9">
					<WZUILabelTTF Type="WZUILabelTTF" GUID="{8CDFE27E-3F2E-469b-8819-918B4DC6FF1B}" Name="ShopLv" BoldFont="True" FontSize="20" Alignment="Left" AnchorPoint="0,0.5" Color="79,60,48" Text="" RelativePosition="0,0.5" TextKey="COMMUNITYINFO93" />
					<WZUILabelTTF Type="WZUILabelTTF" GUID="{D7625B3A-9DAA-4678-B467-170CCD1CF779}" Name="ShopLv1" BoldFont="True" FontSize="20" Alignment="Left" AnchorPoint="0,0.5" Color="128,54,13" Text="0" RelativePosition="0.45,0.5" />
				</WZUIContainer>
				<WZUIContainer Type="WZUIContainer" GUID="{21D21019-D6E2-4665-8F4C-685F2914DFE7}" AbsContentSize="240,40" UseAbsSize="True" AnchorPoint="0.5,0" RelativePosition="0.75,0.09">
					<WZUILabelTTF Type="WZUILabelTTF" GUID="{DD7D147C-F7BC-4ca6-8285-7118B980007C}" Name="refreshTime3" BoldFont="True" FontSize="20" Alignment="Left" AnchorPoint="0,0.5" Color="79,60,48" Text="" RelativePosition="0,0.5" TextKey="COMMUNITYINFO94" />
					<WZUILabelTTF Type="WZUILabelTTF" GUID="{7F9E5392-406D-45f0-8C84-78A347783886}" Name="refreshTime4" BoldFont="True" FontSize="20" Alignment="Left" AnchorPoint="0,0.5" Color="128,54,13" Text="0" RelativePosition="0.45,0.5" />
				</WZUIContainer>
				<WZUIButton Type="WZUIButton" GUID="{5822E43B-0586-4fb4-ABCE-3789B2918896}" AbsContentSize="86,45" UseAbsSize="True" RelativePosition="0.92,0.5" Name="btnRefresh" LuaDoneFunctionName="onRefresh" Visible="True" LuaActionName="Normal">
					<NormalElement Type="WZUIContainer" GUID="{4E52483A-1824-4b89-8C60-B962CCCA2402}">
						<WZUIImage Type="WZUIImage" GUID="{E2A1F86A-2ADD-4703-884D-20807091AF46}" File="ui/common/common_btn_anniu10.png" />
					</NormalElement>
					<SelectElement Type="WZUIContainer" GUID="{DE25D025-4C30-4a89-AEF0-8E91E5E98687}">
						<WZUIImage Type="WZUIImage" GUID="{6E7BEA85-9543-475f-8D83-4E9024CD0697}" File="ui/common/common_btn_anniu10_sel.png" Scale="1" ScaleX="1" ScaleY="1" />
					</SelectElement>
					<DisableElement Type="WZUIContainer" GUID="{861AD731-8837-434b-86A3-501C5492C4F6}" />
					<WZUILabelTTF Type="WZUILabelTTF" GUID="{9EE85879-0E9C-45b7-840E-66A345B06172}" Color="255,236,193" FontSize="20" BoldFont="True" Text="" RelativePosition="0.5,0.5" EnableStroke="True" StrokeSize="4" StrokeColor="0,72,3" LabelStyleKey="" TextKey="REFRESH" />
				</WZUIButton>
				<WZUIFreeTextBox Type="WZUIFreeTextBox" GUID="{298FB02C-E483-4a5c-B18E-71652A0EBF9A}" Name="infoFree_SceneCommunityShop" RelativePosition="0.02,0.7" MaxWidth="800" AnchorPoint="0,0.5" />
				<WZUIImage Type="WZUIImage" GUID="{161BE533-3C38-4df7-8192-6965E921790E}" File="ui/common/common_scale9_fengexiao3.png" UseOriginSize="True" RelativePosition="0.56,0.5" Opacity="150" />
			</WZUIContainer>
		</WZUIContainer>
	</WZUIWindow>
</SceneCommunityShop>
