﻿<?xml version="1.0" ?>
<SceneBattleLoading GUID="{A8864E8D-6767-45e7-9832-CF0B1DF515F7}">
    <WZUIFrame Type="WZUIFrame" GUID="{D5815106-E9CA-4f74-A288-54A575ABD857}" Name="SceneBattleLoading" LuaObjectName="SceneBattleLoading" AbsContentSize="960,640" Visible="True" UseAbsSize="True" ShowAll="False" Scale="1" NameCreate="True" RelativePosition="0.5,0.5" LuaTouchBeganFunction="onTouchBegin">
        <WZUIContainer Type="WZUIContainer" GUID="{63B24204-AD52-415b-B12B-6C8563C9D028}" ShowAll="False">
            <WZUIContainer Type="WZUIContainer" GUID="{F3140E40-887E-44fd-AE84-18E4B496E5FC}" AbsContentSize="960,640" UseAbsSize="True" Visible="True" ShowAll="False">
                <WZUIContainer Type="WZUIContainer" GUID="{52E74C9C-3F1B-44e5-8D0A-1E1A6BDADE62}" AbsContentSize="960,640" Scale="1" Visible="True" Name="conBg_SceneBattleLoading" RelativePosition="0.5,0.5">
                    <WZUIContainer Type="WZUIContainer" GUID="{8963FDE0-C11D-4065-BD76-E2F687B8CE3B}" AbsContentSize="960,640" UseAbsSize="True" AnchorPoint="0,1" RelativePosition="0,1" Visible="True">
                        <WZUI9Image Type="WZUI9Image" GUID="{61D8467F-EB24-45c6-94E9-C61CC9178B44}" File="ui/battleLoading/common_pic_jjbg.png" Visible="True" CapInsets="421,31,1,1" Name="bgBtm_WndBag" UseOriginSize="False" FlipX="False" FlipY="False" Rotation="0" />
                    </WZUIContainer>
                    <WZUIContainer Type="WZUIContainer" GUID="{1A2F5775-FBF6-449b-8743-57F319BDF8EE}" AbsContentSize="660,50" UseAbsSize="True" RelativePosition="0.5,0.02" AnchorPoint="0.5,0" Visible="True" Name="conTipsBK_SceneBattleLoading">
                        <WZUI9Image Type="WZUI9Image" GUID="{0013CD59-3588-43b4-8CBE-60FA9763E372}" File="ui/common/common_scale9_heidi4.png" RelativePosition="0.5,0.5" Opacity="255" />
                    </WZUIContainer>
                    <WZUITableContainer Type="WZUITableContainer" GUID="{68527D0D-4BB4-44e4-A0D5-F76544BC0276}" CellElementHeight="0.5" AbsContentSize="300,130" UseAbsSize="True" RelativePosition="0.23,0.79" ColumnCount="4" EnableHorizontalScroll="False" EnableMoveHorizontal="False" EnableMoveVertical="False" EnableMoveoutContainer="False" EnableVerticalScroll="False" TouchEnable="False" TouchContainerEnable="False" Scale="0.8" Name="tbconCamp0SkillProp_SceneBattleLoading" Visible="False">
                        <CellElement Type="WZUIContainer" GUID="{58A0B216-F066-4ba0-A6CD-E916CDCF3A42}" Name="conSkillProp1_SceneBattleLoading" Tag="0">
                            <WZUIImage Type="WZUIImage" GUID="{E821B51B-B500-4fd0-A10D-4D653899A321}" File="battle/hud/battle_hud_playericon_bg.png" UseOriginSize="True" />
                            <WZUIImage Type="WZUIImage" GUID="{7C505B49-BB08-492e-81C0-12C14BC3E2DC}" UseOriginSize="True" />
                        </CellElement>
                        <CellElement Type="WZUIContainer" GUID="{A70FBD3E-789F-46e1-ABF7-E1FF2FCE23CF}" Name="conSkillProp2_SceneBattleLoading" Tag="1">
                            <WZUIImage Type="WZUIImage" GUID="{57641458-B4D6-4dac-A719-122FF1267BA4}" File="battle/hud/battle_hud_playericon_bg.png" UseOriginSize="True" />
                            <WZUIImage Type="WZUIImage" GUID="{9F365C35-5CE7-40b3-B496-04C6DEE38629}" UseOriginSize="True" />
                        </CellElement>
                        <CellElement Type="WZUIContainer" GUID="{FBC8786D-3EEC-4280-9FB1-6E1F592FA256}" Name="conSkillProp3_SceneBattleLoading" Tag="2">
                            <WZUIImage Type="WZUIImage" GUID="{A223FAF2-41E3-4393-8214-51FB5B5939B7}" File="battle/hud/battle_hud_playericon_bg.png" UseOriginSize="True" />
                            <WZUIImage Type="WZUIImage" GUID="{3EA3E19E-F460-4b55-8B31-8720E2E8FDB6}" UseOriginSize="True" />
                        </CellElement>
                        <CellElement Type="WZUIContainer" GUID="{0C302DB0-04CA-449c-9706-BE50F66CEB52}" Name="conSkillProp4_SceneBattleLoading" Tag="3">
                            <WZUIImage Type="WZUIImage" GUID="{948BDE30-DE80-4c20-8237-7D806C34CD83}" File="battle/hud/battle_hud_playericon_bg.png" UseOriginSize="True" />
                            <WZUIImage Type="WZUIImage" GUID="{D25021D9-94D7-4716-A96B-2E0224849801}" UseOriginSize="True" />
                        </CellElement>
                        <CellElement Type="WZUIContainer" GUID="{E73E4D54-1490-4c53-946E-42B151863B1A}" Name="conSkillProp5_SceneBattleLoading" Tag="4">
                            <WZUIImage Type="WZUIImage" GUID="{BF2645AA-3D9E-4980-8288-6F39EAD4142D}" File="battle/hud/battle_hud_playericon_bg.png" UseOriginSize="True" />
                            <WZUIImage Type="WZUIImage" GUID="{758F9BC3-AA78-446d-9967-2C230919D594}" UseOriginSize="True" />
                        </CellElement>
                        <CellElement Type="WZUIContainer" GUID="{22A8D2F8-C079-4564-A2A4-D56B9A6E5A2E}" Name="conSkillProp6_SceneBattleLoading" UseAbsSize="False" AbsContentSize="0,0" Tag="5">
                            <WZUIImage Type="WZUIImage" GUID="{E2417BD5-83DB-4cec-B262-B3AA95F134F1}" File="battle/hud/battle_hud_playericon_bg.png" UseOriginSize="True" />
                            <WZUIImage Type="WZUIImage" GUID="{2315BD7B-2222-46aa-A16C-40B9D25DB3AB}" UseOriginSize="True" />
                        </CellElement>
                        <CellElement Type="WZUIContainer" GUID="{B05E868B-7537-42ff-9EC9-891CFFE755CF}" Name="conSkillProp7_SceneBattleLoading" Tag="6">
                            <WZUIImage Type="WZUIImage" GUID="{A4629E17-0B2C-45a6-9717-41C14334D622}" File="battle/hud/battle_hud_playericon_bg.png" UseOriginSize="True" />
                            <WZUIImage Type="WZUIImage" GUID="{989DBF5C-A0C9-47a0-A194-221D58BCAD47}" UseOriginSize="True" />
                        </CellElement>
                        <CellElement Type="WZUIContainer" GUID="{BE49766F-4BF4-4a99-9DC7-9C5A12952E9D}" Name="conSkillProp8_SceneBattleLoading" Tag="7">
                            <WZUIImage Type="WZUIImage" GUID="{44DC9B3C-8DD8-4db4-BA11-C6EED404D4E7}" File="battle/hud/battle_hud_playericon_bg.png" UseOriginSize="True" />
                            <WZUIImage Type="WZUIImage" GUID="{A7940A47-1C18-4049-B76C-0800F8283352}" UseOriginSize="True" />
                        </CellElement>
                    </WZUITableContainer>
                </WZUIContainer>
                <WZUIContainer Type="WZUIContainer" GUID="{B0531796-282B-4af6-AC8B-4FD15CC963B9}" Visible="True">
                    <WZUITableContainer Type="WZUITableContainer" GUID="{BAD61B86-0BB5-4414-9E25-68F544645C5E}" AbsContentSize="300,130" UseAbsSize="True" RelativePosition="0.77,0.79" CellElementHeight="0.5" ColumnCount="4" EnableMoveHorizontal="False" EnableMoveVertical="False" EnableVerticalScroll="False" EnableMoveoutContainer="False" TouchEnable="False" TouchContainerEnable="False" Scale="0.8" Name="tbconCamp1SkillProp_SceneBattleLoading" Visible="False">
                        <CellElement Type="WZUIContainer" GUID="{BCA79AB7-4408-44f0-A65D-E3F964227FAC}" Name="conSkillProp9_SceneBattleLoading" Tag="0">
                            <WZUIImage Type="WZUIImage" GUID="{83996501-535A-4651-9088-187A59ACB386}" File="battle/hud/battle_hud_playericon_bg.png" UseOriginSize="True" />
                            <WZUIImage Type="WZUIImage" GUID="{2AD9761C-ADF4-481e-A98D-A9D3D153C036}" UseOriginSize="True" />
                        </CellElement>
                        <CellElement Type="WZUIContainer" GUID="{8A3CEF1E-2B20-42c1-B2A4-6D7822C9DF4B}" Name="conSkillProp10_SceneBattleLoading" Tag="1">
                            <WZUIImage Type="WZUIImage" GUID="{7B37B9E5-5FF9-4f74-8651-ADB25734DE7A}" File="battle/hud/battle_hud_playericon_bg.png" UseOriginSize="True" />
                            <WZUIImage Type="WZUIImage" GUID="{790FFD56-ECBD-49df-99DE-5D095A9EFACE}" UseOriginSize="True" />
                        </CellElement>
                        <CellElement Type="WZUIContainer" GUID="{5BE22D49-60DB-40a1-92C0-FC91AD4FCC4B}" Name="conSkillProp11_SceneBattleLoading" Tag="2">
                            <WZUIImage Type="WZUIImage" GUID="{4DF563B7-4070-4e50-95FD-8D0CFDC53ED4}" File="battle/hud/battle_hud_playericon_bg.png" UseOriginSize="True" />
                            <WZUIImage Type="WZUIImage" GUID="{D66AF211-25EF-4653-85AB-515820A2B840}" UseOriginSize="True" />
                        </CellElement>
                        <CellElement Type="WZUIContainer" GUID="{42699282-D1AF-40f7-8BEB-0C029BF5C543}" Name="conSkillProp12_SceneBattleLoading" Tag="3">
                            <WZUIImage Type="WZUIImage" GUID="{EB5CEA38-BB58-4e72-99BE-052E95B814DF}" File="battle/hud/battle_hud_playericon_bg.png" UseOriginSize="True" />
                            <WZUIImage Type="WZUIImage" GUID="{4259A751-E011-4f8d-AB1D-CE1E8132C3D2}" UseOriginSize="True" />
                        </CellElement>
                        <CellElement Type="WZUIContainer" GUID="{30378608-1B1D-42fb-A0D6-1CDA5F69FA1C}" Name="conSkillProp13_SceneBattleLoading" Tag="4">
                            <WZUIImage Type="WZUIImage" GUID="{B5861BBB-6FB8-4af4-9B49-B453EF6B8844}" File="battle/hud/battle_hud_playericon_bg.png" UseOriginSize="True" />
                            <WZUIImage Type="WZUIImage" GUID="{325B4945-A3AC-43cf-B983-25D03E8FD866}" UseOriginSize="True" />
                        </CellElement>
                        <CellElement Type="WZUIContainer" GUID="{6279D342-0412-42e1-A668-A5A4AB9BFA52}" Name="conSkillProp14_SceneBattleLoading" Tag="5">
                            <WZUIImage Type="WZUIImage" GUID="{DCF2680E-8FB5-4eda-8C82-6361E5DA6E06}" File="battle/hud/battle_hud_playericon_bg.png" UseOriginSize="True" />
                            <WZUIImage Type="WZUIImage" GUID="{32254FDE-FFCC-465a-A4A8-038CA2907797}" UseOriginSize="True" />
                        </CellElement>
                        <CellElement Type="WZUIContainer" GUID="{C8D34D1B-388D-4c6d-A6B3-D26DDEB7EC57}" Name="conSkillProp15_SceneBattleLoading" Tag="6">
                            <WZUIImage Type="WZUIImage" GUID="{CD21F5F7-E1F4-4b5a-BBDD-E3B927D6F38D}" File="battle/hud/battle_hud_playericon_bg.png" UseOriginSize="True" />
                            <WZUIImage Type="WZUIImage" GUID="{46953E73-AE1B-497d-9EF4-3EC2E28E9EC6}" UseOriginSize="True" />
                        </CellElement>
                        <CellElement Type="WZUIContainer" GUID="{6CA7A525-7788-4a22-BF9E-D2750537EE84}" Name="conSkillProp16_SceneBattleLoading" Tag="7">
                            <WZUIImage Type="WZUIImage" GUID="{E9E84F19-E450-4202-99C4-D3AC5F855DBB}" File="battle/hud/battle_hud_playericon_bg.png" UseOriginSize="True" />
                            <WZUIImage Type="WZUIImage" GUID="{2E9AC941-F36D-4324-B1A4-70C01D171C5B}" UseOriginSize="True" />
                        </CellElement>
                    </WZUITableContainer>
                </WZUIContainer>
                <WZUIContainer Type="WZUIContainer" GUID="{DD303601-B95C-4e32-A30E-810632580CB6}" AbsContentSize="960,640" UseAbsSize="True" Visible="True">
                    <WZUIContainer Type="WZUIContainer" GUID="{09DCEE3B-16A9-48f0-97F2-156086277DEA}" AbsContentSize="960,140" UseAbsSize="True" RelativePosition="0.5,0" AnchorPoint="0.5,0" Visible="True">
                        <WZUIContainer Type="WZUIContainer" GUID="{3CB27203-88F0-4587-B4B0-BC986E43E5DB}" UseAbsSize="True" AbsContentSize="180,80" RelativePosition="0.5,0.86" Visible="False" Name="conMap_SceneBattleLoading" AnchorPoint="0.5,0.5" ShowAll="True">
                            <WZUIContainer Type="WZUIContainer" GUID="{8EDE1EDC-B9EB-4c98-8160-0BE2D0D04CCD}" AbsContentSize="170,75" UseAbsSize="True" RelativePosition="0.5,0.5">
                                <WZUI9Image Type="WZUI9Image" GUID="{B0187933-C148-4ff3-92A9-97560F081F7A}" File="ui/common/common_scale9_kuang.png" />
                                <WZUIContainer Type="WZUIContainer" GUID="{7FD0A297-9EF3-43d2-9094-2C6A677A7284}" AbsContentSize="157,62" UseAbsSize="True">
                                    <WZUIImage Type="WZUIImage" GUID="{AB838FAA-7066-4f2a-B6F9-A73E109D8918}" File="map/map0_bg.png" UseOriginSize="False" Name="imgMap_SceneBattleLoading" Visible="True" RelativePosition="0.5,0.5" />
                                    <WZUIImage Type="WZUIImage" GUID="{42D9919E-0816-4a8c-8BCA-720718F75B31}" File="ui/map/map0.png" UseOriginSize="True" RelativePosition="0.5,0.1" Name="imgMapTitle_SceneBattleLoading" Visible="True" AnchorPoint="0.5,0.05" />
                                </WZUIContainer>
                            </WZUIContainer>
                            <WZUILabelTTF Type="WZUILabelTTF" GUID="{B485D50F-BB3B-4538-868B-DFC320497354}" Text="" Color="255,255,255" FontSize="25" RelativePosition="0.0385632,0.946154" Name="txtMapTitle_SceneBattleLoading" Visible="False" />
                        </WZUIContainer>
                        <WZUIContainer Type="WZUIContainer" GUID="{7EDA2F5B-883E-4e41-A6AA-03A832AC6524}" AbsContentSize="660,50" UseAbsSize="True" RelativePosition="0.5,0.09" Name="conTips_SceneBattleLoading" Visible="True" AnchorPoint="0.5,0" ShowAll="True">
                            <WZUILabelTTF Type="WZUILabelTTF" GUID="{4E998611-6733-491d-A133-BFD2F6B26C48}" Text="" Color="255,236,196" FontSize="20" RelativePosition="0.5,0.5" Name="txtTipsTitle_SceneBattleLoading" BoldFont="False" Visible="False" />
                            <WZUIFreeTextBox Type="WZUIFreeTextBox" GUID="{B18E0255-3489-417e-8CAF-0FD1FEEC3F9A}" MaxWidth="660" Name="txtTipsFreeBox_SceneBattleLoading" />
                        </WZUIContainer>
                    </WZUIContainer>
                </WZUIContainer>
                <WZUIContainer Type="WZUIContainer" GUID="{779F90B5-3E36-4573-AA77-5FD8F4D541C6}" AbsContentSize="420,450" RelativePosition="0.25,0.599" UseAbsSize="True" ScaleY="1.1" ScaleX="1.1" Visible="True" Scale="1">
                    <WZUIContainer Type="WZUIContainer" GUID="{38eb44c2-fef6-47b4-b3cb-bcb95c309736}" AbsContentSize="0,0" UseAbsSize="False" RelativePosition="0.55,0.57" Name="conLeftSeatFor4_SceneBattleLoading" RelativeSize="1,1">
                        <WZUIContainer Type="WZUIContainer" GUID="{9e01a594-27f9-4767-8c2d-e141c89bf944}" AbsContentSize="230,300" UseAbsSize="True" RelativePosition="0.717,0.58" Name="conLeftPlayer1_SceneBattleLoading" />
                        <WZUIContainer Type="WZUIContainer" GUID="{5fed7078-8447-417f-846a-50560ab8770d}" AbsContentSize="230,300" UseAbsSize="True" RelativePosition="0.3,0.64" Name="conLeftPlayer2_SceneBattleLoading" />
                        <WZUIContainer Type="WZUIContainer" GUID="{aa7363b0-0f14-4d38-9b3b-7949aadb5976}" AbsContentSize="230,300" UseAbsSize="True" RelativePosition="0.3,-0.03" Name="conLeftPlayer3_SceneBattleLoading" />
                        <WZUIContainer Type="WZUIContainer" GUID="{690dc673-9fdb-45ed-aa90-e15d765ac3ff}" AbsContentSize="230,300" UseAbsSize="True" RelativePosition="0.717,-0.09" Name="conLeftPlayer4_SceneBattleLoading" />
                    </WZUIContainer>
                    <WZUIContainer Type="WZUIContainer" GUID="{3fea6c87-ba8f-4dea-a6c6-2e23b2fe0ca9}" UseAbsSize="False" AbsContentSize="0,0" RelativePosition="0.45,0.57" Name="conLeftSeatFor3_SceneBattleLoading" Scale="1" ScaleX="1" ScaleY="1">
                        <WZUIContainer Type="WZUIContainer" GUID="{affbf3d7-261e-4561-9e39-ca8237c15f70}" AbsContentSize="230,300" UseAbsSize="True" RelativePosition="0.283,0.6" Name="conLeftPlayer1_SceneBattleLoading" />
                        <WZUIContainer Type="WZUIContainer" GUID="{1e1ecadc-ee01-484f-abb8-2f8dc520a9c7}" AbsContentSize="230,300" UseAbsSize="True" RelativePosition="0.7,0.3" Name="conLeftPlayer2_SceneBattleLoading" />
                        <WZUIContainer Type="WZUIContainer" GUID="{b32ad808-b029-4c5c-9927-45238a89a3e9}" AbsContentSize="230,300" UseAbsSize="True" RelativePosition="0.283,-0.05" Name="conLeftPlayer3_SceneBattleLoading" />
                    </WZUIContainer>
                    <WZUIContainer Type="WZUIContainer" GUID="{37341946-4ac7-4ae6-88e7-5d34ecb0c76b}" UseAbsSize="False" AbsContentSize="0,0" RelativePosition="0.438164,0.52" Name="conLeftSeatFor2_SceneBattleLoading">
                        <WZUIContainer Type="WZUIContainer" GUID="{35b2f8ae-0fc5-49e1-9f39-8a8b2e2eb911}" AbsContentSize="230,300" UseAbsSize="True" RelativePosition="0.283,0.6" Name="conLeftPlayer1_SceneBattleLoading" />
                        <WZUIContainer Type="WZUIContainer" GUID="{154676d1-fff2-4117-a5ed-1afb14e266ba}" AbsContentSize="230,300" UseAbsSize="True" RelativePosition="0.7,0.3" Name="conLeftPlayer2_SceneBattleLoading" />
                    </WZUIContainer>
                    <WZUIContainer Type="WZUIContainer" GUID="{c61b523c-2faa-4882-963b-58493930925f}" UseAbsSize="False" AbsContentSize="0,0" RelativePosition="0.5,0.5" Name="conLeftSeatFor1_SceneBattleLoading">
                        <WZUIContainer Type="WZUIContainer" GUID="{32a25693-05e9-422d-b997-2d59ec7505e1}" AbsContentSize="230,300" UseAbsSize="True" RelativePosition="0.425719,0.483" Name="conLeftPlayer1_SceneBattleLoading" />
                    </WZUIContainer>
                    <WZUIContainer Type="WZUIContainer" GUID="{bbed91e8-b153-4cad-8f1f-0d73184187a0}" UseAbsSize="False" AbsContentSize="0,0" RelativePosition="0.45,0.57" Name="conLeftSeatFor11_SceneBattleLoading" Scale="1" ScaleX="1" ScaleY="1">
                        <WZUIContainer Type="WZUIContainer" GUID="{2058ea27-e046-46e5-96cd-519b5a6a584c}" AbsContentSize="230,300" UseAbsSize="True" RelativePosition="0.283,0.6" Name="conLeftPlayer1_SceneBattleLoading" />
                    </WZUIContainer>
                    <WZUIContainer Type="WZUIContainer" GUID="{26b4954e-c8ac-4bbf-9b8b-361d56d35079}" RelativeSize="1,0.22" AnchorPoint="0.5,1" RelativePosition="0.5,1" Visible="False">
                        <WZUILabelTTF Type="WZUILabelTTF" GUID="{e95a45f2-1c3b-418e-8454-512699caae7b}" FontSize="40" Name="txtLeftServerName_SceneBattleLoading" Color="255,255,255" Text="" AnchorPoint="0.5,0" RelativePosition="0.411905,0" UseOriginSizeProportion="False" />
                    </WZUIContainer>
                </WZUIContainer>
                <WZUIContainer Type="WZUIContainer" GUID="{4E3868D0-D803-4161-B087-DCF864BFD789}" AbsContentSize="420,450" UseAbsCoordinate="False" UseAbsSize="True" RelativePosition="0.75,0.599" ScaleX="1.1" ScaleY="1.1" Visible="True" Scale="1">
                    <WZUIContainer Type="WZUIContainer" GUID="{09a11cdc-bdef-473a-a450-9a6430a95fe7}" AbsContentSize="0,0" UseAbsSize="False" RelativePosition="0.55,0.57" Name="conRightSeatFor4_SceneBattleLoading" RelativeSize="1,1">
                        <WZUIContainer Type="WZUIContainer" GUID="{a4f30b75-c9d0-4a55-b89a-7df1497a2b0c}" AbsContentSize="230,300" UseAbsSize="True" RelativePosition="0.717,0.58" Name="conRightPlayer1_SceneBattleLoading" />
                        <WZUIContainer Type="WZUIContainer" GUID="{46d381f9-1e07-482b-8d2e-75a46b813ccf}" AbsContentSize="230,300" UseAbsSize="True" RelativePosition="0.3,0.64" Name="conRightPlayer2_SceneBattleLoading" />
                        <WZUIContainer Type="WZUIContainer" GUID="{ccc76e20-b49e-4423-a067-d13853e4f540}" AbsContentSize="230,300" UseAbsSize="True" RelativePosition="0.3,-0.03" Name="conRightPlayer3_SceneBattleLoading" />
                        <WZUIContainer Type="WZUIContainer" GUID="{c05436e5-f0a4-40dd-840e-336d05494ffd}" AbsContentSize="230,300" UseAbsSize="True" RelativePosition="0.717,-0.09" Name="conRightPlayer4_SceneBattleLoading" />
                    </WZUIContainer>
                    <WZUIContainer Type="WZUIContainer" GUID="{8ec6fbf6-7f6b-4692-bfee-1c8a8675e86a}" AbsContentSize="0,0" UseAbsSize="False" RelativePosition="0.55,0.57" Name="conRightSeatFor3_SceneBattleLoading" RelativeSize="1,1">
                        <WZUIContainer Type="WZUIContainer" GUID="{760e705b-f838-4067-a99c-a70304707869}" AbsContentSize="230,300" UseAbsSize="True" RelativePosition="0.717,0.6" Name="conRightPlayer1_SceneBattleLoading" />
                        <WZUIContainer Type="WZUIContainer" GUID="{ce905701-dc5c-47b9-afac-bbd57a89840e}" AbsContentSize="230,300" UseAbsSize="True" RelativePosition="0.3,0.3" Name="conRightPlayer2_SceneBattleLoading" />
                        <WZUIContainer Type="WZUIContainer" GUID="{b13ec662-9c19-4810-94c8-86f089b658c8}" AbsContentSize="230,300" UseAbsSize="True" RelativePosition="0.717,-0.05" Name="conRightPlayer3_SceneBattleLoading" />
                    </WZUIContainer>
                    <WZUIContainer Type="WZUIContainer" GUID="{ade8d401-4c51-48b1-8068-79bfc65e1ccf}" AbsContentSize="0,0" UseAbsSize="False" RelativePosition="0.55,0.52" Name="conRightSeatFor2_SceneBattleLoading">
                        <WZUIContainer Type="WZUIContainer" GUID="{ec739151-bc1e-4915-97b8-bee5704edfa2}" AbsContentSize="230,300" UseAbsSize="True" RelativePosition="0.717,0.6" Name="conRightPlayer1_SceneBattleLoading" />
                        <WZUIContainer Type="WZUIContainer" GUID="{1b7204aa-d732-4619-9cbf-afd6e360ae50}" AbsContentSize="230,300" UseAbsSize="True" RelativePosition="0.3,0.3" Name="conRightPlayer2_SceneBattleLoading" />
                    </WZUIContainer>
                    <WZUIContainer Type="WZUIContainer" GUID="{06561277-cdb4-4ced-b3ac-f769f803b194}" AbsContentSize="0,0" UseAbsSize="False" RelativePosition="0.5,0.5" Name="conRightSeatFor1_SceneBattleLoading">
                        <WZUIContainer Type="WZUIContainer" GUID="{b2401396-a949-4a38-bd19-bf6573c10128}" AbsContentSize="230,300" UseAbsSize="True" RelativePosition="0.531607,0.483" Name="conRightPlayer1_SceneBattleLoading" RelativeSize="1.1,1.1" />
                    </WZUIContainer>
                    <WZUIContainer Type="WZUIContainer" GUID="{8b4402f0-9fc4-413a-8d24-a54b27e57d4a}" AbsContentSize="0,0" UseAbsSize="False" RelativePosition="0.55,0.57" Name="conRightSeatFor5_SceneBattleLoading" RelativeSize="1,1">
                        <WZUIContainer Type="WZUIContainer" GUID="{3a8bb878-f9f2-4e11-ac54-80cfcd0868e2}" AbsContentSize="230,300" UseAbsSize="True" RelativePosition="0.717,0.6" Name="conRightPlayer1_SceneBattleLoading" />
                        <WZUIContainer Type="WZUIContainer" GUID="{3df4ffac-146b-4d48-b2c3-2d9ec30bd0d1}" AbsContentSize="230,300" UseAbsSize="True" RelativePosition="0.3,0.3" Name="conRightPlayer2_SceneBattleLoading" />
                        <WZUIContainer Type="WZUIContainer" GUID="{5aa70d10-7317-473b-88be-a427efee5b38}" AbsContentSize="230,300" UseAbsSize="True" RelativePosition="0.717,-0.05" Name="conRightPlayer3_SceneBattleLoading" />
                        <WZUIContainer Type="WZUIContainer" GUID="{f0b7a549-0d06-42e8-b4a5-faaf82f9b4cd}" AbsContentSize="230,300" UseAbsSize="True" RelativePosition="-0.482217,0.3" Name="conRightPlayer4_SceneBattleLoading" />
                        <WZUIContainer Type="WZUIContainer" GUID="{28c91028-f0a9-40e9-9524-a28cf2eb3be3}" AbsContentSize="230,300" UseAbsSize="True" RelativePosition="-0.956751,-0.05" Name="conRightPlayer5_SceneBattleLoading" />
                    </WZUIContainer>
                    <WZUIContainer Type="WZUIContainer" GUID="{9dad139b-25dd-43cc-b000-a2456f7dd392}" RelativeSize="1,0.22" AnchorPoint="0.5,1" RelativePosition="0.5,1" Visible="False">
                        <WZUILabelTTF Type="WZUILabelTTF" GUID="{44c5d07a-5f23-4347-b4a6-04b01fc08589}" FontSize="40" Name="txtRightServerName_SceneBattleLoading" Color="255,255,255" AnchorPoint="0.5,0" RelativePosition="0.402381,0" Text="" Font="" />
                    </WZUIContainer>
                </WZUIContainer>
                <WZUIContainer Type="WZUIContainer" GUID="{439A6ABF-0CB2-48bd-A225-C772D0259C56}" AbsContentSize="420,450" UseAbsSize="True" RelativePosition="0.736855,0.599" Visible="True">
                    <WZUIContainer Type="WZUIContainer" GUID="{2FFC9F1F-5B7D-404c-8195-76F15F877505}" Name="conBossSeatFor1_SceneBattleLoading">
                        <WZUIContainer Type="WZUIContainer" GUID="{E83C71C1-48AE-4710-B01E-C5A582F56344}" AbsContentSize="420,380" UseAbsSize="True" RelativePosition="0.550371,0.483" Name="conBossSeat1_SceneBattleLoading" />
                    </WZUIContainer>
                    <WZUIContainer Type="WZUIContainer" GUID="{7454C99B-08C1-4d0c-97B6-23D90B458A33}" Name="conBossSeatFor2_SceneBattleLoading" RelativePosition="0.588174,0.52">
                        <WZUIContainer Type="WZUIContainer" GUID="{3AC62E79-1439-4743-BD7B-9F185EF04A00}" AbsContentSize="420,380" UseAbsSize="True" RelativePosition="0.7,0.58" Name="conBossSeat1_SceneBattleLoading" />
                        <WZUIContainer Type="WZUIContainer" GUID="{79898C86-B4ED-4df4-B37E-D6753C4CC38D}" AbsContentSize="420,380" UseAbsSize="True" RelativePosition="0.4,0.15" Name="conBossSeat2_SceneBattleLoading" />
                    </WZUIContainer>
                    <WZUIContainer Type="WZUIContainer" GUID="{76A14089-2040-4aba-BEED-8F93466E5DDC}" Name="conBossSeatFor3_SceneBattleLoading" RelativePosition="0.567222,0.57">
                        <WZUIContainer Type="WZUIContainer" GUID="{E1842AF8-4F7E-49f5-9050-CC41D73F1A01}" AbsContentSize="420,380" UseAbsSize="True" RelativePosition="0.7,0.6" Name="conBossSeat1_SceneBattleLoading" />
                        <WZUIContainer Type="WZUIContainer" GUID="{9B3525E5-1D21-49ce-A8B0-1817CBC16875}" AbsContentSize="420,380" UseAbsSize="True" RelativePosition="0.252381,0.3" Name="conBossSeat2_SceneBattleLoading" />
                        <WZUIContainer Type="WZUIContainer" GUID="{76291776-C11D-449c-860C-4839A12D2227}" AbsContentSize="420,380" UseAbsSize="True" RelativePosition="0.7,-0.05" Name="conBossSeat3_SceneBattleLoading" />
                    </WZUIContainer>
                </WZUIContainer>
                <WZUIContainer Type="WZUIContainer" GUID="{1EA02A37-9754-4c5a-A317-168BEF269734}" UseAbsSize="True" AbsContentSize="960,640" RelativePosition="0.5,0.5" Visible="True" TouchSwallow="False" TouchEnable="False" ShowAll="True" Name="conForVSSpine_SceneBattleLoading" />
                <WZUIContainer Type="WZUIContainer" GUID="{9CE12541-23E2-43dd-B41C-3321D830C3D0}" UseAbsSize="True" AbsContentSize="200,250" RelativePosition="0.5,0.5" Name="conCellPlayer_SceneBattleLoading" Visible="False" Scale="1" NameCreate="True" ScaleX="1" ScaleY="1" ShowAll="True">
                    <WZUIContainer Type="WZUIContainer" GUID="{7765F839-A784-4d91-B0B7-58C308B9A79C}" Name="conPlayer_SceneBattleLoading" UseAbsSize="True" AbsContentSize="200,200" RelativePosition="0.5,0.1" AnchorPoint="0.5,0" AbsPosition="100,-10">
                        <WZUIImage Type="WZUIImage" GUID="{E3F36FE2-7712-45bc-ACEC-D25C9CE6F9B6}" File="ui/common/common_pic_fazheng.png" UseOriginSize="True" RelativePosition="0.51,0.33" AbsPosition="102,60" Name="imgFootLight_CellPlayer" />
                    </WZUIContainer>
                    <WZUIContainer Type="WZUIContainer" GUID="{7FD56693-44C4-4a33-9418-F3ED334665E6}" AnchorPoint="0.5,1" RelativePosition="0.5,0.148" AbsContentSize="200,40" UseAbsSize="True" Visible="True" Name="conPlayerInfo_SceneBattleLoading">
                        <WZUIContainer Type="WZUIContainer" GUID="{856C84D4-D6E8-44fc-8115-5B58FA570F52}" AbsContentSize="270,60" UseAbsSize="True" Scale="0.5" Visible="False">
                            <WZUI9Image Type="WZUI9Image" GUID="{9074015C-BABF-4d81-BCB9-6D2691BE9B33}" File="ui/city/newUI/common_scale9_zhujiemian.png" RelativePosition="0.54963,0.5" />
                        </WZUIContainer>
                        <WZUIContainer Type="WZUIContainer" GUID="{1D61B58D-1EB6-4eb1-9AB3-A7860572A5C6}" UseAbsSize="True" AbsContentSize="60,40" RelativePosition="0.2,0.5">
                            <WZUIImage Type="WZUIImage" GUID="{3BCFB7E9-BFB5-4271-8A87-8917A81C080C}" File="ui/combat/common_icon_zhandoubuff2.png" UseOriginSize="True" RelativePosition="0.5,0.5" Name="imgPlayerLevelBack0_SceneBattleLoading" AnchorPoint="0.5,0.5" Visible="False" />
                            <WZUILabelAtlasFont Type="WZUILabelAtlasFont" GUID="{6DA593EA-514C-4128-BE14-72C766DEBDE6}" CharMapFileName="ui/combat/common_num_zhandouba.png" Name="txtPlayerLevel0_SceneBattleLoading" Width="18" Height="22" Text="20" UseOriginSize="True" RelativePosition="0.5,0.5" AnchorPoint="0.5,0.5" Visible="False" ScaleX="0.86" />
                            <WZUIImage Type="WZUIImage" GUID="{2A028AB4-9F10-430a-9B3B-62C6FA1AED67}" Name="imgPlayerLevelBack1_SceneBattleLoading" File="ui/combat/common_icon_zhandoubuff.png" AnchorPoint="0.5,0" RelativePosition="0.5,0" Visible="False" UseOriginSize="True" />
                            <WZUILabelAtlasFont Type="WZUILabelAtlasFont" GUID="{FBB5D3C6-63D0-4c14-95D6-E25669D40527}" CharMapFileName="common/num/reincarnation_rank_num1.png" Name="txtPlayerLevel1_SceneBattleLoading" Width="23" Height="29" Text="20" UseOriginSize="True" RelativePosition="0.5,1" AnchorPoint="0.5,1" Visible="False" />
                        </WZUIContainer>
                        <WZUILabelTTF Type="WZUILabelTTF" GUID="{E1D805AF-9056-42fd-B627-4A9088B00CC6}" Alignment="Left" Text="" Color="255,255,255" FontSize="20" RelativePosition="0.5,0.5" Name="txtPlayerName_SceneBattleLoading" AnchorPoint="0.5,0.5" MaxLength="0" BoldFont="False" EnableStroke="True" StrokeColor="62,34,8" StrokeSize="4">
                            <WZUIImage Type="WZUIImage" GUID="{304b4908-efd8-4833-ad93-f31bacdb13a2}" File="ui/chat/chat_common_icon_kuafu.png" UseOriginSize="True" AnchorPoint="1,0.5" RelativePosition="0,0.5" Name="imgOtherServerIcon_SceneBattleLoading" Visible="False" />
                        </WZUILabelTTF>
                    </WZUIContainer>
                    <WZUIContainer Type="WZUIContainer" GUID="{DD7F1255-A234-494c-B172-1326C31F15B2}" AbsContentSize="140,20" UseAbsSize="True" RelativePosition="0.5,-0.052" AnchorPoint="0.5,0" ScaleY="1">
                        <WZUIImage Type="WZUIImage" GUID="{B73DF58C-35CC-4626-A885-C9B8EE561608}" File="ui/combat/battle_progress_xingdongzhi_bg.png" UseOriginSize="True" />
                        <WZUIProgress Type="WZUIProgress" GUID="{D23D83E8-86AE-4b71-8B34-B335DA692B26}" BgPicture="ui/combat/battle_progress_xingdongzhi_fore.png" UseOriginSize="True" Percentage="0" Name="progPlayerLoad_SceneBattleLoading" />
                    </WZUIContainer>
                    <WZUIContainer Type="WZUIContainer" GUID="{A168C672-E9F2-450a-9C48-C680CF6563E5}" Name="conPvpRank_SceneBattleLoading" AbsContentSize="285,60" UseAbsSize="True" RelativePosition="0.5,1" Visible="False" AnchorPoint="0.5,0">
                        <WZUIImage Type="WZUIImage" GUID="{BAE9ACE8-0772-47a0-8B03-9E4B7FF31DE7}" File="ui/common/common_icon_pws1.png" UseOriginSize="True" AnchorPoint="0,0.5" RelativePosition="0,0.5" Name="imgLevelIcon_SceneBattleLoading" Scale="0.35">
                            <WZUILabelAtlasFont Type="WZUILabelAtlasFont" GUID="{25D74873-69A4-4723-8B17-C9481A438021}" CharMapFileName="ui/common_num/common_num_ghdj.png" Height="24" Width="16" Name="txtPVLevelNum_SceneBattleLoading" UseOriginSizeProportion="False" UseOriginSize="True" Order="2" />
                        </WZUIImage>
                        <WZUILabelTTF Type="WZUILabelTTF" GUID="{14C321A5-3C7D-4100-B24E-635965F9D198}" Color="255,227,116" EnableStroke="True" StrokeSize="4" StrokeColor="79,60,48" AnchorPoint="1,0" FontSize="22" TextKey="WEEK_FIGHT_RESULT" RelativePosition="0.63,0.5" Name="txtPvpRank1_SceneBattleLoading" />
                        <WZUILabelTTF Type="WZUILabelTTF" GUID="{63C6DD62-31C3-4e29-9792-03256BC3B20C}" Color="255,227,116" EnableStroke="True" StrokeSize="4" StrokeColor="79,60,48" AnchorPoint="1,1" FontSize="22" TextKey="CURRENT_WIN_STREAK" RelativePosition="0.63,0.5" Name="txtPvpRank2_SceneBattleLoading" />
                        <WZUILabelTTF Type="WZUILabelTTF" GUID="{55C722F5-690D-4a98-8DE0-6BDCBAF0B9BE}" FontSize="22" Color="255,89,74" StrokeSize="4" StrokeColor="79,60,48" EnableStroke="True" AnchorPoint="0,0" Name="txtWeekFightNum_SceneBattleLoading" RelativePosition="0.63,0.5">
                            <WZUILabelTTF Type="WZUILabelTTF" GUID="{E831F847-3659-437b-83A8-D1FEF84B5CBD}" FontSize="22" Color="255,236,193" EnableStroke="True" StrokeColor="79,60,48" StrokeSize="4" AnchorPoint="0,0.5" RelativePosition="1,0.5" TextKey="WORD_FIGHTING" Name="txtPvpRank3_SceneBattleLoading">
                                <WZUILabelTTF Type="WZUILabelTTF" GUID="{56E5CEF3-4E45-4c68-B0E5-F3358B290450}" FontSize="22" Color="255,89,74" StrokeSize="4" StrokeColor="79,60,48" EnableStroke="True" AnchorPoint="0,0.5" RelativePosition="1,0.5" Name="txtWeekWinNum_SceneBattleLoading">
                                    <WZUILabelTTF Type="WZUILabelTTF" GUID="{71D8FBE1-6F2A-4c41-A062-1EB208F0F89C}" FontSize="22" Color="255,236,193" EnableStroke="True" StrokeColor="79,60,48" StrokeSize="4" RelativePosition="1,0.5" AnchorPoint="0,0.5" TextKey="WORD_WIN" Name="txtPvpRank4_SceneBattleLoading" />
                                </WZUILabelTTF>
                            </WZUILabelTTF>
                        </WZUILabelTTF>
                        <WZUILabelTTF Type="WZUILabelTTF" GUID="{5DA78725-CB24-417b-9981-F6ABFB06EE9E}" FontSize="22" Color="255,89,74" StrokeSize="4" StrokeColor="79,60,48" EnableStroke="True" AnchorPoint="0,1" Name="txtCurWinStreakNum_SceneBattleLoading" RelativePosition="0.63,0.5" />
                    </WZUIContainer>
                    <WZUIContainer Type="WZUIContainer" GUID="{a3bf1d70-4e09-4106-96a7-63a61cee0db0}" Name="conTournamentLevel_SceneBattleLoading" Visible="False" AbsContentSize="80,80" UseAbsSize="True" RelativePosition="-0.0549999,0.028">
                        <WZUIImage Type="WZUIImage" GUID="{3fb0ac3f-1c31-498b-addd-2a2570986588}" Name="imgTournamentLvIcon_SceneBattleLoading" UseOriginSize="True" File="ui/common/common_icon_hz2.png" ScaleX="0.85" ScaleY="0.85" Scale="0.85" />
                        <WZUILabelAtlasFont Type="WZUILabelAtlasFont" GUID="{4ed1853b-75bc-47a1-b2b2-bc9850acb89e}" CharMapFileName="ui/common_num/common_num_yxtbsz.png" Height="22" Width="16" UseOriginSizeProportion="False" UseOriginSize="True" Name="txtTournamengLevel_SceneBattleLoading" RelativePosition="0.5,0.5" Text="5" Visible="False" ScaleX="0.7" ScaleY="0.7" Scale="0.7" />
                    </WZUIContainer>
                </WZUIContainer>
                <WZUIContainer Type="WZUIContainer" GUID="{76E21638-B56E-45aa-AC57-34A3A309AD80}" Name="conSkillProp_SceneBattleLoading" Visible="False" NameCreate="True">
                    <WZUIImage Type="WZUIImage" GUID="{14C618AB-283D-4e61-ADE6-C78DB9C665D0}" File="battle/hud/battle_hud_playericon_bg.png" UseOriginSize="True" />
                    <WZUIImage Type="WZUIImage" GUID="{BAD18949-B407-434f-B17B-4E086EE69A89}" UseOriginSize="True" Name="imgSkillProp_SceneBattleLoading" />
                </WZUIContainer>
                <WZUIParticle Type="WZUIParticle" GUID="{91A1B417-67A2-423e-AB6D-5D5AECBD25DC}" PlistFile="particle/ui_battleloading_lizi_01.plist" RelativePosition="0.5,0.1" />
                <WZUIContainer Type="WZUIContainer" GUID="{baeacb20-bd7a-41da-be76-18f4ccc0fb29}" AbsContentSize="960,86" UseAbsSize="True" AnchorPoint="0.5,1" RelativePosition="0.5,0.998438" Name="conLeagueTeamInfo_SceneBattleLoading" Visible="False" ShowAll="True">
                    <WZUIContainer Type="WZUIContainer" GUID="{2ddfc50e-c682-4401-88f1-58be3b6550da}" AbsContentSize="80,80" UseAbsSize="True" RelativePosition="0.38,0" Name="">
                        <WZUI9Image Type="WZUI9Image" GUID="{cd97cb06-005e-4ad5-b26f-894e458bd624}" File="ui/common/common_scale9_beibaodi.png" CapInsets="20,20,20,30" Visible="True" />
                        <WZUI9Image Type="WZUI9Image" GUID="{295c6713-79d3-437f-af1f-833c06669229}" File="ui/common/common_scale9_wuse.png" CapInsets="20,20,20,30" Visible="True" />
                        <WZUILabelTTF Type="WZUILabelTTF" GUID="{c067bba4-c029-4909-beb6-ff898fdcce5b}" FontSize="22" MaxLength="8" Color="255,227,116" LabelStyleKey="" Name="txtLeftTeamName_SceneBattleLoading" AnchorPoint="0.5,0" RelativePosition="0.5,1.05" Text="" />
                        <WZUIImage Type="WZUIImage" GUID="{5af4da88-1f95-4930-8efb-5c6e208a4a48}" File="ui/hero/hero_icon_yxlsdb.png" Scale="0.85" />
                    </WZUIContainer>
                    <WZUIClippingContainer Type="WZUIClippingContainer" GUID="{00d7442c-6f2f-42df-a840-edc6acec6e26}" TouchEnable="False" RelativePosition="0.38,0" AnchorPoint="0.5,0.5" Visible="True" AbsContentSize="65,65" UseAbsSize="True" Order="1">
                        <Stencil Type="WZUIImage" GUID="{7cf5efc2-f7ee-4129-866a-3ab7170ac42a}" File="ui/bag/common_shade_touxiang2.png" UseOriginSize="True" Scale="1.15" RelativePosition="0.5,0.5" Visible="True" />
                        <WZUIContainer Type="WZUIContainer" GUID="{9ba1759a-d619-4e09-b2c0-e250766e68fb}" AbsContentSize="80,80" UseAbsSize="True" RelativePosition="0.5,0.5" Name="conLeagueLeft_SceneBattleLoading" />
                    </WZUIClippingContainer>
                    <WZUIContainer Type="WZUIContainer" GUID="{d88bda15-aa79-46d0-acbf-13863a63a40f}" AbsContentSize="80,80" UseAbsSize="True" RelativePosition="0.62,0" Name="">
                        <WZUI9Image Type="WZUI9Image" GUID="{5604b5dd-bd6f-4a60-8170-42ffb61210f9}" File="ui/common/common_scale9_beibaodi.png" CapInsets="20,20,20,30" Visible="True" />
                        <WZUI9Image Type="WZUI9Image" GUID="{59db96a5-8d57-4321-ab88-597a71c6c80a}" File="ui/common/common_scale9_wuse.png" CapInsets="20,20,20,30" />
                        <WZUILabelTTF Type="WZUILabelTTF" GUID="{729f80e8-decd-452e-9f9b-f791458bf986}" FontSize="22" MaxLength="8" Color="255,227,116" LabelStyleKey="" Name="txtRightTeamName_SceneBattleLoading" AnchorPoint="0.5,0" RelativePosition="0.484924,1.05" Text="" />
                        <WZUIImage Type="WZUIImage" GUID="{b0ec75a3-91dc-4851-8979-0420d3701c8b}" File="ui/hero/hero_icon_yxlsdb.png" Scale="0.85" />
                    </WZUIContainer>
                    <WZUIClippingContainer Type="WZUIClippingContainer" GUID="{6dd4ae37-1e4f-4885-96a6-24226d650e8d}" TouchEnable="False" RelativePosition="0.62,0" AnchorPoint="0.5,0.5" Visible="True" AbsContentSize="65,65" UseAbsSize="True" Order="1">
                        <Stencil Type="WZUIImage" GUID="{7171b55e-9c37-40be-b6fd-d18924e69323}" File="ui/bag/common_shade_touxiang2.png" UseOriginSize="True" Scale="1.15" RelativePosition="0.5,0.5" Visible="True" />
                        <WZUIContainer Type="WZUIContainer" GUID="{b71be8a6-9834-4d53-8ea6-8c2c99b71354}" AbsContentSize="80,80" UseAbsSize="True" RelativePosition="0.5,0.5" Name="conLeagueRight_SceneBattleLoading" />
                    </WZUIClippingContainer>
                </WZUIContainer>
                <WZUIContainer Type="WZUIContainer" GUID="{31d06b8e-b055-47df-a780-58783875e0f3}" AbsContentSize="960,86" UseAbsSize="True" AnchorPoint="0.5,1" RelativePosition="0.5,0.998438" Name="conCommunityTeamInfo_SceneBattleLoading" Visible="False" ShowAll="True">
                    <WZUIContainer Type="WZUIContainer" GUID="{6530334c-d344-45f5-ae99-8ea276c11d65}" AbsContentSize="200,60" UseAbsSize="True" RelativePosition="0.72,1" Name="" AnchorPoint="0.5,1">
                        <WZUIImage Type="WZUIImage" GUID="{b2491172-5d2a-40f7-9369-c9e8b25c5339}" File="ui/hero/hero_scale9_yxgh.png" Scale="1.5" RelativePosition="0.56,0.5" />
                        <WZUIImage Type="WZUIImage" GUID="{668464b1-52af-4730-9771-f98d77bce4df}" File="ui/community/common_icon_ghzhd.png" Scale="1" UseOriginSize="True" AnchorPoint="1,0.5" RelativePosition="0,0.5" Visible="False" Name="imgRedTeam_SceneBattleLoading">
                            <WZUILabelAtlasFont Type="WZUILabelAtlasFont" GUID="{4e1cd7e3-953d-43e1-ad94-8a3c4b2e4ed0}" CharMapFileName="ui/common_num/common_num_ghdj.png" Height="24" Width="16" UseOriginSizeProportion="False" UseOriginSize="True" Text="" Order="1" Name="txtCommunityTeamNum2_SceneBattleLoading" />
                        </WZUIImage>
                        <WZUILabelTTF Type="WZUILabelTTF" GUID="{2f394072-84e9-4a7a-9abd-1144d8e6a27d}" FontSize="24" MaxLength="8" Color="255,227,116" LabelStyleKey="" Name="txtRightCommunityName_SceneBattleLoading" AnchorPoint="0,0.5" RelativePosition="0.1,0.5" Text="" StrokeColor="79,60,48" StrokeSize="4" EnableStroke="True" />
                    </WZUIContainer>
                    <WZUIContainer Type="WZUIContainer" GUID="{e1769223-5449-4eb7-a85d-889d760813d4}" AbsContentSize="200,60" UseAbsSize="True" AnchorPoint="1,1" RelativePosition="0.38,1">
                        <WZUIImage Type="WZUIImage" GUID="{d4e0ecd2-2acb-4760-8c0f-fe1320e2a671}" File="ui/hero/hero_scale9_yxgl.png" Scale="1.5" RelativePosition="0.56,0.5" />
                        <WZUIImage Type="WZUIImage" GUID="{4cd6e5fc-7890-4901-adfb-161a88ca4c19}" File="ui/community/common_icon_ghzld.png" Scale="1" UseOriginSize="True" AnchorPoint="0,0.5" RelativePosition="1,0.5" Name="imgBlueTeam_SceneBattleLoading" Visible="False">
                            <WZUILabelAtlasFont Type="WZUILabelAtlasFont" GUID="{d43571a7-169b-4a39-a886-1c038b378249}" CharMapFileName="ui/common_num/common_num_ghdj.png" Height="24" Width="16" UseOriginSizeProportion="False" UseOriginSize="True" Text="" Order="1" Name="txtCommunityTeamNum1_SceneBattleLoading" />
                        </WZUIImage>
                        <WZUILabelTTF Type="WZUILabelTTF" GUID="{82103974-5594-40bb-baa9-51eef7307fa4}" FontSize="24" MaxLength="8" Color="255,227,116" LabelStyleKey="" Name="txtLeftCommunityName_SceneBattleLoading" AnchorPoint="1,0.5" RelativePosition="0.9,0.5" Text="" EnableStroke="True" StrokeSize="4" StrokeColor="79,60,48" />
                    </WZUIContainer>
                </WZUIContainer>
            </WZUIContainer>
        </WZUIContainer>
        <WZUIContainer AbsContentSize="960,640" AbsPosition="480,100" AnchorPoint="1,1" RelativePosition="1,1" GUID="{ec52bdee-087c-4a13-8a92-469a3a66905e}" LuaObjectName="" Name="" NameCreate="False" Type="WZUIContainer" UseAbsSize="True" TouchSwallow="False">
            <WZUIContainer AbsContentSize="960,640" GUID="{e5f661a4-b367-4e0a-913b-371ddd64a1cc}" RelativePosition="1,0.5" Type="WZUIContainer" UseAbsSize="True" Visible="True" AnchorPoint="1,0.5" TouchSwallow="False">
                <WZUIContainer Type="WZUIContainer" GUID="{240f0c1a-c84a-4fa2-897e-332d249011c6}" Name="" RelativePosition="1,1." AnchorPoint="1,1" ShowAll="True" TouchSwallow="False">
                    <WZUIContainer AbsContentSize="98,58" AnchorPoint="1,1" GUID="{1dc44c08-7de5-46f8-bebd-3a8b1258d192}" Order="1" RelativePosition="1,1.00044" ShowAll="False" Type="WZUIContainer" UseAbsSize="True" Visible="True" Name="" ScaleX="1" Scale="1" TouchSwallow="False">
                        <WZUIContainer Type="WZUIContainer" GUID="{cb91b178-42b1-4bbe-8bc3-de48277fcc9d}" Name="conNetSignal_SceneBattleLoading" AnchorPoint="1,0.5" AbsContentSize="40,40" UseAbsSize="True" RelativePosition="0.07,0.5" TouchSwallow="False" />
                    </WZUIContainer>
                </WZUIContainer>
            </WZUIContainer>
        </WZUIContainer>
    </WZUIFrame>
</SceneBattleLoading>
