﻿<SceneLeagueMain GUID="{fe7ab1e6-03ad-42bd-9b57-ac91ef6139a9}">
    <WZUIFrame AbsContentSize="0,0" GUID="{47ae9737-548a-4bc8-ad47-60d46d58dc42}" LuaObjectName="SceneLeagueMain" LuaTouchBeganFunction="onTouchBegan" Name="SceneLeagueMain" NameCreate="True" ShowAll="False" Type="WZUIFrame" UseAbsSize="False" LuaTouchEndedFunction="onTouchEnd">
        <WZUIContainer AbsContentSize="960,640" GUID="{b8f92eb0-5c00-4359-9ccc-2fdb7a09751e}" Type="WZUIContainer" UseAbsSize="True" Visible="True" TouchSwallow="False" RelativePosition="0.5,0.5" Name="conBg">
            <WZUI9Image Type="WZUI9Image" GUID="{9f77dcc5-fa73-4a5f-bfd1-871d82a8e61b}" File="ui/hero/common_pic_lsdt.png" Visible="True" Name="" UseOriginSize="True" Scale="2" />
        </WZUIContainer>
        <WZUIParticle Type="WZUIParticle" GUID="{8f94f31a-8ef0-42b9-a840-6609bd285bdf}" PlistFile="particle/particle_tongyonglizi.plist" RelativePosition="0.5,0.1" />
        <WZUIContainer Type="WZUIContainer" GUID="{eeb5fa23-0e4e-431d-a833-7df0fa677300}" Name="" AbsContentSize="960,550" AnchorPoint="0.5,0.5" RelativePosition="0.5,0.45" UseAbsSize="True" Order="1" Visible="True" ShowAll="True" NoBorder="True">
            <WZUIContainer Type="WZUIContainer" GUID="{29a5c501-2a79-4c59-9b52-29fd8e9d330e}" AbsContentSize="1536,650" UseAbsSize="True" RelativePosition="0.5,0.87" ShowAll="False" AnchorPoint="0.5,1">
                <WZUI9Image Type="WZUI9Image" GUID="{1fdb1292-8660-422a-8596-b635e7c9e999}" File="ui/common/common_scale9_di6.png" Opacity="215" />
                <WZUIImage Type="WZUIImage" GUID="{ad30fd3d-1984-4198-a917-afd5a15572b1}" File="ui/common/common_scale9_fengexian.png" UseOriginSize="True" ScaleX="4.8" RelativePosition="0.5,0" />
                <WZUIImage Type="WZUIImage" GUID="{40049d5c-7112-43f8-8872-cbe294ac8556}" File="ui/common/common_scale9_fengexian.png" UseOriginSize="True" ScaleX="4.8" RelativePosition="0.5,0" />
                <WZUIImage Type="WZUIImage" GUID="{b778736f-b2f7-4138-99fe-3b7c6714bb0b}" File="ui/common/common_scale9_fengexian.png" UseOriginSize="True" ScaleX="4.8" RelativePosition="0.5,1" />
                <WZUIImage Type="WZUIImage" GUID="{c94acd4a-3932-4bd3-a883-5d3ff7c47857}" File="ui/common/common_scale9_fengexian.png" UseOriginSize="True" ScaleX="4.8" RelativePosition="0.5,1" />
            </WZUIContainer>
            <WZUIContainer Type="WZUIContainer" GUID="{2c64e8f7-5e61-4c41-af10-8a729c2eda12}" Name="" RelativeSize="1,0.1" RelativePosition="0.5,0.949" Visible="True">
                <WZUICheckBoxGroup AbsContentSize="940,55" AnchorPoint="0.5,0.5" GUID="{0dc35af9-d235-45ec-b55a-2d3e1047d7d8}" Name="checkGroup_SceneLeagueMain" Order="2" RelativePosition="0.5,0.5" Type="WZUICheckBoxGroup" UseAbsSize="True">
                    <CheckBox AbsContentSize="150,50" AnchorPoint="0.5,0.5" GUID="{b6f323c6-c2cd-4af9-ac0f-8ab8121f5135}" LuaCheckedFunctionName="onTab1" Name="checkbox1_SceneLeagueMain" RelativePosition="0.1,0.5" SelectedIndex="1" Type="WZUICheckBox" UseAbsSize="True" AbsPosition="51.7495,14.3">
                        <CheckElement GUID="{6ce9d440-4a56-4d15-9683-79bc1ab1dabb}" RelativePosition="0.5,0.5" Type="WZUIContainer" AbsContentSize="150,50">
                            <WZUI9Image File="ui/hero/common_btn_anniu17.png" GUID="{2e8ffffb-7125-4250-a2c2-f03c4ca0d509}" Type="WZUI9Image" UseOriginSize="False" Scale="1" ScaleX="1" ScaleY="1" Color="255,255,255" />
                            <WZUILabelTTF BoldFont="True" Color="255,236,193" EnableStroke="True" FontSize="22" GUID="{e51ba8d7-f386-4532-925c-877dbfbfcc0d}" Name="" RelativePosition="0.5,0.5" StrokeColor="79,60,48" StrokeSize="4" Type="WZUILabelTTF" Text="" TextKey="LEAGUE1" LabelStyleKey="C1_F24_S4_C2" />
                        </CheckElement>
                        <CheckElement GUID="{81af754d-620a-4340-b3da-91f1f0b448b5}" RelativePosition="0.5,0.5" Type="WZUIContainer" AbsPosition="43,22.034" AbsContentSize="150,40">
                            <WZUI9Image File="ui/hero/common_btn_anniu17_sel.png" GUID="{38929442-33a0-405a-b19d-4928a0db330e}" Type="WZUI9Image" Scale="1" ScaleX="1" ScaleY="1" UseOriginSize="False" RelativePosition="0.5,0.5" AbsPosition="43,20" />
                            <WZUILabelTTF BoldFont="True" Color="79,60,48" EnableStroke="False" FontSize="24" GUID="{7b0e561d-b90e-4889-97e3-118f92f280c7}" Name="" RelativePosition="0.5,0.5" StrokeColor="60,19,12" StrokeSize="1" Type="WZUILabelTTF" Text="" TextKey="LEAGUE1" LabelStyleKey="C1_F24_S4_C2" />
                        </CheckElement>
                    </CheckBox>
                    <CheckBox AbsContentSize="150,50" GUID="{20368bad-077f-4922-98b9-cbfe7d43de2e}" LuaCheckedFunctionName="onTab2" Name="checkbox2_SceneLeagueMain" RelativePosition="0.3,0.5" SelectedIndex="0" Type="WZUICheckBox" UseAbsSize="True" AbsPosition="320.906,15.3">
                        <CheckElement GUID="{07ee1bad-7254-4e2c-860e-595f4cff978b}" Type="WZUIContainer" RelativePosition="0.5,0.5">
                            <WZUI9Image File="ui/hero/common_btn_anniu17.png" GUID="{fdceca44-1ed2-483b-8f8e-1b79afe99691}" Type="WZUI9Image" UseOriginSize="False" Scale="1" ScaleX="1" ScaleY="1" Color="255,255,255" />
                            <WZUILabelTTF BoldFont="True" Color="255,236,193" EnableStroke="True" FontSize="22" GUID="{f7e3b820-fc6d-4945-9529-97998f5f6b5f}" Name="" RelativePosition="0.5,0.5" StrokeColor="79,60,48" StrokeSize="4" Type="WZUILabelTTF" Text="" TextKey="LEAGUE2" LabelStyleKey="C1_F24_S4_C2" />
                        </CheckElement>
                        <CheckElement GUID="{4336414d-fa75-4afd-8479-19d609dfba4f}" Type="WZUIContainer" RelativePosition="0.5,0.5" AbsPosition="43,21.008">
                            <WZUI9Image File="ui/hero/common_btn_anniu17_sel.png" GUID="{87f9e062-e0de-4d6a-a0a1-10ff77f4b3f2}" Type="WZUI9Image" Scale="1" ScaleX="1" ScaleY="1" UseOriginSize="False" RelativePosition="0.5,0.5" AbsPosition="43,21" />
                            <WZUILabelTTF BoldFont="True" Color="79,60,48" EnableStroke="False" FontSize="24" GUID="{70cde051-6c15-417f-b424-acb74d57d917}" Name="" RelativePosition="0.5,0.5" StrokeColor="60,19,12" StrokeSize="1" Type="WZUILabelTTF" Text="" TextKey="LEAGUE2" LabelStyleKey="C1_F24_S4_C2" />
                        </CheckElement>
                    </CheckBox>
                    <CheckBox AbsContentSize="150,50" GUID="{0e3711d5-a776-4936-b635-c2285d34c837}" LuaCheckedFunctionName="onTab3" Name="checkbox3_SceneLeagueMain" RelativePosition="0.5,0.5" Type="WZUICheckBox" UseAbsSize="True" AbsPosition="409.587,15.3" SelectedIndex="0">
                        <CheckElement GUID="{047e8662-713f-4207-9bcd-ef8ee338faeb}" Type="WZUIContainer" RelativePosition="0.5,0.5">
                            <WZUI9Image File="ui/hero/common_btn_anniu17.png" GUID="{63dd477c-24f5-4e97-b76d-f4fe0e5c99d9}" Type="WZUI9Image" UseOriginSize="False" Scale="1" ScaleX="1" ScaleY="1" />
                            <WZUILabelTTF BoldFont="True" Color="255,236,193" EnableStroke="True" FontSize="22" GUID="{eb9839b7-b330-4591-85ac-b44cd73ad763}" Name="" RelativePosition="0.5,0.5" StrokeColor="79,60,48" StrokeSize="4" Type="WZUILabelTTF" Text="" TextKey="LEAGUE3" LabelStyleKey="C1_F24_S4_C2" />
                        </CheckElement>
                        <CheckElement GUID="{e110c9ed-de3b-4e82-ba4e-4dc2ce49a750}" Type="WZUIContainer" RelativePosition="0.5,0.5" AbsPosition="43,22.0455">
                            <WZUI9Image File="ui/hero/common_btn_anniu17_sel.png" GUID="{f75657d8-04ec-41ce-9c4e-1afaa018d982}" Type="WZUI9Image" Scale="1" ScaleX="1" ScaleY="1" UseOriginSize="False" RelativePosition="0.5,0.5" AbsPosition="43,20" />
                            <WZUILabelTTF BoldFont="True" Color="79,60,48" EnableStroke="False" FontSize="24" GUID="{cfe8e9c3-5612-4a92-98f4-9c4590f21831}" Name="" RelativePosition="0.5,0.5" StrokeColor="60,19,12" StrokeSize="1" Type="WZUILabelTTF" Text="" TextKey="LEAGUE3" LabelStyleKey="C1_F24_S4_C2" />
                        </CheckElement>
                    </CheckBox>
                    <CheckBox AbsContentSize="150,50" AnchorPoint="0.5,0.5" GUID="{7a55184d-d576-4c71-a481-0f10a071b4f6}" LuaCheckedFunctionName="onTab4" Name="checkbox4_SceneLeagueMain" RelativePosition="0.7,0.5" Type="WZUICheckBox" UseAbsSize="True" AbsPosition="323.542,15.3" SelectedIndex="0">
                        <CheckElement GUID="{855ff3d5-5bbb-410d-a51d-1f74090c7395}" Type="WZUIContainer" RelativePosition="0.5,0.5">
                            <WZUI9Image File="ui/hero/common_btn_anniu17.png" GUID="{93192b11-6633-4764-953e-b7f1e0d09070}" Type="WZUI9Image" UseOriginSize="False" Scale="1" ScaleX="1" ScaleY="1" />
                            <WZUILabelTTF BoldFont="True" Color="255,236,193" EnableStroke="True" FontSize="22" GUID="{17e815bb-599a-4936-b96f-262ded58ad0a}" Name="" RelativePosition="0.5,0.5" StrokeColor="79,60,48" StrokeSize="4" Type="WZUILabelTTF" Text="" TextKey="LEAGUE4" LabelStyleKey="C1_F24_S4_C2" />
                        </CheckElement>
                        <CheckElement GUID="{201515d2-20ca-4864-a1cc-e20ba436e31c}" Type="WZUIContainer" RelativePosition="0.5,0.5" AbsPosition="43,22.0455">
                            <WZUI9Image File="ui/hero/common_btn_anniu17_sel.png" GUID="{0786690a-40de-43d6-ab7b-9517d2c57d13}" Type="WZUI9Image" Scale="1" ScaleX="1" ScaleY="1" UseOriginSize="False" RelativePosition="0.5,0.5" AbsPosition="43,20" />
                            <WZUILabelTTF BoldFont="True" Color="79,60,48" EnableStroke="False" FontSize="24" GUID="{27f3ffe8-f3a1-430a-b614-9a81a6a64c24}" Name="" RelativePosition="0.5,0.5" StrokeColor="60,19,12" StrokeSize="1" Type="WZUILabelTTF" Text="" TextKey="LEAGUE4" AbsPosition="52,18.8" LabelStyleKey="C1_F24_S4_C2" />
                        </CheckElement>
                    </CheckBox>
                    <CheckBox AbsContentSize="150,50" AnchorPoint="0.5,0.5" GUID="{429219db-731e-47ab-bdc7-adab0f9e1615}" LuaCheckedFunctionName="onTab5" Name="checkbox5_SceneLeagueMain" RelativePosition="0.9,0.5" Type="WZUICheckBox" UseAbsSize="True" AbsPosition="142.487,15.3" SelectedIndex="0">
                        <CheckElement GUID="{3e583c98-9a52-450f-be99-e86c892ba348}" Type="WZUIContainer" RelativePosition="0.5,0.5">
                            <WZUI9Image File="ui/hero/common_btn_anniu17.png" GUID="{73853126-336b-43b8-800d-5564f06f3b49}" Type="WZUI9Image" UseOriginSize="False" Scale="1" ScaleX="1" ScaleY="1" />
                            <WZUILabelTTF BoldFont="True" Color="255,236,193" EnableStroke="True" FontSize="22" GUID="{14791d46-78cc-450b-8bc9-9b8ae455b141}" Name="" RelativePosition="0.5,0.5" StrokeColor="79,60,48" StrokeSize="4" Type="WZUILabelTTF" Text="转移" TextKey="LEAGUE22" LabelStyleKey="C1_F24_S4_C2" />
                        </CheckElement>
                        <CheckElement GUID="{ddb656e6-4c13-4673-9f62-b70365672a12}" Type="WZUIContainer" RelativePosition="0.5,0.5" AbsPosition="43,22.0455">
                            <WZUI9Image File="ui/hero/common_btn_anniu17_sel.png" GUID="{b0a249b4-34be-49b4-821a-050110c3cb96}" Type="WZUI9Image" Scale="1" ScaleX="1" ScaleY="1" UseOriginSize="False" RelativePosition="0.5,0.5" AbsPosition="43,20" />
                            <WZUILabelTTF BoldFont="True" Color="79,60,48" EnableStroke="False" FontSize="24" GUID="{601b8ab8-b602-41c6-88ff-f841df9d8d2f}" Name="" RelativePosition="0.5,0.5" StrokeColor="60,19,12" StrokeSize="1" Type="WZUILabelTTF" Text="转移" TextKey="LEAGUE22" LabelStyleKey="C1_F24_S4_C2" />
                        </CheckElement>
                    </CheckBox>
                </WZUICheckBoxGroup>
            </WZUIContainer>
            <WZUIContainer Type="WZUIContainer" GUID="{5c463ace-23f1-4142-8b4a-b1b1650b76b9}" Name="conCurWindow_SceneLeagueMain" UseAbsSize="True" RelativeSize="1,1" RelativePosition="0.5,0.435" AbsContentSize="960,480" Order="20" />
        </WZUIContainer>
    </WZUIFrame>
</SceneLeagueMain>
