﻿<?xml version="1.0" ?>
<ScenePvpRank GUID="{5FACBA6A-E6BC-4845-BAFD-A99DE90F6FD3}">
    <WZUIFrame AbsContentSize="0,0" GUID="{147236B4-5BD5-4363-AE92-0304B203EF51}" LuaObjectName="ScenePvpRank" LuaTouchBeganFunction="onTouchBegan" Name="ScenePvpRank" NameCreate="True" RelativePosition="0.5,0.5" Scale="1" ShowAll="False" Type="WZUIFrame" UseAbsSize="False">
        <WZUIContainer Type="WZUIContainer" GUID="{63F892BA-02C5-4878-8DE9-3A1E2B663A65}" Visible="True" UseAbsSize="False">
            <WZUI9Image Type="WZUI9Image" GUID="{066e38f7-c4dc-44ba-bdb3-468d4daed6cf}" File="ui/common_bg/common_scale9_di2.png" Visible="True" Name="imgBg1_WndBag" UseOriginSize="True" Scale="2" />
            <WZUIParticle Type="WZUIParticle" GUID="{c1102a9a-8cba-42fe-b724-ab1caa701004}" PlistFile="particle/particle_tongyonglizi.plist" RelativePosition="0.5,0.1" />
        </WZUIContainer>
        <WZUIContainer Type="WZUIContainer" GUID="{9c0a2cc6-0db8-475c-9bf6-0808de9e0078}" ShowAll="True">
            <WZUIContainer Type="WZUIContainer" GUID="{99bba3e7-6e9a-41bd-bb4a-4b4b99d75d9a}" RelativeSize="1,0.91" RelativePosition="0.498592,0" Visible="True" ShowAll="False" TouchSwallow="True" Name="conMain_ScenePvpRank" AnchorPoint="0.5,0">
                <WZUIContainer AbsContentSize="340,510" GUID="{67936e88-37ca-45e4-a86e-c8f94ad86fb6}" NoBorder="False" RelativePosition="0,0.99" ShowAll="False" Type="WZUIContainer" UseAbsSize="True" Visible="True" Name="conPlayerInfo_ScenePvpRank" NameCreate="True" AbsPosition="261.838,296.278" AnchorPoint="0,1">
                    <WZUIContainer AbsContentSize="340,480" GUID="{759b2893-cc9a-4353-97ac-5b59c85928f7}" RelativePosition="0.5,0.53" RelativeSize="1,1" Type="WZUIContainer" UseAbsSize="True" Visible="True" TouchEnable="False">
                        <WZUIImage File="ui/common/common_pic_guangquan.png" GUID="{ff9143dc-9cb1-4b44-9ae4-f0928ca4cd87}" Name="imgLeftBk2_WndBag" RelativePosition="0.54,0.5" Type="WZUIImage" UseOriginSize="True" Visible="True" Order="1">
                            <Action Type="WZUIActionSequence" GUID="{fa2676ee-6d17-403c-bd66-a62e54cd0672}" IsLoop="True">
                                <ChildAction Type="WZUIActionFadeTo" GUID="{7988de3a-653f-44f5-aa23-21f9c90e5693}" Opacity="125" Duration="0.5" />
                                <ChildAction Type="WZUIActionFadeTo" GUID="{e29ac382-cb52-47ee-a7fe-19e0a4e4855c}" Opacity="255" Duration="0.5" />
                            </Action>
                        </WZUIImage>
                    </WZUIContainer>
                    <WZUIContainer Type="WZUIContainer" GUID="{19b3933a-252f-4076-9496-01f84f84df28}" RelativeSize="0.66,0.72" RelativePosition="0.5,0.896078" AnchorPoint="0.5,1" AbsPosition="200,457">
                        <WZUIContainer AbsContentSize="150,150" AnchorPoint="0.5,0" GUID="{992e32c7-aaca-4d89-9c24-55017abee827}" Name="conPlayer_ScenePvpRank" RelativePosition="0.551025,0.0361892" Type="WZUIContainer" UseAbsSize="True" RelativeSize="0.8,0.56">
                            <WZUIImage Type="WZUIImage" GUID="{9f7ee397-04a9-471c-84b6-e012d079ee37}" File="ui/common/common_icon_yy.png" UseOriginSize="True" AnchorPoint="0.5,0" RelativePosition="0.5,-0.04" />
                        </WZUIContainer>
                        <WZUIContainer Type="WZUIContainer" GUID="{1219d937-b727-45a2-9013-b65f0b409a42}">
                            <Button Type="WZUIButton" LuaDoneFunctionName="onRole" GUID="{2383c34e-fe38-4f71-8179-6eb830798608}">
                                <NormalElement Type="WZUIContainer" GUID="{dd5c51e9-b0e9-4538-8fe9-a0def9e300d9}" />
                                <SelectElement Type="WZUIContainer" GUID="{3bdbd76d-ac81-456a-b12c-269dd0abd413}" />
                                <DisableElement Type="WZUIContainer" GUID="{a94fe42e-edcc-4d1e-96df-ba0d16ddbaa8}" />
                            </Button>
                        </WZUIContainer>
                        <WZUIContainer Type="WZUIContainer" GUID="{c700ea98-cee1-4320-9b72-a6220e9e6ed7}" AbsContentSize="100,100" UseAbsSize="True" RelativePosition="0.0733303,0.659484" Name="">
                            <WZUIContainer Type="WZUIContainer" GUID="{cbf172f8-1b05-4932-a297-0e554645889a}" AbsContentSize="100,100" UseAbsSize="True" RelativePosition="0.5,0.5" Name="conPet_ScenePvpRank" />
                            <Button Type="WZUIButton" LuaDoneFunctionName="OnPet" GUID="{d7b3a334-3819-4d7a-b985-a91fa203641a}">
                                <NormalElement Type="WZUIContainer" GUID="{2457e020-d9a6-41b6-8033-2fa8c9b7b1e3}" />
                                <SelectElement Type="WZUIContainer" GUID="{0f7ade9b-fe6f-4903-8d12-1a6cc6e4715e}" />
                                <DisableElement Type="WZUIContainer" GUID="{fbb3abaa-112b-4a51-8c38-a0dcbb54db69}" />
                            </Button>
                        </WZUIContainer>
                        <WZUIContainer Type="WZUIContainer" GUID="{abfe839b-5228-423b-9f29-b45ca3088ae0}" RelativeSize="1,1" TouchEnable="False" AbsContentSize="200,60" UseAbsSize="True" RelativePosition="0.5,0.883986" AbsPosition="132,324.599" Visible="False">
                            <WZUIContainer Type="WZUIContainer" GUID="{6d16f2f7-ac16-4033-a9f8-2d220ca727c7}" RelativeSize="1,0.5" Name="conTitle_ScenePvpRank" NameCreate="True" Visible="True" RelativePosition="0.5,1" UseAbsSize="False" AnchorPoint="0.5,1">
                                <WZUILabelTTF Type="WZUILabelTTF" GUID="{89ca22f4-83e7-4671-a25e-9660239b9897}" Text="" FontSize="22" Name="txtPlayerTitle_ScenePvpRank" NameCreate="True" Color="255,121,31" TextKey="" EnableStroke="True" StrokeColor="79,60,48" StrokeSize="4" RelativePosition="0.5,0.53" />
                            </WZUIContainer>
                            <WZUIContainer Type="WZUIContainer" GUID="{e5f2c780-f38c-4688-ae81-1cac32a6e174}" RelativeSize="1,0.5" RelativePosition="0.5,0" AnchorPoint="0.5,0">
                                <WZUIFreeTextBox Type="WZUIFreeTextBox" GUID="{52233528-8d4c-4b0d-8986-2a72c65ff346}" Name="txtPlayerLevel_ScenePvpRank" MaxWidth="200" />
                            </WZUIContainer>
                        </WZUIContainer>
                        <WZUIContainer Type="WZUIContainer" GUID="{dd08b3ef-43b8-4623-b464-c2e83f621210}" AbsContentSize="100,100" UseAbsSize="True" RelativePosition="0.0607347,0.240171" AbsPosition="16.034,88.1908" Name="conWeapon_ScenePvpRank" Visible="False">
                            <WZUISpine Type="WZUISpine" GUID="{1195b12b-2824-4ddf-aa5e-ceec12a42a7c}" FileAtlas="ui/ui_jjc_weapon.atlas" FileJson="ui/ui_jjc_weapon.json" Loop="True" AnimationName="8" TouchEnable="False" TouchSwallow="False" UseOriginSizeProportion="False" RelativePosition="0.466666,1.11333" AbsPosition="46.6666,111.333" UseOriginSize="True" ScaleAnimation="1" Name="spineWeapon_ScenePvpRank" Visible="False" />
                            <WZUIImage Type="WZUIImage" GUID="{7b73c475-5bc8-4ca2-af27-b023c0111e05}" Name="imgWeapon_ScenePvpRank" Scale="1" UseOriginSize="True" />
                            <Button Type="WZUIButton" LuaDoneFunctionName="onWeapon" GUID="{3d79d21f-907d-4ab5-aea3-66188d09f3d0}">
                                <NormalElement Type="WZUIContainer" GUID="{374112b5-4301-494a-a774-f59d0bc51e9c}" />
                                <SelectElement Type="WZUIContainer" GUID="{9640c2ca-bd9d-49fe-a82e-04f486895347}" />
                                <DisableElement Type="WZUIContainer" GUID="{f9c49f77-1d82-40d4-a418-409502dc149d}" />
                            </Button>
                        </WZUIContainer>
                    </WZUIContainer>
                    <WZUIContainer Type="WZUIContainer" GUID="{0c5698e0-cc34-434d-9bf1-3df9a5f936e0}" RelativeSize="1,0.08" RelativePosition="0.5,0.0627386" AbsContentSize="370,78" UseAbsSize="True" Visible="False" AbsPosition="200,31.9967">
                        <WZUIImage Type="WZUIImage" GUID="{c725bbf8-8cac-43ba-af07-3f1a55803352}" File="ui/bag/common_icon_zhandoulidi.png" UseOriginSize="True" RelativePosition="0.5,0.5" />
                        <WZUIFreeTextBox Type="WZUIFreeTextBox" GUID="{d3c2fffe-3a9e-46ae-b587-301772a23ecf}" Name="ftbFight_ScenePvpRank" MaxWidth="500" Visible="True" />
                    </WZUIContainer>
                    <WZUIContainer Type="WZUIContainer" GUID="{6455ceda-ebe2-46f6-9a96-1a50241c5a8a}" AnchorPoint="0.5,1" RelativePosition="0.485,0.985" AbsContentSize="330,120" UseAbsSize="True" ShowAll="False">
                        <WZUIButton Type="WZUIButton" AbsContentSize="80,80" UseAbsSize="True" LuaDoneFunctionName="onRuleClick" GUID="{6823e257-c65d-4cac-946f-3ffef650025c}" RelativePosition="0.1,0.5" AnchorPoint="0.5,0.5" ShowAll="False" AbsPosition="60,364" Name="" LuaActionName="Normal">
                            <NormalElement Type="WZUIContainer" GUID="{d908ffb6-dc7d-44fc-ac65-f82f6418aa21}" />
                            <SelectElement Type="WZUIContainer" GUID="{96f4323c-2ec5-40c5-861f-fe5328be930d}" />
                            <DisableElement Type="WZUIContainer" GUID="{dc5d8a35-7e96-4731-bf08-9bce60114d8f}" />
                            <WZUIImage Type="WZUIImage" GUID="{b6655370-2d89-46cb-a335-e9663d56e401}" File="ui/common/common_icon_gth.png" UseOriginSize="True" />
                        </WZUIButton>
                        <WZUIButton Type="WZUIButton" AbsContentSize="80,80" UseAbsSize="True" LuaDoneFunctionName="onCheckInfo" GUID="{ace81a9a-0963-4a99-93a4-5c9d75ea4563}" RelativePosition="0.9,0.5" AnchorPoint="0.5,0.5" ShowAll="False" LuaActionName="Normal" Name="btnPro_ScenePvpRank">
                            <NormalElement Type="WZUIContainer" GUID="{beef10bb-75bb-46f7-927b-4579ea5fcb84}" />
                            <SelectElement Type="WZUIContainer" GUID="{983caf92-f016-4d5e-8bef-c17f080c8ad5}" />
                            <DisableElement Type="WZUIContainer" GUID="{4231c5b0-e44b-49ad-94cd-840f8b146d19}" />
                            <WZUIImage Type="WZUIImage" GUID="{30baba9c-36de-4112-8f1f-7a23f56c5711}" File="ui/pvp/common_icon_tianpinxt.png" UseOriginSize="True" />
                        </WZUIButton>
                    </WZUIContainer>
                    <WZUIContainer Type="WZUIContainer" GUID="{06bea5e5-fd5a-4e54-bbd7-0fd0ecb75359}" AnchorPoint="0.5,0" RelativePosition="0.5,0" AbsContentSize="330,100" UseAbsSize="True" ShowAll="False">
                        <WZUIButton Type="WZUIButton" AbsContentSize="80,80" UseAbsSize="True" LuaDoneFunctionName="onMatchReward" GUID="{6ea8c6a9-aa2b-4c1f-8f32-e4ee383d8b52}" RelativePosition="0.38,0.5" AnchorPoint="1,0.5" ShowAll="False" AbsPosition="60,133" Tag="1">
                            <NormalElement Type="WZUIContainer" GUID="{66205e88-7df2-4527-a139-4f3c98a2017d}">
                                <WZUIImage Type="WZUIImage" GUID="{f263900e-3eb2-4285-a5d9-260b2b8e38a0}" File="ui/common/common_btn_anniu1.png" UseOriginSize="True" />
                            </NormalElement>
                            <SelectElement Type="WZUIContainer" GUID="{7a2e1d65-a114-4c29-87e9-c0edf7816a1c}">
                                <WZUIImage Type="WZUIImage" GUID="{eb8cfdde-14e4-4782-98ff-6afa36020333}" File="ui/common/common_btn_anniu1_sel.png" UseOriginSize="True" />
                            </SelectElement>
                            <DisableElement Type="WZUIContainer" GUID="{993c20d2-0912-4c45-ad03-9984655348e8}" />
                            <WZUILabelTTF Type="WZUILabelTTF" GUID="{3a77fab7-855c-4be9-9966-e042411d24bd}" LabelStyleKey="" TextKey="RANK" RelativePosition="0.5,0.5" EnableStroke="True" FontSize="26" Color="255,255,255" StrokeSize="4" StrokeColor="128,54,13" Name="txtRanking_ScenePvpRank" />
                        </WZUIButton>
                        <WZUIButton Type="WZUIButton" AbsContentSize="80,80" UseAbsSize="True" LuaDoneFunctionName="onMatchReward" GUID="{3a5fa61e-b0cc-425b-9930-b2a2888d1969}" RelativePosition="0.5,0.5" AnchorPoint="0.5,0.5" ShowAll="False" AbsPosition="60,133" Tag="2">
                            <NormalElement Type="WZUIContainer" GUID="{1b702470-b559-4b3d-891b-56eab93cafc2}">
                                <WZUIImage Type="WZUIImage" GUID="{a4a40e2a-fbc6-4c91-a73c-df4c9502d6b0}" File="ui/common/common_btn_anniu1.png" UseOriginSize="True" />
                            </NormalElement>
                            <SelectElement Type="WZUIContainer" GUID="{c2aaca91-e815-4d52-94da-1b2e0bef10bd}">
                                <WZUIImage Type="WZUIImage" GUID="{5242bb4b-afe7-4b57-b5b7-7397c3fa1586}" File="ui/common/common_btn_anniu1_sel.png" UseOriginSize="True" />
                            </SelectElement>
                            <DisableElement Type="WZUIContainer" GUID="{f72d0179-bfdd-4b8b-b1f3-fe5ac445ebd1}" />
                            <WZUIImage Type="WZUIImage" GUID="{a4aa2ff3-166e-4ee0-b1cb-cb3989770119}" File="ui/common/common_icon_xiaodianzhui.png" UseOriginSize="True" RelativePosition="0.939528,0.867949" Name="imgRed2_ScenePvpRank" Visible="False" />
                            <WZUILabelTTF Type="WZUILabelTTF" GUID="{888cc491-76c4-413c-8049-c5785fb9f71c}" LabelStyleKey="" TextKey="ATH_REWARD_CHECK" RelativePosition="0.5,0.5" EnableStroke="True" FontSize="26" Color="255,255,255" StrokeSize="4" StrokeColor="128,54,13" Name="txtReward_ScenePvpRank" />
                        </WZUIButton>
                        <WZUIButton Type="WZUIButton" AbsContentSize="80,80" UseAbsSize="True" LuaDoneFunctionName="onMatchShop" GUID="{ea51f192-640c-4a12-94f2-0e5f61dfb74f}" RelativePosition="0.62,0.5" AnchorPoint="0,0.5" ShowAll="False" AbsPosition="60,133" Tag="2">
                            <NormalElement Type="WZUIContainer" GUID="{b6bf6d72-93a5-4f32-a6ab-04ccae34a98e}">
                                <WZUIImage Type="WZUIImage" GUID="{544f55d1-da83-46bd-af48-1e64c6f1ff89}" File="ui/common/common_btn_anniu1.png" UseOriginSize="True" />
                            </NormalElement>
                            <SelectElement Type="WZUIContainer" GUID="{a914c4a3-3e74-4f6d-b8eb-2f5633991d9a}">
                                <WZUIImage Type="WZUIImage" GUID="{f6abc2aa-9b63-4a00-8d8c-62eee32f394c}" File="ui/common/common_btn_anniu1_sel.png" UseOriginSize="True" />
                            </SelectElement>
                            <DisableElement Type="WZUIContainer" GUID="{ee098c69-73ba-4071-bce0-f8f4d6a8888f}" />
                            <WZUILabelTTF Type="WZUILabelTTF" GUID="{9da91c77-4952-4d1e-a1de-3920da96d1d2}" LabelStyleKey="" TextKey="ATH_SHOP" RelativePosition="0.5,0.5" EnableStroke="True" FontSize="26" Color="255,255,255" StrokeSize="4" StrokeColor="128,54,13" Name="txtShop_ScenePvpRank" />
                        </WZUIButton>
                    </WZUIContainer>
                </WZUIContainer>
                <WZUIContainer Type="WZUIContainer" GUID="{7cc4bc23-90c0-449c-886e-375366bf421a}" AbsContentSize="616,542" UseAbsSize="True" RelativePosition="0.67,0.489">
                    <WZUI9Image Type="WZUI9Image" GUID="{3028c8ec-376c-4017-b7fb-331f7a6acc14}" File="ui/common/common_scale9_di7.png" Visible="True" Scale="0.99" />
                    <WZUI9Image Type="WZUI9Image" GUID="{776fb712-8bab-4279-97ca-3762140befd6}" File="ui/common/common_scale9_kuang.png" />
                    <WZUIContainer Type="WZUIContainer" GUID="{0e3d81cc-e8b0-4699-b05b-a51208cf79b8}" AbsContentSize="616,235" UseAbsSize="True" AnchorPoint="0.5,1" RelativePosition="0.5,0.98524">
                        <WZUIImage Type="WZUIImage" GUID="{27d06b3a-d20e-4b55-9fd8-073a359f9fa1}" File="ui/pvp/activity_pic_pwsggtu.png" UseOriginSize="True" />
                        <WZUIFreeTextBox Type="WZUIFreeTextBox" GUID="{30d18801-ac8d-4030-8829-169b79f08366}" Name="ftxtSeason_ScenePvpRank" AnchorPoint="0,0.5" RelativePosition="0.05,0.75" MaxWidth="540" />
                        <WZUILabelTTF Type="WZUILabelTTF" GUID="{beb1e03b-272f-48f3-afe4-e6cf363e9457}" FontSize="18" Color="255,236,193" Name="txtDate_ScenePvpRank" StrokeColor="79,60,48" StrokeSize="4" Text="" EnableStroke="True" RelativePosition="0.2,0.545" />
                        <WZUILabelTTF Type="WZUILabelTTF" GUID="{6966b6ba-847a-45fd-8c52-718634fc643f}" Name="txtStartTime_ScenePvpRank" Color="255,236,193" EnableStroke="True" FontSize="18" StrokeColor="79,60,48" StrokeSize="4" RelativePosition="0.2,0.443" />
                    </WZUIContainer>
                    <WZUIContainer Type="WZUIContainer" GUID="{29ad5c63-ebfa-4752-beb4-4bd8cde113a4}" AbsContentSize="604,210" UseAbsSize="True" RelativePosition="0.5,0.36">
                        <WZUI9Image Type="WZUI9Image" GUID="{5c3355ad-700f-4e8e-b8dc-2b4a417578dd}" File="ui/common/common_scale9_di20.png" />
                        <WZUIContainer Type="WZUIContainer" GUID="{a8682937-4e07-4863-aeb0-c3de81d81e1f}" Name="conIcon_ScenePvpRank" AbsContentSize="210,210" UseAbsSize="True" RelativePosition="0.25,0.5" />
                        <WZUILabelTTF Type="WZUILabelTTF" GUID="{10ec1087-c9d2-44a3-af3a-98c5fa9cc77f}" FontSize="22" EnableStroke="True" Color="255,236,193" StrokeSize="4" StrokeColor="127,70,26" Text="" AnchorPoint="0,0.5" RelativePosition="0.42,0.82" Name="txtPvpLevelName_ScenePvpRank" />
                        <WZUIFreeTextBox Type="WZUIFreeTextBox" GUID="{95bcd57a-71b8-4c10-a6bd-3a378ca6af6c}" Name="ftxtPvpIntegral_ScenePvpRank" MaxWidth="400" AnchorPoint="0,0.5" RelativePosition="0.42,0.46" />
                        <WZUIContainer Type="WZUIContainer" GUID="{a6d04214-44eb-4151-88a7-741d7d0dd871}" AbsContentSize="250,50" UseAbsSize="True" AnchorPoint="0,0.5" RelativePosition="0.42,0.65" Name="conForStar_ScenePvpRank" />
                        <WZUIContainer Type="WZUIContainer" GUID="{2c4dc8bc-8498-44a8-886f-ddc727ba3c73}" AbsContentSize="282,20" UseAbsSize="True" AnchorPoint="0,0.5" RelativePosition="0.42,0.31">
                            <WZUIImage Type="WZUIImage" GUID="{dc815572-1079-4159-9c62-da0b8c8f791a}" File="ui/common/common_progress_exp_bg.png" UseOriginSize="True" />
                            <WZUIProgress Type="WZUIProgress" GUID="{93b100ce-26b4-4427-a43c-2e5ac01b89e1}" BgPicture="ui/common/common_progress_exp_fore.png" UseOriginSize="True" RelativePosition="0.5,0.485" Name="prgCurExp_ScenePvpRank" Percentage="0" />
                            <WZUILabelTTF Type="WZUILabelTTF" GUID="{d3d17890-e9b9-48cf-8bb5-dcf6fd34236f}" Color="255,255,255" EnableStroke="True" FontSize="16" StrokeColor="127,70,26" StrokeSize="4" Name="txtPvpLevelExp_ScenePvpRank" />
                            <WZUIImage Type="WZUIImage" GUID="{75b14e7a-fd0b-4ead-b82e-b77a741c0a7f}" File="ui/common/common_icon_dw.png" UseOriginSize="True" RelativePosition="0.5,-0.45" Name="imgProtectedIcon_ScenePvpRank" Visible="False" />
                            <WZUILabelTTF Type="WZUILabelTTF" GUID="{134415e0-317a-4703-841d-65525b65f918}" FontSize="18" Color="0,72,3" RelativePosition="0.5,-1.8" Name="txtProtectedText_ScenePvpRank" Visible="False" />
                        </WZUIContainer>
                    </WZUIContainer>
                    <Button Type="WZUIButton" GUID="{a251c25b-5b1d-4e71-bc09-2c748c3e1746}" AbsContentSize="142,66" UseAbsSize="True" RelativePosition="0.337798,0.0873422" LuaActionName="Normal" LuaDoneFunctionName="onStartMatch" Tag="1">
                        <NormalElement Type="WZUIContainer" GUID="{7369a972-5ae5-436d-8b98-331360b32b16}">
                            <WZUIImage Type="WZUIImage" GUID="{38ad4741-d641-42b1-8a0a-789257b70e62}" File="ui/common/common_btn_anniu3.png" UseOriginSize="True" />
                        </NormalElement>
                        <SelectElement Type="WZUIContainer" GUID="{224f4bf1-ab62-4fb8-85f3-decb372f8e8a}">
                            <WZUIImage Type="WZUIImage" GUID="{c9c09ab8-587f-41c5-821c-ff3ceb457039}" File="ui/common/common_btn_anniu3_sel.png" UseOriginSize="True" />
                        </SelectElement>
                        <DisableElement Type="WZUIContainer" GUID="{8e4fba7f-afaa-43fd-a662-47300956cdac}" />
                        <WZUILabelTTF Type="WZUILabelTTF" GUID="{74130e47-0b29-430f-a0de-cb17d001d059}" FontSize="26" EnableStroke="True" Color="255,236,193" StrokeSize="4" StrokeColor="128,54,13" Text="" AnchorPoint="0.5,0.5" RelativePosition="0.5,0.5" Name="txtPvpIntegral1_ScenePvpRank" TextKey="CREATE_ROOM" />
                    </Button>
                    <Button Type="WZUIButton" GUID="{3425528b-5336-4a6d-aa23-34a08f3e606f}" AbsContentSize="142,66" UseAbsSize="True" RelativePosition="0.653215,0.087703" LuaActionName="Normal" Tag="2" LuaDoneFunctionName="onStartMatch">
                        <NormalElement Type="WZUIContainer" GUID="{af723baf-8144-4b7f-ab30-59d3ea7aa769}">
                            <WZUIImage Type="WZUIImage" GUID="{987d4f39-26e0-46c0-9557-16d8b89dafb5}" File="ui/common/common_btn_anniu10.png" UseOriginSize="True" />
                        </NormalElement>
                        <SelectElement Type="WZUIContainer" GUID="{6850a51e-c000-47c3-9bea-d7768723c451}">
                            <WZUIImage Type="WZUIImage" GUID="{7a11fcad-05c2-4fa6-894f-eb7a05f13d28}" File="ui/common/common_btn_anniu10_sel.png" UseOriginSize="True" />
                        </SelectElement>
                        <DisableElement Type="WZUIContainer" GUID="{cbc4b025-299f-404e-b28a-1dc988e309a8}" />
                        <WZUILabelTTF Type="WZUILabelTTF" GUID="{49ac6c12-44c0-4d4f-a785-2e4187e76e03}" FontSize="26" EnableStroke="True" Color="255,236,193" StrokeSize="4" StrokeColor="0,72,3" Text="" AnchorPoint="0.5,0.5" RelativePosition="0.5,0.5" Name="txtPvpIntegral2_ScenePvpRank" TextKey="QUICK_MATCH" />
                    </Button>
                    <Button Type="WZUIButton" GUID="{ae85cd81-4601-46b9-a4af-ff7043391596}" RelativePosition="0.919622,0.087" RelativeSize="1,1" LuaDoneFunctionName="onArenaAddInfoClick" LuaActionName="Normal" Name="btnArenaAddInfo_ScenePvpRank" AbsContentSize="65,65" UseAbsSize="True" Visible="False">
                        <NormalElement Type="WZUIContainer" GUID="{452086c7-2072-4008-9312-b5e10877ea76}">
                            <WZUIImage Type="WZUIImage" GUID="{cd93f44e-bd47-4558-b595-ec88eed74869}" File="ui/common/common_icon_jfjcxinxi.png" UseOriginSize="True" />
                        </NormalElement>
                        <SelectElement Type="WZUIContainer" GUID="{a24e729b-76b4-4743-8353-7ab55e02f2af}">
                            <WZUIImage Type="WZUIImage" GUID="{41154ef2-1a86-4af2-99ea-baa86caf37b4}" File="ui/common/common_icon_jfjcxinxi.png" UseOriginSize="True" RelativePosition="0.5,0.5" />
                        </SelectElement>
                        <DisableElement Type="WZUIContainer" GUID="{52f4fcad-4766-47a0-869a-3b12dec51aee}" />
                        <WZUIImage Type="WZUIImage" GUID="{e13a7523-3d98-4780-85b1-f3d4cc3cd0b8}" File="ui/common/common_icon_xiaodianzhui.png" UseOriginSize="True" Name="imgARedDot_ScenePvpRank" Scale="0.7" RelativePosition="0.71495,0.888524" Visible="False" />
                    </Button>
                </WZUIContainer>
            </WZUIContainer>
        </WZUIContainer>
        <WZUIContainer Type="WZUIContainer" GUID="{acf82cf4-6e1b-4a0a-b963-c15ad90e246a}" Name="conMark_ScenePvpRank" Visible="False" ShowAll="False" Order="0" RelativePosition="0.5,0.5">
            <WZUIImage Type="WZUIImage" GUID="{c49996ff-c48a-4adc-a660-5ee809b23267}" File="ui/common/common_black_bg.png" Visible="True" Scale="3" Opacity="150" />
            <WZUIContainer Type="WZUIContainer" GUID="{06424ff5-c2b4-4320-9d04-2809d305afe2}" Name="" Order="600" Visible="True" TouchContainerEnable="True" AbsContentSize="355,405" UseAbsSize="True" RelativePosition="0.5,0.5" ShowAll="True">
                <WZUIContainer Type="WZUIContainer" GUID="{fcb475fa-b270-48cd-9b4c-1952eebe4fe1}" AbsContentSize="355,405" UseAbsSize="True">
                    <WZUI9Image Type="WZUI9Image" GUID="{f1b47324-a45e-4ad0-9efb-f32cebea4676}" File="ui/common/common_scale9_di19.png" CapInsets="60,110,10,10" />
                    <WZUILabelTTF Type="WZUILabelTTF" GUID="{8ece5aea-2416-420d-bc57-bd16caade03a}" TextKey="HALL_DESC1" LabelStyleKey="C1_F24_S4_C3" RelativePosition="0.5,0.956543" AbsPosition="177.5,387.4" Dimensions="0,0" Alignment="Center" AnchorPoint="0.5,1" Text="" Name="" />
                </WZUIContainer>
                <WZUIContainer Type="WZUIContainer" GUID="{18ae85d3-3367-4db1-991e-f8e150df9d45}" Name="" Visible="True" ShowAll="False" Order="0" RelativePosition="0.5,0.5">
                    <WZUILabelAtlasFont CharMapFileName="ui/common_num/battle_num_timeshuzi2.png" Color="255,255,255" GUID="{c883548d-5d37-4a67-a51e-d9b3c97a5162}" Height="116" Name="lafTime_ScenePvpRank" Order="501" RelativePosition="0.5,0.639753" Text="1" Type="WZUILabelAtlasFont" UseOriginSize="True" Visible="True" Width="85.6" GrayRender="False" IsOpacityModifyRGB="False" Scale="1" StartChar="48" AbsPosition="177.5,259.1" ScaleX="1" ScaleY="1" />
                    <WZUIContainer Type="WZUIContainer" GUID="{179db50b-c68f-4e7f-9ee1-afd1ad462c8c}" AbsContentSize="345,95" UseAbsSize="True" RelativePosition="0.5,0.32">
                        <WZUI9Image Type="WZUI9Image" GUID="{a5e037d1-14aa-4c35-913f-adf8df200006}" File="ui/common/common_scale9_di20.png" />
                        <WZUILabelTTF Type="WZUILabelTTF" GUID="{ffbb9bc4-5664-4914-a46c-a4dcacb65bae}" TextKey="" LabelStyleKey="C2_F22" RelativePosition="0.0393478,0.955789" AbsPosition="13.575,90.8" Dimensions="315,0" Alignment="Left" AnchorPoint="0,1" Text="" Name="txtTimeDownTip_ScenePvpRank" />
                    </WZUIContainer>
                </WZUIContainer>
                <Button Type="WZUIButton" GUID="{33b38a09-d676-4e46-9964-9ce0b4881805}" RelativePosition="0.5,0.105864" LuaDoneFunctionName="onCancelMatch" Name="btnCancel" AbsContentSize="110,60" UseAbsSize="True" AbsPosition="177.5,42.8749">
                    <NormalElement Type="WZUIContainer" GUID="{69e288bc-0e0a-4a99-a26e-f217db0f4708}">
                        <WZUI9Image Type="WZUI9Image" GUID="{09ee2068-82b0-429a-9763-bd933f60ec3f}" File="ui/common/common_btn_anniu3_0.png" UseOriginSize="True" />
                    </NormalElement>
                    <SelectElement Type="WZUIContainer" GUID="{4869b0bb-357e-4e88-bf60-5a78db1abbd3}">
                        <WZUI9Image Type="WZUI9Image" GUID="{b6402ac4-8717-4f0c-b3ed-3a7423738e2b}" File="ui/common/common_btn_anniu3_0_sel.png" UseOriginSize="True" />
                    </SelectElement>
                    <DisableElement Type="WZUIContainer" GUID="{df999cf7-1be2-4f7a-915c-923060c86062}" />
                    <WZUILabelTTF Type="WZUILabelTTF" GUID="{b30f7d59-0461-41df-b5c7-817a98dab1c0}" TextKey="CANCEL" LabelStyleKey="SMALL_ORANGE_BTN" RelativePosition="0.5,0.5" AbsPosition="480,223" />
                </Button>
            </WZUIContainer>
        </WZUIContainer>
        <WZUIContainer Type="WZUIContainer" GUID="{1319b8e1-f1b5-4758-8150-406e4e2df092}" Name="conTips_ScenePvpRank" ShowAll="True" Order="3" />
    </WZUIFrame>
</ScenePvpRank>
