﻿<?xml version="1.0" ?>
<SceneGuildWarRoom GUID="{791A2497-D9F3-49d6-9FC8-4FD53C5F766E}">
    <WZUIFrame GUID="{2B9A1139-94C3-4e9f-9FB5-71F891D7C556}" LuaObjectName="SceneGuildWarRoom" LuaTouchBeganFunction="onTouchBegan" Name="SceneGuildWarRoom" NameCreate="True" RelativePosition="0.5,0.5" Scale="1" ShowAll="False" Type="WZUIFrame" AbsContentSize="960,640" UseAbsSize="True" Visible="True">
        <WZUIContainer Type="WZUIContainer" GUID="{1ca54492-612c-491f-b2a7-05a7a96dbbd3}">
            <WZUI9Image Type="WZUI9Image" GUID="{a10bd8d4-2e83-4438-8dd1-42f16b1b7b9a}" File="ui/community/common_pic_ghzbj.png" Visible="True" Name="" UseOriginSize="True" Scale="2" ScaleX="2.465" />
            <WZUIContainer Type="WZUIContainer" GUID="{ff9ad6c5-d19f-4965-b32f-b99cfae0da89}" AbsContentSize="1136,600" UseAbsSize="True" AnchorPoint="0.5,0.5" RelativePosition="0.5,0.342187">
                <WZUI9Image Type="WZUI9Image" GUID="{676b927c-0b3f-4364-b424-4002a9c939f5}" File="ui/common/common_scale9_di71.png" />
                <WZUIContainer Type="WZUIContainer" GUID="{7c011dc6-3c47-4ec5-8a1c-f69a1de6d829}" AbsContentSize="1136,2" UseAbsSize="True" AnchorPoint="0.5,1" RelativePosition="0.5,1">
                    <WZUI9Image Type="WZUI9Image" GUID="{d43094b6-e73e-491b-8e52-098c8e7e329d}" File="ui/common/fengexian_cxs.png" UseOriginSize="False" AnchorPoint="0.5,0.5" RelativePosition="0.5,0.5" ScaleX="1" Scale="1" />
                </WZUIContainer>
                <WZUIContainer Type="WZUIContainer" GUID="{c27598ad-c254-496f-830c-8d77f6653716}" AbsContentSize="700,2" UseAbsSize="True" AnchorPoint="0.5,1" RelativePosition="0.389084,0.853334">
                    <WZUI9Image Type="WZUI9Image" GUID="{9fd6f91b-9913-4a84-9c8e-9d89769e0076}" File="ui/common/fengexian_cxs.png" UseOriginSize="False" AnchorPoint="0.5,0.5" RelativePosition="0.5,0.5" ScaleX="1" />
                </WZUIContainer>
                <WZUIContainer Type="WZUIContainer" GUID="{74d27e06-a379-495d-984c-e9dd1bcae54e}" AbsContentSize="1136,2" UseAbsSize="True" AnchorPoint="0.5,1" RelativePosition="0.5,0.336667">
                    <WZUI9Image Type="WZUI9Image" GUID="{8b35caae-115a-48bc-9f4a-3dcf5188ecd0}" File="ui/common/fengexian_cxs.png" UseOriginSize="False" AnchorPoint="0.5,0.5" RelativePosition="0.5,0.5" ScaleX="1" Scale="1" />
                </WZUIContainer>
            </WZUIContainer>
            <WZUIContainer Type="WZUIContainer" GUID="{d5a29d7d-7f49-4c56-8401-d262c5565abc}" AbsContentSize="960,140" UseAbsSize="True" AnchorPoint="0.5,1" RelativePosition="0.5,1" ShowAll="True">
                <WZUIContainer Type="WZUIContainer" GUID="{9fb5897e-76f0-47fd-bb66-b511b323190e}" UseAbsSize="True" AbsContentSize="120,30" RelativePosition="0.929452,0.260578">
                    <Button Type="WZUIButton" GUID="{7228bb98-9432-4dce-bd10-02458f17f5a6}" LuaDoneFunctionName="onHelpBtnClick">
                        <NormalElement Type="WZUIContainer" GUID="{0702d43a-d014-41a4-8e6e-208079490b62}" />
                        <SelectElement Type="WZUIContainer" GUID="{6a421416-bd3d-4606-9583-3d600497da37}" />
                        <DisableElement Type="WZUIContainer" GUID="{4103b863-0b2e-41a4-a0a0-84451c64bb9d}" />
                        <WZUIImage Type="WZUIImage" GUID="{e61594cd-e1d4-47d0-9b6d-818e721707ad}" File="ui/common/common_icon_gth1.png" UseOriginSizeProportion="False" UseAbsCoordinate="False" UseOriginSize="True" RelativePosition="0.1,0.5" ScaleY="0.8" ScaleX="0.8" />
                        <WZUILabelTTF Type="WZUILabelTTF" GUID="{040836cc-f54f-437a-a6f6-6e90a9e6fcaf}" LabelStyleKey="C1_F18_S4_C13" Text="" RelativePosition="0.235763,0.42732" AnchorPoint="0,0.5" Name="txtRoomRule_SceneGuildWarRoom" Color="255,236,193" FontSize="18" StrokeSize="4" StrokeColor="127,70,26" EnableStroke="True" />
                    </Button>
                </WZUIContainer>
                <WZUILabelTTF Type="WZUILabelTTF" GUID="{84bb6d22-35fa-4d45-9a11-37094d2012b5}" LabelStyleKey="C11_F24_S4_C5" Text="" RelativePosition="0.376736,0.300001" Name="labWarTitle_SceneGuildWarRoom" FontSize="30" Color="255,227,116" StrokeColor="127,70,26" StrokeSize="4" EnableStroke="True" />
            </WZUIContainer>
            <WZUIContainer Type="WZUIContainer" GUID="{b30fe0ef-23d8-49bd-a3b7-a51de6a40b2e}" AbsContentSize="960,75" UseAbsSize="True" AnchorPoint="0.5,0" RelativePosition="0.5,0" ShowAll="True">
                <WZUILabelTTF Type="WZUILabelTTF" GUID="{d868053c-75c0-4820-8d0a-3fa1d8b9fe5a}" LabelStyleKey="C1_F18" Text="邀请列表" RelativePosition="0.842788,1.34476" TextKey="REMAIN_TIME" />
                <WZUILabelTTF Type="WZUILabelTTF" GUID="{4a249971-2464-4f78-99a7-a7e4a9831ed8}" Name="leftTime_SceneGuildWarRoom" Text="00:00:00" LabelStyleKey="C15_F20" RelativePosition="0.894714,1.34476" AnchorPoint="0,0.5" />
                <WZUIContainer Type="WZUIContainer" GUID="{4cb1ab48-2e6d-4727-900c-a9cd56d82400}" UseAbsSize="True" AbsContentSize="200,70" RelativePosition="0.992788,0.720373" AnchorPoint="1,0.5">
                    <Button Type="WZUIButton" GUID="{ad6661ad-6a71-4ea7-bbb5-acd3c4f10aab}" LuaDoneFunctionName="onFightBtnClick" RelativePosition="0.5,0.5" Name="btnFight_SceneGuildWarRoom" LuaActionName="Normal">
                        <NormalElement Type="WZUIContainer" GUID="{df2b13e7-203f-4fca-bd94-b10a387e9b9a}" RelativePosition="0.5,0.5">
                            <WZUIImage Type="WZUIImage" GUID="{eb9ffabc-ab12-499a-a1ef-3cc446edf99f}" File="ui/common/common_btn_anniu8.png" UseAbsCoordinate="False" UseOriginSize="False" RelativePosition="0.5,0.5" />
                        </NormalElement>
                        <SelectElement Type="WZUIContainer" GUID="{977f95b4-c2db-4e7e-9c0f-dc538d30fb9d}">
                            <WZUIImage Type="WZUIImage" GUID="{075d96db-0c36-471a-8933-999dfd1488c5}" File="ui/common/common_btn_anniu8_sel.png" UseAbsCoordinate="False" UseOriginSize="False" />
                        </SelectElement>
                        <DisableElement Type="WZUIContainer" GUID="{88a6eac0-b9d0-4051-a514-978715f22b99}">
                            <WZUIImage Type="WZUIImage" GUID="{7e436b73-ed35-4095-9925-af68c72496ad}" File="ui/common/common_btn_anniu8_sel.png" UseAbsCoordinate="False" UseOriginSize="False" />
                        </DisableElement>
                        <WZUILabelTTF Type="WZUILabelTTF" GUID="{60f04fa8-d369-44e6-80e9-f659e319d0f6}" TextKey="" LabelStyleKey="NORMAL_GREEN_BTN" Name="labStartGame_SceneGuildWarRoom" Text="" />
                    </Button>
                </WZUIContainer>
                <WZUIButton AbsContentSize="70,70" AnchorPoint="1,0.5" LuaDoneFunctionName="onClickSkill" Name="btnSkill_SceneGuildWarRoom" Order="0" RelativePosition="0.773403,0.806141" ShowAll="True" Type="WZUIButton" UseAbsSize="True" GUID="{c7d4cd1e-9a93-41ba-9c0d-72ee6c2aaa35}" Scale="1" ScaleX="1" ScaleY="1">
                    <NormalElement Type="WZUIContainer" GUID="{884b2bdf-3cd6-43b1-8a72-e85634af9552}">
                        <WZUIImage File="ui/Hall/battle_icon_jinengdaoju.png" Type="WZUIImage" UseOriginSize="True" GUID="{ebf9d8ef-4c16-4b57-be27-9acf2b5c071a}" Visible="True" Scale="1" Name="" GrayRender="False" />
                    </NormalElement>
                    <SelectElement Type="WZUIContainer" GUID="{87975b9e-26d8-4c2d-a40b-55ee0230bd5f}">
                        <WZUIImage File="ui/Hall/battle_icon_jinengdaoju.png" Type="WZUIImage" UseOriginSize="True" Scale="1" GUID="{223ece63-e227-4297-ae79-36b7619abf28}" Name="" ScaleX="1" ScaleY="1" GrayRender="False" />
                    </SelectElement>
                    <DisableElement Type="WZUIContainer" GUID="{310c3b3d-99b3-4b0f-ba97-18c3dc3f1c67}" />
                </WZUIButton>
            </WZUIContainer>
        </WZUIContainer>
        <WZUIContainer Type="WZUIContainer" GUID="{a75905d6-7135-447d-b573-b2640eb164b4}" ShowAll="True">
            <WZUIContainer Type="WZUIContainer" GUID="{257a9c60-b88c-48de-a60d-85ad3e6264b9}" Name="conBg_SceneGuildWarRoom" TouchEnable="False" Visible="True">
                <WZUILabelTTF Type="WZUILabelTTF" GUID="{3bb2b858-5542-4f49-bd55-bcc97a28d382}" LabelStyleKey="C11_F22" Text="999" RelativePosition="0.332891,0.755824" TextKey="" Name="labTotalScore_SceneGuildWarRoom" Visible="False" />
            </WZUIContainer>
            <WZUIContainer Type="WZUIContainer" GUID="{1a14ad30-05a1-41b5-a6e9-da08e8aca586}" Name="conReward_SceneGuildWarRoom">
                <WZUILabelTTF Type="WZUILabelTTF" GUID="{6746373e-a078-4654-86f7-6dc5eecbb8b7}" LabelStyleKey="C11_F22" Text="当前排名奖励预览" RelativePosition="0.332891,0.846449" TextKey="GUILD_WAR_RANK_REWARD_VIEW" Visible="False" />
                <WZUIContainer Type="WZUIContainer" GUID="{71928e7c-4fe0-4f95-8121-5a64ef1b8aa1}" Name="" RelativeSize="1,1" RelativePosition="0.336685,0.742443" AbsContentSize="604,96" UseAbsSize="True" AnchorPoint="0.5,0.5" Visible="False">
                    <WZUI9Image Type="WZUI9Image" GUID="{f666cdbd-67e7-4738-b96b-9b9d1ad2c22c}" File="ui/common/common_scale9_di52.png" Opacity="255" />
                </WZUIContainer>
                <WZUILabelTTF Type="WZUILabelTTF" GUID="{7e3f0689-a8e0-4ef6-83e8-f02e4da1c916}" LabelStyleKey="C1_F22" Text="" RelativePosition="0.0841536,0.734375" TextKey="" Name="labRankReward_SceneGuildWarRoom" />
                <WZUIContainer Type="WZUIContainer" GUID="{d9a9deb5-3566-4967-a30b-c4580a19e36f}" Name="" RelativeSize="1,1" RelativePosition="0.373175,0.741449" AbsContentSize="460,80" UseAbsSize="True" AnchorPoint="0.5,0.5" Visible="True">
                    <WZUITableContainer Type="WZUITableContainer" GUID="{55c949e3-69d5-42f1-a3fd-a68a602dd64d}" ColumnCount="5" EnableHorizontalScroll="True" EnableMoveVertical="False" VerticalAbsInterval="5" Name="conTabReward_SceneGuildWarRoom" AbsContentSize="460,80" UseAbsSize="True" />
                </WZUIContainer>
            </WZUIContainer>
            <WZUIContainer Type="WZUIContainer" GUID="{7571273f-46c6-4bd4-b904-d0c43ab076e7}" Name="conInvite_SceneGuildWarRoom">
                <WZUIContainer Type="WZUIContainer" GUID="{35338af4-b6d2-4289-a745-78ffeff7dd93}" Name="" RelativeSize="1,1" RelativePosition="0.895185,0.496667" AbsContentSize="260,394" UseAbsSize="True" AnchorPoint="0.5,0.5" Visible="True">
                    <WZUI9Image Type="WZUI9Image" GUID="{167dde09-9fd3-4d8c-b2e8-5628d42b696c}" File="ui/common/common_scale9_cxsdi01.png" Opacity="255" UseOriginSize="False" />
                </WZUIContainer>
                <WZUIContainer Type="WZUIContainer" GUID="{d058c4d5-754a-476d-ad4f-9b95ca8703db}" Name="" RelativeSize="1,1" RelativePosition="0.895185,0.727917" AbsContentSize="250,2" UseAbsSize="True" AnchorPoint="0.5,0.5" Visible="True">
                    <WZUIImage Type="WZUIImage" GUID="{ddb7bdbc-b2c0-4aa1-af3c-4125549d16fe}" File="ui/common/common_scale9_fengexian7.png" />
                </WZUIContainer>
                <WZUIContainer Type="WZUIContainer" GUID="{ed2d9e00-0fbb-491b-af6c-a7202d0679dc}" UseAbsSize="True" AbsContentSize="80,30" RelativePosition="0.969224,0.758049">
                    <Button Type="WZUIButton" GUID="{ff7b7b05-0608-4759-a06a-c49f3cd8b549}" LuaDoneFunctionName="onRankBtnClick">
                        <NormalElement Type="WZUIContainer" GUID="{6af61b6a-5497-4947-bba1-baa37423914a}">
                            <WZUIImage Type="WZUIImage" GUID="{a109420a-082c-43dd-acd6-1c1f7447f1c1}" File="ui/common/common_icon_ghzpm.png" UseAbsCoordinate="False" UseOriginSize="True" />
                        </NormalElement>
                        <SelectElement Type="WZUIContainer" GUID="{324ab26f-691c-4b9f-81b8-e8e525f229b4}">
                            <WZUIImage Type="WZUIImage" GUID="{9d87584a-7dbb-4d7e-8a77-adbe2d682ac1}" File="ui/common/common_icon_ghzpm.png" UseAbsCoordinate="False" UseOriginSize="True" />
                        </SelectElement>
                        <DisableElement Type="WZUIContainer" GUID="{f156a974-20f8-49cc-a780-ffbe95f84649}" />
                    </Button>
                </WZUIContainer>
                <WZUILabelTTF Type="WZUILabelTTF" GUID="{4208a644-51aa-4e7f-b3bf-7a6809c77486}" LabelStyleKey="C11_F20_S4_C5" Text="邀请列表" RelativePosition="0.878724,0.757292" TextKey="INVITE_LIST" Name="txtInviteList_SceneGuildWarRoom" />
                <WZUIContainer Type="WZUIContainer" GUID="{239935ef-86ae-45e0-9eea-8895819bfe26}" AbsContentSize="226,320" UseAbsSize="True" RelativePosition="0.88075,0.468768" Name="conForInvite_SceneGuildWarRoom" Visible="True">
                    <WZUITableContainer Type="WZUITableContainer" GUID="{3a9a68bb-339a-4446-9f2b-262f7b5fa41c}" Name="conTabInvite_SceneGuildWarRoom" CellElementHeight="0.3" EnableVerticalScroll="True" EnableMoveHorizontal="False" />
                </WZUIContainer>
            </WZUIContainer>
            <WZUIContainer Type="WZUIContainer" GUID="{2ddcc362-580d-468f-af1b-027e90091efe}" Name="conMark_SceneGuildWarRoom" Visible="False" ShowAll="False" Order="10" RelativePosition="0.5,0.5">
                <WZUIImage Type="WZUIImage" GUID="{6770b95a-a30b-49f1-81c3-147153872420}" File="ui/common/common_black_bg.png" Visible="True" Scale="3" Opacity="150" />
                <WZUIContainer Type="WZUIContainer" GUID="{46557300-59f9-4d4d-b24c-7bf4c769e94b}" Name="" Order="600" Visible="True" TouchContainerEnable="True" AbsContentSize="355,405" UseAbsSize="True" RelativePosition="0.5,0.5" ShowAll="False">
                    <WZUIContainer Type="WZUIContainer" GUID="{960388e1-c98b-4b34-9427-edd0e0ea793d}" AbsContentSize="355,405" UseAbsSize="True">
                        <WZUI9Image Type="WZUI9Image" GUID="{dc84d393-6032-47c5-a34f-0c18ca114fb3}" File="ui/common/common_scale9_di19.png" CapInsets="60,110,10,10" />
                        <WZUILabelTTF Type="WZUILabelTTF" GUID="{6bb19315-c164-493e-80ea-767102b59764}" TextKey="HALL_DESC1" LabelStyleKey="C1_F24_S4_C3" RelativePosition="0.5,0.956543" AbsPosition="177.5,387.4" Dimensions="0,0" Alignment="Center" AnchorPoint="0.5,1" Text="" Name="" />
                    </WZUIContainer>
                    <WZUIContainer Type="WZUIContainer" GUID="{3315a38e-40fe-4e2a-9e57-b73a6c9342fc}" Name="" Visible="True" ShowAll="False" Order="0" RelativePosition="0.5,0.5">
                        <WZUILabelAtlasFont CharMapFileName="ui/common_num/battle_num_timeshuzi2.png" Color="255,255,255" GUID="{9ff5f595-a01b-4e84-8b22-c6b2b0eb41ca}" Height="116" Name="lafTime_SceneGuildWarRoom" Order="501" RelativePosition="0.5,0.639753" Text="1" Type="WZUILabelAtlasFont" UseOriginSize="True" Visible="True" Width="85.6" GrayRender="False" IsOpacityModifyRGB="False" Scale="1" StartChar="48" AbsPosition="177.5,259.1" ScaleX="1" ScaleY="1" />
                        <WZUIContainer Type="WZUIContainer" GUID="{f7810b2b-bb10-408a-a3f7-5322960eca26}" AbsContentSize="345,95" UseAbsSize="True" RelativePosition="0.5,0.32">
                            <WZUI9Image Type="WZUI9Image" GUID="{d863188f-34fa-4bf7-b5bc-fe7d804ab5bd}" File="ui/common/common_scale9_di20.png" />
                            <WZUILabelTTF Type="WZUILabelTTF" GUID="{4df878aa-f0cc-40a7-b98b-40deebf8cf97}" TextKey="" LabelStyleKey="C2_F22" RelativePosition="0.0393478,0.955789" AbsPosition="13.575,90.8" Dimensions="315,0" Alignment="Left" AnchorPoint="0,1" Text="" Name="txtTimeDownTip_SceneGuildWarRoom" />
                        </WZUIContainer>
                    </WZUIContainer>
                    <Button Type="WZUIButton" GUID="{1638476e-802a-4ce8-b4fb-afa08c2b1466}" RelativePosition="0.5,0.105864" LuaDoneFunctionName="onFightBtnClick" Name="btnCancel" AbsContentSize="110,60" UseAbsSize="True" AbsPosition="177.5,42.8749" Visible="True">
                        <NormalElement Type="WZUIContainer" GUID="{3df0019d-5617-4485-90d6-b784222e01f1}">
                            <WZUI9Image Type="WZUI9Image" GUID="{a0c5f8a3-896f-483f-91ba-efbe30f1c07d}" File="ui/common/common_btn_anniu3_0.png" UseOriginSize="True" />
                        </NormalElement>
                        <SelectElement Type="WZUIContainer" GUID="{c01251d7-061f-4a0a-b510-d62193e81067}">
                            <WZUI9Image Type="WZUI9Image" GUID="{ed646edf-dc34-4295-b7d7-03ecfadb4344}" File="ui/common/common_btn_anniu3_0_sel.png" UseOriginSize="True" />
                        </SelectElement>
                        <DisableElement Type="WZUIContainer" GUID="{54a61afc-632e-4f45-a64d-a6797f0b3828}" />
                        <WZUILabelTTF Type="WZUILabelTTF" GUID="{22a7db7a-3504-4622-adde-66c78320e0c1}" TextKey="CANCEL" LabelStyleKey="SMALL_ORANGE_BTN" RelativePosition="0.5,0.5" AbsPosition="480,223" />
                    </Button>
                    <WZUILabelTTF Type="WZUILabelTTF" GUID="{77491d9a-457d-4b66-8b51-c214179eb6ab}" FontSize="20" Color="127,70,26" Text="" RelativePosition="0.5,0.816" AbsPosition="148.5,-16" Name="txtMatchTimeOut_SceneGuildWarRoom" TextKey="MATCHES_TIMEOUT2" Visible="False" />
                </WZUIContainer>
            </WZUIContainer>
            <WZUIContainer Type="WZUIContainer" GUID="{c5feab22-9ef9-45c3-aa06-c04505b28bda}" Name="conCenter_SceneGuildWarRoom" RelativePosition="0.382292,0.429487" UseAbsSize="True" AbsContentSize="710,300" Visible="True">
                <WZUIContainer Type="WZUIContainer" GUID="{df5cb045-0254-4614-986d-bc4625f50f71}" AbsContentSize="234,294" UseAbsSize="True" RelativePosition="0.17,0.992449" Name="conSeat1_SceneGuildWarRoom" AnchorPoint="0.5,1" AbsPosition="125.29,548.189" Tag="-1">
                    <WZUIContainer Type="WZUIContainer" GUID="{00086cf6-bb92-463d-aefc-9d506920d534}" Name="conSeatInfo_SceneGuildWarRoom" />
                    <WZUIContainer Type="WZUIContainer" GUID="{bc157eb2-27f4-4c8f-937c-a09d7ca6d1c7}" AbsContentSize="105,105" UseAbsSize="True" Name="conPlayer_SceneGuildWarRoom" RelativePosition="0.5,0.47899" TouchEnable="False" />
                    <WZUIContainer Type="WZUIContainer" GUID="{271584b8-7204-4a18-b05d-308044c3c6d6}" AbsContentSize="60,60" UseAbsSize="True" RelativePosition="0.24096,0.834187" Name="conPet_SceneGuildWarRoom" TouchEnable="False" />
                    <WZUIContainer Type="WZUIContainer" GUID="{f8edfea2-096f-4d40-8fb3-8084b50ae003}" Name="conFigureVoice_SceneGuildWarRoom" Visible="False">
                        <WZUIImage Type="WZUIImage" GUID="{280442c7-b58a-4d5a-9bfc-32c78cb08816}" Name="imgFigureVoice_SceneGuildWarRoom" File="ui/common/common_icon_yuying_02.png" UseOriginSize="True" RelativePosition="0.97773,0.013165" Scale="0.78" AnchorPoint="1,0" TouchEnable="False" AbsPosition="190.545,9.22543" Rotation="0" NameCreate="False" ScaleX="0.6" ScaleY="0.6" GrayRender="True" Visible="True" />
                        <WZUISpine Type="WZUISpine" GUID="{3ffa5ea5-1594-4515-9b2e-2d856fad6941}" FileAtlas="ui/voice_speaking.atlas" FileJson="ui/voice_speaking.json" Loop="True" AnimationName="voice_speaking" RelativePosition="0.882095,0.162803" ScaleX="0.6" ScaleY="0.6" Visible="False" Name="animFigureVoice_SceneGuildWarRoom" Scale="0.6" />
                    </WZUIContainer>
                    <WZUIImage Type="WZUIImage" GUID="{b1034a45-2d0c-484b-b57e-eea701f84f15}" Name="imgPlayerStatus_SceneGuildWarRoom" File="" UseOriginSize="True" RelativePosition="0.953053,0.192429" Scale="0.78" AnchorPoint="1,0" TouchEnable="False" AbsPosition="190.545,9.22543" Rotation="7" NameCreate="False" />
                    <WZUIButton Type="WZUIButton" LuaDoneFunctionName="onClickCellRoomSeat" GUID="{263734ec-8bea-42a6-a2e0-da8f34757608}" Name="btnPlayerFigure_SceneGuildWarRoom" Tag="1" AbsContentSize="110,200" UseAbsSize="True" RelativePosition="0.5,0.530011" Visible="False">
                        <NormalElement Type="WZUIContainer" GUID="{e0ed76b4-79a5-4e37-a1c5-57e18ab4c248}" />
                        <SelectElement Type="WZUIContainer" GUID="{5f749f2a-97df-46e2-8325-99b21a49e06a}" />
                        <DisableElement Type="WZUIContainer" GUID="{a6d6da02-bf0a-47ff-a19f-d327ed1f2548}" />
                    </WZUIButton>
                    <Button Type="WZUIButton" Name="btnPlayerPet_SceneGuildWarRoom" AbsContentSize="60,60" TouchEnable="True" UseAbsSize="True" RelativePosition="0.24096,0.834187" LuaDoneFunctionName="onClickPet" Visible="False" Tag="1" GUID="{433a8f39-2eb4-4ac6-8037-146648abba75}">
                        <NormalElement Type="WZUIContainer" GUID="{85e72c98-d6db-440d-a9c3-42ec4851e818}" />
                        <SelectElement Type="WZUIContainer" GUID="{e4cb691e-85d7-4a2e-b991-bcec4eb1799a}" />
                        <DisableElement Type="WZUIContainer" GUID="{3351c263-4b8c-418d-94e0-eddab2cc1e0b}" />
                    </Button>
                    <WZUIContainer Type="WZUIContainer" GUID="{d84f028d-ead3-41d5-b166-0cdb191827ef}" AbsContentSize="60,60" UseAbsSize="True" Name="conWeapon_SceneGuildWarRoom" RelativePosition="0.206772,0.289058" AbsPosition="41,35.4999" Tag="1">
                        <WZUISpine Type="WZUISpine" GUID="{adebd3d2-1a75-4cb6-a50b-5a7abcfff81f}" FileJson="ui/ui_jjc_weapon.json" FileAtlas="ui/ui_jjc_weapon.atlas" AnimationName="" Loop="True" RelativePosition="0.466668,1.75" AbsPosition="30,105" TouchEnable="False" Visible="False" Name="spWeapon_SceneGuildWarRoom" Scale="1.2" />
                        <WZUIImage Type="WZUIImage" GUID="{d75714a3-ebfd-4b1f-ba48-7f0ad91cbbb6}" Name="imgWeaponIcon_SceneGuildWarRoom" UseOriginSize="False" File="" TouchEnable="False" />
                        <Button Type="WZUIButton" Name="btnWeapon_SceneGuildWarRoom" LuaDoneFunctionName="onClickWeapon" Tag="1" GUID="{f3e5a221-2a4e-4ff0-aa36-3ffa0439c168}">
                            <NormalElement Type="WZUIContainer" GUID="{4da3c355-2c51-44c6-aa59-3ac907a675e6}" />
                            <SelectElement Type="WZUIContainer" GUID="{2984363e-2035-4511-9489-c2490719d24b}" />
                            <DisableElement Type="WZUIContainer" GUID="{7fa9f8e8-c539-4d1f-8064-0fff1a31a615}" />
                        </Button>
                    </WZUIContainer>
                </WZUIContainer>
                <WZUIContainer Type="WZUIContainer" GUID="{314b10b6-140d-491a-b345-49f46fae03fb}" AbsContentSize="234,294" UseAbsSize="True" RelativePosition="0.5,0.992449" Name="conSeat2_SceneGuildWarRoom" AnchorPoint="0.5,1" AbsPosition="125.29,548.189" Tag="-1">
                    <WZUIContainer Type="WZUIContainer" GUID="{d4d9f8f7-7b99-496f-b9aa-5e690c7343a9}" Name="conSeatInfo_SceneGuildWarRoom" />
                    <WZUIContainer Type="WZUIContainer" GUID="{2e0c8c85-b32c-4f43-bb33-0626495015b1}" AbsContentSize="105,105" UseAbsSize="True" Name="conPlayer_SceneGuildWarRoom" RelativePosition="0.5,0.47899" TouchEnable="False" />
                    <WZUIContainer Type="WZUIContainer" GUID="{a065c612-9cbb-4720-bafd-0dc28ca1228f}" AbsContentSize="60,60" UseAbsSize="True" RelativePosition="0.24096,0.834187" Name="conPet_SceneGuildWarRoom" TouchEnable="False" />
                    <WZUIContainer Type="WZUIContainer" GUID="{0fd7e94f-5135-4f39-aa5b-ccbdd741ec3b}" Name="conFigureVoice_SceneGuildWarRoom" Visible="False">
                        <WZUIImage Type="WZUIImage" GUID="{c9747fae-51b8-4ef1-a372-e9a74b7f368b}" Name="imgFigureVoice_SceneGuildWarRoom" File="ui/common/common_icon_yuying_02.png" UseOriginSize="True" RelativePosition="0.97773,0.013165" Scale="0.78" AnchorPoint="1,0" TouchEnable="False" AbsPosition="190.545,9.22543" Rotation="0" NameCreate="False" ScaleX="0.6" ScaleY="0.6" GrayRender="True" Visible="True" />
                        <WZUISpine Type="WZUISpine" GUID="{9dfb29ca-f4c5-451f-8f59-7423c31018a8}" FileAtlas="ui/voice_speaking.atlas" FileJson="ui/voice_speaking.json" Loop="True" AnimationName="voice_speaking" RelativePosition="0.882095,0.162803" ScaleX="0.6" ScaleY="0.6" Visible="False" Name="animFigureVoice_SceneGuildWarRoom" Scale="0.6" />
                    </WZUIContainer>
                    <WZUIImage Type="WZUIImage" GUID="{c12302ed-fa5a-4e90-8e71-47b8d66e9839}" Name="imgPlayerStatus_SceneGuildWarRoom" File="" UseOriginSize="True" RelativePosition="0.953053,0.192429" Scale="0.78" AnchorPoint="1,0" TouchEnable="False" AbsPosition="190.545,9.22543" Rotation="7" NameCreate="False" />
                    <WZUIButton Type="WZUIButton" LuaDoneFunctionName="onClickCellRoomSeat" GUID="{8ebf27d6-6779-43c8-835f-54d9473c17e9}" Name="btnPlayerFigure_SceneGuildWarRoom" Tag="2" AbsContentSize="110,200" UseAbsSize="True" RelativePosition="0.5,0.530011" Visible="False">
                        <NormalElement Type="WZUIContainer" GUID="{5daa949e-647a-4d5f-8267-89c81e468064}" />
                        <SelectElement Type="WZUIContainer" GUID="{ad8fffbe-0c98-4f0f-a1c1-57c3a9a84e3c}" />
                        <DisableElement Type="WZUIContainer" GUID="{4748a097-7ac0-4d87-9eee-86654480c5df}" />
                    </WZUIButton>
                    <Button Type="WZUIButton" Name="btnPlayerPet_SceneGuildWarRoom" AbsContentSize="60,60" TouchEnable="True" UseAbsSize="True" RelativePosition="0.24096,0.834187" LuaDoneFunctionName="onClickPet" Visible="False" Tag="2" GUID="{ee5074d0-df65-4505-b355-486631eebbe5}">
                        <NormalElement Type="WZUIContainer" GUID="{16611516-3252-405d-a6d8-6d46363153f4}" />
                        <SelectElement Type="WZUIContainer" GUID="{3ec0aad4-9337-4331-8652-c46d3b96eb81}" />
                        <DisableElement Type="WZUIContainer" GUID="{c0866414-45d8-4ec6-830f-921a15376046}" />
                    </Button>
                    <WZUIContainer Type="WZUIContainer" GUID="{3d779cff-b78d-4cb7-a81a-f409f645ce91}" AbsContentSize="60,60" UseAbsSize="True" Name="conWeapon_SceneGuildWarRoom" RelativePosition="0.206772,0.289058" AbsPosition="41,35.4999" Tag="2">
                        <WZUISpine Type="WZUISpine" GUID="{80503ca4-4110-49df-b8c2-f81176992ebd}" FileJson="ui/ui_jjc_weapon.json" FileAtlas="ui/ui_jjc_weapon.atlas" AnimationName="" Loop="True" RelativePosition="0.466668,1.75" AbsPosition="30,105" TouchEnable="False" Visible="False" Name="spWeapon_SceneGuildWarRoom" Scale="1.2" />
                        <WZUIImage Type="WZUIImage" GUID="{5187d2a2-c5f0-412f-9df2-70aba0964284}" Name="imgWeaponIcon_SceneGuildWarRoom" UseOriginSize="False" File="" TouchEnable="False" />
                        <Button Type="WZUIButton" Name="btnWeapon_SceneGuildWarRoom" LuaDoneFunctionName="onClickWeapon" Tag="2" GUID="{f149e74c-394b-4b2e-93c9-9fbc58e15ccb}">
                            <NormalElement Type="WZUIContainer" GUID="{0f48d4ce-520b-4a2c-8725-7c6c95781520}" />
                            <SelectElement Type="WZUIContainer" GUID="{2058152b-30d4-4d83-9c5f-fb0531a9ac5c}" />
                            <DisableElement Type="WZUIContainer" GUID="{cb2abddf-3621-4d48-a4bc-4c187010476b}" />
                        </Button>
                    </WZUIContainer>
                </WZUIContainer>
                <WZUIContainer Type="WZUIContainer" GUID="{83aa0d89-d551-485d-a307-d1ef418f6c62}" AbsContentSize="234,294" UseAbsSize="True" RelativePosition="0.83,0.992449" Name="conSeat3_SceneGuildWarRoom" AnchorPoint="0.5,1" AbsPosition="125.29,548.189" Tag="-1" Visible="True">
                    <WZUIContainer Type="WZUIContainer" GUID="{d22ebeac-78a2-4c17-b51b-f3379065dcc0}" Name="conSeatInfo_SceneGuildWarRoom" />
                    <WZUIContainer Type="WZUIContainer" GUID="{09cbe740-eaaf-44e8-8963-18967cf805c4}" AbsContentSize="105,105" UseAbsSize="True" Name="conPlayer_SceneGuildWarRoom" RelativePosition="0.5,0.47899" TouchEnable="False" />
                    <WZUIContainer Type="WZUIContainer" GUID="{37e667eb-2bd7-4ffb-b0a9-dee34997495e}" AbsContentSize="60,60" UseAbsSize="True" RelativePosition="0.24096,0.834187" Name="conPet_SceneGuildWarRoom" TouchEnable="False" />
                    <WZUIContainer Type="WZUIContainer" GUID="{d2f87ef7-e026-4465-b29b-44bc86195c0a}" Name="conFigureVoice_SceneGuildWarRoom" Visible="False">
                        <WZUIImage Type="WZUIImage" GUID="{44d2ddc2-1325-460a-a018-6b5201829feb}" Name="imgFigureVoice_SceneGuildWarRoom" File="ui/common/common_icon_yuying_02.png" UseOriginSize="True" RelativePosition="0.97773,0.013165" Scale="0.78" AnchorPoint="1,0" TouchEnable="False" AbsPosition="190.545,9.22543" Rotation="0" NameCreate="False" ScaleX="0.6" ScaleY="0.6" GrayRender="True" Visible="True" />
                        <WZUISpine Type="WZUISpine" GUID="{02b62041-4653-42fa-80ff-8026adf4b7a3}" FileAtlas="ui/voice_speaking.atlas" FileJson="ui/voice_speaking.json" Loop="True" AnimationName="voice_speaking" RelativePosition="0.882095,0.162803" ScaleX="0.6" ScaleY="0.6" Visible="False" Name="animFigureVoice_SceneGuildWarRoom" Scale="0.6" />
                    </WZUIContainer>
                    <WZUIImage Type="WZUIImage" GUID="{17d4c07b-9cde-4126-80ba-1f123e6caae9}" Name="imgPlayerStatus_SceneGuildWarRoom" File="" UseOriginSize="True" RelativePosition="0.953053,0.192429" Scale="0.78" AnchorPoint="1,0" TouchEnable="False" AbsPosition="190.545,9.22543" Rotation="7" NameCreate="False" />
                    <WZUIButton Type="WZUIButton" LuaDoneFunctionName="onClickCellRoomSeat" GUID="{50c19054-7880-42ea-a0d7-ca60236e4800}" Name="btnPlayerFigure_SceneGuildWarRoom" Tag="3" AbsContentSize="110,200" UseAbsSize="True" RelativePosition="0.5,0.530011" Visible="False">
                        <NormalElement Type="WZUIContainer" GUID="{742ce141-c8aa-446c-b62e-54f58de4e6d8}" />
                        <SelectElement Type="WZUIContainer" GUID="{1ef0d18e-38e0-4c48-b006-f971d43732e5}" />
                        <DisableElement Type="WZUIContainer" GUID="{2bb1c677-c0bf-41d2-b682-fc9b7965a236}" />
                    </WZUIButton>
                    <Button Type="WZUIButton" Name="btnPlayerPet_SceneGuildWarRoom" AbsContentSize="60,60" TouchEnable="True" UseAbsSize="True" RelativePosition="0.24096,0.834187" LuaDoneFunctionName="onClickPet" Visible="False" Tag="3" GUID="{c1dc2372-ef40-4ee1-8209-98a3c923304c}" Scale="2">
                        <NormalElement Type="WZUIContainer" GUID="{93ed1aaa-e6fd-4529-872c-e946df36a3c8}" />
                        <SelectElement Type="WZUIContainer" GUID="{7d24dd88-7db7-4842-adc8-18fa06dd6970}" />
                        <DisableElement Type="WZUIContainer" GUID="{08ac9827-6853-4518-953d-a03f9ff733c3}" />
                    </Button>
                    <WZUIContainer Type="WZUIContainer" GUID="{242c0dfe-c411-4eae-8c94-667fdb0fa879}" AbsContentSize="60,60" UseAbsSize="True" Name="conWeapon_SceneGuildWarRoom" RelativePosition="0.206772,0.289058" AbsPosition="41,35.4999" Tag="3">
                        <WZUISpine Type="WZUISpine" GUID="{22d25a4b-ac20-4aa2-b70f-9f69696b3b39}" FileJson="ui/ui_jjc_weapon.json" FileAtlas="ui/ui_jjc_weapon.atlas" AnimationName="" Loop="True" RelativePosition="0.466668,1.75" AbsPosition="30,105" TouchEnable="False" Visible="False" Name="spWeapon_SceneGuildWarRoom" Scale="1.2" />
                        <WZUIImage Type="WZUIImage" GUID="{44076df5-4741-472e-9817-6e27407e4234}" Name="imgWeaponIcon_SceneGuildWarRoom" UseOriginSize="False" File="" TouchEnable="False" />
                        <Button Type="WZUIButton" Name="btnWeapon_SceneGuildWarRoom" LuaDoneFunctionName="onClickWeapon" Tag="3" GUID="{9271c5fa-a94a-4a22-8596-e9482e716c30}">
                            <NormalElement Type="WZUIContainer" GUID="{f7897d0c-c92d-47bb-9a81-fb62f46ae3f3}" />
                            <SelectElement Type="WZUIContainer" GUID="{1ffae806-d15c-417b-b12e-1c9c4bf1af72}" />
                            <DisableElement Type="WZUIContainer" GUID="{57f7952f-bc6f-4a16-8038-426330f438a5}" />
                        </Button>
                    </WZUIContainer>
                </WZUIContainer>
            </WZUIContainer>
        </WZUIContainer>
        <WZUIContainer Type="WZUIContainer" GUID="{ca541505-bcd9-4ee8-8ccd-f91f6b9dc838}" TouchEnable="False" Visible="True" UseAbsSize="True" RelativePosition="0.5,0" Name="particle_SceneGuildWarRoom">
            <WZUIParticle Type="WZUIParticle" GUID="{1299891b-a4d3-408e-b7e9-0bd649446544}" PlistFile="particle/particle_tongyonglizi.plist" RelativePosition="0.5,0" TouchSwallow="True" TouchEnable="False" AnchorPoint="0.5,0" />
        </WZUIContainer>
        <WZUIButton AbsContentSize="35,35" AnchorPoint="0,0" LuaDoneFunctionName="onClickMic" Name="btnMic_SceneGuildWarRoom" Order="0" RelativePosition="" ShowAll="True" Type="WZUIButton" UseAbsSize="True" GUID="{69511d1c-4972-4eae-b513-f9d7bffd41d5}" Scale="0.9" UseAbsCoordinate="True" AbsPosition="19.4308,82.867">
            <NormalElement Type="WZUIContainer" GUID="{c1c42c01-942a-40e0-8228-690bcb962305}">
                <WZUIImage File="ui/common/common_icon_yuying02.png" Type="WZUIImage" UseOriginSize="True" GUID="{83e804eb-8282-4817-bc2e-538417c93ff6}" Visible="True" Scale="0.7" Name="imgMic1_SceneGuildWarRoom" GrayRender="True" ScaleX="0.7" ScaleY="0.7" ShowAll="False" />
            </NormalElement>
            <SelectElement Type="WZUIContainer" GUID="{0615dfad-5281-406a-8ee5-fd9e59f615ba}">
                <WZUIImage File="ui/common/common_icon_yuying02.png" Type="WZUIImage" UseOriginSize="True" Scale="0.7" GUID="{b6f5fcb9-c43c-4558-b5ae-5090607968f3}" Name="imgMic2_SceneGuildWarRoom" ScaleX="0.7" ScaleY="0.7" GrayRender="True" ShowAll="False" />
            </SelectElement>
            <DisableElement Type="WZUIContainer" GUID="{3d9c4e13-1f31-416b-ab23-26f790a190ba}" />
        </WZUIButton>
        <WZUIButton AbsContentSize="35,35" AnchorPoint="0,0" LuaDoneFunctionName="onClickSpeaker" Name="btnSpeaker_SceneGuildWarRoom" Order="0" RelativePosition="" ShowAll="True" Type="WZUIButton" UseAbsSize="True" GUID="{bfae981f-9e15-4a9b-9774-a19abeb74a2f}" Scale="0.9" Visible="True" UseAbsCoordinate="True" AbsPosition="19.4308,49.0057">
            <NormalElement Type="WZUIContainer" GUID="{46180dee-f261-45c6-8b3e-596b7f0184c4}">
                <WZUIImage File="ui/common/common_icon_yuying_02.png" Type="WZUIImage" UseOriginSize="True" GUID="{4861f80e-0f25-45ca-9565-a415188ec358}" Visible="True" Scale="0.7" Name="imgSpeaker1_SceneGuildWarRoom" GrayRender="True" ScaleX="0.7" ScaleY="0.7" ShowAll="False" />
            </NormalElement>
            <SelectElement Type="WZUIContainer" GUID="{53015b5c-d5d4-4d3b-a0af-e5e24ff8e56e}">
                <WZUIImage File="ui/common/common_icon_yuying_02.png" Type="WZUIImage" UseOriginSize="True" Scale="0.8" GUID="{80d31269-7347-41d9-897c-f1077370f027}" Name="imgSpeaker2_SceneGuildWarRoom" ScaleY="0.8" ScaleX="0.8" GrayRender="True" ShowAll="False" />
            </SelectElement>
            <DisableElement Type="WZUIContainer" GUID="{de63ca31-5839-49f4-aa33-8e9b6b8346b5}" />
        </WZUIButton>
    </WZUIFrame>
</SceneGuildWarRoom>
