﻿<SceneCommunityBossInfo GUID="{1c4b5d41-4922-495e-86ae-1f73021650b5}">
    <WZUIFrame GUID="{2de563b0-06a9-4b77-a916-6ff2d2ef039d}" LuaObjectName="SceneCommunityBossInfo" LuaTouchBeganFunction="onTouchBegan" Name="SceneCommunityBossInfo" NameCreate="True" RelativePosition="0.5,0.5" Scale="1" ShowAll="False" Type="WZUIFrame" AbsContentSize="960,640" UseAbsSize="True">
        <WZUIContainer Type="WZUIContainer" GUID="{39a94e7c-39b7-4e69-a330-d33f26b798bb}">
            <WZUI9Image Type="WZUI9Image" GUID="{dc6eefce-20f1-4cba-900e-73dead0487c0}" File="ui/common_bg/common_scale9_di2.png" Visible="True" UseOriginSize="True" Scale="2" />
        </WZUIContainer>
        <WZUIContainer Type="WZUIContainer" GUID="{fbab32fa-b97b-4bf4-87dc-4e1d19de870f}" ShowAll="True">
            <WZUIContainer AbsContentSize="" GUID="{17b4b0a0-7d5c-412d-b410-86fd70141e2c}" Type="WZUIContainer" UseAbsSize="False" Visible="True" TouchSwallow="False" ShowAll="False">
                <WZUIContainer Type="WZUIContainer" GUID="{a7e4f337-98a1-4373-a430-a85c4532f88e}" AbsContentSize="900,520" UseAbsSize="True" RelativePosition="0.5,0.45625" ShowAll="False" Visible="True">
                    <WZUI9Image Type="WZUI9Image" GUID="{a92c2a1f-c870-4398-a6e6-3df6b9038951}" File="ui/common/common_scale9_di32.png" Visible="True" />
                </WZUIContainer>
                <WZUIContainer Type="WZUIContainer" GUID="{20baa999-d996-4f58-9d20-b942ee510211}" AbsContentSize="886,80" UseAbsSize="True" RelativePosition="0.5,0.121397" ShowAll="False" Visible="True">
                    <WZUI9Image Type="WZUI9Image" GUID="{eb21a83c-7812-4fc7-9264-72f7fca10d41}" File="ui/common/common_scale9_di88.png" Visible="True" />
                </WZUIContainer>
                <WZUIContainer Type="WZUIContainer" GUID="{f3ca42ef-9461-44cf-a398-a28627a8d02a}" AbsContentSize="886,80" UseAbsSize="True" RelativePosition="0.5,0.119835" ShowAll="False" Visible="True">
                    <WZUI9Image Type="WZUI9Image" GUID="{67dd4954-a9e7-433c-a305-13bf6b9415d6}" File="ui/common/common_scale9_di88.png" Visible="True" />
                </WZUIContainer>
                <WZUIContainer Type="WZUIContainer" GUID="{0f6de2ea-407e-4e20-8f94-5a0ea8c1a00b}" UseAbsSize="True" AbsContentSize="294,400" RelativePosition="0.78494,0.5107" Visible="True">
                    <WZUI9Image Type="WZUI9Image" GUID="{b7c64bab-3f25-4761-89cf-937a53dd42e8}" File="ui/common/common_scale9_di7.png" />
                </WZUIContainer>
                <WZUIContainer Type="WZUIContainer" GUID="{f6f2075b-a71b-4e00-9273-b5870cdfc6ae}" UseAbsSize="True" AbsContentSize="292,234" RelativePosition="0.78494,0.5107" Visible="True">
                    <WZUIImage Type="WZUIImage" GUID="{8b0e0f93-d1be-4db8-9629-17c4f3381c96}" File="ui/common/common_scale9_di20.png" RelativePosition="0.503401,0.5" />
                </WZUIContainer>
                <WZUIContainer Type="WZUIContainer" GUID="{de35cc92-fe5e-4259-b51e-cf0a905bc0c3}" UseAbsSize="True" AbsContentSize="540,224" RelativePosition="0.337942,0.371636" Visible="True">
                    <WZUI9Image Type="WZUI9Image" GUID="{88da92c4-7b07-4667-9ce5-9da6c6cd63ee}" File="ui/common/common_scale9_di29.png" Opacity="127.5" />
                </WZUIContainer>
                <WZUIContainer Type="WZUIContainer" GUID="{4f12303d-6d3a-41a2-acc6-7b0264205ae5}" UseAbsSize="True" AbsContentSize="540,38" RelativePosition="0.337942,0.504449">
                    <WZUI9Image Type="WZUI9Image" GUID="{cdf0c709-b77e-476b-b214-587ac9f26d5d}" File="ui/common/common_scale9_di95.png" RelativePosition="0.5,0.710526" />
                </WZUIContainer>
                <WZUIContainer Type="WZUIContainer" GUID="{b46e31ff-5227-4968-be53-d2cc9ba55474}" UseAbsSize="True" AbsContentSize="290,90" RelativePosition="0.458669,0.63035">
                    <WZUIImage Type="WZUIImage" GUID="{0cea48dd-f9c1-47d9-80e8-b029f9211eac}" File="ui/common/common_scale9_di87.png" RelativePosition="0.5,0.5" />
                </WZUIContainer>
            </WZUIContainer>
            <WZUIContainer Type="WZUIContainer" GUID="{7e7587d9-4048-4546-93a4-7c6cdbc3a638}" AbsContentSize="730,500" UseAbsSize="True" AnchorPoint="0.5,0.5" RelativePosition="0.412958,0.453921" TouchEnable="True" ShowAll="False" Visible="True" RelativeSize="1,1" UseAbsCoordinate="False" Name="leftView">
                <WZUIContainer Type="WZUIContainer" GUID="{6f22e888-6cd7-40e9-a0fe-314d292a2fa8}" RelativePosition="0.245532,0.780761" Name="head">
                    <WZUIImage Type="WZUIImage" GUID="{88f7ad22-f3a4-476c-889b-77415062f51d}" RelativeSize="0.3,0.4" File="ui/common/common_pic_diwen2.png" UseOriginSize="True" RelativePosition="0.443836,0.526" Name="" ScaleX="0.6" ScaleY="0.6" />
                    <WZUIContainer Type="WZUIContainer" GUID="{386d8885-8a66-4cad-8e0b-ed4878d91669}" Name="conBossAni_SceneCommunityBossInfo" UseAbsSize="True" AbsContentSize="100,100" AnchorPoint="0.5,0.5" RelativePosition="0.444672,0.527695" />
                </WZUIContainer>
                <WZUIContainer Type="WZUIContainer" GUID="{95e16e5c-711c-4a94-977a-912bb05a85a6}" RelativePosition="0.544678,0.975816" Name="info">
                    <WZUIContainer Type="WZUIContainer" GUID="{ece065c5-dfd8-4a9c-964c-5d7e1cace83c}" UseAbsSize="True" AbsContentSize="272,18" RelativePosition="0.47,0.386445" Name="conProHp_SceneCommunityBossInfo" Scale="0.95">
                        <WZUI9Image Type="WZUI9Image" GUID="{0d950b78-61ea-490a-8ec5-66acddba6b8b}" File="ui/common/common_progress_boss2_bg.png" RelativePosition="0.5,0.5" />
                        <WZUIProgress Type="WZUIProgress" GUID="{5d6ceba1-a828-42e6-8bbd-6aa9e185a97f}" BgPicture="ui/common/common_progress_boss2_fore.png" Percentage="50" Name="proHp_SceneCommunityBossInfo" RelativePosition="0.5,0.555556" RelativeSize="1,1" />
                        <WZUILabelTTF Type="WZUILabelTTF" GUID="{e8c27803-7d37-4619-93d5-1eb92d6d4204}" Name="labProHp_SceneCommunityBossInfo" LabelStyleKey="C1_F16_S4_C2" Text="100%" RelativePosition="0.5,0.5" />
                    </WZUIContainer>
                    <WZUILabelTTF Type="WZUILabelTTF" GUID="{7fa3b44f-c3d3-4102-81be-643068fc5ec9}" Text="" LabelStyleKey="C11_F20_S4_C5" Name="labBossName_SceneCommunityBossInfo" RelativePosition="0.298146,0.454643" AnchorPoint="0,0.5" />
                    <WZUILabelTTF Type="WZUILabelTTF" GUID="{5f38ede9-d77f-4605-b9ac-b6700f43716a}" Text="" LabelStyleKey="C1_F20_S4_C5" Name="labFightCost_SceneCommunityBossInfo" RelativePosition="0.677459,0.454418" AnchorPoint="1,0.5" />
                    <WZUIContainer Type="WZUIContainer" GUID="{002457d3-8e12-4109-aea4-08dcbdd0a207}" RelativePosition="0.694149,0.459322" UseAbsSize="True" AbsContentSize="25,28">
                        <WZUIImage Type="WZUIImage" GUID="{d18a9afa-3595-4940-97f7-81185ff41f7d}" File="ui/common/common_icon_huoli.png" />
                    </WZUIContainer>
                    <WZUILabelTTF Type="WZUILabelTTF" GUID="{1fefabeb-52f0-4ef8-8eb4-e7e04902f10f}" LabelStyleKey="C1_F20" TextKey="" Text="aaaa" RelativePosition="0.505572,0.247797" Alignment="Left" Dimensions="280,90" AnchorPoint="0.5,0.5" Name="labBossDes_SceneCommunityBossInfo" />
                    <Button Type="WZUIButton" GUID="{42b57404-96c7-405a-82eb-03aaf3aae9cf}" AbsContentSize="120,60" UseAbsSize="True" RelativePosition="0.696029,0.386445" LuaDoneFunctionName="onRank" Scale="0.5">
                        <NormalElement Type="WZUIContainer" GUID="{21617f72-3c8d-4f4f-862f-1d76f40ea80c}">
                            <WZUIImage Type="WZUIImage" GUID="{54122c6f-4775-4373-b25e-d2ec27b44ffb}" File="ui/common/common_btn_anniu3_1.png" UseOriginSize="True" />
                        </NormalElement>
                        <SelectElement Type="WZUIContainer" GUID="{25087043-81f8-4341-bfe4-2cfe71893ea2}">
                            <WZUIImage Type="WZUIImage" GUID="{1a1582dd-1bf2-4b7e-92f0-b37dc6059ac7}" File="ui/common/common_btn_anniu3_1_sel.png" UseOriginSize="True" />
                        </SelectElement>
                        <DisableElement Type="WZUIContainer" GUID="{b3c88372-9661-47c2-a201-6a4fdc5546a3}" />
                        <WZUILabelTTF Type="WZUILabelTTF" GUID="{1b123467-2ba0-4222-803e-2f9a89bbb2b3}" TextKey="RANK" LabelStyleKey="C1_F20_S4_C2" TouchEnable="False" RelativePosition="0.5,0.5" Scale="1.8" />
                    </Button>
                </WZUIContainer>
                <WZUIContainer Type="WZUIContainer" GUID="{bde8bce6-4032-496f-a0df-b53a52205a0e}" RelativePosition="0.5,0.481016" Name="item">
                    <WZUILabelTTF Type="WZUILabelTTF" GUID="{af30e097-5462-43bc-85c9-a9a386ffc9a8}" LabelStyleKey="C11_F20_S4_C5" Text="Boss可能掉落如下道具" RelativePosition="0.19538,0.597627" TextKey="GUILD_BOSS_DROP" Name="txtItem_SceneCommunityBossInfo" />
                    <WZUILabelTTF Type="WZUILabelTTF" GUID="{b7ddabdd-6386-4013-b58f-5296e9e26698}" LabelStyleKey="C1_F20" Text="" AnchorPoint="1,0.5" TextKey="" Name="labFighterNum_WndCommunityBossWarRank" RelativePosition="0.720725,0.596203" />
                    <WZUIContainer Type="WZUIContainer" GUID="{d2a46c50-415d-4e97-99c7-32917d2e73a9}" AbsContentSize="480,160" UseAbsSize="True" RelativePosition="0.388739,0.369795" Order="11" Name="conTable">
                        <WZUITableContainer Type="WZUITableContainer" GUID="{20c7fb9e-8d48-4590-8481-e4aea5c22d01}" Name="conTabItem_WndCommunityBossWarRank" AbsContentSize="480,160" UseAbsSize="True" RelativePosition="0.5,0.5" CellElementHeight="0.5" EnableMoveHorizontal="False" EnableVerticalScroll="True" ScissorHeight="1" ColumnCount="6" VerticalInterval="0" HorizontalInterval="0" VerticalAbsInterval="0" HorizontalAbsInterval="0" EnableHorizontalScroll="False" />
                    </WZUIContainer>
                </WZUIContainer>
                <WZUIContainer Type="WZUIContainer" GUID="{47f2fd2f-853c-498f-9dba-c5da3bf47e11}" Name="conHead_SceneCommunityBossInfo" RelativePosition="0.18471,0.527697" UseAbsSize="True" AbsContentSize="230,230" AnchorPoint="0.5,0" />
            </WZUIContainer>
            <WZUIContainer Type="WZUIContainer" GUID="{6b741ddf-ecd2-45e7-b030-a365b41f71aa}" AbsContentSize="300,400" UseAbsSize="True" AnchorPoint="0.5,0.5" RelativePosition="0.787587,0.507613" TouchEnable="True" ShowAll="False" Visible="True" RelativeSize="1,1" UseAbsCoordinate="False" Name="rightView">
                <WZUIContainer Type="WZUIContainer" GUID="{89b67189-84d3-4e3c-97c1-cafd4075984b}" RelativePosition="0.503333,0.4975">
                    <WZUILabelTTF Type="WZUILabelTTF" GUID="{90368b90-0ac1-4a79-975c-c6a7d938c66d}" LabelStyleKey="C18_F24_S4_C14" TextKey="" Text="" AnchorPoint="0.5,0.5" RelativePosition="0.5,0.931887" Name="labHurtPerc_SceneCommunityBossInfo" />
                    <WZUILabelTTF Type="WZUILabelTTF" GUID="{1dd4b488-1fb6-40de-aaac-084df36df61c}" LabelStyleKey="" TextKey="GUILD_BOSS_INSPIRE_TIPS" Text="(PS：本次伤害效果只对BOSS有效)" AnchorPoint="0.5,0.5" RelativePosition="0.5,0.845323" FontSize="16" Color="127,70,26" Name="txtDescHurt_SceneCommunityBossInfo" />
                    <WZUILabelTTF Type="WZUILabelTTF" GUID="{74382ed2-87a9-4315-9a5d-90d6fab73982}" LabelStyleKey="C13_F20" TextKey="GUILD_BOSS_INSPIRE_PLAYERS" Text="本次鼓舞玩家" AnchorPoint="0.5,0.5" RelativePosition="0.5,0.735823" />
                    <WZUIContainer Type="WZUIContainer" GUID="{068030ba-e460-4854-a839-54963e031ab3}" AbsContentSize="280,190" UseAbsSize="True" RelativePosition="0.5,0.460969" Order="11" Name="conForPlayer_WndCommunityBossWarRank">
                        <WZUITableContainer Type="WZUITableContainer" GUID="{d4ddf33c-69cb-4525-8d6f-7f58a3428e4e}" Name="conTabPlayer_WndCommunityBossWarRank" AbsContentSize="280,190" UseAbsSize="True" RelativePosition="0.5,0.5" CellElementHeight="0.2" EnableMoveHorizontal="False" EnableVerticalScroll="True" ScissorHeight="1" ColumnCount="1" VerticalInterval="0" HorizontalInterval="0" VerticalAbsInterval="5" HorizontalAbsInterval="0" />
                    </WZUIContainer>
                </WZUIContainer>
                <Button Type="WZUIButton" RelativePosition="0.506498,0.119492" AbsContentSize="100,100" UseAbsSize="True" GUID="{e1a18890-a50e-4a11-90d4-ca77935c40ba}" LuaDoneFunctionName="onInspireBtn" LuaActionName="Normal">
                    <NormalElement Type="WZUIContainer" GUID="{ea8823f4-56f1-49cc-a9c4-812834b2975f}">
                        <WZUIImage Type="WZUIImage" GUID="{32ecf578-9f63-4992-8ea5-6df3107ade74}" File="ui/common/common_btn_anniu10_1.png" UseOriginSize="True" />
                        <WZUILabelTTF Type="WZUILabelTTF" GUID="{33f7e894-cabf-4e08-943d-57dd12a416a0}" Text="GUILD_BOSS_INSPIRE_ALL" LabelStyleKey="C1_F26_S4_C4" TextKey="GUILD_BOSS_INSPIRE_ALL" Name="txtBtn1_SceneCommunityBossInfo" />
                    </NormalElement>
                    <SelectElement Type="WZUIContainer" GUID="{5fde8a2a-0170-4992-8475-f703dbd5e89b}">
                        <WZUIImage Type="WZUIImage" GUID="{cb1b910c-ef0d-49d1-80ce-15970b0c7757}" File="ui/common/common_btn_anniu10_1_sel.png" UseOriginSize="True" Scale="1" />
                        <WZUILabelTTF Type="WZUILabelTTF" GUID="{716905c6-7244-480e-90cc-451f459169b8}" Text="GUILD_BOSS_INSPIRE_ALL" LabelStyleKey="C1_F26_S4_C4" TextKey="GUILD_BOSS_INSPIRE_ALL" Name="txtBtn2_SceneCommunityBossInfo" />
                    </SelectElement>
                    <DisableElement Type="WZUIContainer" GUID="{b7865e72-6b40-4463-a698-9f2d0fd9a530}" />
                </Button>
            </WZUIContainer>
            <WZUIContainer Type="WZUIContainer" GUID="{cb7d140c-23f6-4647-a1d2-17fb1af33cc3}" AbsContentSize="180,65" UseAbsSize="True" RelativePosition="0.500462,0.116527">
                <Button Type="WZUIButton" RelativePosition="0.5,0.5" AbsContentSize="180,60" UseAbsSize="False" GUID="{ae55edab-6672-4b16-8a22-f8b76aa09ce3}" LuaDoneFunctionName="onFightBtn" LuaActionName="Normal" ShowAll="False">
                    <NormalElement Type="WZUIContainer" GUID="{d1e74d30-2984-463c-8504-5660cc796486}">
                        <WZUIImage Type="WZUIImage" GUID="{8bb33ecd-2792-495c-8958-de3113d01991}" File="ui/common/common_btn_anniu8.png" UseOriginSize="False" ScaleX="1" ScaleY="1" />
                        <WZUIImage Type="WZUIImage" GUID="{b03d9eea-a3e4-4e79-9b42-b67cdc14e5d2}" File="ui/common/common_icon_tiaozhan.png" UseOriginSize="True" RelativePosition="0.5,0.561538" />
                    </NormalElement>
                    <SelectElement Type="WZUIContainer" GUID="{f7762066-4965-490e-aac6-a49592dfc4c0}">
                        <WZUIImage Type="WZUIImage" GUID="{9cb9cc78-f6d0-44f1-ba8f-51c1a5e13e31}" File="ui/common/common_btn_anniu8_sel.png" UseOriginSize="False" Scale="1" />
                        <WZUIImage Type="WZUIImage" GUID="{ab36ebef-e321-4bbe-a107-f1bc0a61fb5f}" File="ui/common/common_icon_tiaozhan.png" UseOriginSize="True" RelativePosition="0.5,0.561538" />
                    </SelectElement>
                    <DisableElement Type="WZUIContainer" GUID="{c9ee264e-9564-4a74-9ed0-ea3bd8c57425}" />
                </Button>
            </WZUIContainer>
        </WZUIContainer>
    </WZUIFrame>
</SceneCommunityBossInfo>
