﻿<SceneWorldTeamBoss GUID="{1a624aa2-7f86-44f9-8250-09a58a84fa3c}">
    <WZUIFrame AbsContentSize="" AbsPosition="480,320" GUID="{75ef6d84-079b-4a38-9e58-fea6c25724de}" LuaObjectName="SceneWorldTeamBoss" LuaTouchBeganFunction="onCloseTips" Name="SceneWorldTeamBoss" NameCreate="True" Type="WZUIFrame" UseAbsCoordinate="True" UseAbsSize="False">
        <WZUIContainer AbsContentSize="" GUID="{fb04bae1-0950-4487-ada5-a4e249adf133}" Type="WZUIContainer" UseAbsSize="False" Visible="True" TouchSwallow="False">
            <WZUIImage Type="WZUIImage" GUID="{c48e6098-d1cc-4c09-83a7-6e9174ff6cda}" File="ui/common_bg/common_scale9_di2.png" />
            <WZUIParticle Type="WZUIParticle" GUID="{34fb1fdc-8d74-4942-b44b-20d9bf54a044}" PlistFile="particle/particle_tongyonglizi.plist" RelativePosition="0.5,0.1" />
        </WZUIContainer>
        <WZUIContainer Type="WZUIContainer" GUID="{35294ce6-5d8c-4649-a094-48c4398bf690}" AbsContentSize="780,560" UseAbsSize="True" RelativePosition="0.492708,0.453126" Name="conBossInfo_SceneWorldTeamBoss" Visible="True" ShowAll="True" Order="0">
            <WZUIContainer Type="WZUIContainer" GUID="{22a06a87-1dc9-4c16-92a0-93fd21ab331c}" AbsContentSize="100,130" UseAbsSize="True" RelativePosition="0.984,0.78434" AnchorPoint="0,0.5" Visible="True">
                <WZUICheckBoxGroup Type="WZUICheckBoxGroup" GUID="{a6eb7c03-889f-4fb4-ae37-c62adc53d416}" AbsContentSize="" UseAbsSize="False" RelativePosition="0.5,0.5" Visible="True" Order="-1">
                    <CheckBox Type="WZUICheckBox" GUID="{00ad0740-04d8-4c42-984a-aebc3bed740b}" AbsContentSize="" UseAbsSize="False" Name="" NameCreate="True" AnchorPoint="0,0.5" RelativePosition="0,0.75" SelectedIndex="0" Visible="True" LuaCheckedFunctionName="" Tag="1" LuaSelectedFunctionName="onCheckBox" RelativeSize="1,0.5">
                        <CheckElement Type="WZUIContainer" GUID="{215472db-d411-485b-8d19-20495977d44e}" RelativePosition="0.5,0.5">
                            <WZUIImage Type="WZUIImage" GUID="{55f84fc9-15cc-4486-91f7-2f22c8d3760f}" File="ui/common/common_btn_biaoqian.png" UseOriginSize="True" TouchEnable="True" AnchorPoint="1,0.5" RelativePosition="1,0.5" />
                            <WZUILabelTTF Type="WZUILabelTTF" GUID="{ac9ba73e-d4d0-4ad6-8aee-3bd520630600}" Color="255,236,193" EnableStroke="True" FontSize="26" StrokeColor="105,65,46" StrokeSize="4" Text="" Name="txtCheck1_SceneWorldTeamBoss" NameCreate="True" TextKey="SETTLMENT_DAMAGE" />
                        </CheckElement>
                        <CheckElement Type="WZUIContainer" GUID="{91a27fe1-05ef-4aac-8c6b-d39ce997e212}" />
                    </CheckBox>
                    <CheckBox Type="WZUICheckBox" GUID="{5bde1e3b-40ea-4f3a-bd4a-97c23c27cb8a}" AbsContentSize="" UseAbsSize="False" Name="" NameCreate="True" RelativePosition="0,0.25" Visible="True" Tag="2" LuaCheckedFunctionName="" LuaSelectedFunctionName="onCheckBox" SelectedIndex="0" AnchorPoint="0,0.5" RelativeSize="1,0.5">
                        <CheckElement Type="WZUIContainer" GUID="{f69682fc-0da2-40e9-881b-711cd88169e9}" RelativePosition="0.5,0.5">
                            <WZUIImage Type="WZUIImage" GUID="{86de6774-b7c4-4c69-9c43-6d3330f32bb1}" File="ui/common/common_btn_biaoqian.png" UseOriginSize="True" TouchEnable="True" RelativePosition="1,0.5" AnchorPoint="1,0.5" />
                            <WZUILabelTTF Type="WZUILabelTTF" GUID="{402a33bb-fed9-453e-aa74-ba9a8664dcf2}" Color="255,236,193" EnableStroke="True" FontSize="26" StrokeColor="105,65,46" StrokeSize="4" Text="" Name="txtCheck2_SceneWorldTeamBoss" NameCreate="True" TextKey="ROOM1" />
                        </CheckElement>
                        <CheckElement Type="WZUIContainer" GUID="{64882f03-c340-4844-92c7-5d1a687f838d}" />
                    </CheckBox>
                    <CheckBox Type="WZUICheckBox" GUID="{e7247fb7-f665-490c-ab8e-7ac4903578a5}" AbsContentSize="" UseAbsSize="False" Name="" NameCreate="True" RelativePosition="0,-0.25" Visible="True" Tag="3" LuaCheckedFunctionName="" LuaSelectedFunctionName="onCheckBox" SelectedIndex="0" AnchorPoint="0,0.5" RelativeSize="1,0.5">
                        <CheckElement Type="WZUIContainer" GUID="{77868ffd-9368-401f-a866-307eef9804f3}" RelativePosition="0.5,0.5">
                            <WZUIImage Type="WZUIImage" GUID="{1d4fe083-433c-4038-a026-48711e5ec1a9}" File="ui/common/common_btn_biaoqian.png" UseOriginSize="True" TouchEnable="True" RelativePosition="1,0.5" AnchorPoint="1,0.5" />
                            <WZUILabelTTF Type="WZUILabelTTF" GUID="{0731e895-2688-4801-a319-a72d72f77d75}" Color="255,236,193" EnableStroke="True" FontSize="26" StrokeColor="105,65,46" StrokeSize="4" Text="" Name="txtCheck3_SceneWorldTeamBoss" NameCreate="True" TextKey="ATH_REWARD_CHECK" />
                        </CheckElement>
                        <CheckElement Type="WZUIContainer" GUID="{f93a271b-2ff8-4144-9b6a-5f73d4205152}" />
                    </CheckBox>
                </WZUICheckBoxGroup>
            </WZUIContainer>
            <WZUIContainer Type="WZUIContainer" GUID="{a062c871-e0d2-42b2-b920-e40e6e097e1f}" RelativeSize="0.39,1" AnchorPoint="0,0.5" RelativePosition="-0.073,0.505769" Visible="True" AbsContentSize="316,554">
                <WZUIContainer Type="WZUIContainer" GUID="{9acb53ae-c613-4fba-a589-0849a9e1871b}" RelativeSize="1,0.75" AnchorPoint="0.5,1" RelativePosition="0.5,0.998214" Visible="True" AbsPosition="152.1,518.481">
                    <WZUIContainer Type="WZUIContainer" GUID="{53c611bc-875e-40b7-ac82-141ef410ad81}" Visible="True" AnchorPoint="0.5,0.5">
                        <WZUIImage Type="WZUIImage" GUID="{de695207-43ce-4d57-81aa-202724db6a57}" Name="imgBossPic_SceneWorldTeamBoss" File="ui/world_boss/common_scale9_boss.png" Visible="True" />
                        <WZUIContainer Type="WZUIContainer" GUID="{cb96377e-ef24-4864-baba-9bfdc6ea2b6f}" AnchorPoint="0.5,1" RelativePosition="0.5,0.9" RelativeSize="0.7,0.6" Name="conMoster_SceneWorldTeamBoss">
                            <WZUILabelTTF Type="WZUILabelTTF" GUID="{4597bd0d-5b58-4ac0-89a6-98c1e1f35a17}" FontSize="20" Color="255,236,193" StrokeSize="4" StrokeColor="105,65,46" Name="txtMonsterName_SceneWorldTeamBoss" Order="1" RelativePosition="0.5,0.9" EnableStroke="True" />
                            <WZUIImage Type="WZUIImage" GUID="{95f81e7e-d970-47e6-8ee5-bf394439c7ff}" File="ui/common/common_icon_yy.png" UseOriginSize="True" RelativePosition="0.5,0.05" />
                        </WZUIContainer>
                    </WZUIContainer>
                    <WZUIContainer AbsContentSize="" GUID="{d4305920-c3a8-4307-b47e-277058b81575}" RelativePosition="0.5,0.23108" Type="WZUIContainer" UseAbsSize="False" Visible="True" RelativeSize="1,0.2" AnchorPoint="0.5,1">
                        <WZUIContainer AbsContentSize="226,20" AnchorPoint="0,0" GUID="{5da5ded0-d405-4e98-ad02-6516c3f7a339}" RelativePosition="0.216962,0.578616" RelativeSize="1,0.5" Type="WZUIContainer" UseAbsSize="True">
                            <WZUI9Image File="ui/common/common_progress_boss1_bg.png" GUID="{3a37296f-d770-45fd-a2b7-09cb10a98cc8}" RelativePosition="0.5,0.5" Type="WZUI9Image" UseOriginSize="True" />
                            <WZUIProgress BgPicture="ui/common/common_progress_boss1_fore.png" GUID="{31de116e-e5eb-4829-91c4-a67b39ce8eac}" Name="progBossBlood_SceneWorldTeamBoss" Percentage="70" RelativePosition="0.5,0.5" Type="WZUIProgress" UseOriginSize="False" RelativeSize="1,0.9" Rotation="" FlipY="False" FlipX="False" />
                            <WZUILabelTTF Type="WZUILabelTTF" GUID="{5b7b4999-bb17-4608-9cb4-c5dff9b41e49}" Color="246,225,225" FontSize="20" Text="" Name="txtBossBlood_SceneWorldTeamBoss" NameCreate="True" EnableStroke="True" LabelStyleKey="NORMAL_EXP_PROGRESS" />
                            <WZUIContainer Type="WZUIContainer" GUID="{e8dec2b0-b73f-4be6-9c04-0a54f73068c6}">
                                <WZUIContainer Type="WZUIContainer" GUID="{aa6ebe15-e6a6-45b7-a265-adbf4c9006b5}" Name="conRewardBox1_SceneWorldTeamBoss" AbsContentSize="80,80" UseAbsSize="True" RelativePosition="0.3,1.9" Scale="0.55" ScaleX="0.55" ScaleY="0.55">
                                    <Button Type="WZUIButton" GUID="{e25714ac-1676-4f66-816e-2f85f837b35a}" RelativePosition="0.5,0.5" LuaDoneFunctionName="onClickRewardBox" Tag="1" Name="">
                                        <NormalElement Type="WZUIContainer" GUID="{1600fbed-9821-4a32-b7f6-9dafa5c494fa}" />
                                        <SelectElement Type="WZUIContainer" GUID="{a468494d-f446-4a16-bde0-42ccdf584e98}" />
                                        <DisableElement Type="WZUIContainer" GUID="{1d387bd3-4456-4b76-83bd-fe1c101af2c0}" />
                                    </Button>
                                    <WZUIImage Type="WZUIImage" GUID="{ab371aac-f82f-406e-93b4-3c20ee7c608a}" File="ui/common/common_icon_lan1.png" UseOriginSize="True" Name="imgNormal_SceneWorldTeamBoss" TouchEnable="False" />
                                    <WZUIImage Type="WZUIImage" GUID="{fde5297a-d740-4cfb-b84e-989a0498bd42}" File="ui/common/common_icon_lan3.png" UseOriginSize="True" Name="imgGet_SceneWorldTeamBoss" Visible="False" TouchEnable="False" />
                                    <WZUIImage Type="WZUIImage" GUID="{ce948eca-0000-4b94-9a0a-d1066895d1fc}" File="ui/common/common_icon_dw.png" UseOriginSize="True" RelativePosition="0.5,-0.4125" />
                                </WZUIContainer>
                                <WZUIContainer Type="WZUIContainer" GUID="{1fbafc51-4cf9-4479-a438-6318caf31533}" Name="conRewardBox2_SceneWorldTeamBoss" AbsContentSize="80,80" UseAbsSize="True" RelativePosition="0.6,1.9" Scale="0.55" ScaleX="0.55" ScaleY="0.55">
                                    <Button Type="WZUIButton" GUID="{30fba6ba-9806-4afb-9346-59695fee1954}" RelativePosition="0.5,0.5" LuaDoneFunctionName="onClickRewardBox" Tag="2" Name="">
                                        <NormalElement Type="WZUIContainer" GUID="{254a89b6-0144-4416-8734-a9c7a3ecfe9c}" />
                                        <SelectElement Type="WZUIContainer" GUID="{214dadf6-f30b-4f2a-9bae-8ef4e6ae4deb}" />
                                        <DisableElement Type="WZUIContainer" GUID="{04042ac5-e17f-421f-9085-15db1adca1fa}" />
                                    </Button>
                                    <WZUIImage Type="WZUIImage" GUID="{4855de71-736f-4cb3-8b7b-fc0635948cec}" File="ui/common/common_icon_zi1.png" UseOriginSize="True" Name="imgNormal_SceneWorldTeamBoss" TouchEnable="False" />
                                    <WZUIImage Type="WZUIImage" GUID="{5d614b22-c06b-452c-bd3e-3fdcec6325d6}" File="ui/common/common_icon_zi3.png" UseOriginSize="True" Name="imgGet_SceneWorldTeamBoss" Visible="False" TouchEnable="False" />
                                    <WZUIImage Type="WZUIImage" GUID="{2e058002-42cb-4c96-8a91-c769695ef70f}" File="ui/common/common_icon_dw.png" UseOriginSize="True" RelativePosition="0.5,-0.4125" />
                                </WZUIContainer>
                                <WZUIContainer Type="WZUIContainer" GUID="{d6a77b55-0088-42f2-b126-52448e703c8c}" Name="conRewardBox3_SceneWorldTeamBoss" AbsContentSize="80,80" UseAbsSize="True" RelativePosition="0.9,1.9" Scale="0.55" ScaleX="0.55" ScaleY="0.55">
                                    <Button Type="WZUIButton" GUID="{b399e772-7277-432f-826d-d48787e145e5}" RelativePosition="0.5,0.5" LuaDoneFunctionName="onClickRewardBox" Tag="3" Name="">
                                        <NormalElement Type="WZUIContainer" GUID="{c9dbaee7-259c-440f-97a8-bd53f5592cfd}" />
                                        <SelectElement Type="WZUIContainer" GUID="{2ca5777d-f994-4eed-99d7-791d3deea7ef}" />
                                        <DisableElement Type="WZUIContainer" GUID="{ef567f25-8a20-4138-a4a9-f4c4d27eab19}" />
                                    </Button>
                                    <WZUIImage Type="WZUIImage" GUID="{7fb75803-cfb8-4dd7-acd0-acd186e242e6}" File="ui/common/common_icon_huang1.png" UseOriginSize="True" Name="imgNormal_SceneWorldTeamBoss" TouchEnable="False" />
                                    <WZUIImage Type="WZUIImage" GUID="{c569995d-5a45-4b78-ba85-63706e72a91c}" File="ui/common/common_icon_huang3.png" UseOriginSize="True" Name="imgGet_SceneWorldTeamBoss" Visible="False" TouchEnable="False" />
                                    <WZUIImage Type="WZUIImage" GUID="{a9e5dce6-dcf4-4ff8-8fdf-061f448a8ca6}" File="ui/common/common_icon_dw.png" UseOriginSize="True" RelativePosition="0.5,-0.4125" />
                                </WZUIContainer>
                            </WZUIContainer>
                        </WZUIContainer>
                        <WZUILabelTTF Type="WZUILabelTTF" GUID="{f9adbdc2-12f0-4322-8490-01cdf7fb7336}" Color="255,236,193" FontSize="22" Name="txtLv_SceneWorldTeamBoss" Text="" RelativePosition="0.0428172,0.678132" Alignment="Left" AnchorPoint="0,0.5" />
                        <WZUIFreeTextBox Type="WZUIFreeTextBox" GUID="{59accf20-df1f-49f5-a217-2c8b4e039dd5}" Name="txtFightAdd_SceneWorldTeamBoss" MaxWidth="500" RelativePosition="0.5,0.311321" />
                    </WZUIContainer>
                    <WZUILabelTTF Type="WZUILabelTTF" GUID="{614f81ce-3731-4966-96d5-f101a2730b12}" Name="txtLeftTimes_SceneWorldTeamBoss" FontSize="20" Color="255,236,193" StrokeSize="4" StrokeColor="105,65,46" AnchorPoint="0,0.5" RelativePosition="0.05,0.95" Text="" EnableStroke="True" />
                </WZUIContainer>
                <WZUIContainer AbsContentSize="" GUID="{933cbd5a-ba27-4483-ae99-b114d2860bcb}" RelativePosition="0.5,0.07" Type="WZUIContainer" UseAbsSize="False" Visible="True" RelativeSize="1,0.18" AnchorPoint="0.5,0" AbsPosition="152.1,18">
                    <WZUIContainer Type="WZUIContainer" GUID="{ad610bc1-4826-4ee9-bfcc-1ff00eca3d7b}" RelativeSize="0.5,1" AnchorPoint="0,0.5" RelativePosition="0,0.5" AbsContentSize="" UseAbsSize="False">
                        <WZUIButton AbsContentSize="140,65" AnchorPoint="0.5,0.5" GUID="{d70c7b31-bdcf-486d-8440-9e7035ddeeae}" LuaDoneFunctionName="onGoldInspire" RelativePosition="0.467127,0.34" Type="WZUIButton" UseAbsSize="True" Name="btnGold_SceneWorldTeamBoss" RelativeSize="1,1" LuaActionName="Normal" LocalInterval="300">
                            <NormalElement GUID="{02873f8a-da1d-4b22-99a2-fad19250024c}" Type="WZUIContainer">
                                <WZUIImage Type="WZUIImage" GUID="{ace13246-2812-4db4-b7a5-a4fe3d7d582c}" File="ui/common/common_btn_anniu3.png" UseOriginSize="False" />
                            </NormalElement>
                            <SelectElement GUID="{37489088-c986-4a7f-ba92-ea49e1f0322e}" Type="WZUIContainer" Scale="1">
                                <WZUIImage Type="WZUIImage" GUID="{2a4be992-fd19-45a5-a211-cbeb34daf180}" File="ui/common/common_btn_anniu3_sel.png" UseOriginSize="False" />
                            </SelectElement>
                            <DisableElement GUID="{b30b19d9-7102-441a-8fbc-39f4f41e104b}" Type="WZUIContainer">
                                <WZUIImage Type="WZUIImage" GUID="{aaa3f33d-2858-4372-8769-1266190551c8}" File="ui/common/common_btn_anniu3.png" UseOriginSize="False" GrayRender="True" />
                            </DisableElement>
                            <WZUIFreeTextBox Type="WZUIFreeTextBox" GUID="{2153541b-4c71-47f2-86da-7810093a60f2}" Name="ftxtGoldCost_SceneWorldTeamBoss" RelativeSize="1,1" RelativePosition="0.5,0.5" MaxWidth="400" AnchorPoint="0.5,0.5" />
                        </WZUIButton>
                        <WZUIFreeTextBox Type="WZUIFreeTextBox" GUID="{cda994fc-1b78-4b9b-85ba-23370c11e0d6}" Name="ftbCDGold_SceneWorldTeamBoss" RelativeSize="1,1" RelativePosition="0.5,0.828889" MaxWidth="400" />
                        <WZUILabelTTF Type="WZUILabelTTF" GUID="{30dd2b78-0bc3-4b10-9fd4-97ff8aa4a2c4}" Text="00:30" Color="255,236,193" FontSize="22" Alignment="Center" AnchorPoint="0.5,0.5" RelativePosition="0.5,0.839572" Name="txtCDGold_SceneWorldTeamBoss" TextKey="MAYBE_SUCCESS_SCENEWORLDBOSS" StrokeColor="105,65,46" StrokeSize="4" EnableStroke="True" />
                    </WZUIContainer>
                    <WZUIContainer Type="WZUIContainer" GUID="{947b0c33-cd2d-42b5-9948-f384bc51c8a7}" RelativeSize="0.5,1" AnchorPoint="1,0.5" RelativePosition="1,0.5" AbsContentSize="" UseAbsSize="False">
                        <WZUIButton AbsContentSize="140,65" AnchorPoint="0.5,0.5" GUID="{16db5461-fc21-4959-9af9-d90bee9bb166}" LuaDoneFunctionName="onDiamondInspire" RelativePosition="0.526299,0.34" Type="WZUIButton" UseAbsSize="True" Name="btnDiamond_SceneWorldTeamBoss" RelativeSize="1,1" TouchEnable="True" LuaActionName="Normal" LocalInterval="300">
                            <NormalElement GUID="{3e247f91-ce77-46e1-b86d-eb9fd5816caa}" Type="WZUIContainer">
                                <WZUIImage Type="WZUIImage" GUID="{c1411078-54a7-4f47-9259-45c7859daa2b}" File="ui/common/common_btn_anniu3.png" UseOriginSize="False" />
                            </NormalElement>
                            <SelectElement GUID="{b2c6d702-8142-4c21-927c-d0b97134f918}" Type="WZUIContainer" Scale="1">
                                <WZUIImage Type="WZUIImage" GUID="{54b410e5-89b9-45f0-b20f-c29d137efd92}" File="ui/common/common_btn_anniu3_sel.png" UseOriginSize="False" />
                            </SelectElement>
                            <DisableElement GUID="{cea9ffc9-f739-4367-92e9-d8579e7d0071}" Type="WZUIContainer">
                                <WZUIImage Type="WZUIImage" GUID="{0bf9740d-8d87-4637-83d8-7f345260fedb}" File="ui/common/common_btn_anniu3.png" UseOriginSize="False" GrayRender="True" />
                            </DisableElement>
                            <WZUIFreeTextBox Type="WZUIFreeTextBox" GUID="{44303641-e6c3-4df1-a2d1-a1497edfa6d2}" Name="ftxtDiaCost_SceneWorldTeamBoss" RelativeSize="1,1" RelativePosition="0.5,0.5" MaxWidth="400" AnchorPoint="0.5,0.5" />
                        </WZUIButton>
                        <WZUILabelTTF Type="WZUILabelTTF" GUID="{5a7df750-82a7-404f-aa33-0657e16f2813}" Text="00:30" Color="255,236,193" FontSize="22" Alignment="Center" AnchorPoint="0.5,0.5" RelativePosition="0.5,0.839572" Name="txtCDDiamond_SceneWorldTeamBoss" TextKey="MUST_SUCCESS_SCENEWORLDBOSS" EnableStroke="True" StrokeColor="105,65,46" StrokeSize="4" />
                    </WZUIContainer>
                </WZUIContainer>
            </WZUIContainer>
            <WZUIContainer Type="WZUIContainer" GUID="{b1d91a4e-8542-4cd1-b698-ab9122c2352b}" RelativeSize="0.59,1" AnchorPoint="1,1" RelativePosition="0.996667,1" Visible="True" AbsContentSize="524,554" UseAbsSize="True">
                <WZUIContainer Type="WZUIContainer" GUID="{d2e7a626-cc9e-451d-9309-b10ecd3d07cb}" Visible="True">
                    <WZUI9Image Type="WZUI9Image" GUID="{98f1024d-bd43-400f-a726-d93ab97a3b95}" File="ui/common/common_scale9_di32.png" Visible="True" RelativePosition="0.5,0.5" AbsPosition="230.1,265" />
                </WZUIContainer>
                <WZUIContainer Type="WZUIContainer" GUID="{fc7b259d-0992-47c9-b88d-0b32705a005c}" AbsContentSize="" UseAbsSize="False" RelativePosition="0.5,1" RelativeSize="1,0.82" AnchorPoint="0.5,1" Visible="True">
                    <WZUIContainer Type="WZUIContainer" GUID="{6df5faea-3863-49e8-a02f-001dcd88c2c9}" LuaObjectName="" Name="" NameCreate="True" AbsContentSize="" UseAbsSize="False" RelativeSize="1,0.13" AnchorPoint="0.5,1" RelativePosition="0.5,0.988795">
                        <WZUILabelTTF Type="WZUILabelTTF" GUID="{2a1990fb-c5b6-4391-993f-f441894989b9}" FontSize="24" Color="255,227,116" Text="" Name="txtTitle1_SceneWorldTeamBoss" TextKey="" RelativePosition="0.12,0.5" LabelStyleKey="C11_F22" />
                        <WZUILabelTTF Type="WZUILabelTTF" GUID="{03d5cf5e-f146-4b12-a8da-3a08bf90358d}" FontSize="24" Color="62,34,8" Text="" Name="txtTitle2_SceneWorldTeamBoss" TextKey="" RelativePosition="0.436993,0.5" LabelStyleKey="C11_F22" />
                        <WZUILabelTTF Type="WZUILabelTTF" GUID="{89cfd536-ef87-4d54-a784-e60c6956a249}" FontSize="24" Color="62,34,8" Text="" Name="txtTitle3_SceneWorldTeamBoss" TextKey="" RelativePosition="0.753573,0.5" LabelStyleKey="C11_F22" />
                    </WZUIContainer>
                    <WZUIContainer Type="WZUIContainer" GUID="{aeea1c77-1081-49de-8a3b-1ac265ecfcc8}" RelativeSize="0.95,0.86" RelativePosition="0.5,0.438364">
                        <WZUI9Image Type="WZUI9Image" GUID="{b09ec519-5b76-4684-a7ec-abd65bedd8a0}" File="ui/common/common_scale9_di51.png" Opacity="150" />
                    </WZUIContainer>
                    <WZUIContainer Type="WZUIContainer" GUID="{c585c452-210c-495b-a174-d8bb80b005ca}" RelativeSize="1,0.86" RelativePosition="0.5,0.44" Name="conList_SceneWorldTeamBoss">
                        <WZUITableContainer Type="WZUITableContainer" GUID="{a13724f8-012d-4622-b0b1-addf6712dadc}" EnableMoveHorizontal="False" Name="tabList_SceneWorldTeamBoss" CellElementHeight="0.22" RelativeSize="0.92,0.96" />
                    </WZUIContainer>
                    <WZUIContainer Type="WZUIContainer" GUID="{043c7b50-ad50-4f45-b7fa-c1675e1c5cda}" RelativeSize="1,0.78" RelativePosition="0.5,0.480188" Name="conHurtList_SceneWorldTeamBoss">
                        <WZUITableContainer Type="WZUITableContainer" GUID="{03d6fe22-e4b5-4e44-95a9-f66763f5d2c5}" EnableMoveHorizontal="False" Name="tabHurtList_SceneWorldTeamBoss" CellElementHeight="0.245" RelativeSize="0.92,0.96" />
                        <WZUIFreeTextBox Type="WZUIFreeTextBox" GUID="{791b7ddf-1735-4d74-8ff0-701b0c8b682c}" Name="ftxtMyRank_SceneWorldTeamBoss" MaxWidth="500" AnchorPoint="0,0.5" RelativePosition="0.05,-0.05" />
                        <WZUIFreeTextBox Type="WZUIFreeTextBox" GUID="{17ac92fe-62dd-4abe-bf14-a894e5511d3c}" Name="ftxtMyHurt_SceneWorldTeamBoss" MaxWidth="500" AnchorPoint="1,0.5" RelativePosition="0.95,-0.05" />
                    </WZUIContainer>
                </WZUIContainer>
                <WZUIContainer Type="WZUIContainer" GUID="{d89602d2-41a2-4340-810b-d10201e7f6f8}" RelativeSize="1,0.18" AnchorPoint="0.5,0" RelativePosition="0.5,0">
                    <WZUILabelTTF Type="WZUILabelTTF" GUID="{919ed16c-056f-4b24-b166-1164cfe090b9}" Text="" FontSize="20" RelativePosition="0.5,0.828889" Name="txtOpenTime_SceneWorldTeamBoss" Visible="False" Alignment="Left" AnchorPoint="0.5,0.5" Color="158,0,0" />
                    <WZUIButton AbsContentSize="116,56" GUID="{246e7df6-d456-405c-9a77-b78f8d2597ad}" LuaDoneFunctionName="onSearchButtonClick" RelativePosition="0.20813,0.5" TouchEnable="True" Type="WZUIButton" UseAbsSize="True" LuaActionName="" AbsPosition="89,37.1">
                        <NormalElement GUID="{2d690f05-365e-45fc-8d0a-6369e8979dbe}" Type="WZUIContainer">
                            <WZUIImage Type="WZUIImage" GUID="{4ce7c198-d0b3-48ef-8369-0d237b2ef89d}" File="ui/common/common_btn_anniu3_1.png" UseOriginSize="True" />
                            <WZUILabelTTF Type="WZUILabelTTF" GUID="{3d8e9978-9adf-4591-a1a9-e3288263367e}" Name="txtBtnFindRoom1_SceneWorldTeamBoss" NameCreate="True" FontSize="26" Color="255,236,193" BoldFont="True" TextKey="FIND_ROOM" EnableStroke="True" StrokeColor="128,54,13" StrokeSize="4" LabelStyleKey="SMALL_ORANGE_BTN" />
                        </NormalElement>
                        <SelectElement GUID="{7c5c2306-1df8-4f72-838a-11a60c0fe787}" Type="WZUIContainer" Scale="1">
                            <WZUIImage Type="WZUIImage" GUID="{2211042c-e5f1-4888-b877-efac16359597}" File="ui/common/common_btn_anniu3_1_sel.png" UseOriginSize="True" />
                            <WZUILabelTTF Type="WZUILabelTTF" GUID="{787db90f-d72a-409a-a59e-3fc8372e81ae}" Name="txtBtnFindRoom2_SceneWorldTeamBoss" NameCreate="True" FontSize="26" Color="255,236,193" BoldFont="True" TextKey="FIND_ROOM" EnableStroke="True" StrokeColor="128,54,13" StrokeSize="4" LabelStyleKey="SMALL_ORANGE_BTN" />
                        </SelectElement>
                        <DisableElement GUID="{f2f6f78d-e24f-400a-b503-1c5bbafe5c81}" Type="WZUIContainer" UseAbsSize="False" />
                    </WZUIButton>
                    <WZUIButton AbsContentSize="116,56" GUID="{7e512b1e-b2eb-4818-b8b2-d500a930cfa5}" LuaDoneFunctionName="onCreateRoomOK" RelativePosition="0.5,0.5" TouchEnable="True" Type="WZUIButton" UseAbsSize="True" Name="btnCreate_SceneWorldTeamBoss" LuaActionName="" AbsPosition="237,37.1">
                        <NormalElement GUID="{aa7f79f6-7153-4d46-8b0b-2346deec4ebc}" Type="WZUIContainer">
                            <WZUIImage Type="WZUIImage" GUID="{6d04a2b9-2876-4f18-90fa-e71b53f550e7}" File="ui/common/common_btn_anniu3_1.png" UseOriginSize="True" />
                            <WZUILabelTTF Type="WZUILabelTTF" GUID="{36630452-2002-4baa-bc6e-6d4bfceb2415}" Name="txtBtnCreate1_SceneWorldTeamBoss" NameCreate="True" FontSize="26" Color="255,236,193" BoldFont="True" TextKey="CREATE_ROOM" EnableStroke="True" StrokeColor="128,54,13" StrokeSize="4" LabelStyleKey="SMALL_ORANGE_BTN" />
                        </NormalElement>
                        <SelectElement GUID="{eb2092b4-2fe1-4431-b33e-9738394b4d8a}" Type="WZUIContainer" Scale="1">
                            <WZUIImage Type="WZUIImage" GUID="{157eb04e-56a5-4c15-a121-fcbc0edb57b5}" File="ui/common/common_btn_anniu3_1_sel.png" UseOriginSize="True" Visible="True" />
                            <WZUILabelTTF Type="WZUILabelTTF" GUID="{15a6d67e-cfa9-4e55-b35f-88a329256142}" Name="txtBtnCreate2_SceneWorldTeamBoss" NameCreate="True" FontSize="26" Color="255,236,193" BoldFont="True" TextKey="CREATE_ROOM" EnableStroke="True" StrokeColor="128,54,13" StrokeSize="4" LabelStyleKey="SMALL_ORANGE_BTN" />
                        </SelectElement>
                        <DisableElement GUID="{eca5d5a7-70ff-4b34-a589-aeacabff4a48}" Type="WZUIContainer" UseAbsSize="False" />
                    </WZUIButton>
                    <WZUIButton AbsContentSize="130,66" GUID="{97f188f7-91c2-4dc2-ae5e-9f438013cc8f}" LuaDoneFunctionName="onFastGameButtonClick" RelativePosition="0.801627,0.5" TouchEnable="True" Type="WZUIButton" UseAbsSize="True" LuaActionName="" AbsPosition="405,37.1">
                        <NormalElement GUID="{5831e68a-6192-400c-9419-b6edb8e3034e}" Type="WZUIContainer">
                            <WZUIImage Type="WZUIImage" GUID="{b39a008d-f92a-4a77-b9c6-de0391d4fa8d}" File="ui/common/common_btn_anniu10.png" UseOriginSize="True" />
                        </NormalElement>
                        <SelectElement GUID="{3b01400b-8ae2-4532-b965-57e3e47b002b}" Type="WZUIContainer" ScaleX="" Scale="1">
                            <WZUIImage Type="WZUIImage" GUID="{c242918b-66cf-4a6d-a19b-916311a5ecb9}" File="ui/common/common_btn_anniu10_sel.png" UseOriginSize="True" />
                        </SelectElement>
                        <DisableElement GUID="{5551c839-3847-4795-bd4b-274dfbc4a236}" Type="WZUIContainer" UseAbsSize="False" />
                        <WZUILabelTTF Type="WZUILabelTTF" GUID="{162c8136-00a5-4203-b1ba-53431218767d}" Name="txtQuickBtnDesc_SceneWorldTeamBoss" NameCreate="True" FontSize="26" Color="255,236,193" BoldFont="True" TextKey="QUICK_JOIN" EnableStroke="True" StrokeColor="3,111,8" StrokeSize="4" LabelStyleKey="NORMAL_GREEN_BTN" />
                    </WZUIButton>
                </WZUIContainer>
            </WZUIContainer>
            <WZUIContainer Type="WZUIContainer" GUID="{44f1857d-e390-40d7-a592-798b2cbb2958}" AbsContentSize="100,130" UseAbsSize="True" RelativePosition="0.984,0.784906" Visible="True" AnchorPoint="0,0.5" TouchEnable="False">
                <WZUIContainer Type="WZUIContainer" GUID="{69e231f2-5681-467d-8159-63cbd0a74f3a}" AbsContentSize="" UseAbsSize="False" RelativePosition="0.5,0.5" TouchEnable="False" TouchSwallow="False" Visible="True" AnchorPoint="0.5,0.5">
                    <WZUIContainer Type="WZUIContainer" GUID="{ab64645b-c466-420a-a7e6-3c13398e3923}" AbsContentSize="" UseAbsSize="False" RelativePosition="0,1" Name="conCheck1_SceneWorldTeamBoss" NameCreate="True" Visible="True" AnchorPoint="0,1" RelativeSize="1,0.5">
                        <WZUIImage Type="WZUIImage" GUID="{58ee150d-d0f4-469e-b9cd-35df597a8833}" File="ui/common/common_btn_biaoqian_sel.png" UseOriginSize="True" AnchorPoint="1,0.5" RelativePosition="1,0.5" />
                        <WZUILabelTTF Type="WZUILabelTTF" GUID="{c24d0bae-94a9-41a1-98e0-02b91db7d2a5}" Color="255,236,193" EnableStroke="True" FontSize="26" StrokeColor="128,54,13" StrokeSize="4" Text="" Name="txtCheckSel1_SceneWorldTeamBoss" NameCreate="True" TextKey="SETTLMENT_DAMAGE" />
                    </WZUIContainer>
                    <WZUIContainer Type="WZUIContainer" GUID="{8af69423-e991-4c19-ae92-c5f0a2170638}" AbsContentSize="" UseAbsSize="False" RelativePosition="0,0.25" Name="conCheck2_SceneWorldTeamBoss" Visible="False" AnchorPoint="0,0.5" RelativeSize="1,0.5">
                        <WZUIImage Type="WZUIImage" GUID="{d103f8b6-5a85-436f-aeb5-ced9f69b9a93}" File="ui/common/common_btn_biaoqian_sel.png" UseOriginSize="True" AnchorPoint="1,0.5" RelativePosition="1,0.5" />
                        <WZUILabelTTF Type="WZUILabelTTF" GUID="{d20ba23d-3ad9-4b08-b158-8588a6a4700f}" Color="255,236,193" EnableStroke="True" FontSize="26" StrokeColor="128,54,13" StrokeSize="4" Text="" Name="txtCheckSel2_SceneWorldTeamBoss" NameCreate="True" TextKey="ROOM1" />
                    </WZUIContainer>
                    <WZUIContainer Type="WZUIContainer" GUID="{fa8feb29-3990-4f6f-9a00-4346f94a0506}" AbsContentSize="" UseAbsSize="False" RelativePosition="0,-0.25" Name="conCheck3_SceneWorldTeamBoss" Visible="False" AnchorPoint="0,0.5" RelativeSize="1,0.5">
                        <WZUIImage Type="WZUIImage" GUID="{a04aac77-38e5-448f-9c0e-204613880187}" File="ui/common/common_btn_biaoqian_sel.png" UseOriginSize="True" AnchorPoint="1,0.5" RelativePosition="1,0.5" />
                        <WZUILabelTTF Type="WZUILabelTTF" GUID="{c07cee30-48da-44e8-820e-6d541f3f175d}" Color="255,236,193" EnableStroke="True" FontSize="26" StrokeColor="128,54,13" StrokeSize="4" Text="" Name="txtCheckSel3_SceneWorldTeamBoss" NameCreate="True" TextKey="ATH_REWARD_CHECK" />
                    </WZUIContainer>
                </WZUIContainer>
            </WZUIContainer>
            <Button Type="WZUIButton" GUID="{0c5fd4e4-e4e4-4427-ba08-3c4da2fe8b21}" AbsContentSize="80,80" UseAbsSize="True" RelativePosition="1.07281,0.039064" LuaActionName="Normal" LuaDoneFunctionName="onClickRule">
                <NormalElement Type="WZUIContainer" GUID="{62d9ee68-c52b-4f5e-9858-34198a2273b4}" />
                <SelectElement Type="WZUIContainer" GUID="{5fd4c33b-f01f-401a-be3e-e5325023119b}" />
                <DisableElement Type="WZUIContainer" GUID="{b3f4bdcf-19f4-4fea-81cb-0056c1e777de}" />
                <WZUIImage Type="WZUIImage" GUID="{4b6789a6-1544-429c-a8bb-3b9829ead052}" File="ui/common/common_icon_gth.png" UseOriginSize="True" AnchorPoint="0.5,0.5" RelativePosition="0.5,0.5" />
            </Button>
        </WZUIContainer>
        <WZUIContainer Type="WZUIContainer" GUID="{18deabe9-c1fd-4f12-950a-67f3bc4a0b9b}" Name="conTips_SceneWorldTeamBoss" ShowAll="True" Order="1" />
    </WZUIFrame>
</SceneWorldTeamBoss>
