﻿<SceneRune GUID="{3ccd2ff3-6077-471a-a4ec-fe97ba83ead1}">
    <WZUIWindow Type="WZUIWindow" GUID="{84b398c7-5225-4652-a88e-b045ed63d5d2}" LuaObjectName="SceneRune" NameCreate="True" Name="SceneRune" AbsContentSize="852,576" UseAbsSize="True" AnchorPoint="0,0" RelativePosition="0.008,0" ShowAll="False">
        <WZUIContainer Type="WZUIContainer" GUID="{088b77bd-9780-4ed4-8895-df4149f4c541}" AbsContentSize="852,576" UseAbsSize="True" AnchorPoint="1,0" RelativePosition="1,0" Visible="True" ShowAll="False" Name="conCon_SceneRune" RelativeSize="1,1">
            <WZUIContainer Type="WZUIContainer" GUID="{44d6d2a1-b3ae-4a1a-8d38-baaa739a0a0d}" AbsContentSize="620,514" UseAbsSize="True" AnchorPoint="0,0.5" RelativePosition="0,0.503472" Name="conLeft_SceneRune" ShowAll="False">
                <WZUIImage Type="WZUIImage" GUID="{082209ac-ab44-4469-af6c-785bfcc68ab5}" File="ui/rune/common_pic_juese.png" />
                <WZUIContainer Type="WZUIContainer" GUID="{523044b0-ba0a-423a-80a0-4018ff22e541}" Name="conRuneType1_SceneRune" AbsContentSize="188,581" UseAbsSize="True" RelativePosition="0.263282,0.463035">
                    <WZUIContainer Type="WZUIContainer" GUID="{307f5c92-a59d-4f22-ad2e-d4cd7a9cf4fb}" AbsContentSize="70,70" UseAbsSize="True" RelativePosition="0.991971,0.88118" Name="conRun1_SceneRune" Tag="">
                        <WZUIImage Type="WZUIImage" GUID="{4be82d36-2a01-4623-aa2e-40c9f11c62a1}" File="ui/rune/common_scale9_fuwenhongdi01.png" UseOriginSize="True" Name="imgBg_SceneRune" />
                        <WZUIImage Type="WZUIImage" GUID="{509da64d-7364-4a65-9da1-ead477145f08}" Name="imgLight_SceneRune" File="ui/rune/common_scale9_fuwenxuanzhong.png" RelativePosition="0.5,0.5" Visible="False" UseOriginSize="True" />
                        <WZUIImage Type="WZUIImage" GUID="{eb091428-4ba2-4fd1-b1f4-8777139cbdf4}" Name="imgLock_SceneRune" File="" UseOriginSize="True" Visible="True" />
                        <WZUILabelTTF Type="WZUILabelTTF" GUID="{a462738c-f09a-48f1-ba6a-404ebc4c85c7}" LabelStyleKey="C16_F20" Text="" Dimensions="60,0" Name="txtOpenLevel_SceneRune" />
                        <WZUIImage Type="WZUIImage" GUID="{c33ea2bc-e51b-4910-b8f0-6fc9e19a35bf}" File="ui/common/common_icon_xiaodianzhui.png" Scale="0.8" UseOriginSize="True" ScaleX="0.8" ScaleY="0.8" RelativePosition="0.885714,0.728571" Name="imgRed_SceneRune" Visible="False" />
                        <Button Type="WZUIButton" GUID="{a2f604ca-6637-44a0-a86b-d1e5964b7780}" LuaDoneFunctionName="onClickRuneSlot">
                            <NormalElement Type="WZUIContainer" GUID="{9a61f8f0-36ac-4905-8474-cf243a071e58}" />
                            <SelectElement Type="WZUIContainer" GUID="{64e3f5bb-5166-4380-a57a-540cb072207f}" />
                            <DisableElement Type="WZUIContainer" GUID="{85692762-d1f2-48b2-af63-e8f8fdddde98}" />
                        </Button>
                    </WZUIContainer>
                    <WZUIContainer Type="WZUIContainer" GUID="{b7705180-9c0b-49d2-9078-3324762bda1c}" AbsContentSize="70,70" UseAbsSize="True" RelativePosition="0.59795,0.88118" Name="conRun2_SceneRune" Tag="">
                        <WZUIImage Type="WZUIImage" GUID="{c3662db9-2eaf-4208-b7d3-78818431bb14}" File="ui/rune/common_scale9_fuwenhongdi01.png" UseOriginSize="True" Name="imgBg_SceneRune" />
                        <WZUIImage Type="WZUIImage" GUID="{ac56aa6e-d6f3-47d7-9d1f-bf05c6e0e6dc}" Name="imgLight_SceneRune" File="ui/rune/common_scale9_fuwenxuanzhong.png" RelativePosition="0.5,0.5" Visible="False" UseOriginSize="True" />
                        <WZUIImage Type="WZUIImage" GUID="{7c16a67a-e2e6-41ef-8856-f23eb7ff618d}" Name="imgLock_SceneRune" File="ui/rune/common_icon_suo6.png" UseOriginSize="True" Visible="False" />
                        <WZUILabelTTF Type="WZUILabelTTF" GUID="{bddbad4f-a472-44b8-a580-65b46a0a2906}" LabelStyleKey="C16_F20" Text="" Dimensions="60,0" Name="txtOpenLevel_SceneRune" />
                        <WZUIImage Type="WZUIImage" GUID="{a8fe6660-fdb9-4616-a9d7-e8d5bef9f5b2}" File="ui/common/common_icon_xiaodianzhui.png" Scale="0.8" UseOriginSize="True" ScaleX="0.8" ScaleY="0.8" RelativePosition="0.885714,0.728571" Name="imgRed_SceneRune" Visible="False" />
                        <Button Type="WZUIButton" GUID="{d37d85fe-a952-42bb-936d-38c22076f86c}" LuaDoneFunctionName="onClickRuneSlot">
                            <NormalElement Type="WZUIContainer" GUID="{0f94e835-ad86-480b-995b-d2e56801ed95}" />
                            <SelectElement Type="WZUIContainer" GUID="{57edce1b-4cc8-4a8f-a670-6fe19cf91265}" />
                            <DisableElement Type="WZUIContainer" GUID="{d1b79943-de6d-407a-8021-50e448a84fb0}" />
                        </Button>
                    </WZUIContainer>
                    <WZUIContainer Type="WZUIContainer" GUID="{720cb3ce-e9a6-424a-8e9b-c68889dc3492}" AbsContentSize="70,70" UseAbsSize="True" RelativePosition="0.793049,0.769304" Name="conRun3_SceneRune" Tag="">
                        <WZUIImage Type="WZUIImage" GUID="{2a3fed55-9ebb-4466-a299-154f5a41a91e}" File="ui/rune/common_scale9_fuwenhongdi01.png" UseOriginSize="True" Name="imgBg_SceneRune" />
                        <WZUIImage Type="WZUIImage" GUID="{5be9280e-13eb-40cc-8556-60afd7a1ec8c}" Name="imgLight_SceneRune" File="ui/rune/common_scale9_fuwenxuanzhong.png" RelativePosition="0.5,0.5" Visible="False" UseOriginSize="True" />
                        <WZUIImage Type="WZUIImage" GUID="{e9e20bd2-1122-491b-ab5f-9153f85aa303}" Name="imgLock_SceneRune" File="ui/rune/common_icon_suo6.png" UseOriginSize="True" Visible="False" />
                        <WZUILabelTTF Type="WZUILabelTTF" GUID="{b692df82-9a98-4477-ad77-183d5ae61ac5}" LabelStyleKey="C16_F20" Text="" Dimensions="60,0" Name="txtOpenLevel_SceneRune" />
                        <WZUIImage Type="WZUIImage" GUID="{30d12ed7-d11c-452b-a0de-e6ec80f4c3b0}" File="ui/common/common_icon_xiaodianzhui.png" Scale="0.8" UseOriginSize="True" ScaleX="0.8" ScaleY="0.8" RelativePosition="0.885714,0.728571" Name="imgRed_SceneRune" Visible="False" />
                        <Button Type="WZUIButton" GUID="{e09793da-c7b2-4a0c-9a4f-6f1ecdcae252}" LuaDoneFunctionName="onClickRuneSlot">
                            <NormalElement Type="WZUIContainer" GUID="{4741ae59-64ce-4955-93a7-666df6b661e8}" />
                            <SelectElement Type="WZUIContainer" GUID="{ef537ae1-2c80-49a7-bc1d-099b172b5da6}" />
                            <DisableElement Type="WZUIContainer" GUID="{3aa28a1a-b777-4655-81d0-cafc6832b5a3}" />
                        </Button>
                    </WZUIContainer>
                    <WZUIContainer Type="WZUIContainer" GUID="{fa6b2262-c645-4617-8582-08d0b37491a6}" AbsContentSize="70,70" UseAbsSize="True" RelativePosition="0.40584,0.769304" Name="conRun4_SceneRune" Tag="">
                        <WZUIImage Type="WZUIImage" GUID="{b827c589-1831-4654-84f4-aff51486bf03}" File="ui/rune/common_scale9_fuwenhongdi01.png" UseOriginSize="True" Name="imgBg_SceneRune" />
                        <WZUIImage Type="WZUIImage" GUID="{dac7d47f-0e0e-4578-97bd-a6cfb4450101}" Name="imgLight_SceneRune" File="ui/rune/common_scale9_fuwenxuanzhong.png" RelativePosition="0.5,0.5" Visible="False" UseOriginSize="True" />
                        <WZUIImage Type="WZUIImage" GUID="{c65eba26-ae69-4299-8ccd-91d8e6ffdbd4}" Name="imgLock_SceneRune" File="ui/rune/common_icon_suo6.png" UseOriginSize="True" Visible="False" />
                        <WZUILabelTTF Type="WZUILabelTTF" GUID="{8b271ae9-4564-4173-9ac3-e9c8ffbdf8d3}" LabelStyleKey="C16_F20" Text="" Dimensions="60,0" Name="txtOpenLevel_SceneRune" />
                        <WZUIImage Type="WZUIImage" GUID="{c8a17d08-2862-4e64-b765-9446c3810400}" File="ui/common/common_icon_xiaodianzhui.png" Scale="0.8" UseOriginSize="True" ScaleX="0.8" ScaleY="0.8" RelativePosition="0.885714,0.728571" Name="imgRed_SceneRune" Visible="False" />
                        <Button Type="WZUIButton" GUID="{da3f6537-f77c-4371-9741-c5967f58c506}" LuaDoneFunctionName="onClickRuneSlot">
                            <NormalElement Type="WZUIContainer" GUID="{ae059989-341b-4d77-9c22-561fad0dda60}" />
                            <SelectElement Type="WZUIContainer" GUID="{a6c27210-7664-43f5-8e4d-f1bd6ce0d678}" />
                            <DisableElement Type="WZUIContainer" GUID="{611d3f6e-8e4f-4841-ad35-86cf7fd7b807}" />
                        </Button>
                    </WZUIContainer>
                    <WZUIContainer Type="WZUIContainer" GUID="{6413fcdc-ecbe-453d-babf-4be21310e816}" AbsContentSize="70,70" UseAbsSize="True" RelativePosition="0.212236,0.66087" Name="conRun5_SceneRune" Tag="">
                        <WZUIImage Type="WZUIImage" GUID="{d2c952c9-4951-474f-81f3-31527af6b9ac}" File="ui/rune/common_scale9_fuwenhongdi01.png" UseOriginSize="True" Name="imgBg_SceneRune" />
                        <WZUIImage Type="WZUIImage" GUID="{78e41f62-3ce3-444e-9269-f5dd02db6d8c}" Name="imgLight_SceneRune" File="ui/rune/common_scale9_fuwenxuanzhong.png" RelativePosition="0.5,0.5" Visible="False" UseOriginSize="True" />
                        <WZUIImage Type="WZUIImage" GUID="{2ac79628-aeb8-426e-a06c-30efd4ed34a8}" Name="imgLock_SceneRune" File="ui/rune/common_icon_suo6.png" UseOriginSize="True" Visible="False" />
                        <WZUILabelTTF Type="WZUILabelTTF" GUID="{e35a381c-e11e-4341-886b-0b576f9e5070}" LabelStyleKey="C16_F20" Text="" Dimensions="60,0" Name="txtOpenLevel_SceneRune" />
                        <WZUIImage Type="WZUIImage" GUID="{474da9d6-2563-4503-85d3-7b0a6d671db3}" File="ui/common/common_icon_xiaodianzhui.png" Scale="0.8" UseOriginSize="True" ScaleX="0.8" ScaleY="0.8" RelativePosition="0.885714,0.728571" Name="imgRed_SceneRune" Visible="False" />
                        <Button Type="WZUIButton" GUID="{43bbf988-237f-4d09-8896-bfc1862da3c1}" LuaDoneFunctionName="onClickRuneSlot">
                            <NormalElement Type="WZUIContainer" GUID="{77012268-fbad-4d7f-9ed6-0cc1a0906ff6}" />
                            <SelectElement Type="WZUIContainer" GUID="{cb748e6a-e7f7-4564-8bfd-27812dc9eba5}" />
                            <DisableElement Type="WZUIContainer" GUID="{c8eb61eb-8fe0-4d55-8ba4-c6147953574c}" />
                        </Button>
                    </WZUIContainer>
                    <WZUIContainer Type="WZUIContainer" GUID="{f453727d-f5f7-4c05-bcaa-41d4d1392cb6}" AbsContentSize="70,70" UseAbsSize="True" RelativePosition="0.407335,0.552437" Name="conRun6_SceneRune" Tag="">
                        <WZUIImage Type="WZUIImage" GUID="{211767f3-40f1-4cc6-ae2d-2004ee85545d}" File="ui/rune/common_scale9_fuwenhongdi01.png" UseOriginSize="True" Name="imgBg_SceneRune" />
                        <WZUIImage Type="WZUIImage" GUID="{d07fac0f-52cc-4db4-90aa-da56780b1488}" Name="imgLight_SceneRune" File="ui/rune/common_scale9_fuwenxuanzhong.png" RelativePosition="0.5,0.5" Visible="False" UseOriginSize="True" />
                        <WZUIImage Type="WZUIImage" GUID="{ea500417-eeb4-478d-9cfc-91e80b08ffeb}" Name="imgLock_SceneRune" File="ui/rune/common_icon_suo6.png" UseOriginSize="True" Visible="False" />
                        <WZUILabelTTF Type="WZUILabelTTF" GUID="{67853862-5dcd-44f4-8c81-0b571eeb242f}" LabelStyleKey="C16_F20" Text="" Dimensions="60,0" Name="txtOpenLevel_SceneRune" />
                        <WZUIImage Type="WZUIImage" GUID="{254f30f1-e163-4a1a-b6e5-727f0b663169}" File="ui/common/common_icon_xiaodianzhui.png" Scale="0.8" UseOriginSize="True" ScaleX="0.8" ScaleY="0.8" RelativePosition="0.885714,0.728571" Name="imgRed_SceneRune" Visible="False" />
                        <Button Type="WZUIButton" GUID="{ff05e5fa-9ce0-4ffe-8ce7-f854bba0c686}" LuaDoneFunctionName="onClickRuneSlot">
                            <NormalElement Type="WZUIContainer" GUID="{645f7341-2554-4c8c-9697-2e5f6b3fbe93}" />
                            <SelectElement Type="WZUIContainer" GUID="{4b264661-1461-4c2b-a34b-3ec9532c4f59}" />
                            <DisableElement Type="WZUIContainer" GUID="{e3bd3349-2053-4da6-bddc-b5f77514a5a0}" />
                        </Button>
                    </WZUIContainer>
                    <WZUIContainer Type="WZUIContainer" GUID="{62df7735-eaa1-4387-9f15-bd499d3bf8f2}" AbsContentSize="70,70" UseAbsSize="True" RelativePosition="0.798368,0.548994" Name="conRun7_SceneRune" Tag="">
                        <WZUIImage Type="WZUIImage" GUID="{aa7437e3-fc21-4246-a56c-970d06b6d1de}" File="ui/rune/common_scale9_fuwenhongdi01.png" UseOriginSize="True" Name="imgBg_SceneRune" />
                        <WZUIImage Type="WZUIImage" GUID="{0e7274e0-0574-4448-931b-159e2cef71f3}" Name="imgLight_SceneRune" File="ui/rune/common_scale9_fuwenxuanzhong.png" RelativePosition="0.5,0.5" Visible="False" UseOriginSize="True" />
                        <WZUIImage Type="WZUIImage" GUID="{d543f421-f77e-459c-a10e-2019c6f8bfcf}" Name="imgLock_SceneRune" File="ui/rune/common_icon_suo6.png" UseOriginSize="True" Visible="False" />
                        <WZUILabelTTF Type="WZUILabelTTF" GUID="{54f0dd3d-4c79-4003-a180-487b966941a6}" LabelStyleKey="C16_F20" Text="" Dimensions="60,0" Name="txtOpenLevel_SceneRune" />
                        <WZUIImage Type="WZUIImage" GUID="{4b2f478b-7b14-48eb-beff-80d7c7c6bd8d}" File="ui/common/common_icon_xiaodianzhui.png" Scale="0.8" UseOriginSize="True" ScaleX="0.8" ScaleY="0.8" RelativePosition="0.885714,0.728571" Name="imgRed_SceneRune" Visible="False" />
                        <Button Type="WZUIButton" GUID="{51275b1d-f199-4ce7-b21c-cd453c30b143}" LuaDoneFunctionName="onClickRuneSlot">
                            <NormalElement Type="WZUIContainer" GUID="{9f8a529e-77f4-491e-a112-cd35b4f74e78}" />
                            <SelectElement Type="WZUIContainer" GUID="{8b80265d-39bf-426e-964a-e8dfec7328d3}" />
                            <DisableElement Type="WZUIContainer" GUID="{4f687ba9-ae7f-486f-89b3-8efe85dbc885}" />
                        </Button>
                    </WZUIContainer>
                    <WZUIContainer Type="WZUIContainer" GUID="{93260dd7-c22f-456a-9266-f28667e1c96f}" AbsContentSize="70,70" UseAbsSize="True" RelativePosition="0.6008,0.440789" Name="conRun8_SceneRune" Tag="">
                        <WZUIImage Type="WZUIImage" GUID="{d8430595-d024-43f0-afbb-e89fdc377ddb}" File="ui/rune/common_scale9_fuwenhongdi01.png" UseOriginSize="True" Name="imgBg_SceneRune" />
                        <WZUIImage Type="WZUIImage" GUID="{0a6d56e8-28d2-48cd-b222-7fc8c16ed28f}" Name="imgLight_SceneRune" File="ui/rune/common_scale9_fuwenxuanzhong.png" RelativePosition="0.5,0.5" Visible="False" UseOriginSize="True" />
                        <WZUIImage Type="WZUIImage" GUID="{dc9e0c48-9e42-4885-aeea-91544f169822}" Name="imgLock_SceneRune" File="ui/rune/common_icon_suo6.png" UseOriginSize="True" Visible="False" />
                        <WZUILabelTTF Type="WZUILabelTTF" GUID="{36453dd8-31c8-4874-90b8-f3900394e95f}" LabelStyleKey="C16_F20" Text="" Dimensions="60,0" Name="txtOpenLevel_SceneRune" />
                        <WZUIImage Type="WZUIImage" GUID="{610c5fb2-7c04-4518-9a17-d19f9a39dd41}" File="ui/common/common_icon_xiaodianzhui.png" Scale="0.8" UseOriginSize="True" ScaleX="0.8" ScaleY="0.8" RelativePosition="0.885714,0.728571" Name="imgRed_SceneRune" Visible="False" />
                        <Button Type="WZUIButton" GUID="{9232c3f7-e188-4398-a39b-5ee287a7f415}" LuaDoneFunctionName="onClickRuneSlot">
                            <NormalElement Type="WZUIContainer" GUID="{30cc61ab-3fba-48ae-8980-534a6a5c8cd9}" />
                            <SelectElement Type="WZUIContainer" GUID="{b25563f0-c045-43d1-9e70-8cff08972bea}" />
                            <DisableElement Type="WZUIContainer" GUID="{704ebf92-86b6-42f5-ac55-4822df7bf759}" />
                        </Button>
                    </WZUIContainer>
                    <WZUIContainer Type="WZUIContainer" GUID="{f44b192d-c441-46d3-b259-05b1d135a459}" AbsContentSize="70,70" UseAbsSize="True" RelativePosition="0.208273,0.440789" Name="conRun9_SceneRune" Tag="">
                        <WZUIImage Type="WZUIImage" GUID="{cee2a650-9c63-4cac-a4ac-99a36e8e308d}" File="ui/rune/common_scale9_fuwenhongdi01.png" UseOriginSize="True" Name="imgBg_SceneRune" />
                        <WZUIImage Type="WZUIImage" GUID="{8b081a1f-aa3d-4742-976c-00f81230b72c}" Name="imgLight_SceneRune" File="ui/rune/common_scale9_fuwenxuanzhong.png" RelativePosition="0.5,0.5" Visible="False" UseOriginSize="True" />
                        <WZUIImage Type="WZUIImage" GUID="{9dcf1d85-3eb6-46bc-a9ff-4cadc601f076}" Name="imgLock_SceneRune" File="ui/rune/common_icon_suo6.png" UseOriginSize="True" Visible="False" />
                        <WZUILabelTTF Type="WZUILabelTTF" GUID="{f3c322a8-4fbc-493e-ad03-a1960bb7aa96}" LabelStyleKey="C16_F20" Text="" Dimensions="60,0" Name="txtOpenLevel_SceneRune" />
                        <WZUIImage Type="WZUIImage" GUID="{2cded99c-b00e-4453-a7c5-45e5a9110cb7}" File="ui/common/common_icon_xiaodianzhui.png" Scale="0.8" UseOriginSize="True" ScaleX="0.8" ScaleY="0.8" RelativePosition="0.885714,0.728571" Name="imgRed_SceneRune" Visible="False" />
                        <Button Type="WZUIButton" GUID="{d3b74215-823a-45eb-a384-b0cc690715f5}" LuaDoneFunctionName="onClickRuneSlot">
                            <NormalElement Type="WZUIContainer" GUID="{bda53d0d-69c6-4c93-a761-0c55d8977b72}" />
                            <SelectElement Type="WZUIContainer" GUID="{673616c8-f3fe-4418-9495-46d602b1e612}" />
                            <DisableElement Type="WZUIContainer" GUID="{b03a89db-49e9-4a69-acf8-ff716eacc11c}" />
                        </Button>
                    </WZUIContainer>
                    <WZUIContainer Type="WZUIContainer" GUID="{b0db4c2d-3b7e-4b21-9dbc-331467d96537}" AbsContentSize="70,70" UseAbsSize="True" RelativePosition="0.401877,0.328913" Name="conRun10_SceneRune" Tag="">
                        <WZUIImage Type="WZUIImage" GUID="{4862481d-03f7-46e2-b877-e7bb876c2234}" File="ui/rune/common_scale9_fuwenhongdi01.png" UseOriginSize="True" Name="imgBg_SceneRune" />
                        <WZUIImage Type="WZUIImage" GUID="{d7b63954-65e2-4ed7-99ba-461d206ec2d4}" Name="imgLight_SceneRune" File="ui/rune/common_scale9_fuwenxuanzhong.png" RelativePosition="0.5,0.5" Visible="False" UseOriginSize="True" />
                        <WZUIImage Type="WZUIImage" GUID="{f76cc7e4-48ca-4283-bfac-c1295daecccc}" Name="imgLock_SceneRune" File="ui/rune/common_icon_suo6.png" UseOriginSize="True" Visible="False" />
                        <WZUILabelTTF Type="WZUILabelTTF" GUID="{435c1b95-8e28-410c-80a5-21b9da27ab6c}" LabelStyleKey="C16_F20" Text="" Dimensions="60,0" Name="txtOpenLevel_SceneRune" />
                        <WZUIImage Type="WZUIImage" GUID="{77daf356-13a3-4abf-8261-feb8f1eb3ed7}" File="ui/common/common_icon_xiaodianzhui.png" Scale="0.8" UseOriginSize="True" ScaleX="0.8" ScaleY="0.8" RelativePosition="0.885714,0.728571" Name="imgRed_SceneRune" Visible="False" />
                        <Button Type="WZUIButton" GUID="{b6adb7bc-2c2a-4f82-acd0-eaef8db56bcc}" LuaDoneFunctionName="onClickRuneSlot">
                            <NormalElement Type="WZUIContainer" GUID="{69efdf90-435b-4a01-a642-f4847575ceff}" />
                            <SelectElement Type="WZUIContainer" GUID="{9da0c97f-f2f9-48f5-b959-4f48cb18b0c1}" />
                            <DisableElement Type="WZUIContainer" GUID="{0d261c30-f870-4d3e-9ecd-62b425ab052f}" />
                        </Button>
                    </WZUIContainer>
                    <WZUIContainer Type="WZUIContainer" GUID="{6f998c14-fb00-441e-9ade-fe96bec6f028}" AbsContentSize="70,70" UseAbsSize="True" RelativePosition="0.600731,0.658243" Name="conRun11_SceneRune" Tag="41">
                        <WZUIImage Type="WZUIImage" GUID="{dfce1d55-f34d-4478-a32e-9579cb07b012}" File="ui/rune/common_scale9_fuwenlzidi01.png" UseOriginSize="True" Name="imgBg_SceneRune" />
                        <WZUIImage Type="WZUIImage" GUID="{4855079e-0b41-4e26-a96a-2db704d17728}" Name="imgLight_SceneRune" File="ui/rune/common_scale9_fuwenxuanzhong.png" RelativePosition="0.5,0.5" Visible="False" UseOriginSize="True" />
                        <WZUIImage Type="WZUIImage" GUID="{2d701ba4-8213-419b-b7f1-2798825ac096}" Name="imgLock_SceneRune" File="ui/rune/common_icon_suo6.png" UseOriginSize="True" Visible="False" />
                        <WZUILabelTTF Type="WZUILabelTTF" GUID="{e974c681-d113-4584-8e8a-283a8c092bf1}" LabelStyleKey="C8_F20" Text="" Dimensions="80,0" Name="txtOpenLevel_SceneRune" />
                        <Button Type="WZUIButton" GUID="{4352cee0-620d-4145-af48-ddf78c4de0d4}" LuaDoneFunctionName="onClickRuneSlot">
                            <NormalElement Type="WZUIContainer" GUID="{15abed73-dc83-432b-8648-7364132afc79}" />
                            <SelectElement Type="WZUIContainer" GUID="{cefa18f9-32a1-4f7a-8b93-e946ffe83f3a}" />
                            <DisableElement Type="WZUIContainer" GUID="{a830951b-dee3-4ab5-a360-800d1fa513d8}" />
                        </Button>
                        <WZUISpine Type="WZUISpine" GUID="{fbf071fe-90e6-4108-a9c6-904622f6bed4}" FileAtlas="ui/rune_draw_101.atlas" FileJson="ui/rune_draw_101.json" AnimationName="" Loop="True" RelativePosition="0.5,0.5" Name="runeSp_SceneRune" TouchEnable="False" />
                    </WZUIContainer>
                </WZUIContainer>
                <WZUIContainer Type="WZUIContainer" GUID="{9dc46ee9-a1ee-4593-9ac1-a5b29e140f79}" Name="conRuneType2_SceneRune" AbsContentSize="188,581" UseAbsSize="True" RelativePosition="0.543902,0.540856">
                    <WZUIContainer Type="WZUIContainer" GUID="{b2de5c85-9a2a-49e0-87a0-92325ab97c1e}" AbsContentSize="70,70" UseAbsSize="True" RelativePosition="0.292142,0.439595" Name="conRun1_SceneRune" Tag="">
                        <WZUIImage Type="WZUIImage" GUID="{8432dd52-be2b-4f26-a4c6-b599396af171}" File="ui/rune/common_scale9_fuwenlvdi01.png" UseOriginSize="True" Name="imgBg_SceneRune" />
                        <WZUIImage Type="WZUIImage" GUID="{5e060f4b-88d0-431d-8f6c-5fffe291a230}" Name="imgLight_SceneRune" File="ui/rune/common_scale9_fuwenxuanzhong.png" RelativePosition="0.5,0.5" Visible="False" UseOriginSize="True" />
                        <WZUIImage Type="WZUIImage" GUID="{7106c1a5-45a6-449a-8f59-a039a34bc984}" Name="imgLock_SceneRune" File="" UseOriginSize="True" Visible="True" />
                        <WZUILabelTTF Type="WZUILabelTTF" GUID="{30d36f4f-d3d9-478f-8cdd-af534ca5eeb1}" LabelStyleKey="C16_F20" Text="" Dimensions="60,0" Name="txtOpenLevel_SceneRune" />
                        <WZUIImage Type="WZUIImage" GUID="{8529ed13-6e38-436e-8698-12b19d09bc92}" File="ui/common/common_icon_xiaodianzhui.png" Scale="0.8" UseOriginSize="True" ScaleX="0.8" ScaleY="0.8" RelativePosition="0.885714,0.728571" Name="imgRed_SceneRune" Visible="False" />
                        <Button Type="WZUIButton" GUID="{443bce23-26f8-4d9f-b531-168275c0f54c}" LuaDoneFunctionName="onClickRuneSlot">
                            <NormalElement Type="WZUIContainer" GUID="{6c478ee7-ce93-47eb-9314-a702fbd5e455}" />
                            <SelectElement Type="WZUIContainer" GUID="{9030bd61-51c9-466f-b5b1-c184ad294671}" />
                            <DisableElement Type="WZUIContainer" GUID="{84ba387a-b941-48e3-b08d-45cf32cc91b9}" />
                        </Button>
                    </WZUIContainer>
                    <WZUIContainer Type="WZUIContainer" GUID="{6c42f403-3c27-4e17-a381-aea5eae81afc}" AbsContentSize="70,70" UseAbsSize="True" RelativePosition="0.687523,0.439595" Name="conRun2_SceneRune" Tag="">
                        <WZUIImage Type="WZUIImage" GUID="{b27aa945-d2b4-431f-b3c5-dbe9b44f6f09}" File="ui/rune/common_scale9_fuwenlvdi01.png" UseOriginSize="True" Name="imgBg_SceneRune" />
                        <WZUIImage Type="WZUIImage" GUID="{1baf8bb5-c3d4-4874-a485-6601cf76ac70}" Name="imgLight_SceneRune" File="ui/rune/common_scale9_fuwenxuanzhong.png" RelativePosition="0.5,0.5" Visible="False" UseOriginSize="True" />
                        <WZUIImage Type="WZUIImage" GUID="{e66f2cad-9a80-4b7e-8d7c-90f554ec4a25}" Name="imgLock_SceneRune" File="ui/rune/common_icon_suo6.png" UseOriginSize="True" Visible="False" />
                        <WZUILabelTTF Type="WZUILabelTTF" GUID="{f0f29948-28eb-4112-bc17-ab16f17e4a28}" LabelStyleKey="C16_F20" Text="" Dimensions="60,0" Name="txtOpenLevel_SceneRune" />
                        <WZUIImage Type="WZUIImage" GUID="{9f2a77ca-9151-43e2-8f33-3041899938c6}" File="ui/common/common_icon_xiaodianzhui.png" Scale="0.8" UseOriginSize="True" ScaleX="0.8" ScaleY="0.8" RelativePosition="0.885714,0.728571" Name="imgRed_SceneRune" Visible="False" />
                        <Button Type="WZUIButton" GUID="{f50dbad4-fb53-4b85-a10b-be00b6e8a1e3}" LuaDoneFunctionName="onClickRuneSlot">
                            <NormalElement Type="WZUIContainer" GUID="{da054784-cf10-457a-a99b-fc0269427bc2}" />
                            <SelectElement Type="WZUIContainer" GUID="{946579f9-61d5-4175-8a61-8f585dac4229}" />
                            <DisableElement Type="WZUIContainer" GUID="{ecd13280-8ee8-42ff-81df-5c5fcffca41e}" />
                        </Button>
                    </WZUIContainer>
                    <WZUIContainer Type="WZUIContainer" GUID="{c2f987bf-3725-4415-a74d-ac9413240d9b}" AbsContentSize="70,70" UseAbsSize="True" RelativePosition="0.0997618,0.328847" Name="conRun3_SceneRune" Tag="">
                        <WZUIImage Type="WZUIImage" GUID="{90759a6b-8989-4f6b-9c21-c49420ecf540}" File="ui/rune/common_scale9_fuwenlvdi01.png" UseOriginSize="True" Name="imgBg_SceneRune" />
                        <WZUIImage Type="WZUIImage" GUID="{5859db95-f0e2-4c31-8130-4937c8ac12f8}" Name="imgLight_SceneRune" File="ui/rune/common_scale9_fuwenxuanzhong.png" RelativePosition="0.5,0.5" Visible="False" UseOriginSize="True" />
                        <WZUIImage Type="WZUIImage" GUID="{187e4939-f034-49cd-bec4-1a9d55adcc7d}" Name="imgLock_SceneRune" File="ui/rune/common_icon_suo6.png" UseOriginSize="True" Visible="False" />
                        <WZUILabelTTF Type="WZUILabelTTF" GUID="{95dfcd4e-81f8-4f61-87ab-e75585a893e0}" LabelStyleKey="C16_F20" Text="" Dimensions="60,0" Name="txtOpenLevel_SceneRune" />
                        <WZUIImage Type="WZUIImage" GUID="{fc654181-a8dc-4bc6-baed-0fe105533827}" File="ui/common/common_icon_xiaodianzhui.png" Scale="0.8" UseOriginSize="True" ScaleX="0.8" ScaleY="0.8" RelativePosition="0.885714,0.728571" Name="imgRed_SceneRune" Visible="False" />
                        <Button Type="WZUIButton" GUID="{56b6e772-e83c-4bbd-868f-b73823313793}" LuaDoneFunctionName="onClickRuneSlot">
                            <NormalElement Type="WZUIContainer" GUID="{ca8303f6-ab92-48fd-89ca-1e03930df8db}" />
                            <SelectElement Type="WZUIContainer" GUID="{b02ec1c6-ae79-474b-a76f-4256aeb819d5}" />
                            <DisableElement Type="WZUIContainer" GUID="{4cae59de-f74d-49e2-9598-fecc5b653f3b}" />
                        </Button>
                    </WZUIContainer>
                    <WZUIContainer Type="WZUIContainer" GUID="{0bef522c-ff24-4ee4-97d6-99434993cb8c}" AbsContentSize="70,70" UseAbsSize="True" RelativePosition="0.492966,0.32944" Name="conRun4_SceneRune" Tag="">
                        <WZUIImage Type="WZUIImage" GUID="{58eb091d-072b-410c-883b-a07fc1b361b9}" File="ui/rune/common_scale9_fuwenlvdi01.png" UseOriginSize="True" Name="imgBg_SceneRune" />
                        <WZUIImage Type="WZUIImage" GUID="{34740fc7-f5e0-4f62-b56c-c5bdf8e82535}" Name="imgLight_SceneRune" File="ui/rune/common_scale9_fuwenxuanzhong.png" RelativePosition="0.5,0.5" Visible="False" UseOriginSize="True" />
                        <WZUIImage Type="WZUIImage" GUID="{e8469b4d-4a94-43f4-a82e-5d7bb9fb3ec4}" Name="imgLock_SceneRune" File="ui/rune/common_icon_suo6.png" UseOriginSize="True" Visible="False" />
                        <WZUILabelTTF Type="WZUILabelTTF" GUID="{a2dd7d4e-fecf-492c-bc58-d85f3fdf101f}" LabelStyleKey="C16_F20" Text="" Dimensions="60,0" Name="txtOpenLevel_SceneRune" />
                        <WZUIImage Type="WZUIImage" GUID="{4f422fbd-d077-4792-ab14-4dec2e99a07d}" File="ui/common/common_icon_xiaodianzhui.png" Scale="0.8" UseOriginSize="True" ScaleX="0.8" ScaleY="0.8" RelativePosition="0.885714,0.728571" Name="imgRed_SceneRune" Visible="False" />
                        <Button Type="WZUIButton" GUID="{cfb65551-677f-4304-96eb-ae8aef5c30aa}" LuaDoneFunctionName="onClickRuneSlot">
                            <NormalElement Type="WZUIContainer" GUID="{be740104-19e4-4b2c-b253-cfead05eb6c6}" />
                            <SelectElement Type="WZUIContainer" GUID="{cfa85849-7313-442c-9879-8d472a3a7d79}" />
                            <DisableElement Type="WZUIContainer" GUID="{83e45e2b-2fee-47d7-8d6e-abb135302222}" />
                        </Button>
                    </WZUIContainer>
                    <WZUIContainer Type="WZUIContainer" GUID="{761b5b4d-1069-4f64-97ea-5992f36d96eb}" AbsContentSize="70,70" UseAbsSize="True" RelativePosition="0.8818,0.328673" Name="conRun5_SceneRune" Tag="">
                        <WZUIImage Type="WZUIImage" GUID="{5269155b-fc12-4780-b48d-7ee7e38adfaa}" File="ui/rune/common_scale9_fuwenlvdi01.png" UseOriginSize="True" Name="imgBg_SceneRune" />
                        <WZUIImage Type="WZUIImage" GUID="{e7eba762-bdd6-4b75-a7e2-0dbc882290c4}" Name="imgLight_SceneRune" File="ui/rune/common_scale9_fuwenxuanzhong.png" RelativePosition="0.5,0.5" Visible="False" UseOriginSize="True" />
                        <WZUIImage Type="WZUIImage" GUID="{53e46ed3-ec5a-45da-a38e-a86037f89501}" Name="imgLock_SceneRune" File="ui/rune/common_icon_suo6.png" UseOriginSize="True" Visible="False" />
                        <WZUILabelTTF Type="WZUILabelTTF" GUID="{02f6e5d3-4a9e-4578-a23b-7bc4d95f42fb}" LabelStyleKey="C16_F20" Text="" Dimensions="60,0" Name="txtOpenLevel_SceneRune" />
                        <WZUIImage Type="WZUIImage" GUID="{fa1d814f-7a7d-4192-9bc0-2127922caada}" File="ui/common/common_icon_xiaodianzhui.png" Scale="0.8" UseOriginSize="True" ScaleX="0.8" ScaleY="0.8" RelativePosition="0.885714,0.728571" Name="imgRed_SceneRune" Visible="False" />
                        <Button Type="WZUIButton" GUID="{c29b5095-77b9-4ccb-b901-5327402bee82}" LuaDoneFunctionName="onClickRuneSlot">
                            <NormalElement Type="WZUIContainer" GUID="{f29aa102-9b00-428f-a7dd-a9f2d493ccd8}" />
                            <SelectElement Type="WZUIContainer" GUID="{590ef0fb-6b69-4dd6-bc54-d87abde1f627}" />
                            <DisableElement Type="WZUIContainer" GUID="{066524c9-3288-4626-8f37-ad368a72225f}" />
                        </Button>
                    </WZUIContainer>
                    <WZUIContainer Type="WZUIContainer" GUID="{8f7d5b6a-72d9-4f0a-95a5-2feb532fb46a}" AbsContentSize="70,70" UseAbsSize="True" RelativePosition="-0.0949446,0.220041" Name="conRun6_SceneRune" Tag="">
                        <WZUIImage Type="WZUIImage" GUID="{ef647c07-0a8f-4600-8d9c-bd8e0b01bdcc}" File="ui/rune/common_scale9_fuwenlvdi01.png" UseOriginSize="True" Name="imgBg_SceneRune" />
                        <WZUIImage Type="WZUIImage" GUID="{558e159c-635e-4c16-947b-5edfa4082053}" Name="imgLight_SceneRune" File="ui/rune/common_scale9_fuwenxuanzhong.png" RelativePosition="0.5,0.5" Visible="False" UseOriginSize="True" />
                        <WZUIImage Type="WZUIImage" GUID="{1cc46f7c-de98-4d66-b27d-f3bb4d437499}" Name="imgLock_SceneRune" File="ui/rune/common_icon_suo6.png" UseOriginSize="True" Visible="False" />
                        <WZUILabelTTF Type="WZUILabelTTF" GUID="{410a51fe-68b7-4b00-9c0f-18447262d03d}" LabelStyleKey="C16_F20" Text="" Dimensions="60,0" Name="txtOpenLevel_SceneRune" />
                        <WZUIImage Type="WZUIImage" GUID="{40f2a435-ea4f-47e8-aea6-4f107b42fef4}" File="ui/common/common_icon_xiaodianzhui.png" Scale="0.8" UseOriginSize="True" ScaleX="0.8" ScaleY="0.8" RelativePosition="0.885714,0.728571" Name="imgRed_SceneRune" Visible="False" />
                        <Button Type="WZUIButton" GUID="{596b74f6-1af4-4eb7-a95b-2533b1d323a1}" LuaDoneFunctionName="onClickRuneSlot">
                            <NormalElement Type="WZUIContainer" GUID="{c964de68-aa2b-4f18-8463-a828e10c1ea4}" />
                            <SelectElement Type="WZUIContainer" GUID="{aaddcc88-a2ca-4412-acf8-6ed31c43467f}" />
                            <DisableElement Type="WZUIContainer" GUID="{7dfcdfbc-7888-461a-9081-86089a0be720}" />
                        </Button>
                    </WZUIContainer>
                    <WZUIContainer Type="WZUIContainer" GUID="{2160eee1-be02-429d-ad78-b3332b3bfd18}" AbsContentSize="70,70" UseAbsSize="True" RelativePosition="0.294865,0.220436" Name="conRun7_SceneRune" Tag="">
                        <WZUIImage Type="WZUIImage" GUID="{4450ea63-935a-4723-bfd9-3ccf805e1205}" File="ui/rune/common_scale9_fuwenlvdi01.png" UseOriginSize="True" Name="imgBg_SceneRune" />
                        <WZUIImage Type="WZUIImage" GUID="{b6fcfc39-84b7-4224-9f22-6d7d89f2ab1c}" Name="imgLight_SceneRune" File="ui/rune/common_scale9_fuwenxuanzhong.png" RelativePosition="0.5,0.5" Visible="False" UseOriginSize="True" />
                        <WZUIImage Type="WZUIImage" GUID="{d72dc7ea-10e4-431e-adfb-a4563a87dfd3}" Name="imgLock_SceneRune" File="ui/rune/common_icon_suo6.png" UseOriginSize="True" Visible="False" />
                        <WZUILabelTTF Type="WZUILabelTTF" GUID="{8f43990a-a9c0-491f-8181-d402549ead5d}" LabelStyleKey="C16_F20" Text="" Dimensions="60,0" Name="txtOpenLevel_SceneRune" />
                        <WZUIImage Type="WZUIImage" GUID="{e4d9342c-8a73-40da-844f-34ff47946f8d}" File="ui/common/common_icon_xiaodianzhui.png" Scale="0.8" UseOriginSize="True" ScaleX="0.8" ScaleY="0.8" RelativePosition="0.885714,0.728571" Name="imgRed_SceneRune" Visible="False" />
                        <Button Type="WZUIButton" GUID="{ae344810-52a5-4d98-8c1b-8c09219fd091}" LuaDoneFunctionName="onClickRuneSlot">
                            <NormalElement Type="WZUIContainer" GUID="{9201c72a-aa19-49c3-8524-68de894a7109}" />
                            <SelectElement Type="WZUIContainer" GUID="{d3c27039-216d-4ecc-98f8-93dc42d99230}" />
                            <DisableElement Type="WZUIContainer" GUID="{1bf5f78c-035f-4191-befc-cc74d2ae6dcf}" />
                        </Button>
                    </WZUIContainer>
                    <WZUIContainer Type="WZUIContainer" GUID="{ada84dab-28a0-4c11-82dc-2ae8ca9596d3}" AbsContentSize="70,70" UseAbsSize="True" RelativePosition="0.689761,0.21877" Name="conRun8_SceneRune" Tag="">
                        <WZUIImage Type="WZUIImage" GUID="{eddb08bc-421b-45ca-b13c-73adad2dcc85}" File="ui/rune/common_scale9_fuwenlvdi01.png" UseOriginSize="True" Name="imgBg_SceneRune" />
                        <WZUIImage Type="WZUIImage" GUID="{e176aeaf-f3ed-49e6-9336-524994516b43}" Name="imgLight_SceneRune" File="ui/rune/common_scale9_fuwenxuanzhong.png" RelativePosition="0.5,0.5" Visible="False" UseOriginSize="True" />
                        <WZUIImage Type="WZUIImage" GUID="{b0053580-1e12-4237-9d60-fa309cc02a96}" Name="imgLock_SceneRune" File="ui/rune/common_icon_suo6.png" UseOriginSize="True" Visible="False" />
                        <WZUILabelTTF Type="WZUILabelTTF" GUID="{eb4f6341-39c5-4ffa-885c-fbb2ddeb5b48}" LabelStyleKey="C16_F20" Text="" Dimensions="60,0" Name="txtOpenLevel_SceneRune" />
                        <WZUIImage Type="WZUIImage" GUID="{f4608a91-3d5c-4cea-b217-ccb7f895bcd9}" File="ui/common/common_icon_xiaodianzhui.png" Scale="0.8" UseOriginSize="True" ScaleX="0.8" ScaleY="0.8" RelativePosition="0.885714,0.728571" Name="imgRed_SceneRune" Visible="False" />
                        <Button Type="WZUIButton" GUID="{f1e47153-9292-4fc3-953c-0a1c47cf9447}" LuaDoneFunctionName="onClickRuneSlot">
                            <NormalElement Type="WZUIContainer" GUID="{9f928681-7e82-4845-b6ee-4cf408111f57}" />
                            <SelectElement Type="WZUIContainer" GUID="{4f4ab39e-6349-4524-8fba-c8a151108c81}" />
                            <DisableElement Type="WZUIContainer" GUID="{c3df9fe1-45d7-4b54-973e-8a177f02c783}" />
                        </Button>
                    </WZUIContainer>
                    <WZUIContainer Type="WZUIContainer" GUID="{2f5a0e4e-d333-4f13-9d71-dee6d99b1880}" AbsContentSize="70,70" UseAbsSize="True" RelativePosition="1.08541,0.218992" Name="conRun9_SceneRune" Tag="">
                        <WZUIImage Type="WZUIImage" GUID="{d6951f4a-6b84-4cf5-b6ec-97bbb9ab38cd}" File="ui/rune/common_scale9_fuwenlvdi01.png" UseOriginSize="True" Name="imgBg_SceneRune" />
                        <WZUIImage Type="WZUIImage" GUID="{478b69a9-fb2c-48f5-a7bb-969030595983}" Name="imgLight_SceneRune" File="ui/rune/common_scale9_fuwenxuanzhong.png" RelativePosition="0.5,0.5" Visible="False" UseOriginSize="True" />
                        <WZUIImage Type="WZUIImage" GUID="{4308ccb4-d003-48e9-b7ea-8b1f034308b5}" Name="imgLock_SceneRune" File="ui/rune/common_icon_suo6.png" UseOriginSize="True" Visible="False" />
                        <WZUILabelTTF Type="WZUILabelTTF" GUID="{7869d45c-9016-4823-8561-73015438b5b8}" LabelStyleKey="C16_F20" Text="" Dimensions="60,0" Name="txtOpenLevel_SceneRune" />
                        <WZUIImage Type="WZUIImage" GUID="{5407588a-64a9-4025-87b7-143fd42a4fc4}" File="ui/common/common_icon_xiaodianzhui.png" Scale="0.8" UseOriginSize="True" ScaleX="0.8" ScaleY="0.8" RelativePosition="0.885714,0.728571" Name="imgRed_SceneRune" Visible="False" />
                        <Button Type="WZUIButton" GUID="{7f1a6db7-a0a1-477c-9b28-405716f90cf6}" LuaDoneFunctionName="onClickRuneSlot">
                            <NormalElement Type="WZUIContainer" GUID="{d1fdcdc6-9b26-475a-a731-24f409bc5297}" />
                            <SelectElement Type="WZUIContainer" GUID="{852ee8d6-19d6-4c9b-9934-ab58af2e44b7}" />
                            <DisableElement Type="WZUIContainer" GUID="{7db8236c-c258-4efd-8652-f166ab755fb8}" />
                        </Button>
                    </WZUIContainer>
                    <WZUIContainer Type="WZUIContainer" GUID="{6630516d-b686-4598-9b60-a61809bcf7f4}" AbsContentSize="70,70" UseAbsSize="True" RelativePosition="0.492303,0.110324" Name="conRun10_SceneRune" Tag="">
                        <WZUIImage Type="WZUIImage" GUID="{32ee289f-6c01-4dfb-992c-44ca253a587d}" File="ui/rune/common_scale9_fuwenlvdi01.png" UseOriginSize="True" Name="imgBg_SceneRune" LuaTouchMovedFunction="ui/rune/common_scale9_fuwenlvdi01.png" />
                        <WZUIImage Type="WZUIImage" GUID="{29060520-fa75-41bb-9d63-bad100643df5}" Name="imgLight_SceneRune" File="ui/rune/common_scale9_fuwenxuanzhong.png" RelativePosition="0.5,0.5" Visible="False" UseOriginSize="True" />
                        <WZUIImage Type="WZUIImage" GUID="{ec43b051-a549-4a94-8a66-595345c23e82}" Name="imgLock_SceneRune" File="ui/rune/common_icon_suo6.png" UseOriginSize="True" Visible="False" />
                        <WZUILabelTTF Type="WZUILabelTTF" GUID="{b599ddb2-c33d-4bbb-91b6-9e0eb0d94ec6}" LabelStyleKey="C16_F20" Text="" Dimensions="60,0" Name="txtOpenLevel_SceneRune" />
                        <WZUIImage Type="WZUIImage" GUID="{4a9f7b8a-923d-4b08-afe7-70851f1b1825}" File="ui/common/common_icon_xiaodianzhui.png" Scale="0.8" UseOriginSize="True" ScaleX="0.8" ScaleY="0.8" RelativePosition="0.885714,0.728571" Name="imgRed_SceneRune" Visible="False" />
                        <Button Type="WZUIButton" GUID="{305fefce-38e7-4542-9537-c883bcff8a1e}" LuaDoneFunctionName="onClickRuneSlot">
                            <NormalElement Type="WZUIContainer" GUID="{d9084c86-875b-40af-a82c-1f5c39284860}" />
                            <SelectElement Type="WZUIContainer" GUID="{0fc5e291-ab52-4839-842f-295e538e5061}" />
                            <DisableElement Type="WZUIContainer" GUID="{6ca31fd1-28b0-4671-8efa-5f981360b605}" />
                        </Button>
                    </WZUIContainer>
                    <WZUIContainer Type="WZUIContainer" GUID="{9b14b1b8-5476-49e4-9710-da4eb7578b1f}" AbsContentSize="70,70" UseAbsSize="True" RelativePosition="0.499296,0.555939" Name="conRun11_SceneRune" Tag="42">
                        <WZUIImage Type="WZUIImage" GUID="{d99ba286-e0d2-4673-bf46-12a1c52fb162}" File="ui/rune/common_scale9_fuwenlzidi01.png" UseOriginSize="True" Name="imgBg_SceneRune" />
                        <WZUIImage Type="WZUIImage" GUID="{b58beaa9-c31f-4613-aaf6-be13488ffa88}" Name="imgLight_SceneRune" File="ui/rune/common_scale9_fuwenxuanzhong.png" RelativePosition="0.5,0.5" Visible="False" UseOriginSize="True" />
                        <WZUIImage Type="WZUIImage" GUID="{a306432b-f7af-4afa-af52-fd5480996bce}" Name="imgLock_SceneRune" File="ui/rune/common_icon_suo6.png" UseOriginSize="True" Visible="False" />
                        <WZUILabelTTF Type="WZUILabelTTF" GUID="{f072c0fb-38f9-4f24-ba39-b936d8b49ad1}" LabelStyleKey="C8_F20" Text="" Dimensions="80,0" Name="txtOpenLevel_SceneRune" />
                        <Button Type="WZUIButton" GUID="{de421406-d8ee-48e2-a2ce-b30fcef5457c}" LuaDoneFunctionName="onClickRuneSlot">
                            <NormalElement Type="WZUIContainer" GUID="{0b1c1a82-b247-4ab7-822e-f59c45276837}" />
                            <SelectElement Type="WZUIContainer" GUID="{6fabdbce-25a5-40a8-8d81-e2235ac75cc7}" />
                            <DisableElement Type="WZUIContainer" GUID="{f9645211-d2da-4fa2-81f3-29557126aed0}" />
                        </Button>
                        <WZUISpine Type="WZUISpine" GUID="{137bc671-86ac-4c75-bee2-60e1df4dc19b}" FileAtlas="" FileJson="" AnimationName="" Loop="True" RelativePosition="0.5,0.5" Name="runeSp_SceneRune" TouchEnable="False" />
                    </WZUIContainer>
                </WZUIContainer>
                <WZUIContainer Type="WZUIContainer" GUID="{36be3218-16d6-41db-bc9b-3f704a1c064b}" AbsContentSize="188,581" UseAbsSize="True" Name="conRuneType3_SceneRune" RelativePosition="0.884786,0.463035">
                    <WZUIContainer Type="WZUIContainer" GUID="{7420e815-a517-4412-8299-1bbd5df0263c}" AbsContentSize="70,70" UseAbsSize="True" RelativePosition="-0.200753,0.879993" Name="conRun1_SceneRune" Tag="">
                        <WZUIImage Type="WZUIImage" GUID="{ad540f85-85d7-4e91-baf7-3698de27c1f8}" File="ui/rune/common_scale9_fuwenhuangdi01.png" UseOriginSize="True" Name="imgBg_SceneRune" />
                        <WZUIImage Type="WZUIImage" GUID="{d6738fcc-a415-49bd-9ed6-7629f1889f79}" Name="imgLight_SceneRune" File="ui/rune/common_scale9_fuwenxuanzhong.png" RelativePosition="0.5,0.5" Visible="False" UseOriginSize="True" />
                        <WZUIImage Type="WZUIImage" GUID="{5e397edb-05e7-490f-9c39-1786d2f5e03b}" Name="imgLock_SceneRune" File="ui/rune/common_icon_suo6.png" UseOriginSize="True" Visible="False" />
                        <WZUILabelTTF Type="WZUILabelTTF" GUID="{41261ca1-8e32-4a96-88e4-36a6572ad327}" LabelStyleKey="C16_F20" Text="" Dimensions="60,0" Name="txtOpenLevel_SceneRune" />
                        <WZUIImage Type="WZUIImage" GUID="{dae2d45f-daa9-4756-b660-1958a3f6e87b}" File="ui/common/common_icon_xiaodianzhui.png" Scale="0.8" UseOriginSize="True" ScaleX="0.8" ScaleY="0.8" RelativePosition="0.885714,0.728571" Name="imgRed_SceneRune" Visible="False" />
                        <Button Type="WZUIButton" GUID="{8e85b096-0257-491c-8f3c-01c307c096be}" LuaDoneFunctionName="onClickRuneSlot">
                            <NormalElement Type="WZUIContainer" GUID="{a67194db-76a1-4032-adf8-37cc9fe758a9}" />
                            <SelectElement Type="WZUIContainer" GUID="{716063e2-ad6c-42dc-849f-a46382e90072}" />
                            <DisableElement Type="WZUIContainer" GUID="{5c6126ac-cd86-4cbb-928c-e84d01a04084}" />
                        </Button>
                    </WZUIContainer>
                    <WZUIContainer Type="WZUIContainer" GUID="{66fcdfaa-0704-4c0c-bf98-2eb2e5ee0d7b}" AbsContentSize="70,70" UseAbsSize="True" RelativePosition="0.19465,0.881434" Name="conRun2_SceneRune" Tag="">
                        <WZUIImage Type="WZUIImage" GUID="{a1d2ddc4-b4e1-4b99-b834-a0adb6361250}" File="ui/rune/common_scale9_fuwenhuangdi01.png" UseOriginSize="True" Name="imgBg_SceneRune" />
                        <WZUIImage Type="WZUIImage" GUID="{dcb2ea74-8c88-49c5-9c55-97ebd623b28b}" Name="imgLight_SceneRune" File="ui/rune/common_scale9_fuwenxuanzhong.png" RelativePosition="0.5,0.5" Visible="False" UseOriginSize="True" />
                        <WZUIImage Type="WZUIImage" GUID="{789a06b5-e1ad-41d4-a3bd-739ccdb70762}" Name="imgLock_SceneRune" File="ui/rune/common_icon_suo6.png" UseOriginSize="True" Visible="False" />
                        <WZUILabelTTF Type="WZUILabelTTF" GUID="{2a41aed3-ecc6-45a1-b2d6-b804041aebb4}" LabelStyleKey="C16_F20" Text="" Dimensions="60,0" Name="txtOpenLevel_SceneRune" />
                        <WZUIImage Type="WZUIImage" GUID="{8297edd4-8b1b-4194-962e-05ff3950d40b}" File="ui/common/common_icon_xiaodianzhui.png" Scale="0.8" UseOriginSize="True" ScaleX="0.8" ScaleY="0.8" RelativePosition="0.885714,0.728571" Name="imgRed_SceneRune" Visible="False" />
                        <Button Type="WZUIButton" GUID="{a7fb0849-a70a-4614-8168-d82dfd9d9547}" LuaDoneFunctionName="onClickRuneSlot">
                            <NormalElement Type="WZUIContainer" GUID="{ab932c28-026d-45bd-9f70-b3a0541e1ae2}" />
                            <SelectElement Type="WZUIContainer" GUID="{09111f7f-f132-4f7e-9a1c-9ab5da1d9245}" />
                            <DisableElement Type="WZUIContainer" GUID="{4d9cfcc5-b22a-4bc7-ae33-a1aa00ea99af}" />
                        </Button>
                    </WZUIContainer>
                    <WZUIContainer Type="WZUIContainer" GUID="{c878ff89-a440-4ee2-a8b2-74620f43829e}" AbsContentSize="70,70" UseAbsSize="True" RelativePosition="0.00131454,0.769328" Name="conRun3_SceneRune" Tag="">
                        <WZUIImage Type="WZUIImage" GUID="{6fa417f3-7fe2-4406-90af-b83a81feee39}" File="ui/rune/common_scale9_fuwenhuangdi01.png" UseOriginSize="True" Name="imgBg_SceneRune" />
                        <WZUIImage Type="WZUIImage" GUID="{bd5e8266-643f-451d-b591-c72117726267}" Name="imgLight_SceneRune" File="ui/rune/common_scale9_fuwenxuanzhong.png" RelativePosition="0.5,0.5" Visible="False" UseOriginSize="True" />
                        <WZUIImage Type="WZUIImage" GUID="{0eb3cf8c-2ef3-460a-9110-deacc63562d9}" Name="imgLock_SceneRune" File="ui/rune/common_icon_suo6.png" UseOriginSize="True" Visible="False" />
                        <WZUILabelTTF Type="WZUILabelTTF" GUID="{d1a12f0e-e3ec-4c88-81a7-238ede01881d}" LabelStyleKey="C16_F20" Text="" Dimensions="60,0" Name="txtOpenLevel_SceneRune" />
                        <WZUIImage Type="WZUIImage" GUID="{9660e30a-5c59-49e8-bb97-37e14b88d8d9}" File="ui/common/common_icon_xiaodianzhui.png" Scale="0.8" UseOriginSize="True" ScaleX="0.8" ScaleY="0.8" RelativePosition="0.885714,0.728571" Name="imgRed_SceneRune" Visible="False" />
                        <Button Type="WZUIButton" GUID="{b720f9a6-64bb-4d8c-bfdc-d257a427ad91}" LuaDoneFunctionName="onClickRuneSlot">
                            <NormalElement Type="WZUIContainer" GUID="{a96dd7a9-1528-486c-9331-7be6059ed5d0}" />
                            <SelectElement Type="WZUIContainer" GUID="{db0f2340-32eb-4096-bf8a-a088b88f8f8b}" />
                            <DisableElement Type="WZUIContainer" GUID="{47597977-3794-4ff9-bcf3-b63536df156d}" />
                        </Button>
                    </WZUIContainer>
                    <WZUIContainer Type="WZUIContainer" GUID="{7be2346b-62ef-47a3-8cfc-bff0d783e461}" AbsContentSize="70,70" UseAbsSize="True" RelativePosition="0.394387,0.768002" Name="conRun4_SceneRune" Tag="">
                        <WZUIImage Type="WZUIImage" GUID="{493e8113-21a2-415d-bf0c-5b2009bbc933}" File="ui/rune/common_scale9_fuwenhuangdi01.png" UseOriginSize="True" Name="imgBg_SceneRune" />
                        <WZUIImage Type="WZUIImage" GUID="{9460a4ba-d3b4-4e47-92dd-cf30dea19152}" Name="imgLight_SceneRune" File="ui/rune/common_scale9_fuwenxuanzhong.png" RelativePosition="0.5,0.5" Visible="False" UseOriginSize="True" />
                        <WZUIImage Type="WZUIImage" GUID="{5b8fffe1-1ecf-4fca-bf8e-2c9041d91773}" Name="imgLock_SceneRune" File="ui/rune/common_icon_suo6.png" UseOriginSize="True" Visible="False" />
                        <WZUILabelTTF Type="WZUILabelTTF" GUID="{efa2b010-fae5-45e0-b379-e5d649544e9e}" LabelStyleKey="C16_F20" Text="" Dimensions="60,0" Name="txtOpenLevel_SceneRune" />
                        <WZUIImage Type="WZUIImage" GUID="{9d8ef02a-97bf-424d-a160-e93a63e0b578}" File="ui/common/common_icon_xiaodianzhui.png" Scale="0.8" UseOriginSize="True" ScaleX="0.8" ScaleY="0.8" RelativePosition="0.885714,0.728571" Name="imgRed_SceneRune" Visible="False" />
                        <Button Type="WZUIButton" GUID="{e47e3e9c-c7a6-4428-b4dc-fed4f1d8aab1}" LuaDoneFunctionName="onClickRuneSlot">
                            <NormalElement Type="WZUIContainer" GUID="{efeb2048-08d4-4fbb-8c05-2ce4791aaa27}" />
                            <SelectElement Type="WZUIContainer" GUID="{4fe32bc8-23f6-4770-b62c-613a39fad0bb}" />
                            <DisableElement Type="WZUIContainer" GUID="{04bbc830-2a13-4487-84d1-114834ed54f1}" />
                        </Button>
                    </WZUIContainer>
                    <WZUIContainer Type="WZUIContainer" GUID="{f5072cce-b830-40e2-aa71-c7e11f9b37b9}" AbsContentSize="70,70" UseAbsSize="True" RelativePosition="0.590424,0.657847" Name="conRun5_SceneRune" Tag="">
                        <WZUIImage Type="WZUIImage" GUID="{5779bef1-4e68-4380-9730-058a4d265886}" File="ui/rune/common_scale9_fuwenhuangdi01.png" UseOriginSize="True" Name="imgBg_SceneRune" />
                        <WZUIImage Type="WZUIImage" GUID="{f0d3159f-7e8b-4851-8d17-952bf766c9d8}" Name="imgLight_SceneRune" File="ui/rune/common_scale9_fuwenxuanzhong.png" RelativePosition="0.5,0.5" Visible="False" UseOriginSize="True" />
                        <WZUIImage Type="WZUIImage" GUID="{74439195-a963-49dd-8dfb-45c379cc0449}" Name="imgLock_SceneRune" File="ui/rune/common_icon_suo6.png" UseOriginSize="True" Visible="False" />
                        <WZUILabelTTF Type="WZUILabelTTF" GUID="{df01e61e-609c-4b51-a8ce-804017e2288e}" LabelStyleKey="C16_F20" Text="" Dimensions="60,0" Name="txtOpenLevel_SceneRune" />
                        <WZUIImage Type="WZUIImage" GUID="{31270fec-aeb3-4c17-b5d1-418893da3bd8}" File="ui/common/common_icon_xiaodianzhui.png" Scale="0.8" UseOriginSize="True" ScaleX="0.8" ScaleY="0.8" RelativePosition="0.885714,0.728571" Name="imgRed_SceneRune" Visible="False" />
                        <Button Type="WZUIButton" GUID="{63d8a660-f0d6-435f-b92a-55d550826341}" LuaDoneFunctionName="onClickRuneSlot">
                            <NormalElement Type="WZUIContainer" GUID="{148bf0c4-eff3-43f0-87b6-af2515801a48}" />
                            <SelectElement Type="WZUIContainer" GUID="{61b38adb-8665-4f19-86e8-2c78484aa83e}" />
                            <DisableElement Type="WZUIContainer" GUID="{a83f3cfb-0c4f-4f8f-ae75-86644b3aabc7}" />
                        </Button>
                    </WZUIContainer>
                    <WZUIContainer Type="WZUIContainer" GUID="{c80c08ce-75fd-4615-ad3a-4abadfec0c80}" AbsContentSize="70,70" UseAbsSize="True" RelativePosition="0.393676,0.549414" Name="conRun6_SceneRune" Tag="">
                        <WZUIImage Type="WZUIImage" GUID="{35e60c83-9ac5-4576-9441-68549e1c09dc}" File="ui/rune/common_scale9_fuwenhuangdi01.png" UseOriginSize="True" Name="imgBg_SceneRune" />
                        <WZUIImage Type="WZUIImage" GUID="{de52cbf1-8634-4f86-8327-6404b77bd2a9}" Name="imgLight_SceneRune" File="ui/rune/common_scale9_fuwenxuanzhong.png" RelativePosition="0.5,0.5" Visible="False" UseOriginSize="True" />
                        <WZUIImage Type="WZUIImage" GUID="{4b928df2-abe0-430a-85b4-007b062c1dce}" Name="imgLock_SceneRune" File="ui/rune/common_icon_suo6.png" UseOriginSize="True" Visible="False" />
                        <WZUILabelTTF Type="WZUILabelTTF" GUID="{172e5f87-9069-4a54-a8aa-9b44f8ff6532}" LabelStyleKey="C16_F20" Text="" Dimensions="60,0" Name="txtOpenLevel_SceneRune" />
                        <WZUIImage Type="WZUIImage" GUID="{12d02da2-4b83-40a4-a17a-4eb8bf654615}" File="ui/common/common_icon_xiaodianzhui.png" Scale="0.8" UseOriginSize="True" ScaleX="0.8" ScaleY="0.8" RelativePosition="0.885714,0.728571" Name="imgRed_SceneRune" Visible="False" />
                        <Button Type="WZUIButton" GUID="{dff29ded-0fbd-49c8-a241-27a2348bb985}" LuaDoneFunctionName="onClickRuneSlot">
                            <NormalElement Type="WZUIContainer" GUID="{f4c7967b-5c3a-4ff1-a317-508868c3ba83}" />
                            <SelectElement Type="WZUIContainer" GUID="{0e8531ed-9245-4798-b160-50f1f6357b7d}" />
                            <DisableElement Type="WZUIContainer" GUID="{454fa35e-b893-4f23-887f-5918aa154634}" />
                        </Button>
                    </WZUIContainer>
                    <WZUIContainer Type="WZUIContainer" GUID="{9cc39fc2-ec37-4780-8f10-adc9fb7e3a70}" AbsContentSize="70,70" UseAbsSize="True" RelativePosition="-0.00270934,0.549215" Name="conRun7_SceneRune" Tag="">
                        <WZUIImage Type="WZUIImage" GUID="{e952a64f-ee72-43ad-90ee-e6306f988b03}" File="ui/rune/common_scale9_fuwenhuangdi01.png" UseOriginSize="True" Name="imgBg_SceneRune" />
                        <WZUIImage Type="WZUIImage" GUID="{7181fed5-b3b2-4084-be6e-305f55c83be7}" Name="imgLight_SceneRune" File="ui/rune/common_scale9_fuwenxuanzhong.png" RelativePosition="0.5,0.5" Visible="False" UseOriginSize="True" />
                        <WZUIImage Type="WZUIImage" GUID="{abd4b874-6d19-4e33-830c-eaa1e1dfb1db}" Name="imgLock_SceneRune" File="ui/rune/common_icon_suo6.png" UseOriginSize="True" Visible="False" />
                        <WZUILabelTTF Type="WZUILabelTTF" GUID="{5a420dc3-b894-4831-861f-90184e48850d}" LabelStyleKey="C16_F20" Text="" Dimensions="60,0" Name="txtOpenLevel_SceneRune" />
                        <WZUIImage Type="WZUIImage" GUID="{5bb27d6c-f9c9-4639-848b-24fe41e1ffdc}" File="ui/common/common_icon_xiaodianzhui.png" Scale="0.8" UseOriginSize="True" ScaleX="0.8" ScaleY="0.8" RelativePosition="0.885714,0.728571" Name="imgRed_SceneRune" Visible="False" />
                        <Button Type="WZUIButton" GUID="{4e438c47-ea55-4295-86c4-92fe6a5061f2}" LuaDoneFunctionName="onClickRuneSlot">
                            <NormalElement Type="WZUIContainer" GUID="{47889fe9-998d-4ddf-9f10-5e57b2e9f318}" />
                            <SelectElement Type="WZUIContainer" GUID="{76647e99-d038-4652-8b94-06e7e52717da}" />
                            <DisableElement Type="WZUIContainer" GUID="{f85c1d62-c3e5-4003-86b2-d2f647c91c91}" />
                        </Button>
                    </WZUIContainer>
                    <WZUIContainer Type="WZUIContainer" GUID="{9549c3bb-54ef-4f9d-8e6d-503da4ea1302}" AbsContentSize="70,70" UseAbsSize="True" RelativePosition="0.190227,0.439654" Name="conRun8_SceneRune" Tag="">
                        <WZUIImage Type="WZUIImage" GUID="{dd783f89-c8bc-4f0d-ac2f-06418818c1e0}" File="ui/rune/common_scale9_fuwenhuangdi01.png" UseOriginSize="True" Name="imgBg_SceneRune" />
                        <WZUIImage Type="WZUIImage" GUID="{e93eb2e6-326c-4d6d-9e30-15d33b73c0cf}" Name="imgLight_SceneRune" File="ui/rune/common_scale9_fuwenxuanzhong.png" RelativePosition="0.5,0.5" Visible="False" UseOriginSize="True" />
                        <WZUIImage Type="WZUIImage" GUID="{e6539f80-a847-4df9-837d-101b25ae3d24}" Name="imgLock_SceneRune" File="ui/rune/common_icon_suo6.png" UseOriginSize="True" Visible="False" />
                        <WZUILabelTTF Type="WZUILabelTTF" GUID="{c5b45108-1f94-4b6a-a734-211851539565}" LabelStyleKey="C16_F20" Text="" Dimensions="60,0" Name="txtOpenLevel_SceneRune" />
                        <WZUIImage Type="WZUIImage" GUID="{bc7ba8b5-3e30-4e0e-b5d8-a6adcbccfe9a}" File="ui/common/common_icon_xiaodianzhui.png" Scale="0.8" UseOriginSize="True" ScaleX="0.8" ScaleY="0.8" RelativePosition="0.885714,0.728571" Name="imgRed_SceneRune" Visible="False" />
                        <Button Type="WZUIButton" GUID="{36103637-4cb2-4981-9846-35b2c3f5e726}" LuaDoneFunctionName="onClickRuneSlot">
                            <NormalElement Type="WZUIContainer" GUID="{1b4d0370-0d07-4e16-b08e-50545f8df829}" />
                            <SelectElement Type="WZUIContainer" GUID="{d527524d-214f-47c6-97ab-d90cef2b2302}" />
                            <DisableElement Type="WZUIContainer" GUID="{4ba8960f-7aa1-4cd3-aab2-bd0be985e84c}" />
                        </Button>
                    </WZUIContainer>
                    <WZUIContainer Type="WZUIContainer" GUID="{e6aae045-5841-43be-b2fc-6d92483f4a38}" AbsContentSize="70,70" UseAbsSize="True" RelativePosition="0.590368,0.437537" Name="conRun9_SceneRune" Tag="">
                        <WZUIImage Type="WZUIImage" GUID="{b74c02f4-aa16-4535-a689-486b09caa4bf}" File="ui/rune/common_scale9_fuwenhuangdi01.png" UseOriginSize="True" Name="imgBg_SceneRune" />
                        <WZUIImage Type="WZUIImage" GUID="{d3d112ae-3840-4a47-b79a-d15ff3dc8874}" Name="imgLight_SceneRune" File="ui/rune/common_scale9_fuwenxuanzhong.png" RelativePosition="0.5,0.5" Visible="False" UseOriginSize="True" />
                        <WZUIImage Type="WZUIImage" GUID="{2234828b-b4d3-4930-9a2f-3574ceec6f29}" Name="imgLock_SceneRune" File="ui/rune/common_icon_suo6.png" UseOriginSize="True" Visible="False" />
                        <WZUILabelTTF Type="WZUILabelTTF" GUID="{94a1cec2-f795-4c49-b5fd-111ed1f187f7}" LabelStyleKey="C16_F20" Text="" Dimensions="60,0" Name="txtOpenLevel_SceneRune" />
                        <WZUIImage Type="WZUIImage" GUID="{631bfa00-ca23-422d-8ee2-7a17b9faafa6}" File="ui/common/common_icon_xiaodianzhui.png" Scale="0.8" UseOriginSize="True" ScaleX="0.8" ScaleY="0.8" RelativePosition="0.885714,0.728571" Name="imgRed_SceneRune" Visible="False" />
                        <Button Type="WZUIButton" GUID="{aeba0899-982c-4af6-9da5-6970d6f5c544}" LuaDoneFunctionName="onClickRuneSlot">
                            <NormalElement Type="WZUIContainer" GUID="{422bb85d-eccf-474b-ba9f-f4858cbd31ee}" />
                            <SelectElement Type="WZUIContainer" GUID="{ab2f6d54-0953-4ad1-82bf-f71f42c3e3d1}" />
                            <DisableElement Type="WZUIContainer" GUID="{df7c457c-8ab5-4393-a41c-af9ef0fe2434}" />
                        </Button>
                    </WZUIContainer>
                    <WZUIContainer Type="WZUIContainer" GUID="{1ca63f81-5592-4e15-9f2a-70f5ec748e32}" AbsContentSize="70,70" UseAbsSize="True" RelativePosition="0.395796,0.329301" Name="conRun10_SceneRune" Tag="">
                        <WZUIImage Type="WZUIImage" GUID="{25ac1ab6-d0da-4244-98c6-3b1ae96a4fe1}" File="ui/rune/common_scale9_fuwenhuangdi01.png" UseOriginSize="True" Name="imgBg_SceneRune" />
                        <WZUIImage Type="WZUIImage" GUID="{a590c5ee-59e8-43f9-84a4-4a82361832ba}" Name="imgLight_SceneRune" File="ui/rune/common_scale9_fuwenxuanzhong.png" RelativePosition="0.5,0.5" Visible="False" UseOriginSize="True" />
                        <WZUIImage Type="WZUIImage" GUID="{76e62d10-76c0-4766-b92f-3c4374cbc60a}" Name="imgLock_SceneRune" File="ui/rune/common_icon_suo6.png" UseOriginSize="True" Visible="False" />
                        <WZUILabelTTF Type="WZUILabelTTF" GUID="{57d6fe8d-adba-46d9-8998-5e430f38d450}" LabelStyleKey="C16_F20" Text="" Dimensions="60,0" Name="txtOpenLevel_SceneRune" />
                        <WZUIImage Type="WZUIImage" GUID="{2caec371-a901-404a-b081-c0132f93e3d6}" File="ui/common/common_icon_xiaodianzhui.png" Scale="0.8" UseOriginSize="True" ScaleX="0.8" ScaleY="0.8" RelativePosition="0.885714,0.728571" Name="imgRed_SceneRune" Visible="False" />
                        <Button Type="WZUIButton" GUID="{b0047d72-0ca1-4b7d-bc14-2a2c4a4543f0}" LuaDoneFunctionName="onClickRuneSlot">
                            <NormalElement Type="WZUIContainer" GUID="{1b1d5838-6a60-429e-8477-8a384d88c6a8}" />
                            <SelectElement Type="WZUIContainer" GUID="{a2b1886c-6819-4823-b06e-a9e722d28f50}" />
                            <DisableElement Type="WZUIContainer" GUID="{286b1a70-d585-4ffa-873c-175c32d4551c}" />
                        </Button>
                    </WZUIContainer>
                    <WZUIContainer Type="WZUIContainer" GUID="{1f42f0f7-32ca-4e07-b9c6-cbcd29e17d49}" AbsContentSize="70,70" UseAbsSize="True" RelativePosition="0.194835,0.658243" Name="conRun11_SceneRune" Tag="43">
                        <WZUIImage Type="WZUIImage" GUID="{f2016ac7-ca2d-4fde-a952-dceb9e9d0bdf}" File="ui/rune/common_scale9_fuwenlzidi01.png" UseOriginSize="True" Name="imgBg_SceneRune" />
                        <WZUIImage Type="WZUIImage" GUID="{f3afaeb6-4d2d-4bdf-b99d-03057a768088}" Name="imgLight_SceneRune" File="ui/rune/common_scale9_fuwenxuanzhong.png" RelativePosition="0.5,0.5" Visible="False" UseOriginSize="True" />
                        <WZUIImage Type="WZUIImage" GUID="{caa4e99a-84ab-4917-8c5e-8caf6cc7b340}" Name="imgLock_SceneRune" File="ui/rune/common_icon_suo6.png" UseOriginSize="True" Visible="False" />
                        <WZUILabelTTF Type="WZUILabelTTF" GUID="{9fa9443a-755e-4e08-a6f1-5d296ac71dbd}" LabelStyleKey="C8_F20" Text="" Dimensions="80,0" Name="txtOpenLevel_SceneRune" />
                        <Button Type="WZUIButton" GUID="{fb36c813-c908-4090-882d-61284775669a}" LuaDoneFunctionName="onClickRuneSlot">
                            <NormalElement Type="WZUIContainer" GUID="{f8fe92f3-038a-449e-b134-7265219881a6}" />
                            <SelectElement Type="WZUIContainer" GUID="{b41c85fd-d115-4201-8b6a-8e512af11c02}" />
                            <DisableElement Type="WZUIContainer" GUID="{b67ac278-7b62-450e-94e5-9b394834012d}" />
                        </Button>
                        <WZUISpine Type="WZUISpine" GUID="{53384bc5-938c-4df7-8179-bbdc472884a3}" FileAtlas="" FileJson="" AnimationName="" Loop="True" RelativePosition="0.5,0.5" Name="runeSp_SceneRune" TouchEnable="False" />
                    </WZUIContainer>
                    <WZUIContainer Type="WZUIContainer" GUID="{3759ad5e-f506-42d6-91f6-babef2e9f54b}" AbsContentSize="70,70" UseAbsSize="True" RelativePosition="-0.635378,0.788541" Name="conRun12_SceneRune" Tag="44">
                        <WZUIImage Type="WZUIImage" GUID="{ce93551c-e1d7-45bc-90ff-8f53e0df9f38}" File="ui/rune/common_scale9_fuwendashenghendi01.png" UseOriginSize="True" Name="imgBg_SceneRune" />
                        <WZUIImage Type="WZUIImage" GUID="{8239f03b-ab78-4c51-9b8b-dc3c739f790a}" Name="imgLight_SceneRune" File="ui/rune/common_scale9_fuwenxuanzhong.png" RelativePosition="0.5,0.5" Visible="False" UseOriginSize="True" />
                        <WZUIImage Type="WZUIImage" GUID="{31885c4a-a9d7-4074-a750-e66e21b9029b}" Name="imgLock_SceneRune" File="ui/rune/common_icon_suo6.png" UseOriginSize="True" Visible="False" />
                        <WZUILabelTTF Type="WZUILabelTTF" GUID="{6702adae-532e-4c8d-a407-7c1586783600}" LabelStyleKey="C8_F20" Text="" Dimensions="80,0" Name="txtOpenLevel_SceneRune" />
                        <Button Type="WZUIButton" GUID="{54d9a51c-5ef2-445a-8b77-642fcd8b9408}" LuaDoneFunctionName="onClickRuneSlot">
                            <NormalElement Type="WZUIContainer" GUID="{47a44d9d-d771-4bbc-83f6-67d93b81c50b}" />
                            <SelectElement Type="WZUIContainer" GUID="{a8bf8f41-ab3b-4a97-90d1-6255b886cf6a}" />
                            <DisableElement Type="WZUIContainer" GUID="{458d8708-6ba9-45ff-b4ee-89aac2de8eac}" />
                        </Button>
                        <WZUISpine Type="WZUISpine" GUID="{698ad626-2110-49e6-b5e7-025c61c6f3b5}" FileAtlas="" FileJson="" AnimationName="" Loop="True" RelativePosition="0.5,0.5" Name="runeSp_SceneRune" TouchEnable="False" />
                    </WZUIContainer>
                </WZUIContainer>
                <WZUIContainer Type="WZUIContainer" GUID="{3b75fca5-d9ad-4533-93c2-6437d49a2384}" AbsContentSize="70,70" UseAbsSize="True" RelativePosition="0.00356014,0.925873" AnchorPoint="0,0.5" ShowAll="False">
                    <Button Type="WZUIButton" GUID="{164d1c0c-c154-4b79-93ea-88ae344ecddf}" LuaDoneFunctionName="onClickRunePokedex">
                        <NormalElement Type="WZUIContainer" GUID="{a7998c5a-8f97-4fcd-88fc-1095a36cfb81}">
                            <WZUIImage Type="WZUIImage" GUID="{cab735fd-4a1b-43f7-92c4-0c73a3188459}" File="ui/rune/main_icon_fuwentujian_2.png" UseOriginSize="True" Visible="True" />
                        </NormalElement>
                        <SelectElement Type="WZUIContainer" GUID="{792581ad-348a-4144-af16-bb0ea1f368ef}">
                            <WZUIImage Type="WZUIImage" GUID="{654959e3-ea20-4639-9951-c54fcbd46e7e}" File="ui/rune/main_icon_fuwentujian_2.png" UseOriginSize="True" Visible="True" />
                        </SelectElement>
                        <DisableElement Type="WZUIContainer" GUID="{abb60967-82d1-484e-aa29-96f1f72b791a}" />
                    </Button>
                    <WZUIImage Type="WZUIImage" GUID="{8c09f08d-cc6b-4c03-b3e5-332b2f38d056}" File="ui/rune/commom_icon_wz_fuwentujian_2.png" UseOriginSize="True" RelativePosition="0.5,0.216312" TouchEnable="False" Visible="True" Name="imgTJ_SceneRune" />
                </WZUIContainer>
                <WZUIContainer Type="WZUIContainer" GUID="{bee41915-417b-45c9-82e6-2eaa456a3142}" AbsContentSize="70,70" UseAbsSize="True" RelativePosition="0.00356014,0.802609" AnchorPoint="0,0.5" ShowAll="False">
                    <Button Type="WZUIButton" GUID="{096666e1-186d-4b8a-85d5-9a14b50da6ec}" LuaDoneFunctionName="toRuneStore">
                        <NormalElement Type="WZUIContainer" GUID="{4660c249-029c-49bd-9b61-1ce1c4516af9}">
                            <WZUIImage Type="WZUIImage" GUID="{66bf82a7-a38b-4c7f-a116-0f83251e9f7f}" File="ui/rune/main_icon_fuwenshangdian_2.png" UseOriginSize="True" Visible="True" />
                        </NormalElement>
                        <SelectElement Type="WZUIContainer" GUID="{6ee9be59-92e5-4ed3-8dec-c483fc9fddcc}">
                            <WZUIImage Type="WZUIImage" GUID="{4bc9b363-0ff9-4cec-bc9a-f8ad234bd59f}" File="ui/rune/main_icon_fuwenshangdian_2.png" UseOriginSize="True" Visible="True" />
                        </SelectElement>
                        <DisableElement Type="WZUIContainer" GUID="{c4f37b85-8fde-4334-a3d1-16628f109391}" />
                    </Button>
                    <WZUIImage Type="WZUIImage" GUID="{eac748bd-607a-493a-8f7c-f737d383d2d8}" File="ui/rune/commom_icon_wz_fuwenshangdian_2.png" UseOriginSize="True" RelativePosition="0.5,0.216312" TouchEnable="False" Visible="True" Name="imgSD_SceneRune" />
                </WZUIContainer>
                <WZUIContainer Type="WZUIContainer" GUID="{0f91ba79-dd89-42ed-9326-748a233d4953}" AbsContentSize="80,80" UseAbsSize="True" RelativePosition="-0.0204298,0.0504122" AnchorPoint="0,0.5" ShowAll="False">
                    <Button Type="WZUIButton" GUID="{d2ba0455-aaed-4b3f-bc04-80ecda5390d4}" LuaDoneFunctionName="onExplain">
                        <NormalElement Type="WZUIContainer" GUID="{ffa09acc-950d-4b25-b1ec-1f9fa7af9996}">
                            <WZUIImage Type="WZUIImage" GUID="{c507cb5d-ba77-4a18-8125-d29404785d96}" File="ui/common/common_icon_gth.png" UseOriginSize="True" Visible="True" />
                        </NormalElement>
                        <SelectElement Type="WZUIContainer" GUID="{3d05bf90-8c21-4268-b3f0-2cb2a2f320c2}">
                            <WZUIImage Type="WZUIImage" GUID="{9fd921b5-f2f7-4066-9f3a-96bc3ed34384}" File="ui/common/common_icon_gth.png" UseOriginSize="True" Visible="True" />
                        </SelectElement>
                        <DisableElement Type="WZUIContainer" GUID="{a7e3c3ee-401c-4386-9fd8-a6eaa05ef4e1}" />
                    </Button>
                </WZUIContainer>
            </WZUIContainer>
            <WZUIContainer Type="WZUIContainer" GUID="{9186eef4-f2ba-44b3-8651-bbb146741577}" AbsContentSize="238,518" UseAbsSize="True" AnchorPoint="1,0.5" RelativePosition="1,0.503532" Visible="True" Name="conRight_SceneRune" ShowAll="False">
                <WZUIContainer Type="WZUIContainer" GUID="{8051ab98-b703-420f-bae8-1013013b90ab}" Name="conRuneTotalInfo_SceneRune" Visible="True">
                    <WZUI9Image Type="WZUI9Image" GUID="{6d83bcda-820b-44a7-ba18-fe99960b25c5}" File="ui/rune/common_scale9_js3.png" CapInsets="35,35,1,1" />
                    <WZUIContainer Type="WZUIContainer" GUID="{9b88a352-c810-4d98-9925-e413ac56251b}" AbsContentSize="118,58" UseAbsSize="True" RelativePosition="0.260567,0.0763744">
                        <Button Type="WZUIButton" GUID="{ef04fb99-59a0-40bb-a8d1-9fbd894782b1}" LuaDoneFunctionName="onUnloadAllRune">
                            <NormalElement Type="WZUIContainer" GUID="{b9e4a198-190c-4617-9700-7862e94c1f05}">
                                <WZUIImage Type="WZUIImage" GUID="{3de4c916-64f8-40fd-8f93-bb837902b0f3}" File="ui/common/common_btn_anniu3_1.png" UseOriginSize="False" Scale="0.88" />
                            </NormalElement>
                            <SelectElement Type="WZUIContainer" GUID="{bfcaa4a4-a87a-406c-82b6-d1e0c61f21d1}">
                                <WZUIImage Type="WZUIImage" GUID="{15fee872-1fa5-4dab-b4a4-444cb3af04f8}" File="ui/common/common_btn_anniu3_1_sel.png" UseOriginSize="False" Scale="0.88" ScaleX="0.88" ScaleY="0.88" />
                            </SelectElement>
                            <DisableElement Type="WZUIContainer" GUID="{a06c7c94-182e-47ec-946d-24b5de79e6b0}" />
                        </Button>
                        <WZUILabelTTF Type="WZUILabelTTF" GUID="{8aa3a2a1-fb8d-4afd-b796-e89d3b33ac70}" LabelStyleKey="NORMAL_ORANGE_BTN" TextKey="FAST_DISASSEMBLE" RelativePosition="0.5,0.482143" Scale="0.85" ScaleX="0.85" ScaleY="0.85" ShadowBlur="" Name="txtRemove_SceneRune" />
                    </WZUIContainer>
                    <WZUIContainer Type="WZUIContainer" GUID="{1b961c73-6332-4a30-8584-f3d8687fc6d6}" AbsContentSize="118,58" UseAbsSize="True" RelativePosition="0.737352,0.0763744">
                        <Button Type="WZUIButton" GUID="{6b2441dd-dbf7-42f2-a0d0-1c42e556c61b}" LuaDoneFunctionName="toRuneBag">
                            <NormalElement Type="WZUIContainer" GUID="{9f8fac05-96cd-4c1a-9f5d-330a1daf9d7e}">
                                <WZUIImage Type="WZUIImage" GUID="{f20d51da-b3bf-45ff-b7dd-177745c394bf}" File="ui/common/common_btn_anniu10_1.png" UseOriginSize="False" Scale="0.88" ScaleX="0.88" ScaleY="0.88" />
                            </NormalElement>
                            <SelectElement Type="WZUIContainer" GUID="{522e6a74-f97e-45ee-b3a5-26ef5f39547c}">
                                <WZUIImage Type="WZUIImage" GUID="{d9335e4a-5777-4203-a9d6-ce01a1e635a1}" File="ui/common/common_btn_anniu10_1_sel.png" UseOriginSize="False" Scale="0.88" ScaleX="0.88" ScaleY="0.88" />
                            </SelectElement>
                            <DisableElement Type="WZUIContainer" GUID="{a297dd94-5568-407b-861c-c277999784f0}" />
                        </Button>
                        <WZUILabelTTF Type="WZUILabelTTF" GUID="{25c987db-3d73-4da1-842b-31afb5beb4e8}" LabelStyleKey="NORMAL_GREEN_BTN" TextKey="RUNE_BAG" RelativePosition="0.5,0.482143" Scale="0.85" ScaleX="0.85" ScaleY="0.85" Name="txtBackpack_SceneRune" />
                    </WZUIContainer>
                    <WZUIContainer Type="WZUIContainer" GUID="{0e5f9353-9166-4438-afd2-6b47df6f9404}" AbsContentSize="224,372" UseAbsSize="True" RelativePosition="0.5,0.525097">
                        <WZUI9Image Type="WZUI9Image" GUID="{931c405a-6535-41c7-9c54-4a37c8cb47dc}" File="ui/rune/common_scale9_js4.png" />
                        <WZUIContainer Type="WZUIContainer" GUID="{6ebea18b-5f10-4001-bdef-0986af6491dc}" AbsContentSize="78,88" UseAbsSize="True" RelativePosition="0.239531,0.847187">
                            <WZUIImage Type="WZUIImage" GUID="{4d9a563a-a53f-406c-8d6b-ea063f4dcac4}" File="ui/rune/common_scale9_fuwenzongdengjidi.png" />
                            <WZUILabelAtlasFont Type="WZUILabelAtlasFont" GUID="{81cbe397-d6f1-498a-8f6d-a0da92dd2a11}" CharMapFileName="ui/common_num/common_num_shnegji.png" Height="58" Width="32" Text="0" Scale="0.66" StartChar="48" Name="afLevel_SceneRune" UseOriginSizeProportion="False" UseOriginSize="True" />
                        </WZUIContainer>
                        <WZUIContainer Type="WZUIContainer" GUID="{ef41bfbf-f360-43d6-9974-51c696900bc8}" AbsContentSize="224,34" UseAbsSize="True" RelativePosition="0.5,0.667691">
                            <WZUI9Image Type="WZUI9Image" GUID="{711450f9-5f0f-44a3-9c9f-4bca4ff75a23}" File="ui/common/common_scale9_heidi2.png" Opacity="76" UseOriginSize="True" ScaleY="0.6" ScaleX="0.75" />
                            <WZUILabelTTF Type="WZUILabelTTF" GUID="{2ba77378-c525-4e3e-807d-3ad69d4c6252}" TextKey="RUNE_ATTRIBUTE" LabelStyleKey="C1_F20" />
                        </WZUIContainer>
                        <WZUIContainer Type="WZUIContainer" GUID="{36a5f098-cd0d-4bdf-9fe2-ecadb595ec95}" AbsContentSize="224,220" UseAbsSize="True" RelativePosition="0.5,0.31857" Name="conAattribute_SceneRune">
                            <WZUITableContainer Type="WZUITableContainer" GUID="{b698d853-4c7f-4b76-9f4c-90ae4c8fad57}" EnableVerticalScroll="True" EnableMoveHorizontal="False" Name="tabRuneAttr_SceneRune" CellElementHeight="0.1363" />
                            <WZUILabelTTF Type="WZUILabelTTF" GUID="{bbc16e5b-7554-4ca9-8ff1-0a6e53357183}" Name="txtNotMsgTip_SceneRune" TextKey="FRIENDS_SEND_TIP_3" Color="158,139,121" FontSize="22" Visible="False" LabelStyleKey="C11_F20" />
                        </WZUIContainer>
                        <WZUILabelTTF Type="WZUILabelTTF" GUID="{3f86fe12-f165-4a14-a8d7-b97d81ce12a6}" LabelStyleKey="C1_F20_S4_C5" TextKey="RUNE_FIGHT" RelativePosition="0.432276,0.907878" AnchorPoint="0,0.5" Name="txtRuneFight_SceneRune" />
                        <WZUILabelTTF Type="WZUILabelTTF" GUID="{e2c44541-642d-4f37-8e9c-8a6475d76f7a}" LabelStyleKey="C1_F20_S4_C5" TextKey="" RelativePosition="0.432276,0.821857" AnchorPoint="0,0.5" Name="txtFight_SceneRune" Text="" />
                    </WZUIContainer>
                    <WZUILabelTTF Type="WZUILabelTTF" GUID="{eb1aa4ac-d5da-4fc2-b252-8a3d6ead0af0}" LabelStyleKey="C11_F24_S4_C3" TextKey="RUNE_INFO" RelativePosition="0.5,0.941492" />
                </WZUIContainer>
            </WZUIContainer>
        </WZUIContainer>
    </WZUIWindow>
    <WZUIContainer Type="WZUIContainer" GUID="{23caf828-6dca-47ba-b68c-cd280707440d}" AbsContentSize="224,30" UseAbsSize="True" Name="CellAttribute_SceneRune" Visible="False">
        <WZUILabelTTF Type="WZUILabelTTF" GUID="{a4f22c1d-d6d2-40a8-871d-6259db6d1862}" Color="255,227,116" FontSize="20" Text="" RelativePosition="0.157332,0.5" AnchorPoint="0,0.5" Name="txtName_CellRuneInfo" />
        <WZUILabelTTF Type="WZUILabelTTF" GUID="{3960bc33-880b-4805-99a1-8e8541655b23}" Color="99,255,95" FontSize="20" Text="" RelativePosition="0.646617,0.5" AnchorPoint="0,0.5" Name="txtV_CellRuneInfo" />
    </WZUIContainer>
</SceneRune>
