﻿<?xml version="1.0" ?>
<SceneBattle GUID="{673AB949-C078-4a4c-941F-96C2C714D79C}">
    <WZUIFrame AbsContentSize="960,640" GUID="{61C6F31B-48DC-4837-8921-20CF0C6BC0F9}" LuaObjectName="SceneBattle" Name="SceneBattle" NameCreate="True" ShowAll="False" TouchEnable="True" Type="WZUIFrame" UseAbsSize="True">
        <WZUIContainer AnchorPoint="0.5,0.5" GUID="{5850E120-E541-4581-AFE3-59BB431F6E73}" NoBorder="True" Type="WZUIContainer">
            <WZUIContainer AnchorPoint="0,0" GUID="{42DFED9C-020C-4717-A5B7-E7D129242E97}" Name="conBgLayer_SceneBattle" RelativePosition="0,0" ShowAll="False" Type="WZUIContainer" UseAbsSize="True" Visible="True" TouchEnable="False" />
            <WZUIContainer AnchorPoint="0,0" GUID="{5BB8AF3B-E8B3-4961-82AD-A6060288B6F3}" Name="conMidLayer_SceneBattle" RelativePosition="0,0" ShowAll="False" Type="WZUIContainer" UseAbsSize="True" Visible="True" TouchEnable="False" />
            <WZUIContainer AnchorPoint="0,0" GUID="{8FFFD0D7-0E2A-4bd8-8B02-630BED8E715D}" Name="conFrontLayer_SceneBattle" NoBorder="False" RelativePosition="0,0" ShowAll="False" Type="WZUIContainer" UseAbsSize="True" Visible="True">
                <WZUIContainer GUID="{CA1EE7E9-2FEC-4376-8901-4CDCD2F380F6}" Name="conBigSkill2_SceneBattle" Order="-1" Type="WZUIContainer" Visible="False" AnchorPoint="0.5,0.5" RelativePosition="0.5,0.5" AbsContentSize="4000,4000" UseAbsSize="True" ShowAll="False">
                    <WZUIContainer Type="WZUIContainer" GUID="{877BF8AE-5BB8-4ed7-8229-D9A4BCE4FB10}" AbsContentSize="1136,640" UseAbsSize="False" RelativePosition="0.5,0.5" AnchorPoint="0.5,0.5" Visible="True">
                        <WZUIImage Type="WZUIImage" GUID="{5DA5B692-6097-4f9e-9E11-ABF793714901}" File="ui/common/common_black_bg.png" Opacity="128" Scale="5" TouchEnable="False" />
                    </WZUIContainer>
                    <WZUIContainer Type="WZUIContainer" GUID="{52B3A3FE-2549-4739-B404-57905E7AEAF7}" AbsContentSize="1136,640" UseAbsSize="False" RelativePosition="0.5,0.5" AnchorPoint="0.5,0.5" Visible="False" Name="conBigSkill2Back_SceneBattle">
                        <WZUIImage Type="WZUIImage" GUID="{7B996B78-4380-4c5e-9EAD-BA53B3CBB68C}" File="ui/common/common_black_bg.png" Opacity="178" Scale="5" TouchEnable="False" Visible="False" Name="imgBigSkill2Back_SceneBattle" />
                    </WZUIContainer>
                </WZUIContainer>
            </WZUIContainer>
        </WZUIContainer>
        <WZUIContainer GUID="{0331A90C-7C57-429d-A853-D3B530E6B560}" Name="conInfoLayer_SceneBattle" ShowAll="True" TouchEnable="False" Type="WZUIContainer" Order="9" />
        <WZUIMultiTouchPanel AlwaysLuaTouchEnded="True" AlwaysLuaTouchMoved="True" GUID="{24489ebd-6eb5-4b6d-a176-74237d25787c}" LuaTouchBeganFunction="onTouchBegan" LuaTouchEndedFunction="onTouchEnd" LuaTouchMovedFunction="onTouchMoved" Name="multiTouchPanel_SceneBattle" Type="WZUIMultiTouchPanel" Order="11" />
        <WZUIContainer GUID="{bf2d4d3d-fae0-4adb-a563-c68cad9f8cae}" Name="conTopInfoLayer_SceneBattle" ShowAll="True" TouchEnable="False" Type="WZUIContainer" Order="12">
            <WZUIContainer AbsContentSize="960,118" GUID="{1f7c63a7-bc24-4f86-b605-6b082041e43a}" Name="conTurnShow_SceneBattle" Order="10" RelativePosition="1.5,0.5" ShowAll="False" TouchEnable="False" Type="WZUIContainer" UseAbsSize="True" Visible="True">
                <WZUIContainer AbsContentSize="210,49" AnchorPoint="0.5,1" GUID="{bd205e47-63c0-4352-919c-086529acee00}" Name="conTurnTimes_SceneBattle" RelativePosition="0.5,1" Type="WZUIContainer" UseAbsSize="True" Visible="True">
                    <WZUIImage File="" GUID="{9f64a3ac-a525-47ba-b64f-0643bf1a62d2}" Type="WZUIImage" UseOriginSize="True" />
                    <WZUILabelAtlasFont CharMapFileName="common/num/battle_hud_round_number.png" GUID="{9a1bbc7a-36d8-45be-b43e-cccebbeb87c7}" Height="41" Name="txtTurnTimes_SceneBattle" RelativePosition="0.4,0.5" Text="" Type="WZUILabelAtlasFont" UseOriginSize="True" Width="30" />
                </WZUIContainer>
                <WZUIImage AnchorPoint="0.5,0" File="ui/combat/common_icon_lundaonichushou.png" GUID="{001cde62-6153-418e-8ba2-31f7cd52fafc}" Name="imgMyTurn_SceneBattle" RelativePosition="0.5,0" Type="WZUIImage" UseOriginSize="True" Visible="True" />
                <WZUIContainer AbsContentSize="960,49" AnchorPoint="0.5,0" GUID="{1cb70fe5-0f56-4847-9915-fb6e05b5d33b}" Name="conWinMission_SceneBattle" RelativePosition="0.5,0" Type="WZUIContainer" UseAbsSize="True" Visible="False">
                    <WZUIContainer AbsContentSize="207,49" AnchorPoint="0,0.5" GUID="{76efafb6-5cb7-4057-a7da-d86c0d3a6b4a}" Name="conBossTotalTurn_SceneBattle" Type="WZUIContainer" UseAbsSize="True">
                        <WZUILabelAtlasFont AnchorPoint="0.5,0.5" CharMapFileName="common/num/battle_hud_round_number.png" GUID="{0f9a4f44-b59e-43d5-aa58-cadba1dd3766}" Height="41" Name="txtBossTotalTurn_SceneBattle" RelativePosition="0.193,0.5" Text="" Type="WZUILabelAtlasFont" UseOriginSize="True" Width="30" />
                        <WZUIImage AnchorPoint="1,0.5" File="common/text/target_round.png" GUID="{b39383c1-ea83-4649-b427-49d8cc660dfb}" Name="imgTotalRound_SceneBattle" RelativePosition="1,0.5" Type="WZUIImage" UseOriginSize="True" />
                    </WZUIContainer>
                </WZUIContainer>
            </WZUIContainer>
            <WZUIContainer GUID="{2ad0cdfb-b962-4f6b-9aa0-f50c9bb47e21}" Name="conBigSkill_SceneBattle" Order="0" Type="WZUIContainer" Visible="False" />
            <WZUIContainer AbsContentSize="960,118" GUID="{ebbf14d4-1f33-4f88-b3e1-e440bfba4ca1}" Name="conMapEventShow_SceneBattle" Order="10" RelativePosition="1.5,0.5" ShowAll="False" TouchEnable="False" Type="WZUIContainer" UseAbsSize="True" Visible="False" />
            <WZUIContainer AbsContentSize="960,118" GUID="{55fc4c62-7fcc-4d99-9952-6ec1c04c7a46}" Name="conMapEventAttackShow_SceneBattle" Order="10" RelativePosition="1.5,0.5" ShowAll="False" TouchEnable="False" Type="WZUIContainer" UseAbsSize="True" Visible="False" />
            <WZUIImage Type="WZUIImage" GUID="{eace13db-ae19-4bd1-bf32-a332fd836422}" File="ui/combat/battle_icon_btn01.png" UseOriginSize="True" Visible="False" Name="imgCancel_SceneBattle" />
        </WZUIContainer>
        <WZUIContainer AnchorPoint="0.5,0.5" GUID="{d3eecad5-72b7-477c-aa91-65dd192ead76}" NoBorder="True" Type="WZUIContainer" Order="10">
            <WZUIContainer AnchorPoint="0,0" GUID="{a9a2592c-cf91-4817-9f8b-ffe19bf5432f}" Name="conFogLayer_SceneBattle" NoBorder="False" RelativePosition="0,0" ShowAll="False" Type="WZUIContainer" UseAbsSize="True" Visible="True" Order="0" TouchEnable="False" TouchSwallow="False">
                <WZUIContainer AnchorPoint="0,0" GUID="{82e47ca8-57c0-4d11-875e-c5f0a5d79013}" Name="conFogLayer2_SceneBattle" NoBorder="False" RelativePosition="0,0" ShowAll="False" Type="WZUIContainer" UseAbsSize="True" Visible="True" Order="0" TouchEnable="False" TouchSwallow="False" Scale="2" />
                <WZUIContainer Type="WZUIContainer" GUID="{c7638c47-b7d7-4d60-938f-022143ac3242}" Name="conPoisonFog_SceneBattle" UseAbsCoordinate="True" AnchorPoint="0,0" AbsPosition="-800,30" AbsContentSize="0,0" Order="-3" Scale="1" Visible="True">
                    <WZUIContainer Type="WZUIContainer" GUID="{3e9f6984-8b78-4bba-9c7a-0eeca9e0d7fc}" Name="conPoisonFog_1_SceneBattle" UseAbsCoordinate="True" AnchorPoint="0,0" AbsPosition="-2098,0" AbsContentSize="0,0" Order="-3" Visible="True">
                        <WZUIImage Type="WZUIImage" GUID="{0aeee674-d36b-4947-852c-96aad1fff1da}" UseOriginSize="True" File="ui/combat/poison_fog.png" Order="10" Name="imgPoisonFog1_SceneBattle" UseAbsCoordinate="True" AbsPosition="-22.8794,-362.115" AnchorPoint="0,0" Scale="4" Visible="True" isValid="True" ScaleX="4" FlipX="True" />
                        <WZUIImage Type="WZUIImage" GUID="{b9e643f0-fde5-4dad-89ea-675e0e417325}" UseOriginSize="True" File="ui/combat/poison_fog.png" Order="10" Name="imgPoisonFog1_SceneBattle" UseAbsCoordinate="True" AbsPosition="-881.858,519.852" AnchorPoint="0,0" Scale="4" Visible="True" isValid="True" />
                        <WZUIImage Type="WZUIImage" GUID="{65878eec-2c18-4d9b-b0c3-c0ca82d048f1}" UseOriginSize="True" File="ui/combat/poison_fog.png" Order="10" Name="imgPoisonFog1_SceneBattle" UseAbsCoordinate="True" AbsPosition="-1197.63,-486.726" AnchorPoint="0,0" Scale="4" Visible="True" isValid="True" />
                        <WZUIImage Type="WZUIImage" GUID="{c0cea3c9-9289-4394-801f-c29d7a73d41c}" UseOriginSize="True" File="ui/combat/poison_fog.png" Order="10" Name="imgPoisonFog1_SceneBattle" UseAbsCoordinate="True" AbsPosition="336.441,619.058" AnchorPoint="0,0" Scale="3.5" Visible="True" isValid="True" />
                        <WZUIImage Type="WZUIImage" GUID="{5c6f8df1-f691-4f26-8993-897a930a4c60}" UseOriginSize="True" File="ui/combat/poison_fog.png" Order="10" Name="imgPoisonFog1_SceneBattle" UseAbsCoordinate="True" AbsPosition="-100.308,-1057.76" AnchorPoint="0,0" Scale="4" Visible="True" isValid="True" ScaleX="4" FlipX="True" />
                    </WZUIContainer>
                </WZUIContainer>
                <WZUIContainer Type="WZUIContainer" GUID="{54ed38c9-50ff-460b-b9bc-3e81334ff442}" Name="conPoisonFog2_SceneBattle" UseAbsCoordinate="True" AnchorPoint="0,0" AbsPosition="-800,30" AbsContentSize="0,0" Order="-3" Scale="1" Visible="False">
                    <WZUIContainer Type="WZUIContainer" GUID="{fddf7d3a-61a3-4ef5-a974-c2cb55012622}" Name="conPoisonFog_1_SceneBattle" UseAbsCoordinate="True" AnchorPoint="0,0" AbsPosition="-2098,0" AbsContentSize="0,0" Order="-3" Visible="True">
                        <WZUIImage Type="WZUIImage" GUID="{371e9704-4072-45b4-a90d-2e6a2a2fa825}" UseOriginSize="True" File="ui/combat/poison_fog.png" Order="10" Name="imgPoisonFog1_SceneBattle" UseAbsCoordinate="True" AbsPosition="-22.8794,-362.115" AnchorPoint="0,0" Scale="4" Visible="True" isValid="True" ScaleX="4" FlipX="True" />
                        <WZUIImage Type="WZUIImage" GUID="{b7f612b1-adb5-481d-97b8-c4e3cd38cca1}" UseOriginSize="True" File="ui/combat/poison_fog.png" Order="10" Name="imgPoisonFog1_SceneBattle" UseAbsCoordinate="True" AbsPosition="-881.858,519.852" AnchorPoint="0,0" Scale="4" Visible="True" isValid="True" />
                        <WZUIImage Type="WZUIImage" GUID="{7161ee27-cc2f-41d7-99ab-ea29e470b1ac}" UseOriginSize="True" File="ui/combat/poison_fog.png" Order="10" Name="imgPoisonFog1_SceneBattle" UseAbsCoordinate="True" AbsPosition="-1197.63,-486.726" AnchorPoint="0,0" Scale="4" Visible="True" isValid="True" />
                        <WZUIImage Type="WZUIImage" GUID="{82935473-a0a2-4bb7-a0a2-fbd1dca3f914}" UseOriginSize="True" File="ui/combat/poison_fog.png" Order="10" Name="imgPoisonFog1_SceneBattle" UseAbsCoordinate="True" AbsPosition="336.441,619.058" AnchorPoint="0,0" Scale="3.5" Visible="True" isValid="True" />
                        <WZUIImage Type="WZUIImage" GUID="{be9042fe-9cc6-45cb-a248-6325daa18d46}" UseOriginSize="True" File="ui/combat/poison_fog.png" Order="10" Name="imgPoisonFog1_SceneBattle" UseAbsCoordinate="True" AbsPosition="-100.308,-1057.76" AnchorPoint="0,0" Scale="4" Visible="True" isValid="True" ScaleX="4" FlipX="True" />
                    </WZUIContainer>
                </WZUIContainer>
            </WZUIContainer>
        </WZUIContainer>
        <WZUIContainer GUID="{f6523ee3-d6ec-4add-ae7a-476362fe4bc7}" Name="conInfoLayer2_SceneBattle" ShowAll="True" TouchEnable="False" Type="WZUIContainer" Order="10" TouchSwallow="False" UseAbsSize="True" AbsContentSize="2300,1800">
            <WZUIImage Type="WZUIImage" GUID="{df412ee3-fe09-419f-99ac-76c2c8ca6dfa}" File="ui/common/common_black_bg.png" Name="imgInfoLayer2_SceneBattle" Order="100" Visible="False" />
        </WZUIContainer>
    </WZUIFrame>
</SceneBattle>
