﻿<?xml version="1.0" ?>
<SceneCommunityMain GUID="{951513FB-931C-4607-B9C6-2922D42E7111}">
    <WZUIFrame AbsContentSize="960,640" AnchorPoint="0.5,0.5" GUID="{4B242A9D-2B40-4367-B7C6-53B066F82820}" LuaObjectName="SceneCommunityMain" LuaTouchBeganFunction="" LuaTouchEndedFunction="" LuaTouchMovedFunction="" Name="SceneCommunityMain" NameCreate="True" RelativePosition="0.5,0.5" ShowAll="False" TouchEnable="True" Type="WZUIFrame" UseAbsSize="False">
        <WZUIContainer Type="WZUIContainer" GUID="{7340242F-275E-4f88-AD6D-7037025D72B5}" AbsContentSize="960,155" UseAbsSize="True" AnchorPoint="0.5,1" RelativePosition="0.5,0.795313" ScaleY="-1">
            <WZUI9Image Type="WZUI9Image" GUID="{A44E137A-CBD1-45e0-9EFC-2D39BC1A4116}" File="ui/common/common_scale9_yaan.png" UseOriginSize="False" RelativePosition="0.5,0.448387" FlipY="False" Visible="True" />
        </WZUIContainer>
        <WZUIContainer GUID="{D9612325-06B3-477e-9CA8-E5A6BC3172FC}" NoBorder="False" ShowAll="False" Type="WZUIContainer" RelativePosition="0.5,0.5" Order="0">
            <WZUIScene AbsContentSize="1400,640" GUID="{89C94378-ABB5-48eb-8E1B-5793AF0BA55A}" Name="conBgLayer_SceneCommunityMain" RelativePosition="0.5,0.5" SceneFile="ui/community/community.scn" Type="WZUIScene" UseAbsSize="False" EnableMoveHorizontal="False" EnableMoveVertical="False" />
        </WZUIContainer>
        <WZUIContainer GUID="{9AA65867-736F-4126-952F-43DCFD7D9E9E}" Name="conBgAdornLayer_SceneCommunityMain" RelativePosition="0.498377,0.497565" ShowAll="True" TouchEnable="False" Type="WZUIContainer" Visible="False">
            <WZUIContainer GUID="{96544B5C-69B6-4f56-8C96-E51E025A9FE1}" Name="conMount_SceneCommunityMain" Type="WZUIContainer" Visible="False" />
            <WZUIContainer GUID="{8E6E1838-1F4E-4fbd-9F73-3DE16809C78A}" Name="conCloud_SceneCommunityMain" RelativePosition="0.370906,-0.424941" Type="WZUIContainer" />
        </WZUIContainer>
        <WZUIContainer GUID="{545C7341-3FE6-4ff0-A87C-ADC0FBB8404E}" Name="conBuildAniLayer_SceneCommunityMain" RelativePosition="0.5,0.5" ShowAll="True" TouchEnable="True" Type="WZUIContainer" />
        <WZUIContainer GUID="{2CB21ED4-8CD1-43bc-87F3-03AADF56C272}" Name="conFigureLayer_SceneCommunityMain" RelativePosition="0.5,0.5" ShowAll="True" TouchEnable="True" Type="WZUIContainer" Order="1" />
        <WZUIContainer GUID="{23FA0522-CA23-4828-858D-4BA54DB48F0C}" Name="conTopInfoLayer_SceneCommunityMainy" ShowAll="True" TouchEnable="True" Type="WZUIContainer" Visible="True">
            <WZUIContainer GUID="{16318F6A-6DE1-4b38-883B-2B54AA9DECA8}" Name="conTopAni_SceneCity" Order="0" Type="WZUIContainer" Visible="False" />
        </WZUIContainer>
        <WZUIContainer AbsContentSize="960,640" GUID="{F4ADC1CE-36E8-4197-9DD6-13220274D541}" Name="conBg_Scene" ShowAll="False" Type="WZUIContainer" UseAbsSize="True" Visible="True" AnchorPoint="0.5,1" RelativePosition="0.5,1">
            <WZUIContainer AbsContentSize="0,0" GUID="{09CE9BBB-4669-4e88-A1E0-0DAA665BEB36}" Name="conTop_SceneMemberList" RelativePosition="0,1" RelativeSize="1,0.08" ShowAll="True" Type="WZUIContainer" UseAbsSize="False" Visible="True" AnchorPoint="0,1">
                <WZUIButton Type="WZUIButton" RelativePosition="0.02,-1.15" AnchorPoint="0,0.5" LuaDoneFunctionName="onBuildClick" AbsContentSize="60,60" UseAbsSize="True" GUID="{d1599fa1-8859-4865-8580-158ff7b81b1e}" Name="btnList1_SceneCommunityMain" ShowAll="False" LuaActionName="Normal">
                    <NormalElement Type="WZUIContainer" GUID="{e5c1f1df-28b8-4e4f-a1dd-e5a88afd5f06}">
                        <WZUIImage Type="WZUIImage" GUID="{314d7fe5-1b4c-4cae-a684-a68fb0b4dd24}" File="ui/community/main_icon_paihangbang_2.png" UseOriginSize="True" />
                    </NormalElement>
                    <SelectElement Type="WZUIContainer" GUID="{adef8948-d36c-483a-80bd-b2b666289328}">
                        <WZUIImage Type="WZUIImage" GUID="{73cd0244-ccd1-457d-8991-e20951a75c54}" File="ui/community/main_icon_paihangbang_2.png" UseOriginSize="True" />
                    </SelectElement>
                    <DisableElement Type="WZUIContainer" GUID="{9e1c3b5a-d086-410e-8084-77c8a011027f}" />
                    <WZUIImage Type="WZUIImage" GUID="{b02a21c9-9272-4cd2-b53b-63d6b4acd4e3}" File="ui/community/main_icon_di01_2.png" UseOriginSize="True" RelativePosition="0.5,0.52" Order="-1" />
                    <WZUIImage Type="WZUIImage" GUID="{50f04600-446e-4533-b885-19ffd93cf5a6}" File="ui/community/commom_icon_wz_gonghuipaihang_2.png" UseOriginSize="True" RelativePosition="0.5,0.18" Order="1" Visible="True" Name="imgBtnList1_SceneCommunityMain" />
                </WZUIButton>
                <WZUIButton Type="WZUIButton" RelativePosition="0.18,-1.15" AnchorPoint="0,0.5" LuaDoneFunctionName="onFightClick" AbsContentSize="60,60" UseAbsSize="True" GUID="{fbd4c323-dd11-4eaf-9710-f20af4dc17ed}" Name="btnList2_SceneCommunityMain" ShowAll="False" Visible="True" LuaActionName="Normal">
                    <NormalElement Type="WZUIContainer" GUID="{2ca5b806-5d0a-4443-87da-7ff4afd8931f}">
                        <WZUIImage Type="WZUIImage" GUID="{ae5df2d6-19ef-4de1-ac7b-3b8e861adab8}" File="ui/community/main_icon_gonghuizhan_2.png" UseOriginSize="True" />
                    </NormalElement>
                    <SelectElement Type="WZUIContainer" GUID="{212c3331-b073-4ec6-9b90-1e4ea61622cf}">
                        <WZUIImage Type="WZUIImage" GUID="{02a2a3fb-a493-4ce2-aa11-b89366ccf1c5}" File="ui/community/main_icon_gonghuizhan_2.png" UseOriginSize="True" />
                    </SelectElement>
                    <DisableElement Type="WZUIContainer" GUID="{d3bfa112-691e-4354-89a7-d21e36670415}" />
                    <WZUIImage Type="WZUIImage" GUID="{f9d79f60-d7cf-4f1b-8b61-6a6c166dd466}" File="ui/community/main_icon_di01_2.png" UseOriginSize="True" RelativePosition="0.5,0.52" Order="-1" />
                    <WZUIImage Type="WZUIImage" GUID="{02223b38-9a75-44c4-922b-186f7a538d35}" File="ui/community/commom_icon_wz_gonghuizhan_2.png" UseOriginSize="True" RelativePosition="0.5,0.18" Order="1" Visible="True" Name="imgBtnList2_SceneCommunityMain" />
                    <WZUIImage Type="WZUIImage" GUID="{fca1a85a-3d8c-4519-a9b2-d67fc10a869e}" File="ui/common/common_icon_xiaodianzhui.png" UseOriginSize="True" RelativePosition="0.809443,0.773037" Name="redPoint2_SceneCommunityMain" />
                </WZUIButton>
                <WZUIButton Type="WZUIButton" RelativePosition="0.1,-1.15" AnchorPoint="0,0.5" LuaDoneFunctionName="onTask" AbsContentSize="60,60" UseAbsSize="True" GUID="{f4661e10-6e28-4d6b-a259-71c20222a3e6}" Name="btnList3_SceneCommunityMain" ShowAll="False" LuaActionName="Normal">
                    <NormalElement Type="WZUIContainer" GUID="{91b9bc04-96e1-44d9-9605-b238a5eb046f}">
                        <WZUIImage Type="WZUIImage" GUID="{f2161b52-25a2-403c-92d4-9efc2b357eb3}" File="ui/community/main_icon_gonghuirenwu_2.png" UseOriginSize="True" />
                    </NormalElement>
                    <SelectElement Type="WZUIContainer" GUID="{3271b15a-afe0-4256-bce5-ac73b8055300}">
                        <WZUIImage Type="WZUIImage" GUID="{f1b8b1bc-2b42-4a33-b31a-9f1b12d119b0}" File="ui/community/main_icon_gonghuirenwu_2.png" UseOriginSize="True" />
                    </SelectElement>
                    <DisableElement Type="WZUIContainer" GUID="{55cc84a0-6ac2-4fd0-abd4-fc87a7546286}" />
                    <WZUIImage Type="WZUIImage" GUID="{a2bd9e8d-1585-4a67-8611-b48e1958326f}" File="ui/community/main_icon_di01_2.png" UseOriginSize="True" RelativePosition="0.5,0.52" Order="-1" />
                    <WZUIImage Type="WZUIImage" GUID="{27cc03be-1a85-4b87-b5f7-322cb755e2cd}" File="ui/community/commom_icon_wz_gonghuirenwu_2.png" UseOriginSize="True" RelativePosition="0.5,0.18" Order="1" Visible="True" Name="imgBtnList3_SceneCommunityMain" />
                </WZUIButton>
                <WZUIButton Type="WZUIButton" RelativePosition="0.34,-1.15" AnchorPoint="0,0.5" LuaDoneFunctionName="onImpeach" AbsContentSize="60,60" UseAbsSize="True" GUID="{c45511de-a832-4bd5-b5af-3400837f6b72}" Name="btnList4_SceneCommunityMain" ShowAll="False" Visible="False" LuaActionName="Normal">
                    <NormalElement Type="WZUIContainer" GUID="{b084e8e5-6191-48b9-88ba-88092f98b758}">
                        <WZUIImage Type="WZUIImage" GUID="{c4cd3888-c263-4fc1-bc33-1ba2ec18f43a}" File="ui/community/main_icon_tanhe_2.png" UseOriginSize="True" />
                    </NormalElement>
                    <SelectElement Type="WZUIContainer" GUID="{30e43209-4f77-4e76-bc01-3167a430437d}">
                        <WZUIImage Type="WZUIImage" GUID="{56bed0b0-b3e5-4a8c-865a-461cb60b9f5c}" File="ui/community/main_icon_tanhe_2.png" UseOriginSize="True" />
                    </SelectElement>
                    <DisableElement Type="WZUIContainer" GUID="{e6310280-e144-4a9f-9295-0b84c01db70d}" />
                    <WZUIImage Type="WZUIImage" GUID="{6744a924-2bda-401b-ae86-6344a6f6bdbd}" File="ui/community/main_icon_di01_2.png" UseOriginSize="True" RelativePosition="0.5,0.52" Order="-1" />
                    <WZUIImage Type="WZUIImage" GUID="{a1e1eafe-0723-46f7-aa20-9eb488e6dd65}" File="ui/community/commom_icon_wz_tabhe_2.png" UseOriginSize="True" RelativePosition="0.5,0.18" Order="1" Visible="True" Name="imgBtnList4_SceneCommunityMain" />
                </WZUIButton>
                <WZUIButton Type="WZUIButton" RelativePosition="0.26,-1.15" AnchorPoint="0,0.5" LuaDoneFunctionName="onCopy" AbsContentSize="60,60" UseAbsSize="True" GUID="{c42222ea-ab41-4c80-8dbb-7452e990edf4}" Name="btnList5_SceneCommunityMain" ShowAll="False" Visible="False" LuaActionName="Normal">
                    <NormalElement Type="WZUIContainer" GUID="{31b159c5-2215-460f-a2dd-392027ac7dfb}">
                        <WZUIImage Type="WZUIImage" GUID="{05f8519c-dd3b-476c-8b9f-39301c3a7711}" File="ui/community/main_icon_gonghuifuben_2.png" UseOriginSize="True" />
                    </NormalElement>
                    <SelectElement Type="WZUIContainer" GUID="{2f4beff9-0eb9-4c98-89fe-0a9d9500462c}">
                        <WZUIImage Type="WZUIImage" GUID="{958e850e-6182-4d53-93bd-812ce24cfa07}" File="ui/community/main_icon_gonghuifuben_2.png" UseOriginSize="True" />
                    </SelectElement>
                    <DisableElement Type="WZUIContainer" GUID="{70e4bb20-31b0-4b33-8864-52f0ab327a04}" />
                    <WZUIImage Type="WZUIImage" GUID="{cc336309-3d2c-4c99-a4e8-5cf2e1df66ad}" File="ui/community/main_icon_di01_2.png" UseOriginSize="True" RelativePosition="0.5,0.52" Order="-1" />
                    <WZUIImage Type="WZUIImage" GUID="{51bf06fc-2cc1-46e4-a7d3-f54724ee0e1e}" File="ui/community/commom_icon_wz_gonghuifuben_2.png" UseOriginSize="True" RelativePosition="0.5,0.18" Order="1" Visible="True" Name="imgBtnList5_SceneCommunityMain" />
                </WZUIButton>
                <WZUIButton Type="WZUIButton" RelativePosition="0.42,-1.15" AnchorPoint="0,0.5" LuaDoneFunctionName="onSetAgent" AbsContentSize="60,60" UseAbsSize="True" GUID="{f1807b63-42ee-4fe0-9dc9-badd3fca81fe}" Name="btnList6_SceneCommunityMain" ShowAll="False" Visible="False" LuaActionName="Normal">
                    <NormalElement Type="WZUIContainer" GUID="{b145c203-57db-4de6-8cb9-38c5e71a4ef0}">
                        <WZUIImage Type="WZUIImage" GUID="{d0cbab57-27fe-4291-89ab-1143c5eb1e37}" File="ui/community/main_icon_dailiren_2.png" UseOriginSize="True" />
                    </NormalElement>
                    <SelectElement Type="WZUIContainer" GUID="{a78f916c-ccf2-4369-8448-b4573bb11c4f}">
                        <WZUIImage Type="WZUIImage" GUID="{c8a09f57-bd76-4e04-8f13-338b5a33f8d8}" File="ui/community/main_icon_dailiren_2.png" UseOriginSize="True" />
                    </SelectElement>
                    <DisableElement Type="WZUIContainer" GUID="{dda36431-4455-42b8-8275-c8d8624a04b1}" />
                    <WZUIImage Type="WZUIImage" GUID="{1fc850e5-cd32-4833-9154-d922e9430c42}" File="ui/community/main_icon_di01_2.png" UseOriginSize="True" RelativePosition="0.5,0.52" Order="-1" Visible="True" />
                    <WZUIImage Type="WZUIImage" GUID="{94192f7e-12d9-4d54-978b-f01c5810d72e}" File="ui/community/commom_icon_wz_dailiren_2.png" UseOriginSize="True" RelativePosition="0.5,0.18" Order="1" Visible="True" Name="imgBtnList6_SceneCommunityMain" />
                </WZUIButton>
            </WZUIContainer>
            <WZUIButton Type="WZUIButton" RelativePosition="0.936,0.05" AnchorPoint="0,0.5" LuaDoneFunctionName="onDesc" AbsContentSize="60,60" UseAbsSize="True" GUID="{7260a7e2-7645-4279-b0cc-3126c40a81db}" Name="btnList0_SceneCommunityMain" ShowAll="True">
                <NormalElement Type="WZUIContainer" GUID="{4fa2fa74-782d-418d-bb24-076b38a0eaf0}">
                    <WZUIImage Type="WZUIImage" GUID="{1db03a18-f803-4c80-bb5b-f8ba51d86658}" File="ui/common/common_icon_gth.png" UseOriginSize="True" />
                </NormalElement>
                <SelectElement Type="WZUIContainer" GUID="{c5e155e0-bb4c-485b-b238-1a6eb3630113}">
                    <WZUIImage Type="WZUIImage" GUID="{29f71077-df25-4a6c-8119-30f4cbd1a430}" File="ui/common/common_icon_gth.png" UseOriginSize="True" />
                </SelectElement>
                <DisableElement Type="WZUIContainer" GUID="{8e924bd7-724c-4d92-8010-32564d492d8c}" />
            </WZUIButton>
        </WZUIContainer>
        <WZUIContainer Type="WZUIContainer" GUID="{E35BAC53-5959-4e6d-ACA4-7EC99D253280}" AbsContentSize="960,155" UseAbsSize="True" AnchorPoint="0.5,0" RelativePosition="0.506193,0.167192" Visible="True">
            <WZUI9Image Type="WZUI9Image" GUID="{F0F4469E-7E79-4143-9527-2A0C14438EFC}" File="ui/common/common_scale9_yaan.png" UseOriginSize="False" RelativePosition="0.495,-0.19" Visible="True" TouchEnable="False" />
        </WZUIContainer>
        <WZUIContainer Type="WZUIContainer" GUID="{da45aa35-9f85-4c3e-920c-8466ee8c1ae4}" RelativePosition="0.5,0.5" ShowAll="False" Name="conBossRewardBg_SceneCommunityMain" AbsContentSize="1136,640">
            <WZUIClippingContainer Type="WZUIClippingContainer" GUID="{eed9645a-ea1b-4e67-9b48-1fb3af9a1f70}" Name="" Scale="1" Inverted="True" RelativePosition="0,0.5" AnchorPoint="0,0.5">
                <Stencil Type="WZUIImage" GUID="{ca0a5b93-db41-48a6-b4ab-50001629c07a}" File="ui/teach/65.png" UseOriginSize="True" RelativePosition="0,0.395312" Scale="1" Name="imgBuildMask_SceneCommunityMain" Visible="True" ScaleX="1" ScaleY="1" ShowAll="True" AnchorPoint="0,0.5" />
                <WZUIContainer Type="WZUIContainer" GUID="{f8a78fd9-28f4-4d64-bb5e-6b5fadf95635}" Name="" RelativePosition="0.5,0.5" AbsPosition="0,0" ShowAll="False" UseAbsSize="False" AbsContentSize="0,0">
                    <WZUIImage Type="WZUIImage" GUID="{fa4099f7-ea58-4f3e-8ca9-85a2f685af5c}" File="ui/common/common_black_bg.png" Opacity="165" />
                </WZUIContainer>
            </WZUIClippingContainer>
            <WZUIContainer Type="WZUIContainer" GUID="{9a72e1d8-00d2-4585-be56-90f9532f36ca}" Name="conEndPos_SceneCommunityMain" UseAbsSize="True" AbsContentSize="1,1" RelativePosition="0.13125,0.395312" AnchorPoint="0,0.5" ShowAll="True" />
        </WZUIContainer>
        <WZUIContainer Type="WZUIContainer" GUID="{76d4d17b-8c05-460d-bab4-5ff57850d18d}" Name="conBossReward_SceneCommunityMain" Action="" Visible="True" TouchContainerEnable="True" ShowAll="True" UseAbsCoordinate="False" UseAbsSize="True" AbsContentSize="960,640">
            <WZUIContainer Type="WZUIContainer" GUID="{52dddd2f-09f4-40d6-9bc3-fbceab39f794}" RelativePosition="0.675707,0.519068">
                <WZUIImage Type="WZUIImage" GUID="{65854908-1bf6-4f9c-8823-4de60f623ea4}" File="ui/common/common_pic_fazheng2.png" UseOriginSize="True" RelativePosition="0.499047,0.256383" ScaleX="1.4" ScaleY="1.4" />
                <WZUISpine Type="WZUISpine" GUID="{c1513c9d-8b60-4589-95c3-afa648c3c759}" FileAtlas="copy_settlement/ui_jiesuan_box.atlas" FileJson="copy_settlement/ui_jiesuan_box.json" AnimationName="wait" Loop="False" RelativeSize="1,1" Name="spineBossReward_SceneCommunityMain" />
            </WZUIContainer>
            <WZUIContainer Type="WZUIContainer" GUID="{b1aa24b3-8151-495e-92a6-c7a7b8c9d966}" Name="conStartPos_SceneCommunityMain" UseAbsSize="True" AbsContentSize="80,80" RelativePosition="0.675812,0.336044" />
            <WZUIContainer Type="WZUIContainer" GUID="{413c87b5-bcbd-4b9d-9ef9-a2081aea72ca}" Name="conMidPos_SceneCommunityMain" UseAbsSize="True" AbsContentSize="80,80" RelativePosition="0.675812,0.639169" />
            <WZUIFreeTextBox Type="WZUIFreeTextBox" GUID="{0abc9cbb-4c6a-4fa4-9190-5d1d71f83faf}" />
        </WZUIContainer>
    </WZUIFrame>
</SceneCommunityMain>
