﻿<?xml version="1.0" ?>
<splash GUID="{C0C28404-F64B-455a-A86D-C0407119CC6F}">
    <WZUIFrame AbsContentSize="" GUID="{BEBD1F1F-BA90-44c6-9E01-A4D860F2B7E0}" LuaObjectName="splash" Name="splash" NameCreate="True" NoBorder="False" ShowAll="False" Type="WZUIFrame" UseAbsSize="False">
        <WZUIContainer Type="WZUIContainer" GUID="{2a374905-3397-4865-a3b3-b799c7bd6fd5}" ShowAll="False">
            <WZUIImage Type="WZUIImage" GUID="{cdf75afd-3579-4a48-bc58-b0aa1618ef6a}" Name="imgBG_SceneLoginMgr" File="ui/login/normal/speed.png" UseOriginSize="True" RelativePosition="0.5,0.587499" />
            <WZUIImage Type="WZUIImage" GUID="{989f8373-6657-4ec6-a593-e6deef60ad43}" Name="imgTree_SceneLoginMgr" File="ui/login/normal/shu.png" UseOriginSize="True" RelativePosition="0.45625,0.221875" ShowAll="True" Opacity="120" />
            <WZUIImage Type="WZUIImage" GUID="{2ed52846-28e0-4117-a600-43986d1e0bc4}" Name="imgRightMountain_SceneLoginMgr" File="ui/login/normal/shan1.png" UseOriginSize="True" RelativePosition="0.921875,0.298438" ShowAll="True" Opacity="255" Rotation="90" />
            <WZUIImage Type="WZUIImage" GUID="{7e34270e-7328-402c-b6e6-86eaa10efb29}" Name="imgBottomMountain_SceneLoginMgr" File="ui/login/normal/shan.png" UseOriginSize="True" RelativePosition="0.5,0.1625" ShowAll="False" Opacity="255" Rotation="0" />
            <WZUIContainer Type="WZUIContainer" GUID="{0170fad4-caf7-499a-a0a1-793c05cf836f}" ShowAll="True">
                <WZUIContainer Type="WZUIContainer" GUID="{e4ca0df2-2853-402b-b13d-2c67730a8d11}" Name="conForSpine1_SceneLoginMgr">
                    <WZUISpine Type="WZUISpine" GUID="{d20a2bde-589d-49c8-8438-f73865411dea}" Name="spineDragon_SceneLoginMgr" FileAtlas="role/normal/dragon.atlas" FileJson="role/normal/dragon.json" AnimationName="wait" Loop="True" NoBorder="True" RelativePosition="0.516666,0.344376" Order="-1" Scale="0.7" />
                    <WZUISpine Type="WZUISpine" GUID="{3595e733-07ca-46b6-98d4-36335b641d11}" Name="spineDaodanfx_SceneLoginMgr" FileAtlas="role/normal/daodanfx.atlas" FileJson="role/normal/daodanfx.json" AnimationName="wait" Loop="True" RelativePosition="0.50729,0.014063" Order="-1" />
                </WZUIContainer>
                <WZUIContainer Type="WZUIContainer" GUID="{f0c5510e-159f-4bf6-9bed-6bf5d32b50da}" Name="conForSpine2_SceneLoginMgr">
                    <WZUISpine Type="WZUISpine" GUID="{daa6896c-3cb3-485d-b376-398dc9a57624}" Name="spineGirl3_SceneLoginMgr" FileAtlas="role/normal/girl3.atlas" FileJson="role/normal/girl3.json" AnimationName="wait" Loop="True" RelativePosition="0.564583,0.176562" />
                    <WZUISpine Type="WZUISpine" GUID="{dd99fe30-b52a-49dc-9d9a-cfb19a7b32d3}" Name="spineGirl4_SceneLoginMgr" FileAtlas="role/normal/girl4.atlas" FileJson="role/normal/girl4.json" AnimationName="wait" RelativePosition="0.485416,0.179688" Scale="0.9" />
                    <WZUISpine Type="WZUISpine" GUID="{2a4312bc-90d2-4cd2-9f5b-670a2281235c}" Name="spinePet1_SceneLoginMgr" FileAtlas="role/normal/pet1.atlas" FileJson="role/normal/pet1.json" AnimationName="wait" Loop="True" RelativePosition="0.5,-0.0546875" />
                </WZUIContainer>
                <WZUIContainer Type="WZUIContainer" GUID="{daca68b7-b96e-4dc7-976e-d358db95ab37}" Name="conForSpine3_SceneLoginMgr">
                    <WZUISpine Type="WZUISpine" GUID="{93f1d2cf-7ea0-4c14-b388-18d0e05c1653}" Name="spineGirl1_SceneLoginMgr" FileAtlas="role/normal/girl1.atlas" FileJson="role/normal/girl1.json" AnimationName="wait" Loop="True" RelativePosition="0.533333,0.228125" Order="2" />
                    <WZUISpine Type="WZUISpine" GUID="{821aec37-bd97-4f50-acfc-7c8aebb93075}" Order="1" Name="spineDragonman_SceneLoginMgr" FileAtlas="role/normal/dragonman.atlas" FileJson="role/normal/dragonman.json" AnimationName="wait" RelativePosition="0.547917,0.053125" Scale="0.95" />
                    <WZUISpine Type="WZUISpine" GUID="{d749d200-0a41-4cee-85c3-59d6662f9343}" Name="spineGirl2_SceneLoginMgr" FileAtlas="role/normal/girl2.atlas" FileJson="role/normal/girl2.json" AnimationName="wait" Loop="True" RelativePosition="0.508333,0.196875" Order="2" />
                </WZUIContainer>
                <WZUIContainer Type="WZUIContainer" GUID="{f0069855-db54-4c75-a827-7b8dc1020543}" Name="conForSpine4_SceneLoginMgr">
                    <WZUISpine Type="WZUISpine" GUID="{95dc52aa-9164-4feb-b842-1e21a6a6b69b}" Name="spineMan_SceneLoginMgr" Order="3" FileJson="role/normal/man.json" FileAtlas="role/normal/man.atlas" RelativePosition="0.519792,0.232813" AnimationName="wait" Loop="True" />
                    <WZUISpine Type="WZUISpine" GUID="{563a6e2c-8fd0-46cb-a549-33c74c61cc56}" Name="spineGunLight_SceneLoginMgr" Order="5" FileAtlas="role/normal/manfx.atlas" FileJson="role/normal/manfx.json" AnimationName="wait" RelativePosition="0.513542,-0.048437" Loop="True" />
                    <WZUISpine Type="WZUISpine" GUID="{79796d49-41c0-4377-91d6-73e88f0bef79}" Name="spineMohican_SceneLoginMgr" Order="3" FileAtlas="role/normal/mohican.atlas" FileJson="role/normal/mohican.json" Loop="True" AnimationName="wait" RelativePosition="0.519791,0.204688" />
                    <WZUISpine Type="WZUISpine" GUID="{de8b5a52-b73a-409d-8114-d2f6de23b7e8}" Name="spinePet2_SceneLoginMgr" Order="10" FileAtlas="role/normal/pet2.atlas" FileJson="role/normal/pet2.json" AnimationName="wait" Loop="True" RelativePosition="0.516666,0.11875" />
                </WZUIContainer>
                <WZUISpine Type="WZUISpine" GUID="{3ce53a40-6db3-4831-92e9-4ab871128241}" Name="spineYan_SceneLoginMgr" FileAtlas="role/normal/huoxing.atlas" FileJson="role/normal/huoxing.json" AnimationName="wait" Loop="True" RelativePosition="0.490624,0.096893" />
                <WZUISpine Type="WZUISpine" GUID="{3611cf9d-530f-4b7a-a19e-c0930a680067}" FileAtlas="role/normal/yanfx.atlas" FileJson="role/normal/yanfx.json" AnimationName="wait" Order="15" Rotation="-10" RelativePosition="0.220832,0.365625" Loop="True" />
                <WZUISpine Type="WZUISpine" GUID="{e5293451-6bc9-4741-9810-0708d76e27f6}" FileAtlas="role/normal/yanfx.atlas" FileJson="role/normal/yanfx.json" AnimationName="wait" Order="15" Rotation="10" RelativePosition="0.804165,0.389063" FlipX="True" Loop="True" />
            </WZUIContainer>
            <WZUIContainer Type="WZUIContainer" GUID="{8922d500-db94-46b7-b02d-60a029a51fae}" AbsContentSize="300,168" UseAbsSize="True" RelativePosition="-0.00624997,1.02657" AnchorPoint="0,1" Visible="False" AbsPosition="-2,640" ShowAll="False" Name="conLogo_splash">
                <WZUIContainer Type="WZUIContainer" GUID="{e7668394-d5c6-4380-983c-185643008442}" AbsContentSize="300,168" UseAbsSize="True" RelativePosition="0.5,1" ShowAll="True" AbsPosition="121,99.3599" Visible="True" Scale="1" AnchorPoint="0.5,1">
                    <WZUIImage Type="WZUIImage" GUID="{4e487f03-03cb-4c51-9836-816e55e3f61b}" File="ui/login/login_icon_logo.png" UseOriginSize="True" RelativePosition="0.5,0.5" AbsPosition="140,82" Scale="1" ScaleX="1" ScaleY="1" Visible="True" />
                </WZUIContainer>
            </WZUIContainer>
            <WZUIContainer Type="WZUIContainer" GUID="{484fb1a4-fbb3-40b5-b0f1-07b0f2859f2b}" AbsContentSize="1136,640" UseAbsSize="True" Name="conSplash_splash" Visible="False">
                <WZUIImage Type="WZUIImage" GUID="{fe376c6c-a74a-4c3f-a8b1-7b0c4e0d7bc8}" File="ui/login/login_pic_bg1.png" />
            </WZUIContainer>
        </WZUIContainer>
    </WZUIFrame>
</splash>
