﻿<?xml version="1.0" ?>
<WndAthRank GUID="{5FC8BBE3-C72D-4c9f-8D59-CF607C27D40F}">
    <WZUIWindow Type="WZUIWindow" GUID="{8AA78B40-6544-4de5-8579-6B8C774232D9}" Name="WndAthRank" NameCreate="True" LuaObjectName="WndAthRank" AbsContentSize="" ShowAll="True" LuaTouchBeganFunction="onTouchBtn">
        <WZUIContainer Type="WZUIContainer" GUID="{67A95CD1-B1F6-4622-8E6F-CBEBCC67AB9D}" AbsContentSize="100,210" UseAbsSize="True" RelativePosition="0.868958,0.63" AnchorPoint="0,0.5" Visible="True" AbsPosition="834.2,435.2">
            <WZUICheckBoxGroup Type="WZUICheckBoxGroup" GUID="{1DB5A882-FE4B-4eb4-A09D-706A44DD74D9}" AbsContentSize="" UseAbsSize="False" RelativePosition="0.5,0.5" Visible="True" Order="-1">
                <CheckBox Type="WZUICheckBox" GUID="{F50A8867-5340-4d9e-A899-840934DE0846}" AbsContentSize="" UseAbsSize="False" Name="" NameCreate="True" AnchorPoint="0,1" RelativePosition="0,1" SelectedIndex="1" Visible="True" LuaCheckedFunctionName="" Tag="1" LuaSelectedFunctionName="onCheckBox" RelativeSize="1,0.33">
                    <CheckElement Type="WZUIContainer" GUID="{8A236D34-F097-4d4a-8807-051D904CADCC}" RelativePosition="0.5,0.5">
                        <WZUIImage Type="WZUIImage" GUID="{0781965F-557C-44c5-8B69-64F7B55FBE59}" File="ui/common/common_btn_biaoqian.png" UseOriginSize="True" TouchEnable="True" AnchorPoint="1,0.5" RelativePosition="1,0.5" />
                        <WZUILabelTTF Type="WZUILabelTTF" GUID="{37472252-88CB-4754-9069-D7336D708909}" Color="255,236,193" EnableStroke="True" FontSize="20" StrokeColor="105,65,46" StrokeSize="4" Text="" Name="txtCheck1_WndAthRank" NameCreate="True" TextKey="ATH_DESC_9" RelativePosition="0.53,0.5" />
                    </CheckElement>
                    <CheckElement Type="WZUIContainer" GUID="{6764493A-CA32-42e8-A064-F0C7488D93F5}" />
                </CheckBox>
                <CheckBox Type="WZUICheckBox" GUID="{B81C87D1-30E4-48df-9417-AEDC10D02BE5}" AbsContentSize="" UseAbsSize="False" Name="" NameCreate="True" RelativePosition="0,0.5" Visible="True" Tag="2" LuaCheckedFunctionName="" LuaSelectedFunctionName="onCheckBox" SelectedIndex="0" AnchorPoint="0,0.5" RelativeSize="1,0.33">
                    <CheckElement Type="WZUIContainer" GUID="{6CB5E403-FBB5-44ec-AB1E-7E62AEF1DD08}" RelativePosition="0.5,0.5">
                        <WZUIImage Type="WZUIImage" GUID="{0B9EF9AA-E28E-41f4-8BDC-6E712DF64B0D}" File="ui/common/common_btn_biaoqian.png" UseOriginSize="True" TouchEnable="True" RelativePosition="1,0.5" AnchorPoint="1,0.5" />
                        <WZUILabelTTF Type="WZUILabelTTF" GUID="{9DDFC1D3-2D22-4522-A049-E16C96ED9EAA}" Color="255,236,193" EnableStroke="True" FontSize="20" StrokeColor="105,65,46" StrokeSize="4" Text="" Name="txtCheck2_WndAthRank" NameCreate="True" TextKey="ATH_DESC_10" RelativePosition="0.53,0.5" />
                    </CheckElement>
                    <CheckElement Type="WZUIContainer" GUID="{FDDA0565-7C8C-406f-A70B-27B989ECF9AC}" />
                </CheckBox>
                <CheckBox Type="WZUICheckBox" GUID="{79CD7EFD-D4B2-47b3-99C8-7DE0AF7AADE2}" AbsContentSize="" UseAbsSize="False" Name="" NameCreate="True" RelativePosition="0,0" Visible="True" Tag="3" LuaCheckedFunctionName="" LuaSelectedFunctionName="onCheckBox" SelectedIndex="0" AnchorPoint="0,0" RelativeSize="1,0.33">
                    <CheckElement Type="WZUIContainer" GUID="{608BF0BB-17C8-4fdf-AE37-167BE6A5C7FF}" RelativePosition="0.5,0.5">
                        <WZUIImage Type="WZUIImage" GUID="{9E88CD37-F642-444d-AA0E-D2016BAC4747}" File="ui/common/common_btn_biaoqian.png" UseOriginSize="True" TouchEnable="True" RelativePosition="1,0.5" AnchorPoint="1,0.5" />
                        <WZUILabelTTF Type="WZUILabelTTF" GUID="{5FDA97C7-8BC6-455f-AF8B-66360E45AAD0}" Color="255,236,193" EnableStroke="True" FontSize="20" StrokeColor="105,65,46" StrokeSize="4" Text="" Name="txtCheck3_WndAthRank" NameCreate="True" TextKey="ATH_DESC_3" RelativePosition="0.53,0.5" />
                    </CheckElement>
                    <CheckElement Type="WZUIContainer" GUID="{A411CD67-EF40-4268-ADBC-11C6E38C77AC}" />
                </CheckBox>
            </WZUICheckBoxGroup>
        </WZUIContainer>
        <WZUIContainer Type="WZUIContainer" GUID="{E8B96163-B5C2-40ec-B83A-22A4CFA2110C}" AbsContentSize="100,210" UseAbsSize="True" RelativePosition="0.869417,0.63" Visible="True" AnchorPoint="0,0.5" TouchEnable="False" AbsPosition="834.64,441" Order="2">
            <WZUIContainer Type="WZUIContainer" GUID="{8BB25817-E362-4a5a-878C-09720C34688C}" AbsContentSize="" UseAbsSize="False" RelativePosition="0.5,0.5" TouchEnable="False" TouchSwallow="False" Visible="True" AnchorPoint="0.5,0.5">
                <WZUIContainer Type="WZUIContainer" GUID="{70B0A168-4850-45e7-BD4B-ECD1AABD0FE3}" AbsContentSize="" UseAbsSize="False" RelativePosition="0,1" Name="conCheck1_WndAthRank" NameCreate="True" Visible="True" AnchorPoint="0,1" RelativeSize="1,0.33">
                    <WZUIImage Type="WZUIImage" GUID="{E4266AF7-5472-4e0b-AE4C-70E93C0B739D}" File="ui/common/common_btn_biaoqian_sel.png" UseOriginSize="True" AnchorPoint="1,0.5" RelativePosition="1,0.5" />
                    <WZUILabelTTF Type="WZUILabelTTF" GUID="{C09EEAA6-EB77-4020-998D-53A213109526}" Color="255,236,193" EnableStroke="True" FontSize="20" StrokeColor="128,54,13" StrokeSize="4" Text="" Name="txtCheck1Sel_WndAthRank" NameCreate="True" TextKey="ATH_DESC_9" RelativePosition="0.53,0.5" />
                </WZUIContainer>
                <WZUIContainer Type="WZUIContainer" GUID="{0C2789E3-F0B1-4b2e-B72C-520CAF31DC40}" AbsContentSize="" UseAbsSize="False" RelativePosition="0,0.5" Name="conCheck2_WndAthRank" Visible="False" AnchorPoint="0,0.5" RelativeSize="1,0.33">
                    <WZUIImage Type="WZUIImage" GUID="{ED1A3911-41F4-400b-91C8-7F89C319B139}" File="ui/common/common_btn_biaoqian_sel.png" UseOriginSize="True" AnchorPoint="1,0.5" RelativePosition="1,0.5" />
                    <WZUILabelTTF Type="WZUILabelTTF" GUID="{04C391EF-BEDE-43b9-926C-49940562D84E}" Color="255,236,193" EnableStroke="True" FontSize="20" StrokeColor="128,54,13" StrokeSize="4" Text="" Name="txtCheck2Sel_WndAthRank" NameCreate="True" TextKey="ATH_DESC_10" RelativePosition="0.53,0.5" />
                </WZUIContainer>
                <WZUIContainer Type="WZUIContainer" GUID="{58A59BA4-A7A5-4283-AEE6-521845F2FAD1}" AbsContentSize="" UseAbsSize="False" RelativePosition="0,0" Name="conCheck3_WndAthRank" Visible="False" AnchorPoint="0,0" RelativeSize="1,0.33">
                    <WZUIImage Type="WZUIImage" GUID="{117FF51F-CEDE-4601-A351-607EABA9AB5E}" File="ui/common/common_btn_biaoqian_sel.png" UseOriginSize="True" AnchorPoint="1,0.5" RelativePosition="1,0.5" />
                    <WZUILabelTTF Type="WZUILabelTTF" GUID="{43DE6309-C335-4486-9E2A-86AC3BD2CB9D}" Color="255,236,193" EnableStroke="True" FontSize="20" StrokeColor="128,54,13" StrokeSize="4" Text="" Name="txtCheck3Sel_WndAthRank" NameCreate="True" TextKey="ATH_DESC_3" RelativePosition="0.53,0.5" />
                </WZUIContainer>
            </WZUIContainer>
        </WZUIContainer>
        <WZUIContainer Type="WZUIContainer" GUID="{A99742AC-8911-4d81-98E5-649E1FB6284E}" AbsContentSize="776,536" UseAbsSize="True" RelativePosition="0.476126,0.496875" AbsPosition="457.081,318">
            <WZUIContainer Type="WZUIContainer" GUID="{F556DC84-C767-432e-918A-41B34CEA8233}" RelativePosition="0.5,0.5" Visible="True">
                <WZUIContainer Type="WZUIContainer" GUID="{8F49EB1F-9EFF-4a6f-83F9-DC358CE9F934}">
                    <WZUI9Image Type="WZUI9Image" GUID="{73740B97-D414-43d5-A64E-FCD2CDBBFBCA}" File="ui/common/common_scale9_di19.png" Opacity="255" RelativePosition="0.5,0.5" CapInsets="250,100,1,1" />
                    <WZUILabelTTF Type="WZUILabelTTF" GUID="{74D72BDB-0BFC-430b-8DA4-F2F0B1752E7E}" TextKey="" FontSize="24" Color="255,236,192" EnableStroke="True" StrokeSize="4" StrokeColor="132,66,29" RelativePosition="0.494289,0.935813" LabelStyleKey="SMALL_WINDOW_TITLE" Name="txtTitle_WndAthRank" />
                </WZUIContainer>
                <WZUIButton Type="WZUIButton" RelativeSize="1,1" RelativePosition="0.943798,0.942368" GUID="{69A304C1-0E24-4dbe-914B-4AA089BD2C55}" LuaDoneFunctionName="onBtnReturn" Visible="True" AbsContentSize="80,80" UseAbsSize="True">
                    <NormalElement Type="WZUIContainer" GUID="{C36F3376-D566-4165-B282-D4F06B85F56B}">
                        <WZUIImage Type="WZUIImage" GUID="{D6151CD8-FADF-478e-80A1-9839C024489A}" File="ui/common/common_icon_guanbi.png" UseOriginSize="True" />
                    </NormalElement>
                    <SelectElement Type="WZUIContainer" GUID="{A99394FC-4981-49a9-9F24-D2AC16776152}">
                        <WZUIImage Type="WZUIImage" GUID="{E37BB693-0C59-4b6a-8643-3EA9306739CE}" File="ui/common/common_icon_guanbi_sel.png" UseOriginSize="True" />
                    </SelectElement>
                    <DisableElement Type="WZUIContainer" GUID="{48EAFE87-1B1C-4ce6-B737-DB4A7190F1C8}" />
                </WZUIButton>
            </WZUIContainer>
            <WZUIContainer Type="WZUIContainer" GUID="{D0B0B769-CBCA-4c96-8800-8579A35F1747}" RelativeSize="0.5,0.1" RelativePosition="0.0244845,0.818134" AbsPosition="19,438.52" AnchorPoint="0,0.5" AbsContentSize="364,50" UseAbsSize="True">
                <WZUICheckBoxGroup Type="WZUICheckBoxGroup" GUID="{324E32A6-58A6-424e-8456-E688E539DB69}" RelativePosition="0.5,0.5" AbsPosition="211,26.8">
                    <CheckBox Type="WZUICheckBox" GUID="{686b4173-e843-4ace-803b-3777bc63bd99}" RelativeSize="0.3,1" AnchorPoint="0,0.5" RelativePosition="0.3,0.5" SelectedIndex="" LuaCheckedFunctionName="onSelRank" Tag="1" Name="checkRank1_WndAthRank" AbsPosition="0,28">
                        <CheckElement Type="WZUIContainer" GUID="{969168f0-aaf1-4ca6-b391-846d8b16fba3}">
                            <WZUI9Image Type="WZUI9Image" GUID="{30f8cb5e-6e58-4c39-824d-c30bef1f5e9b}" File="ui/common/common_btn_biaoqian2.png" Visible="True" UseOriginSize="True" />
                            <WZUILabelTTF Type="WZUILabelTTF" GUID="{3c7c5339-c872-447d-901e-99e12143ca35}" Color="255,236,193" EnableStroke="True" FontSize="24" StrokeColor="79,60,48" StrokeSize="4" Text="" Name="txtRank1_WndAthRank" NameCreate="True" TextKey="ATH_DESC16" RelativePosition="0.5,0.5" />
                        </CheckElement>
                        <CheckElement Type="WZUIContainer" GUID="{e284a6f1-c5b1-4b39-881b-9d6c2413c204}">
                            <WZUI9Image Type="WZUI9Image" GUID="{09ea83ca-439c-427b-9fbe-155cbee60bf0}" File="ui/common/common_btn_biaoqian2_sel.png" UseOriginSize="True" />
                            <WZUILabelTTF Type="WZUILabelTTF" GUID="{653fc239-419f-4d5b-a82a-116ea9e81a32}" Color="62,34,8" EnableStroke="False" FontSize="24" StrokeColor="132,66,29" StrokeSize="4" Text="" Name="txtRankSel1_WndAthRank" NameCreate="True" TextKey="ATH_DESC16" RelativePosition="0.5,0.5" />
                        </CheckElement>
                    </CheckBox>
                    <CheckBox Type="WZUICheckBox" GUID="{1e276b97-a649-4356-8a9c-04ea6d27f4c8}" RelativeSize="0.3,1" AnchorPoint="0,0.5" RelativePosition="0.6,0.5" SelectedIndex="0" Tag="2" LuaCheckedFunctionName="onSelRank" Name="checkRank2_WndAthRank">
                        <CheckElement Type="WZUIContainer" GUID="{9d309b37-0fac-4cf9-a7ee-b1ef9da7f334}">
                            <WZUI9Image Type="WZUI9Image" GUID="{a63f6798-f9d0-4bfa-b9a6-ee87fb1845d6}" File="ui/common/common_btn_biaoqian2.png" Visible="True" UseOriginSize="True" />
                            <WZUILabelTTF Type="WZUILabelTTF" GUID="{99a199ef-8ef0-4921-be2a-576e5d4f3f80}" Color="255,236,193" EnableStroke="True" FontSize="24" StrokeColor="79,60,48" StrokeSize="4" Text="" Name="txtRank2_WndAthRank" NameCreate="True" TextKey="ATH_DESC17" RelativePosition="0.5,0.5" />
                        </CheckElement>
                        <CheckElement Type="WZUIContainer" GUID="{b9e198c3-fc2e-4b10-ab70-d838fab62463}">
                            <WZUI9Image Type="WZUI9Image" GUID="{46eadad9-5a27-4cc4-b567-34ea24247bab}" File="ui/common/common_btn_biaoqian2_sel.png" UseOriginSize="True" />
                            <WZUILabelTTF Type="WZUILabelTTF" GUID="{b9bbf19f-2177-4c53-b20e-561686734281}" Color="62,34,8" EnableStroke="False" FontSize="24" StrokeColor="132,66,29" StrokeSize="4" Text="" Name="txtRankSel2_WndAthRank" NameCreate="True" TextKey="ATH_DESC17" RelativePosition="0.5,0.5" />
                        </CheckElement>
                    </CheckBox>
                    <CheckBox Type="WZUICheckBox" GUID="{6a00ed63-5e92-455c-874b-db94761489c6}" RelativeSize="0.3,1" AnchorPoint="0,0.5" RelativePosition="0.9,0.5" SelectedIndex="0" LuaCheckedFunctionName="onSelRank" Tag="3" Name="checkRank3_WndAthRank" AbsPosition="0,28">
                        <CheckElement Type="WZUIContainer" GUID="{3d21ddb6-e50d-480f-b31c-ba00c9e613b8}">
                            <WZUI9Image Type="WZUI9Image" GUID="{560d4a74-0cee-4afc-926a-44d60160574c}" File="ui/common/common_btn_biaoqian2.png" Visible="True" UseOriginSize="True" />
                            <WZUILabelTTF Type="WZUILabelTTF" GUID="{8518e830-7561-4182-8ced-44a91a6d94fc}" Color="255,236,193" EnableStroke="True" FontSize="24" StrokeColor="79,60,48" StrokeSize="4" Text="" Name="txtRank3_WndAthRank" NameCreate="True" TextKey="ATH_DESC18" RelativePosition="0.5,0.5" />
                        </CheckElement>
                        <CheckElement Type="WZUIContainer" GUID="{6a955254-7abb-4bc2-9015-c3bfa528ca6c}">
                            <WZUI9Image Type="WZUI9Image" GUID="{6fe966a5-d794-47a0-b4e5-3de62c0e5f1b}" File="ui/common/common_btn_biaoqian2_sel.png" UseOriginSize="True" />
                            <WZUILabelTTF Type="WZUILabelTTF" GUID="{f11036c8-6b49-4bc3-959f-f9b095835ea0}" Color="62,34,8" EnableStroke="False" FontSize="24" StrokeColor="132,66,29" StrokeSize="4" Text="" Name="txtRankSel3_WndAthRank" NameCreate="True" TextKey="ATH_DESC18" RelativePosition="0.5,0.5" />
                        </CheckElement>
                    </CheckBox>
                    <CheckBox Type="WZUICheckBox" GUID="{2f7185a2-bd8b-4fdc-895b-ff0d7fde270b}" RelativeSize="0.3,1" AnchorPoint="0,0.5" RelativePosition="0,0.5" SelectedIndex="1" LuaCheckedFunctionName="onSelRank" Tag="4" Name="checkRank4_WndAthRank" AbsPosition="0,28">
                        <CheckElement Type="WZUIContainer" GUID="{c93d6ccf-f30a-49fe-9474-c1956b90d167}">
                            <WZUI9Image Type="WZUI9Image" GUID="{1fbf3d50-308a-4d3c-a894-693d5216bf6c}" File="ui/common/common_btn_biaoqian2.png" Visible="True" UseOriginSize="True" />
                            <WZUILabelTTF Type="WZUILabelTTF" GUID="{91541ae9-6d55-49d1-8cfd-5a91e400ff86}" Color="255,236,193" EnableStroke="True" FontSize="24" StrokeColor="79,60,48" StrokeSize="4" Text="" Name="txtRank4_WndAthRank" NameCreate="True" TextKey="GENERAL_LIST" RelativePosition="0.5,0.5" />
                        </CheckElement>
                        <CheckElement Type="WZUIContainer" GUID="{81dc2033-fb28-48b3-8477-aca4e269572e}">
                            <WZUI9Image Type="WZUI9Image" GUID="{831b8a20-c50b-4165-8958-bb9ae530a377}" File="ui/common/common_btn_biaoqian2_sel.png" UseOriginSize="True" />
                            <WZUILabelTTF Type="WZUILabelTTF" GUID="{fec4c4fa-96e0-4fa5-8e69-28c4b1c64ef9}" Color="62,34,8" EnableStroke="False" FontSize="24" StrokeColor="132,66,29" StrokeSize="4" Text="" Name="txtRankSel4_WndAthRank" NameCreate="True" TextKey="GENERAL_LIST" RelativePosition="0.5,0.5" />
                        </CheckElement>
                    </CheckBox>
                </WZUICheckBoxGroup>
                <WZUICheckBoxGroup Type="WZUICheckBoxGroup" GUID="{9b92dc07-3965-4574-b66e-7ade31bf7102}" RelativePosition="1.52473,0.5" AbsPosition="211,26.8" Name="cbgRankType_WndAthRank">
                    <CheckBox Type="WZUICheckBox" GUID="{f5585177-42c1-42c1-8bba-6ccde080063e}" RelativeSize="0.3,1" AnchorPoint="0,0.5" RelativePosition="0.162088,0.5" SelectedIndex="1" LuaCheckedFunctionName="onCheckServiceType" Tag="1" Name="" AbsPosition="0,28">
                        <CheckElement Type="WZUIContainer" GUID="{f2bd1f19-7080-4af6-b6b4-a3cdd702be71}">
                            <WZUIImage Type="WZUIImage" GUID="{d9629100-b00e-4699-b9e7-ad99ddd33ec8}" File="ui/common/common_scale9_di13.png" UseOriginSize="True" />
                            <WZUILabelTTF Type="WZUILabelTTF" GUID="{14db3f98-0983-4b95-816b-90be372a9a53}" LabelStyleKey="C13_F20" Text="本服" RelativePosition="0.924816,0.5" TextKey="FRIENDS_TEXT2" Name="txtAth1_WndAthRank" Scale="1" />
                        </CheckElement>
                        <CheckElement Type="WZUIContainer" GUID="{7ecb1f65-d37a-4fb1-8aaa-a63f8d129512}">
                            <WZUIImage Type="WZUIImage" GUID="{2a38ed41-47e8-4110-a7b4-ca706ab368d4}" File="ui/common/common_scale9_di13.png" UseOriginSize="True" />
                            <WZUIImage Type="WZUIImage" GUID="{9a968646-076a-459f-9f78-87fbf094370b}" File="ui/common/common_icon_gou.png" UseOriginSize="True" />
                            <WZUILabelTTF Type="WZUILabelTTF" GUID="{4e1b6df3-49c0-4bbb-a952-313003b702f8}" LabelStyleKey="C13_F20" Text="本服" RelativePosition="1.1,0.5" TextKey="FRIENDS_TEXT2" Name="txtAthSel1_WndAthRank" Scale="1" Dimensions="80" />
                        </CheckElement>
                    </CheckBox>
                    <CheckBox Type="WZUICheckBox" GUID="{4eeba93e-76b7-4f29-805b-d9dd6e562bb6}" RelativeSize="0.3,1" AnchorPoint="0.5,0.5" RelativePosition="0.686813,0.5" SelectedIndex="0" Tag="2" LuaCheckedFunctionName="onCheckServiceType" Name="">
                        <CheckElement Type="WZUIContainer" GUID="{2d28d0e1-db08-46ab-a4ae-dc219f1b844b}">
                            <WZUIImage Type="WZUIImage" GUID="{054fcd6e-79e5-402a-b28b-a53ea3d6f937}" File="ui/common/common_scale9_di13.png" UseOriginSize="True" />
                            <WZUILabelTTF Type="WZUILabelTTF" GUID="{400f599e-9d4e-46b4-8939-0a7565bc185b}" LabelStyleKey="C13_F20" Text="本服" RelativePosition="1.1,0.5" TextKey="CROSS_SERVICE" Name="txtAth2_WndAthRank" Dimensions="80" />
                        </CheckElement>
                        <CheckElement Type="WZUIContainer" GUID="{5b5bb12a-1bd6-464b-a2d1-a6f18ea29505}">
                            <WZUIImage Type="WZUIImage" GUID="{2792cc9b-1424-4bdc-b0b6-369296d2aa88}" File="ui/common/common_scale9_di13.png" UseOriginSize="True" />
                            <WZUIImage Type="WZUIImage" GUID="{de9bee36-15a4-4054-a5cb-279545451212}" File="ui/common/common_icon_gou.png" UseOriginSize="True" />
                            <WZUILabelTTF Type="WZUILabelTTF" GUID="{82d5af1d-6cb7-41a0-a05b-9caa25f892ef}" LabelStyleKey="C13_F20" Text="本服" RelativePosition="0.924816,0.5" TextKey="CROSS_SERVICE" Name="txtAthSel2_WndAthRank" />
                        </CheckElement>
                    </CheckBox>
                </WZUICheckBoxGroup>
            </WZUIContainer>
            <WZUIContainer Type="WZUIContainer" GUID="{E3D20EEB-B371-462f-B40C-B83367596EA0}" AbsContentSize="764,340" UseAbsSize="True" RelativePosition="0.5,0.453357" AbsPosition="388,242.999">
                <WZUI9Image Type="WZUI9Image" GUID="{CE341FA3-810F-4356-9E4D-8F1642667B36}" File="ui/common/common_scale9_di6.png" Opacity="180" />
                <WZUIContainer Type="WZUIContainer" GUID="{e896dd1f-5aba-4b38-bf06-be63b94fedb9}" Name="conTab1_WndAthRank">
                    <WZUIContainer Type="WZUIContainer" GUID="{91046e01-2570-43e9-a8f6-59aba1c46e7a}" RelativeSize="1,0.12" RelativePosition="0.5,1" AnchorPoint="0.5,1">
                        <WZUILabelTTF Type="WZUILabelTTF" GUID="{31339ed7-7678-4f4b-b293-5ff530210adb}" FontSize="22" TextKey="RANK" RelativePosition="0.12,0.5" Color="255,227,116" />
                        <WZUILabelTTF Type="WZUILabelTTF" GUID="{7959ce4b-0eef-48b7-9a36-6a3b0ecc1995}" FontSize="22" TextKey="PLAYER" RelativePosition="0.3,0.5" Color="255,227,116" AbsPosition="74,23.28" />
                        <WZUILabelTTF Type="WZUILabelTTF" GUID="{6ee4757a-3e9e-4aea-9e0d-de38392a6ba2}" FontSize="22" TextKey="INTEGRATION" RelativePosition="0.64,0.5" Color="255,227,116" />
                        <WZUILabelTTF Type="WZUILabelTTF" GUID="{f30edda5-9a3f-4e4c-af9b-8f416bbb17fa}" FontSize="22" TextKey="BATTLE_RESULT" RelativePosition="0.85,0.5" Color="255,227,116" />
                    </WZUIContainer>
                    <WZUITableContainer Type="WZUITableContainer" GUID="{23e197c2-4db6-4a04-9229-36b8ddabbd30}" RelativeSize="1,0.88" Name="tabRank_WndAthRank" NameCreate="True" CellElementHeight="0.31" EnableMoveHorizontal="False" EnableMoveoutContainer="True" RelativePosition="0.5,0.0308038" AnchorPoint="0.5,0" Resistance="0.94999998807907104" AbsPosition="383.127,10.4733" />
                    <WZUILabelTTF Type="WZUILabelTTF" GUID="{20c7d29a-f917-4e44-a350-37f284a58698}" Name="txtEmpty1_WndAthRank" TextKey="EMPTY_INFO" FontSize="24" Color="255,227,116" Visible="False" />
                </WZUIContainer>
                <WZUIContainer Type="WZUIContainer" GUID="{1e4354d9-74a7-4fa0-a86c-af28f603141e}" Name="conTab2_WndAthRank" Visible="False">
                    <WZUITableContainer Type="WZUITableContainer" GUID="{a172059d-67db-44f0-a9f1-88cf51a310c1}" RelativeSize="1,0.94" Name="tabReward_WndAthRank" NameCreate="True" CellElementHeight="0.3" EnableMoveHorizontal="False" EnableMoveoutContainer="True" RelativePosition="0.5,0.505" />
                </WZUIContainer>
                <WZUIContainer Type="WZUIContainer" GUID="{21380b07-0010-4505-971b-a90266a83120}" Name="conTab3_WndAthRank" Visible="False">
                    <WZUIContainer Type="WZUIContainer" GUID="{aa17f177-3ee2-4df5-92c7-1b11fdbfd904}" RelativeSize="1,0.12" RelativePosition="0.5,1" AnchorPoint="0.5,1">
                        <WZUILabelTTF Type="WZUILabelTTF" GUID="{82818caf-876f-47b9-a9f0-38a722969e63}" FontSize="22" TextKey="RANK" RelativePosition="0.12,0.5" Color="255,227,116" />
                        <WZUILabelTTF Type="WZUILabelTTF" GUID="{0b87497e-b57f-4b1c-b5a7-dcab2d23ad58}" FontSize="22" TextKey="PLAYER" RelativePosition="0.3,0.5" Color="255,227,116" AbsPosition="74,23.28" />
                        <WZUILabelTTF Type="WZUILabelTTF" GUID="{68561e4d-5337-4a16-b14f-96e503bc4b5c}" FontSize="22" TextKey="INTEGRATION" RelativePosition="0.64,0.5" Color="255,227,116" />
                        <WZUILabelTTF Type="WZUILabelTTF" GUID="{bbbd4a2f-9ab9-4b44-8ea8-16b30290964c}" FontSize="22" TextKey="BATTLE_RESULT" RelativePosition="0.85,0.5" Color="255,227,116" />
                    </WZUIContainer>
                    <WZUITableContainer Type="WZUITableContainer" GUID="{c4eca836-1965-44b1-8095-9aab2ef848e9}" RelativeSize="1,0.88" Name="tabLast_WndAthRank" NameCreate="True" CellElementHeight="0.31" EnableMoveHorizontal="False" EnableMoveoutContainer="True" RelativePosition="0.5,0.0308038" AnchorPoint="0.5,0" AbsPosition="382,11.6" />
                    <WZUILabelTTF Type="WZUILabelTTF" GUID="{cb4ec278-a598-4f99-b1f2-b99dc078904d}" Name="txtEmpty2_WndAthRank" TextKey="EMPTY_INFO" FontSize="24" Color="255,227,116" Visible="False" />
                </WZUIContainer>
            </WZUIContainer>
            <WZUIContainer Type="WZUIContainer" GUID="{D27222E7-0678-40bd-900D-B27EE32CAF87}" RelativeSize="1,0.1" RelativePosition="0.5,0.078358" AbsPosition="388,41.9999">
                <WZUIContainer Type="WZUIContainer" GUID="{E535D0A6-966D-4777-A9F8-B2E1A3C95D47}" Name="conRank1_WndAthRank">
                    <WZUILabelTTF Type="WZUILabelTTF" GUID="{A973575D-A079-4cf9-903D-04EB75E92C54}" FontSize="20" TextKey="" RelativePosition="0.111856,0.5" AbsPosition="86.8,26.8" Color="79,60,48" AnchorPoint="0,0.5" Text="" LabelStyleKey="C13_F20" />
                    <WZUIFreeTextBox Type="WZUIFreeTextBox" GUID="{B4841B7D-9322-4dcd-8AD0-078AD5BDC84E}" Name="ftbRankDesc_WndAthRank" MaxWidth="400" AnchorPoint="1,0.5" RelativePosition="0.95,0.5" AbsPosition="377,26.8" />
                    <WZUIFreeTextBox Type="WZUIFreeTextBox" GUID="{B8CF69C0-F385-4394-9E7D-2E28D8E2983A}" Name="ftbMyRank_WndAthRank" AnchorPoint="0,0.5" RelativePosition="0.05,0.5" MaxWidth="400" />
                    <WZUILabelTTF Type="WZUILabelTTF" GUID="{447358FC-D38D-49fc-A199-9AD1EFAA544D}" LabelStyleKey="C13_F22" Name="txtRankLv_WndAthRank" />
                </WZUIContainer>
                <WZUIContainer Type="WZUIContainer" GUID="{AFCF1760-5F41-41ee-8794-48C1EEA95E72}" Name="conRank2_WndAthRank" Visible="False">
                    <WZUIFreeTextBox Type="WZUIFreeTextBox" GUID="{D36A81E7-EE6C-45e7-93CA-1E0E521364CB}" Name="ftbReward_WndAthRank" MaxWidth="800" AnchorPoint="1,0.5" RelativePosition="0.95,0.5" />
                    <WZUILabelTTF Type="WZUILabelTTF" GUID="{CA2CE5AB-E3AC-471d-BF2F-1E39F223105A}" LabelStyleKey="C13_F22" Name="txtRankLv2_WndAthRank" AnchorPoint="0,0.5" RelativePosition="0.05,0.5" />
                </WZUIContainer>
                <WZUIContainer Type="WZUIContainer" GUID="{6B7A6B29-100A-4d74-948B-3846B6728562}" Name="conRank3_WndAthRank" Visible="False">
                    <WZUIFreeTextBox Type="WZUIFreeTextBox" GUID="{3EF1233C-77CA-4daf-AF6E-F17C9034D438}" Name="ftbLast_WndAthRank" MaxWidth="800" AnchorPoint="1,0.5" RelativePosition="0.95,0.5" />
                    <WZUILabelTTF Type="WZUILabelTTF" GUID="{863F0FC2-DEF4-4645-A637-ADD78FF4ECD8}" LabelStyleKey="C13_F22" Name="txtRankLv3_WndAthRank" AnchorPoint="0,0.5" RelativePosition="0.05,0.5" />
                </WZUIContainer>
            </WZUIContainer>
        </WZUIContainer>
    </WZUIWindow>
</WndAthRank>
