﻿<?xml version="1.0" ?>
<WndArenaWin GUID="{332b9127-9167-4213-a223-0ba66778799f}">
    <WZUIWindow Type="WZUIWindow" GUID="{2824FECD-05BB-4b63-B8C5-558FFB33644B}" LuaObjectName="WndArenaWin" Name="WndArenaWin" NameCreate="True" UseAbsSize="True" AbsContentSize="960,640" ShowAll="False" Scale="1" LuaTouchBeganFunction="onTouchBegan" RelativePosition="0.5,0.5" Visible="True">
        <WZUIContainer Type="WZUIContainer" GUID="{0F4F54FC-CFDE-4ef3-A9BD-631C9722D9B2}" Visible="False">
            <WZUIContainer Type="WZUIContainer" GUID="{29641897-1B0A-440b-B1A0-908BA526863F}" Visible="True" Name="">
                <WZUIImage Type="WZUIImage" GUID="{bf7d413a-6e1a-4973-8383-0a285c1c26a6}" File="ui/copy_settlement/common_pic_sl.png" FlipX="True" />
                <WZUIContainer Type="WZUIContainer" GUID="{d091478e-ec92-4cbc-9408-9c584492f6ee}" AnchorPoint="0.5,0.5" RelativePosition="0.5,0.5">
                    <WZUIImage Type="WZUIImage" GUID="{d82aadf9-fa64-42ac-86a6-aac7d22f4357}" File="ui/copy_settlement/common_pic_guangx.png" UseOriginSize="True" RelativePosition="0.5,0" AnchorPoint="0.5,0.5" ScaleX="30" Scale="3">
                        <Action Type="WZUIActionRotateBy" GUID="{419be225-70d6-4df2-b008-5e3da519d4ed}" Angle="360" IsLoop="True" Duration="30" />
                    </WZUIImage>
                </WZUIContainer>
            </WZUIContainer>
            <WZUIContainer Type="WZUIContainer" GUID="{432385E6-0190-4137-9384-DD60578963D6}" Name="" NameCreate="True" Visible="True" ShowAll="True" RelativePosition="0.5,0.498437" AbsPosition="480,319">
                <WZUIParticle Type="WZUIParticle" GUID="{8D069558-9BAE-4763-8B2B-2BC41F265B78}" PlistFile="particle/ui_jiesuan_stars_01.plist" AnchorPoint="0.5,0" RelativePosition="0.5,0" Visible="True" />
                <WZUIContainer Type="WZUIContainer" GUID="{12AFE989-30AE-4eb1-ABD9-384464674648}" Visible="False" AbsContentSize="880,300" UseAbsSize="True" RelativePosition="0.5,0.523438" AbsPosition="479,335" Name="conAth_WndArenaWin">
                    <WZUIContainer Type="WZUIContainer" GUID="{552E1D88-D994-4c63-BAC4-83CB1970208C}" Visible="True" AbsContentSize="880,300" UseAbsSize="True" RelativePosition="0.5,0.5" AbsPosition="479,335">
                        <WZUI9Image Type="WZUI9Image" GUID="{F10DA5AB-EF75-432e-BE6A-880004D15F9F}" RelativePosition="0.5,0.5" File="ui/common/common_scale9_jiesuandi.png" Opacity="255" />
                        <WZUIImage Type="WZUIImage" GUID="{39581FB7-BB24-4f89-98FA-031271910A1A}" File="ui/common/common_pic_jiao.png" UseOriginSize="True" RelativePosition="0.984,0.965" FlipX="True" />
                        <WZUIImage Type="WZUIImage" GUID="{A715F1AC-1416-4eb3-9E11-FCCF36440595}" File="ui/common/common_pic_jiao.png" UseOriginSize="True" RelativePosition="0.016,0.965" />
                        <WZUIImage Type="WZUIImage" GUID="{F3E463E7-A80A-4e70-899A-06ED1E7132D5}" File="ui/common/common_pic_jiao.png" UseOriginSize="True" RelativePosition="0.019,0.035" FlipY="True" />
                        <WZUIImage Type="WZUIImage" GUID="{FF6FC39D-8CD3-43df-8FFF-408F2E25D3E5}" File="ui/common/common_pic_jiao.png" UseOriginSize="True" RelativePosition="0.981,0.035" FlipX="True" FlipY="True" />
                        <WZUIContainer Type="WZUIContainer" GUID="{3001B3DE-434E-4bd4-B343-B2468AE1662A}" RelativeSize="1,0.09" RelativePosition="0.5,0.916667" AbsPosition="418,275">
                            <WZUIImage Type="WZUIImage" GUID="{4D41CCAA-BF4D-47fd-AEF4-A2D65031BEA7}" File="ui/hero/hero_icon_jisha.png" UseOriginSize="True" RelativePosition="0.30418,0.5" AbsPosition="267.679,13.5" />
                            <WZUIImage Type="WZUIImage" GUID="{E1708A4C-C68B-4b44-969E-7A72BBB53B6F}" File="ui/hero/hero_icon_zunql.png" UseOriginSize="True" RelativePosition="0.35,0.5" AbsPosition="305.775,13.5" />
                            <WZUIImage Type="WZUIImage" GUID="{23044599-B78A-4eab-BD00-439CDDDD7135}" File="" UseOriginSize="True" RelativePosition="0.405,0.5" AbsPosition="358.478,13.5" Name="imgScore1_WndArenaWin" Scale="0.45" />
                            <WZUIImage Type="WZUIImage" GUID="{BC18A59A-AB12-44b8-8EDF-659BF5578132}" File="ui/hero/hero_icon_jisha.png" UseOriginSize="True" RelativePosition="0.800824,0.5" AbsPosition="704.725,13.5" />
                            <WZUIImage Type="WZUIImage" GUID="{100B58B8-6F67-4acc-8D37-94656DC5BB09}" File="ui/hero/hero_icon_zunql.png" UseOriginSize="True" RelativePosition="0.845,0.5" AbsPosition="743.559,13.5" />
                            <WZUIImage Type="WZUIImage" GUID="{1208E188-160C-4ff6-91A4-988DB595AECF}" File="" UseOriginSize="True" RelativePosition="0.9,0.5" AbsPosition="794,13.5" Name="imgScore2_WndArenaWin" Scale="0.45" />
                        </WZUIContainer>
                        <WZUIContainer Type="WZUIContainer" GUID="{F4A4AA43-32CF-4edd-A9C7-28F5A1C9317B}" RelativeSize="1.,0.8" RelativePosition="0.5,0.483333">
                            <WZUIContainer Type="WZUIContainer" GUID="{20063492-4B17-45e6-B4FE-43070314D120}" RelativeSize="0.5,1" AnchorPoint="0,0.5" RelativePosition="0,0.5" AbsPosition="0,145">
                                <WZUIImage Type="WZUIImage" GUID="{31ABA829-A0BC-44eb-94E1-36B74982883D}" File="ui/hero/common_pic_jshuabian.png" UseOriginSize="True" RelativePosition="1,1" AbsPosition="236,157" AnchorPoint="1,1" />
                            </WZUIContainer>
                            <WZUIContainer Type="WZUIContainer" GUID="{144DB372-0779-4cb7-A6A4-EAA1603EEB5C}" AnchorPoint="1,0.5" RelativePosition="1,0.5" RelativeSize="0.5,1">
                                <WZUIImage Type="WZUIImage" GUID="{20E4E44B-D3F3-4f69-9D7B-0E20C0F60745}" File="ui/hero/common_pic_jshuabian.png" UseOriginSize="True" ScaleX="-1" RelativePosition="0,1" AbsPosition="598.998,157" AnchorPoint="1,1" />
                            </WZUIContainer>
                        </WZUIContainer>
                    </WZUIContainer>
                    <WZUIContainer Type="WZUIContainer" GUID="{FC0C0211-ACD4-4528-9181-9A92F79E86FA}" AbsContentSize="880,240" UseAbsSize="True" RelativePosition="0.5,0.81344" Name="" NameCreate="True" AnchorPoint="0.5,1" AbsPosition="417,244.032">
                        <WZUIContainer Type="WZUIContainer" GUID="{AE9DCF30-DA61-4ace-90AC-B66CE98EB2EA}" AnchorPoint="0,0.5" RelativePosition="0,0.5" RelativeSize="0.5,1">
                            <WZUIContainer Type="WZUIContainer" GUID="{332D49EF-9DB2-40c3-BA37-A096D75E59ED}" RelativeSize="1,0.2" Name="conAthL1_WndArenaWin" RelativePosition="0.5,1" AbsPosition="207.5,218" AnchorPoint="0.5,1" />
                            <WZUIContainer Type="WZUIContainer" GUID="{00169BE4-8764-4d2a-B5EE-42B9BE43AC59}" RelativeSize="1,0.2" Name="conAthL2_WndArenaWin" RelativePosition="0.5,0.698347" AbsPosition="207.5,169" />
                            <WZUIContainer Type="WZUIContainer" GUID="{612F044E-9902-4e46-83F0-4C5214BE3447}" RelativeSize="1,0.2" Name="conAthL3_WndArenaWin" />
                            <WZUIContainer Type="WZUIContainer" GUID="{054C63F9-57F9-45c0-842D-E05978F279F5}" RelativeSize="1,0.2" Name="conAthL4_WndArenaWin" RelativePosition="0.5,0.301653" AbsPosition="207.5,73" />
                            <WZUIContainer Type="WZUIContainer" GUID="{BFE1261C-DB6D-4e56-94E5-9351432A6305}" RelativeSize="1,0.2" Name="conAthL5_WndArenaWin" RelativePosition="0.5,0" AbsPosition="207.5,22" AnchorPoint="0.5,0" />
                        </WZUIContainer>
                        <WZUIContainer Type="WZUIContainer" GUID="{7AEA1E1A-D6DD-4762-B477-4926FA5CFC0E}" AnchorPoint="1,0.5" RelativePosition="1,0.5" RelativeSize="0.5,1">
                            <WZUIContainer Type="WZUIContainer" GUID="{F9865F2F-1A52-4492-A15B-F694AD618E3C}" RelativeSize="1,0.2" Name="conAthR1_WndArenaWin" RelativePosition="0.5,1" AbsPosition="207.5,218" AnchorPoint="0.5,1" />
                            <WZUIContainer Type="WZUIContainer" GUID="{14E24850-7982-4228-95F4-667AE8CB3F4E}" RelativeSize="1,0.2" Name="conAthR2_WndArenaWin" RelativePosition="0.5,0.698347" AbsPosition="207.5,169" />
                            <WZUIContainer Type="WZUIContainer" GUID="{85F49409-790A-48aa-8693-7789BF5573FE}" RelativeSize="1,0.2" Name="conAthR3_WndArenaWin" />
                            <WZUIContainer Type="WZUIContainer" GUID="{F36B19CA-2B12-44cb-8765-4A7D9E0C9425}" RelativeSize="1,0.2" Name="conAthR4_WndArenaWin" RelativePosition="0.5,0.301653" AbsPosition="207.5,73" />
                            <WZUIContainer Type="WZUIContainer" GUID="{3C11A10C-C6D4-46fe-9DE7-C1D88881885B}" RelativeSize="1,0.2" Name="conAthR5_WndArenaWin" RelativePosition="0.5,0" AbsPosition="207.5,22" AnchorPoint="0.5,0" />
                        </WZUIContainer>
                    </WZUIContainer>
                </WZUIContainer>
                <WZUIContainer Type="WZUIContainer" GUID="{C340B55F-415C-4441-8E31-7DA56A440DF0}" Visible="False" AbsContentSize="774,274" UseAbsSize="True" RelativePosition="0.5,0.503126" AbsPosition="480,322" Name="conLeague_WndArenaWin">
                    <WZUIContainer Type="WZUIContainer" GUID="{38A6C9D8-8EFC-4433-BB2A-5C9117BC0B31}" Visible="True" AbsContentSize="" UseAbsSize="False" RelativePosition="0.5,0.5" AbsPosition="479,335">
                        <WZUI9Image Type="WZUI9Image" GUID="{5FD5DA9B-B232-4da8-89B6-0A4FAECCEC21}" RelativePosition="0.5,0.5" File="ui/common/common_scale9_jiesuandi.png" Opacity="255" />
                        <WZUIImage Type="WZUIImage" GUID="{42999B88-BBA3-44ae-AEDC-6C787E1DCD79}" File="ui/common/common_pic_jiao.png" UseOriginSize="True" RelativePosition="0.984,0.965" FlipX="True" />
                        <WZUIImage Type="WZUIImage" GUID="{C2E9A542-3676-4a4e-88FC-E883CBC1D8DC}" File="ui/common/common_pic_jiao.png" UseOriginSize="True" RelativePosition="0.016,0.965" />
                        <WZUIImage Type="WZUIImage" GUID="{DA8CEE69-7BE5-4e4a-83AC-60B55BC73C33}" File="ui/common/common_pic_jiao.png" UseOriginSize="True" RelativePosition="0.019,0.035" FlipY="True" />
                        <WZUIImage Type="WZUIImage" GUID="{C4832098-92E9-4f2e-9838-83E49B87E2AB}" File="ui/common/common_pic_jiao.png" UseOriginSize="True" RelativePosition="0.982292,0.035" FlipX="True" FlipY="True" AbsPosition="760.294,9.59" />
                        <WZUIImage Type="WZUIImage" GUID="{DC8F9738-FFA1-4fe9-9BCC-B66A89F67514}" File="ui/hero/common_pic_jshuabian.png" UseOriginSize="True" RelativePosition="0.264886,0.406861" AbsPosition="205.022,111.48" />
                        <WZUIImage Type="WZUIImage" GUID="{83886960-FEE0-48cb-B681-F4AFA51BF025}" File="ui/hero/common_pic_jshuabian.png" UseOriginSize="True" ScaleX="-1" RelativePosition="0.73502,0.406861" AbsPosition="568.905,111.48" />
                        <WZUIContainer Type="WZUIContainer" GUID="{B8938526-FD55-4cf3-8D28-297B27E159B0}" RelativeSize="1,0.12" RelativePosition="0.5,0.70438" AbsPosition="387,193" AnchorPoint="0.5,0.5">
                            <WZUIImage Type="WZUIImage" GUID="{A2B4BC20-7700-465d-9956-D9319E062A43}" File="ui/hero/hero_icon_jisha.png" UseOriginSize="True" RelativePosition="0.305114,0.5" AbsPosition="237.158,16.44" />
                            <WZUIImage Type="WZUIImage" GUID="{E3D21145-FA0A-4767-8909-C3F7D97705C5}" File="ui/hero/hero_icon_zunql.png" UseOriginSize="True" RelativePosition="0.35197,0.5" AbsPosition="272.425,16.44" />
                            <WZUIImage Type="WZUIImage" GUID="{B6BCE609-686C-4351-BB19-0D3CC0AA8474}" File="ui/hero/hero_icon_jisha.png" UseOriginSize="True" RelativePosition="0.805452,0.5" AbsPosition="693.42,16.44" />
                            <WZUIImage Type="WZUIImage" GUID="{D8AD193A-C4DF-4ff9-8269-95A643D19897}" File="ui/hero/hero_icon_zunql.png" UseOriginSize="True" RelativePosition="0.851576,0.5" AbsPosition="733.12,16.44" />
                        </WZUIContainer>
                    </WZUIContainer>
                    <WZUIContainer Type="WZUIContainer" GUID="{0AEBCEB8-D5CE-4947-AC4C-915DA333ED2B}" AbsContentSize="774,140" UseAbsSize="True" RelativePosition="0.5,0.64254" Name="" NameCreate="True" AnchorPoint="0.5,1" AbsPosition="387,176.056">
                        <WZUIContainer Type="WZUIContainer" GUID="{DC05A644-277B-40e2-81EF-0F82713E8571}" AnchorPoint="0,0.5" RelativePosition="0,0.5" RelativeSize="0.5,1">
                            <WZUIContainer Type="WZUIContainer" GUID="{A424683D-9200-4f97-82BD-B35C1ECCDC50}" RelativeSize="1,0.3" Name="conLegL1_WndArenaWin" RelativePosition="0.5,1" AbsPosition="193.5,139" AnchorPoint="0.5,1" />
                            <WZUIContainer Type="WZUIContainer" GUID="{84674C8B-0669-43ab-B00D-0C6B08DC4D08}" RelativeSize="1,0.3" Name="conLegL2_WndArenaWin" RelativePosition="0.5,0.5" AbsPosition="193.5,69.7686" />
                            <WZUIContainer Type="WZUIContainer" GUID="{9058A8E3-6E59-4a8d-8E18-CA9641966B68}" RelativeSize="1,0.3" Name="conLegL3_WndArenaWin" RelativePosition="0.5,0" AbsPosition="193.5,23" AnchorPoint="0.5,0" />
                        </WZUIContainer>
                        <WZUIContainer Type="WZUIContainer" GUID="{41AD0422-EF33-4735-9B7E-949128D1436D}" AnchorPoint="1,0.5" RelativePosition="1,0.5" RelativeSize="0.5,1">
                            <WZUIContainer Type="WZUIContainer" GUID="{C04949DF-97A0-4fc3-B5AA-534C2D337876}" RelativeSize="1,0.3" Name="conLegR1_WndArenaWin" RelativePosition="0.5,1" AbsPosition="207.5,218" AnchorPoint="0.5,1" />
                            <WZUIContainer Type="WZUIContainer" GUID="{E86526E0-8775-4c90-BD71-CB4D09DAC2F4}" RelativeSize="1,0.3" Name="conLegR2_WndArenaWin" RelativePosition="0.5,0.5" AbsPosition="207.5,169" />
                            <WZUIContainer Type="WZUIContainer" GUID="{B9D2349F-6A70-41ae-B7D7-8B4E6B8DC564}" RelativeSize="1,0.3" Name="conLegR3_WndArenaWin" AnchorPoint="0.5,0" RelativePosition="0.5,0" />
                        </WZUIContainer>
                    </WZUIContainer>
                    <WZUIContainer Type="WZUIContainer" GUID="{AA48E0E4-7308-4444-A364-4F8ABA511060}" RelativeSize="1,0.15" RelativePosition="0.5,0.864963" AbsPosition="387,237">
                        <WZUIContainer Type="WZUIContainer" GUID="{268B6545-B01C-4881-ABBC-AF6F5F517796}" AbsContentSize="60,60" UseAbsSize="True" RelativePosition="0.0514212,0.5" Scale="0.6" AbsPosition="39.8,20.55" Name="conIcon1_WndArenaWin">
                            <WZUI9Image Type="WZUI9Image" GUID="{78756C8A-4D5B-47f0-A174-779F0D4BB92C}" File="ui/common/common_scale9_beibaodi.png" />
                            <WZUI9Image Type="WZUI9Image" GUID="{7B518618-268B-4990-8933-D649BCF596BE}" File="ui/common/common_scale9_wuse.png" Visible="True" />
                            <WZUIImage Type="WZUIImage" GUID="{A53145FE-C189-4a50-BDD4-FB666F8E57FD}" File="ui/hero/hero_icon_yxlsdb.png" Scale="0.85" />
                        </WZUIContainer>
                        <WZUIContainer Type="WZUIContainer" GUID="{34DB68E8-0588-4c18-AE1B-645D2405855A}" AbsContentSize="60,60" UseAbsSize="True" RelativePosition="0.949612,0.5" Scale="0.6" AbsPosition="735,20.55" Name="conIcon2_WndArenaWin">
                            <WZUI9Image Type="WZUI9Image" GUID="{D8BDC436-7281-4cf2-A54E-3FBE1B2BDA58}" File="ui/common/common_scale9_beibaodi.png" />
                            <WZUI9Image Type="WZUI9Image" GUID="{DB82333A-4A4D-4921-9217-317381824076}" File="ui/common/common_scale9_wuse.png" Visible="True" />
                            <WZUIImage Type="WZUIImage" GUID="{17F931EF-6AAD-4baf-97AB-0D5AF50B68E6}" File="ui/hero/hero_icon_yxlsdb.png" Scale="0.85" />
                        </WZUIContainer>
                        <WZUILabelTTF Type="WZUILabelTTF" GUID="{63A355C4-DC5A-438f-B734-4B03CCB53253}" Name="txtName1_WndArenaWin" LabelStyleKey="C11_F22" TextKey="" Text="" AnchorPoint="0,0.5" Alignment="Left" RelativePosition="0.0810078,0.5" AbsPosition="62.7,20.55" />
                        <WZUILabelTTF Type="WZUILabelTTF" GUID="{98A9B7C2-FA34-4b8a-909C-F71BE5096E5C}" Name="txtName2_WndArenaWin" LabelStyleKey="C11_F22" TextKey="" Text="" AnchorPoint="1,0.5" Alignment="Right" RelativePosition="0.911112,0.5" AbsPosition="705.2,20.55" />
                        <WZUILabelTTF Type="WZUILabelTTF" GUID="{F4D383A8-5E97-4961-AB8E-43BFABD93898}" TextKey="INTEGRATION" FontSize="20" RelativePosition="0.321706,0.5" AbsPosition="249,20.55" LabelStyleKey="C1_F20" />
                        <WZUILabelTTF Type="WZUILabelTTF" GUID="{CE70A12E-FE5A-46c8-B8EE-0D87EF6E285E}" TextKey="INTEGRATION" FontSize="20" RelativePosition="0.620155,0.5" AbsPosition="480,20.55" LabelStyleKey="C1_F20" />
                        <WZUILabelTTF Type="WZUILabelTTF" GUID="{05021881-8D8B-4c9a-947A-C65B3BBFA3A7}" Text="+300" Name="txtScore1_WndArenaWin" Color="255,227,116" FontSize="20" RelativePosition="0.352247,0.5" Alignment="Left" AnchorPoint="0,0.5" BoldFont="True" AbsPosition="272.639,20.55" Visible="True" />
                        <WZUILabelTTF Type="WZUILabelTTF" GUID="{18F7EEBB-D0F1-42dc-9427-0D51235DB66C}" Text="+300" Name="txtScore2_WndArenaWin" Color="255,227,116" FontSize="20" RelativePosition="0.648113,0.5" Alignment="Left" AnchorPoint="0,0.5" BoldFont="True" AbsPosition="501.64,20.55" Visible="True" />
                    </WZUIContainer>
                </WZUIContainer>
                <WZUIContainer Type="WZUIContainer" GUID="{6F40B521-F280-4394-87FF-C8A3D5F5DEBF}" Visible="False" AbsContentSize="774,274" UseAbsSize="True" RelativePosition="0.5,0.503126" AbsPosition="480,322" Name="conGuild_WndArenaWin">
                    <WZUIContainer Type="WZUIContainer" GUID="{23F04162-7337-475a-83D6-4DADE95DD28A}" Visible="True" AbsContentSize="" UseAbsSize="False" RelativePosition="0.5,0.5" AbsPosition="479,335">
                        <WZUI9Image Type="WZUI9Image" GUID="{BBB54826-48DD-4b8f-8BF7-997E99EB9894}" RelativePosition="0.5,0.5" File="ui/common/common_scale9_jiesuandi.png" Opacity="255" />
                        <WZUIImage Type="WZUIImage" GUID="{69BC2A68-791A-43ec-9E83-A79B02DCCB9F}" File="ui/common/common_pic_jiao.png" UseOriginSize="True" RelativePosition="0.984,0.965" FlipX="True" />
                        <WZUIImage Type="WZUIImage" GUID="{1A766403-DB3C-4ddd-B627-7562784E5640}" File="ui/common/common_pic_jiao.png" UseOriginSize="True" RelativePosition="0.016,0.965" />
                        <WZUIImage Type="WZUIImage" GUID="{8EF67213-F0E8-47b0-913F-EEE46C37C646}" File="ui/common/common_pic_jiao.png" UseOriginSize="True" RelativePosition="0.019,0.035" FlipY="True" />
                        <WZUIImage Type="WZUIImage" GUID="{7C665EAE-49F4-4a5e-8B0A-1858CD779985}" File="ui/common/common_pic_jiao.png" UseOriginSize="True" RelativePosition="0.982292,0.035" FlipX="True" FlipY="True" AbsPosition="760.294,9.59" />
                        <WZUIImage Type="WZUIImage" GUID="{BBB291E4-0A96-4582-9BFD-8EDAD2A0F987}" File="ui/hero/common_pic_jshuabian.png" UseOriginSize="True" RelativePosition="0.264886,0.406861" AbsPosition="205.022,111.48" />
                        <WZUIImage Type="WZUIImage" GUID="{E05D9429-04EE-4444-8AC9-31B5DFC7D463}" File="ui/hero/common_pic_jshuabian.png" UseOriginSize="True" ScaleX="-1" RelativePosition="0.73502,0.406861" AbsPosition="568.905,111.48" />
                        <WZUIContainer Type="WZUIContainer" GUID="{672A8FC9-52D2-42f8-87EB-49BD57B88A7F}" RelativeSize="1,0.12" RelativePosition="0.5,0.70438" AbsPosition="387,193" AnchorPoint="0.5,0.5">
                            <WZUIImage Type="WZUIImage" GUID="{83E10CF5-7960-428c-8C54-7CEFFD52F12D}" File="ui/hero/hero_icon_jisha.png" UseOriginSize="True" RelativePosition="0.3,0.5" AbsPosition="216.158,16.44" />
                            <WZUIImage Type="WZUIImage" GUID="{322B4E42-57A2-4b7b-9F24-395EEE6D837D}" File="ui/hero/hero_icon_zunql.png" UseOriginSize="True" RelativePosition="0.345,0.5" AbsPosition="254.425,16.44" />
                            <WZUIImage Type="WZUIImage" GUID="{185CB204-9C8B-4f0b-851E-8FDEC73EF77A}" File="ui/hero/hero_icon_xueliang.png" UseOriginSize="True" RelativePosition="0.395,0.5" AbsPosition="296.425,16.44" />
                            <WZUIImage Type="WZUIImage" GUID="{FC09EF60-F23D-4ff8-85FD-4E91A2B7DC67}" File="ui/hero/hero_icon_jisha.png" UseOriginSize="True" RelativePosition="0.8,0.5" AbsPosition="652.42,16.44" />
                            <WZUIImage Type="WZUIImage" GUID="{1D9C9718-FC76-4c6c-854D-A88BAAE94169}" File="ui/hero/hero_icon_zunql.png" UseOriginSize="True" RelativePosition="0.845,0.5" AbsPosition="688.12,16.44" />
                            <WZUIImage Type="WZUIImage" GUID="{D11CB548-3EB0-4f05-A302-2EF54274BABF}" File="ui/hero/hero_icon_xueliang.png" UseOriginSize="True" RelativePosition="0.89,0.5" AbsPosition="733.425,16.44" />
                        </WZUIContainer>
                    </WZUIContainer>
                    <WZUIContainer Type="WZUIContainer" GUID="{BA50D034-7B61-48f5-B12B-E92590434972}" AbsContentSize="774,140" UseAbsSize="True" RelativePosition="0.5,0.64254" Name="" NameCreate="True" AnchorPoint="0.5,1" AbsPosition="387,176.056">
                        <WZUIContainer Type="WZUIContainer" GUID="{C327B609-FCDD-4c46-ABAB-143E0E31D05F}" AnchorPoint="0,0.5" RelativePosition="0,0.5" RelativeSize="0.5,1">
                            <WZUIContainer Type="WZUIContainer" GUID="{3407758B-F9DA-4b5e-8E16-27DE2B665D39}" RelativeSize="1,0.3" Name="conGuildL1_WndArenaWin" RelativePosition="0.5,1" AbsPosition="193.5,139" AnchorPoint="0.5,1" />
                            <WZUIContainer Type="WZUIContainer" GUID="{E9F256EE-D2AD-4ed2-B98A-1621C55BCFD9}" RelativeSize="1,0.3" Name="conGuildL2_WndArenaWin" RelativePosition="0.5,0.5" AbsPosition="193.5,69.7686" />
                            <WZUIContainer Type="WZUIContainer" GUID="{BB1260AD-89CB-46db-8197-337FE75BFBE7}" RelativeSize="1,0.3" Name="conGuildL3_WndArenaWin" RelativePosition="0.5,0" AbsPosition="193.5,23" AnchorPoint="0.5,0" />
                        </WZUIContainer>
                        <WZUIContainer Type="WZUIContainer" GUID="{13CE098F-86BE-4873-AC92-C8F45E31B8ED}" AnchorPoint="1,0.5" RelativePosition="1,0.5" RelativeSize="0.5,1">
                            <WZUIContainer Type="WZUIContainer" GUID="{172B3FD0-F80E-40d6-B87E-D9D7F3E0124A}" RelativeSize="1,0.3" Name="conGuildR1_WndArenaWin" RelativePosition="0.5,1" AbsPosition="207.5,218" AnchorPoint="0.5,1" />
                            <WZUIContainer Type="WZUIContainer" GUID="{F42264B6-DB6C-4cc6-BE3A-38D6B5D79B9D}" RelativeSize="1,0.3" Name="conGuildR2_WndArenaWin" RelativePosition="0.5,0.5" AbsPosition="207.5,169" />
                            <WZUIContainer Type="WZUIContainer" GUID="{EC17EE70-4FC7-4256-9A3E-D61E8D66F7EB}" RelativeSize="1,0.3" Name="conGuildR3_WndArenaWin" AnchorPoint="0.5,0" RelativePosition="0.5,0" />
                        </WZUIContainer>
                    </WZUIContainer>
                    <WZUIContainer Type="WZUIContainer" GUID="{7EF41FC3-5CC1-475f-8BC4-066C204458FC}" RelativeSize="1,0.15" RelativePosition="0.5,0.864963" AbsPosition="387,237">
                        <WZUIContainer Type="WZUIContainer" GUID="{5BA44148-697E-4c43-AA31-094716D78958}" AbsContentSize="60,60" UseAbsSize="True" RelativePosition="0.448062,0.645985" Scale="1" AbsPosition="346.8,26.55" Name="conTeamLeft_WndArenaWin">
                            <WZUIImage Type="WZUIImage" GUID="{5419DDD8-84EC-4e14-9722-E248541ABFD5}" File="ui/community/common_icon_ghzld.png" Scale="1" UseOriginSize="True" />
                            <WZUILabelAtlasFont Type="WZUILabelAtlasFont" GUID="{2B2841EF-DBFF-4093-8D99-3AAE8E43640A}" CharMapFileName="ui/common_num/common_num_ghdj.png" Text="1" Height="24" UseOriginSize="True" Name="lafTeamIndex1_WndArenaWin" NameCreate="True" RelativePosition="0.516667,0.5" Width="16" Scale="1" />
                        </WZUIContainer>
                        <WZUIContainer Type="WZUIContainer" GUID="{4581AB4D-67F2-4165-94FE-5403250D8848}" AbsContentSize="60,60" UseAbsSize="True" RelativePosition="0.551679,0.645985" Scale="1" AbsPosition="427,26.55" Name="conTeamRight_WndArenaWin">
                            <WZUIImage Type="WZUIImage" GUID="{9E3C4151-AE38-4681-8F22-6240AEBAAB93}" File="ui/community/common_icon_ghzhd.png" Scale="1" UseOriginSize="True" />
                            <WZUILabelAtlasFont Type="WZUILabelAtlasFont" GUID="{82D0B871-9947-4a6d-856B-76F6AEC28F38}" CharMapFileName="ui/common_num/common_num_ghdj.png" Text="1" Height="24" UseOriginSize="True" Name="lafTeamIndex2_WndArenaWin" NameCreate="True" RelativePosition="0.516667,0.5" Width="16" Scale="1" />
                        </WZUIContainer>
                        <WZUILabelTTF Type="WZUILabelTTF" GUID="{95D53A31-DF95-4133-937B-9409CA202C79}" Name="txtGuildName1_WndArenaWin" LabelStyleKey="C11_F22" TextKey="" Text="" AnchorPoint="1,0.5" Alignment="Right" RelativePosition="0.393669,0.548662" AbsPosition="304.7,22.55" />
                        <WZUILabelTTF Type="WZUILabelTTF" GUID="{36CDC109-179F-4c74-9F4B-35BF310E39FF}" Name="txtGuildName2_WndArenaWin" LabelStyleKey="C11_F22" TextKey="" Text="" AnchorPoint="0,0.5" Alignment="Left" RelativePosition="0.589407,0.524331" AbsPosition="456.201,21.55" />
                    </WZUIContainer>
                </WZUIContainer>
                <WZUIContainer Type="WZUIContainer" GUID="{62CF4995-FE27-40e5-8F8E-DD7DE783741A}" RelativeSize="1,1" AnchorPoint="0.5,0" RelativePosition="0.5,0" Name="conPlayer_WndArenaWin" AbsContentSize="720,150" UseAbsSize="True">
                    <WZUIContainer Type="WZUIContainer" GUID="{1F26DD66-F19E-47ff-9BCD-B6B8D828F87C}" RelativeSize="1,1" RelativePosition="0.5,0" AnchorPoint="0,0" Name="conPlayer1_WndArenaWin" Visible="False" AbsContentSize="100,150" UseAbsSize="True" TouchEnable="True">
                        <WZUIImage Type="WZUIImage" GUID="{687032E1-A130-458c-AECD-E66A2AEAA5B6}" File="ui/common/common_icon_yy.png" UseOriginSize="True" AnchorPoint="0.5,0" RelativePosition="0.6,0" Name="imgPlayerDi1_WndArenaWin" />
                        <WZArmature Type="WZArmature" GUID="{1322DD50-7CFE-4d03-B1BF-3DFC52E16BA1}" ArmatureName="ui_jiesuan_renwudizuo_01" ArmatureFile="ui/ui_jiesuan_renwudizuo_01.xml" UseOriginSize="True" Scale="0.7" RelativePosition="0.5,0.1" Name="armBase1_WndArenaWin" Visible="False" Order="5" AbsPosition="49.3975,9.89584">
                            <Action Type="WZUIArmatureAnimationById" GUID="{84C505D3-8428-4fb3-BA98-6D2D25D84820}" AnimationId="0" />
                        </WZArmature>
                    </WZUIContainer>
                    <WZUIContainer Type="WZUIContainer" GUID="{CC0FBFFA-E75D-4ecf-BA20-3C433D9B4FB9}" RelativeSize="1,1" RelativePosition="0.5,0" AnchorPoint="0,0" Name="conPlayer2_WndArenaWin" Visible="False" AbsContentSize="100,150" UseAbsSize="True">
                        <WZUIImage Type="WZUIImage" GUID="{3AB1969B-22E9-472c-8468-001867E237D7}" File="ui/common/common_icon_yy.png" UseOriginSize="True" AnchorPoint="0.5,0" RelativePosition="0.6,0" Name="imgPlayerDi2_WndArenaWin" />
                        <WZArmature Type="WZArmature" GUID="{E9435022-86BC-42a9-8DDF-057DBD107439}" ArmatureName="ui_jiesuan_renwudizuo_01" ArmatureFile="ui/ui_jiesuan_renwudizuo_01.xml" UseOriginSize="True" Scale="0.7" RelativePosition="0.6,0.1" Name="armBase2_WndArenaWin" Visible="False" Order="5">
                            <Action Type="WZUIArmatureAnimationById" GUID="{6EB30910-2356-4fbe-A867-E75C65E6E9F8}" AnimationId="0" />
                        </WZArmature>
                    </WZUIContainer>
                    <WZUIContainer Type="WZUIContainer" GUID="{B6A85235-8E73-41c2-B032-F244C1928496}" RelativeSize="1,1" RelativePosition="0.5,0" AnchorPoint="0,0" Name="conPlayer3_WndArenaWin" Visible="False" AbsContentSize="100,150" UseAbsSize="True">
                        <WZUIImage Type="WZUIImage" GUID="{717BBACC-70DE-4b45-9A96-4BC6D6B18B3A}" File="ui/common/common_icon_yy.png" UseOriginSize="True" AnchorPoint="0.5,0" RelativePosition="0.6,0.1" Name="imgPlayerDi3_WndArenaWin" />
                        <WZArmature Type="WZArmature" GUID="{2D528867-73CE-445e-92F0-4DF105EBD61A}" ArmatureName="ui_jiesuan_renwudizuo_01" ArmatureFile="ui/ui_jiesuan_renwudizuo_01.xml" UseOriginSize="True" Scale="0.7" RelativePosition="0.6,0.1" Name="armBase3_WndArenaWin" Visible="False" Order="5">
                            <Action Type="WZUIArmatureAnimationById" GUID="{6E8E611F-F15C-4d4a-8FEC-B24DDCBF748D}" AnimationId="0" />
                        </WZArmature>
                    </WZUIContainer>
                    <WZUIContainer Type="WZUIContainer" GUID="{56D094ED-9352-4d27-AC62-68E487BC86F9}" RelativeSize="1,1" RelativePosition="0.5,0" AnchorPoint="0,0" Name="conPlayer4_WndArenaWin" Visible="False" AbsContentSize="100,150" UseAbsSize="True">
                        <WZUIImage Type="WZUIImage" GUID="{20EE001C-0FAF-4495-AB33-5D353509E3B9}" File="ui/common/common_icon_yy.png" UseOriginSize="True" AnchorPoint="0.5,0" RelativePosition="0.6,0.1" Name="imgPlayerDi4_WndArenaWin" />
                        <WZArmature Type="WZArmature" GUID="{7A12B1B6-C997-4563-9DB7-988238D8F834}" ArmatureName="ui_jiesuan_renwudizuo_01" ArmatureFile="ui/ui_jiesuan_renwudizuo_01.xml" UseOriginSize="True" Scale="0.7" RelativePosition="0.6,0.1" Name="armBase4_WndArenaWin" Visible="False" Order="5">
                            <Action Type="WZUIArmatureAnimationById" GUID="{751742EE-D943-43fa-B22B-6EE00609F6C8}" AnimationId="0" />
                        </WZArmature>
                    </WZUIContainer>
                    <WZUIContainer Type="WZUIContainer" GUID="{D623A696-2731-4bc1-8661-DF98646B7747}" RelativeSize="1,1" RelativePosition="0.5,0" AnchorPoint="0,0" Name="conPlayer5_WndArenaWin" Visible="False" AbsContentSize="100,150" UseAbsSize="True">
                        <WZUIImage Type="WZUIImage" GUID="{6A45EA51-A3C6-4806-AD05-A177897C7E3F}" File="ui/common/common_icon_yy.png" UseOriginSize="True" AnchorPoint="0.5,0" RelativePosition="0.6,0.1" Name="imgPlayerDi5_WndArenaWin" />
                        <WZArmature Type="WZArmature" GUID="{65A07148-9371-42f8-AB02-43A947514C3E}" ArmatureName="ui_jiesuan_renwudizuo_01" ArmatureFile="ui/ui_jiesuan_renwudizuo_01.xml" UseOriginSize="True" Scale="0.7" RelativePosition="0.6,0.1" Name="armBase5_WndArenaWin" Visible="False" Order="5">
                            <Action Type="WZUIArmatureAnimationById" GUID="{AE9E9DBB-7AB7-49ca-85B9-4C8C4C30DE43}" AnimationId="0" />
                        </WZArmature>
                    </WZUIContainer>
                    <WZUIContainer Type="WZUIContainer" GUID="{D9543AA1-060C-452f-8FCD-5F73A4BAA0F2}" RelativeSize="1,1" RelativePosition="0.5,0" AnchorPoint="0,0" Name="conPlayer6_WndArenaWin" Visible="False" AbsContentSize="100,150" UseAbsSize="True">
                        <WZUIImage Type="WZUIImage" GUID="{FA988632-041E-4437-A1E3-801403575AF4}" File="ui/common/common_icon_yy.png" UseOriginSize="True" AnchorPoint="0.5,0" RelativePosition="0.6,0.1" Name="imgPlayerDi6_WndArenaWin" />
                        <WZArmature Type="WZArmature" GUID="{59B9204E-90D5-414b-82F6-165BEDD3C3FD}" ArmatureName="ui_jiesuan_renwudizuo_01" ArmatureFile="ui/ui_jiesuan_renwudizuo_01.xml" UseOriginSize="True" Scale="0.7" RelativePosition="0.6,0.1" Name="armBase6_WndArenaWin" Visible="False" Order="5">
                            <Action Type="WZUIArmatureAnimationById" GUID="{F3EE4F46-3367-464b-A4DF-CCEB100ADED1}" AnimationId="0" />
                        </WZArmature>
                    </WZUIContainer>
                </WZUIContainer>
            </WZUIContainer>
            <WZUIContainer Type="WZUIContainer" GUID="{BC83E19F-8EB6-4ceb-ADF6-AE1D0E740830}" Name="" NameCreate="True" Visible="True" ShowAll="True">
                <WZUIContainer Type="WZUIContainer" GUID="{46984211-3BD5-4557-9413-0009A646E534}" Name="conPar1_WndArenaWin" />
                <WZUIContainer Type="WZUIContainer" GUID="{F1603A95-49CF-49b8-8168-05AD59CB22C0}" Name="" RelativeSize="0.7,1" ShowAll="False" Visible="True">
                    <WZUISpine Type="WZUISpine" GUID="{14ACA46F-CD1E-4a42-8488-0250A1E8CAEB}" FileAtlas="copy_settlement/win2.atlas" FileJson="copy_settlement/win2.json" AnimationName="win" UseOriginSize="True" Scale="1.1" RelativePosition="0.5,0.25" ScaleX="1" ScaleY="1" Visible="True" AnchorPoint="0.5,0.5" />
                </WZUIContainer>
                <WZUIContainer Type="WZUIContainer" GUID="{1FAA35C1-16A2-4c96-B70B-4DC11D8F49CA}" Name="conPar2_WndArenaWin" />
                <Action Type="WZUIActionSequence" GUID="{82BD99C1-EE66-441c-B175-6D4E37BCF905}">
                    <ChildAction Type="WZUIActionDelayTime" GUID="{A02D1736-6775-4f3a-8B3E-0B4C400045F3}" Duration="2" FinishLuaFunction="OnPlayerParCallBack" />
                </Action>
            </WZUIContainer>
            <WZUIContainer Type="WZUIContainer" GUID="{45B3FFC2-2CEF-492c-B10E-2B7AE9647668}" AbsContentSize="100,160" UseAbsSize="True" Name="conVideo_WndArenaWin" ShowAll="True" AnchorPoint="1,0.5" RelativePosition="1,0.5" Visible="False">
                <Button Type="WZUIButton" AbsContentSize="70,70" Visible="True" UseAbsSize="True" AnchorPoint="0.5,1" RelativePosition="0.5,1" LuaDoneFunctionName="onExitVideo" GUID="{EC273C9A-DDD5-4a20-BBCB-263AD3014645}">
                    <NormalElement Type="WZUIContainer" GUID="{EF5A8120-66E5-4c5e-9AE5-EF9AA43A73BB}">
                        <WZUIImage Type="WZUIImage" GUID="{77CCCEB6-5BE9-4dcc-81A5-7C6837484D2E}" File="ui/hero/battle_icon_gbsp.png" UseOriginSize="True" />
                    </NormalElement>
                    <SelectElement Type="WZUIContainer" GUID="{D1951B65-5098-4f78-97D5-8890F8B6FC79}">
                        <WZUIImage Type="WZUIImage" GUID="{4A2F7335-9970-452d-B72C-EF2C65136B38}" File="ui/hero/battle_icon_gbsp.png" UseOriginSize="True" />
                    </SelectElement>
                    <DisableElement Type="WZUIContainer" GUID="{8744FB56-4F32-4020-840C-D12C5B2DADBA}" />
                </Button>
                <WZUIButton Type="WZUIButton" AbsContentSize="70,70" Visible="True" UseAbsSize="True" GUID="{F2A8541B-DD7F-4e81-A152-7E7ED838484B}" RelativePosition="0.5,0" AnchorPoint="0.5,0" LuaDoneFunctionName="onAgainVideo">
                    <NormalElement Type="WZUIContainer" GUID="{8E423D8D-73C1-4ce3-A90D-95A171F6656F}">
                        <WZUIImage Type="WZUIImage" GUID="{8B5BE680-EE5A-4f1b-A16E-B51E475332AD}" File="ui/hero/battle_icon_congxbf.png" UseOriginSize="True" />
                    </NormalElement>
                    <SelectElement Type="WZUIContainer" GUID="{849A9EC3-DF37-4c54-9F6F-9950626E9E51}">
                        <WZUIImage Type="WZUIImage" GUID="{B4269F35-E500-4146-B8B3-BFDC125FD8D2}" File="ui/hero/battle_icon_congxbf.png" UseOriginSize="True" />
                    </SelectElement>
                    <DisableElement Type="WZUIContainer" GUID="{DE099E11-674C-4963-905B-26C2CE102EE7}" />
                </WZUIButton>
            </WZUIContainer>
            <Action Type="WZUIActionSequence" GUID="{1D8D9956-A20B-4202-9E7E-E00643A67454}">
                <ChildAction Type="WZUIActionDelayTime" GUID="{91FF6435-1E36-4fdc-ACCC-D6FFCCC5DCD3}" Duration="0.2" />
                <ChildAction Type="WZUIActionShow" GUID="{5032BAB2-B4B3-42c0-9576-FF60300E81A4}" />
                <ChildAction Type="WZUIActionContainerFadeFromTo" GUID="{60C9D521-A1C2-443f-85D4-C8B2FD379A67}" OpacityTo="255" Duration="1" RemoveTarget="False" />
            </Action>
        </WZUIContainer>
    </WZUIWindow>
</WndArenaWin>
