<?xml version="1.0" ?>
<WndAthReward GUID="{5FC8BBE3-C72D-4c9f-8D59-CF607C27D40F}">
    <WZUIWindow Type="WZUIWindow" GUID="{8AA78B40-6544-4de5-8579-6B8C774232D9}" Name="WndAthReward" NameCreate="True" LuaObjectName="WndAthReward" AbsContentSize="" ShowAll="True" LuaTouchBeganFunction="onTouchBtn">
        <WZUIContainer Type="WZUIContainer" GUID="{40E35022-79F4-4255-AFF9-608A69948E84}" AbsContentSize="100,210" UseAbsSize="True" RelativePosition="0.868958,0.628438" AnchorPoint="0,0.5" Visible="True" AbsPosition="834.199,402.2" Order="-1">
            <WZUICheckBoxGroup Type="WZUICheckBoxGroup" GUID="{2525771E-6A95-471a-BC8D-511FCB1B3B7A}" AbsContentSize="" UseAbsSize="False" RelativePosition="0.5,0.5" Visible="True" Order="-1">
                <CheckBox Type="WZUICheckBox" GUID="{C90A28E6-2375-40a1-8682-2DFEB09B169A}" AbsContentSize="" UseAbsSize="False" Name="" NameCreate="True" AnchorPoint="0,1" RelativePosition="0,1" SelectedIndex="1" Visible="True" LuaCheckedFunctionName="" Tag="1" LuaSelectedFunctionName="onCheckBox" RelativeSize="1,0.33">
                    <CheckElement Type="WZUIContainer" GUID="{EF6FBBCC-BF8A-48ef-944B-43B75B84005D}" RelativePosition="0.5,0.5">
                        <WZUIImage Type="WZUIImage" GUID="{9E33FD92-A320-4eb3-9776-324D9CA1AAB0}" File="ui/common/common_btn_biaoqian.png" UseOriginSize="True" TouchEnable="True" AnchorPoint="1,0.5" RelativePosition="1,0.5" />
                        <WZUILabelTTF Type="WZUILabelTTF" GUID="{08E22253-5641-40cd-87DA-E15337905482}" Color="255,236,193" EnableStroke="True" FontSize="20" StrokeColor="105,65,46" StrokeSize="4" Text="" Name="txt1_WndAthReward" NameCreate="True" TextKey="ATH_DAILY_GOAL" RelativePosition="0.53,0.5" Visible="True" />
                    </CheckElement>
                    <CheckElement Type="WZUIContainer" GUID="{30FEA95B-565B-447f-97D8-8725449FD8A1}" />
                </CheckBox>
                <CheckBox Type="WZUICheckBox" GUID="{F4C14D57-C566-4203-B9E9-F41FC5374CD9}" AbsContentSize="" UseAbsSize="False" Name="" NameCreate="True" RelativePosition="0,0.5" Visible="True" Tag="2" LuaCheckedFunctionName="" LuaSelectedFunctionName="onCheckBox" SelectedIndex="0" AnchorPoint="0,0.5" RelativeSize="1,0.33">
                    <CheckElement Type="WZUIContainer" GUID="{90EB24F5-D02E-4f21-87E5-1CD9811D67FB}" RelativePosition="0.5,0.5">
                        <WZUIImage Type="WZUIImage" GUID="{77859030-A056-44d3-8BA4-74903DC37D8B}" File="ui/common/common_btn_biaoqian.png" UseOriginSize="True" TouchEnable="True" RelativePosition="1,0.5" AnchorPoint="1,0.5" />
                        <WZUILabelTTF Type="WZUILabelTTF" GUID="{B4211985-77FB-47dd-9F02-F4720F404E99}" Color="255,236,193" EnableStroke="True" FontSize="20" StrokeColor="105,65,46" StrokeSize="4" Text="" Name="txt2_WndAthReward" NameCreate="True" TextKey="RANK_SEGMENT_REWARD" RelativePosition="0.53,0.5" />
                    </CheckElement>
                    <CheckElement Type="WZUIContainer" GUID="{BFF71714-93C1-4b8b-80C9-515A946E7255}" />
                </CheckBox>
                <CheckBox Type="WZUICheckBox" GUID="{1BE35B79-2884-4579-9F2E-3E5C884A9D14}" AbsContentSize="" UseAbsSize="False" Name="" NameCreate="True" RelativePosition="0,0" Visible="False" Tag="3" LuaCheckedFunctionName="" LuaSelectedFunctionName="onCheckBox" SelectedIndex="0" AnchorPoint="0,0" RelativeSize="1,0.33">
                    <CheckElement Type="WZUIContainer" GUID="{78293A71-C8D8-4853-B58B-C16AAC30E9F7}" RelativePosition="0.5,0.5">
                        <WZUIImage Type="WZUIImage" GUID="{EC79A1CD-50CF-4459-99B4-53CBE97EA067}" File="ui/common/common_btn_biaoqian.png" UseOriginSize="True" TouchEnable="True" RelativePosition="1,0.5" AnchorPoint="1,0.5" />
                        <WZUILabelTTF Type="WZUILabelTTF" GUID="{4A3F66DE-4367-4ef7-94B3-821838E30AA6}" Color="255,236,193" EnableStroke="True" FontSize="20" StrokeColor="105,65,46" StrokeSize="4" Text="" Name="txt6_WndAthReward" NameCreate="True" TextKey="ATH_DESC_3" RelativePosition="0.53,0.5" />
                    </CheckElement>
                    <CheckElement Type="WZUIContainer" GUID="{0A995D5E-4156-4f28-B0A3-6A58F9A83E1C}" />
                </CheckBox>
            </WZUICheckBoxGroup>
        </WZUIContainer>
        <WZUIContainer Type="WZUIContainer" GUID="{41974847-706E-4598-8B46-59650AC30ADA}" AbsContentSize="100,210" UseAbsSize="True" RelativePosition="0.870459,0.63" Visible="True" AnchorPoint="0,0.5" TouchEnable="False" AbsPosition="835.64,403.2" Order="1">
            <WZUIContainer Type="WZUIContainer" GUID="{2B842834-9A14-4498-8C55-861E5BE8CB34}" AbsContentSize="" UseAbsSize="False" RelativePosition="0.5,0.5" TouchEnable="False" TouchSwallow="False" Visible="True" AnchorPoint="0.5,0.5">
                <WZUIContainer Type="WZUIContainer" GUID="{7CC7D7FA-6552-48f4-B557-272BD241C24B}" AbsContentSize="" UseAbsSize="False" RelativePosition="0,1" Name="conCheck1_WndAthReward" NameCreate="True" Visible="True" AnchorPoint="0,1" RelativeSize="1,0.33">
                    <WZUIImage Type="WZUIImage" GUID="{ECB369D4-30A4-4d1f-A9A6-881E7ECC9FB4}" File="ui/common/common_btn_biaoqian_sel.png" UseOriginSize="True" AnchorPoint="1,0.5" RelativePosition="1,0.5" />
                    <WZUILabelTTF Type="WZUILabelTTF" GUID="{0DFCA029-60DD-4288-A45B-2787D5CAF029}" Color="255,236,193" EnableStroke="True" FontSize="20" StrokeColor="128,54,13" StrokeSize="4" Text="" Name="txt3_WndAthReward" NameCreate="True" TextKey="ATH_DAILY_GOAL" RelativePosition="0.53,0.5" Dimensions="" Visible="True" />
                </WZUIContainer>
                <WZUIContainer Type="WZUIContainer" GUID="{2841215C-FD51-4ed9-A6AA-77982EFE6DF3}" AbsContentSize="" UseAbsSize="False" RelativePosition="0,0.5" Name="conCheck2_WndAthReward" Visible="False" AnchorPoint="0,0.5" RelativeSize="1,0.33">
                    <WZUIImage Type="WZUIImage" GUID="{A82CFB69-5AF5-493e-88E1-D3CF80C59A29}" File="ui/common/common_btn_biaoqian_sel.png" UseOriginSize="True" AnchorPoint="1,0.5" RelativePosition="1,0.5" />
                    <WZUILabelTTF Type="WZUILabelTTF" GUID="{9877671E-C501-4361-BEF2-E70307ACCCBF}" Color="255,236,193" EnableStroke="True" FontSize="20" StrokeColor="128,54,13" StrokeSize="4" Text="" Name="txt4_WndAthReward" NameCreate="True" TextKey="RANK_SEGMENT_REWARD" RelativePosition="0.53,0.5" Visible="True" />
                </WZUIContainer>
                <WZUIContainer Type="WZUIContainer" GUID="{8EC9EA8C-C2BD-435c-95E4-9C66FB39EFB1}" AbsContentSize="" UseAbsSize="False" RelativePosition="0,0" Name="conCheck3_WndAthReward" Visible="False" AnchorPoint="0,0" RelativeSize="1,0.33">
                    <WZUIImage Type="WZUIImage" GUID="{56DB5914-A7F9-4360-B75F-E1E586C8AB1F}" File="ui/common/common_btn_biaoqian_sel.png" UseOriginSize="True" AnchorPoint="1,0.5" RelativePosition="1,0.5" />
                    <WZUILabelTTF Type="WZUILabelTTF" GUID="{459CDA04-4622-49ef-B596-C9F8983ED186}" Color="255,236,193" EnableStroke="True" FontSize="20" StrokeColor="128,54,13" StrokeSize="4" Text="" Name="txt5_WndAthReward" NameCreate="True" TextKey="ATH_DESC_3" RelativePosition="0.53,0.5" />
                </WZUIContainer>
            </WZUIContainer>
        </WZUIContainer>
        <WZUIContainer Type="WZUIContainer" GUID="{A99742AC-8911-4d81-98E5-649E1FB6284E}" AbsContentSize="776,536" UseAbsSize="True" RelativePosition="0.477292,0.496875" AbsPosition="458.2,318">
            <WZUIContainer Type="WZUIContainer" GUID="{F556DC84-C767-432e-918A-41B34CEA8233}" RelativePosition="0.5,0.5" Visible="True">
                <WZUIContainer Type="WZUIContainer" GUID="{8F49EB1F-9EFF-4a6f-83F9-DC358CE9F934}">
                    <WZUI9Image Type="WZUI9Image" GUID="{73740B97-D414-43d5-A64E-FCD2CDBBFBCA}" File="ui/common/common_scale9_di19.png" Opacity="255" RelativePosition="0.5,0.5" CapInsets="250,100,1,1" />
                    <WZUILabelTTF Type="WZUILabelTTF" GUID="{74D72BDB-0BFC-430b-8DA4-F2F0B1752E7E}" TextKey="" FontSize="24" Color="255,236,192" EnableStroke="True" StrokeSize="4" StrokeColor="132,66,29" RelativePosition="0.494289,0.935813" LabelStyleKey="SMALL_WINDOW_TITLE" Name="txtTitle_WndAthReward" />
                </WZUIContainer>
                <WZUIButton Type="WZUIButton" RelativeSize="1,1" RelativePosition="0.943798,0.942368" GUID="{69A304C1-0E24-4dbe-914B-4AA089BD2C55}" LuaDoneFunctionName="onBtnReturn" Visible="True" AbsContentSize="80,80" UseAbsSize="True">
                    <NormalElement Type="WZUIContainer" GUID="{C36F3376-D566-4165-B282-D4F06B85F56B}">
                        <WZUIImage Type="WZUIImage" GUID="{D6151CD8-FADF-478e-80A1-9839C024489A}" File="ui/common/common_icon_guanbi.png" UseOriginSize="True" />
                    </NormalElement>
                    <SelectElement Type="WZUIContainer" GUID="{A99394FC-4981-49a9-9F24-D2AC16776152}">
                        <WZUIImage Type="WZUIImage" GUID="{E37BB693-0C59-4b6a-8643-3EA9306739CE}" File="ui/common/common_icon_guanbi_sel.png" UseOriginSize="True" />
                    </SelectElement>
                    <DisableElement Type="WZUIContainer" GUID="{48EAFE87-1B1C-4ce6-B737-DB4A7190F1C8}" />
                </WZUIButton>
            </WZUIContainer>
            <WZUIContainer Type="WZUIContainer" GUID="{E3D20EEB-B371-462f-B40C-B83367596EA0}" AbsContentSize="740,388" UseAbsSize="True" RelativePosition="0.5,0.511193">
                <WZUI9Image Type="WZUI9Image" GUID="{CE341FA3-810F-4356-9E4D-8F1642667B36}" File="ui/common/common_scale9_di8.png" Opacity="200" />
                <WZUITableContainer Type="WZUITableContainer" GUID="{0EC07C0D-2C6B-49e2-A431-00A84460FC94}" RelativeSize="1,0.94" Name="tabReward_WndAthReward" NameCreate="True" CellElementHeight="0.3" EnableMoveHorizontal="False" EnableMoveoutContainer="True" RelativePosition="0.5,0.505" Visible="False" />
                <WZUITableContainer Type="WZUITableContainer" GUID="{67455540-803F-450a-BCE6-2FD829F79293}" RelativeSize="1,0.94" Name="tabGoal_WndAthReward" NameCreate="True" CellElementHeight="0.3" EnableMoveHorizontal="False" EnableMoveoutContainer="True" RelativePosition="0.5,0.505" />
            </WZUIContainer>
            <WZUIContainer Type="WZUIContainer" GUID="{D27222E7-0678-40bd-900D-B27EE32CAF87}" RelativeSize="1,0.1" RelativePosition="0.5,0.0932834">
                <WZUIContainer Type="WZUIContainer" GUID="{EF233F65-8157-48b2-9A1C-69DF31B95179}" Name="conDi2_WndAthReward">
                    <WZUIFreeTextBox Type="WZUIFreeTextBox" GUID="{3A772281-428C-47e3-BE2F-C5AD60D006B8}" Name="txtRewardSend_WndAthReward" NameCreate="True" MaxWidth="1000" />
                </WZUIContainer>
                <WZUIContainer Type="WZUIContainer" GUID="{DF05D3CE-FE13-4ae8-A77F-020BFCDB9903}" Name="conDi1_WndAthReward">
                    <WZUILabelTTF Type="WZUILabelTTF" GUID="{DF6EB157-2F56-428e-91EA-19B0EB1DE88F}" FontSize="20" Text="" AnchorPoint="0,0.5" RelativePosition="0.157216,0.5" AbsPosition="122,26.8" Name="txtFight_WndAthReward" Color="79,60,48" />
                    <WZUIFreeTextBox Type="WZUIFreeTextBox" GUID="{13C07590-CEB8-43e1-B430-27A6BB439459}" MaxWidth="800" Name="txtSend_WndAthReward" AnchorPoint="0,0.5" RelativePosition="0.6,0.5" />
                </WZUIContainer>
            </WZUIContainer>
        </WZUIContainer>
    </WZUIWindow>
</WndAthReward>
