<WndAdvertising1 GUID="{93dfc4c8-1f72-4062-acd1-dbd933549348}">
    <WZUIWindow Type="WZUIWindow" GUID="{08416b3e-a0d1-4561-8069-d5b6fb71ef47}" LuaObjectName="WndAdvertising1" Name="WndAdvertising1" NameCreate="True" AbsContentSize="502,453" UseAbsSize="True" ShowAll="False">
        <WZUIContainer Type="WZUIContainer" GUID="{f3e06f71-0d26-487c-8c87-d112532c551f}" AbsContentSize="502,453" UseAbsSize="True">
            <WZUIContainer Type="WZUIContainer" GUID="{9e2efb93-7741-42a1-9634-7d1605d2da82}" UseAbsSize="True" AbsContentSize="499,446" RelativePosition="0.5,0.5" Visible="True">
                <Button Type="WZUIButton" GUID="{4f991cb7-774c-4b1e-b1da-6a1861cfab29}" LuaDoneFunctionName="onJump">
                    <NormalElement Type="WZUIContainer" GUID="{1fd7cd7e-cedf-4814-b17b-ec8aaed43969}" />
                    <SelectElement Type="WZUIContainer" GUID="{01339af1-1584-488a-941b-a028922610ef}" />
                    <DisableElement Type="WZUIContainer" GUID="{aeb46b6e-8079-47f0-8615-770b22abcab3}" />
                </Button>
            </WZUIContainer>
        </WZUIContainer>
        <WZUIImage Type="WZUIImage" GUID="{00fdaaf9-ef4f-462c-960d-510a975d085a}" UseOriginSize="True" Name="img_WndAdvertising" File="" Scale="1" RelativePosition="0.5,0.5" TouchEnable="False" TouchSwallow="False" />
        <WZUIContainer Type="WZUIContainer" GUID="{3870ae0d-80f2-4f21-ae8e-05c747be2ce2}" Name="conCover" TouchEnable="False" TouchSwallow="False" Visible="False">
            <Button Type="WZUIButton" GUID="{98ef01d2-54e2-40ce-849b-ce2415f43c1b}">
                <NormalElement Type="WZUIContainer" GUID="{717dc3e6-6e1a-4add-9386-e6c63f01ed4e}" />
                <SelectElement Type="WZUIContainer" GUID="{f4cf924e-3407-4f7a-8bf8-5e99a438b5c9}" />
                <DisableElement Type="WZUIContainer" GUID="{d0d997a8-48e5-4f08-a556-fb5831f223a3}" />
            </Button>
            <WZUISpine Type="WZUISpine" GUID="{f806ed70-3c69-4ab5-852e-484dbea92544}" FileAtlas="ui/guanggaojiazai.atlas" FileJson="ui/guanggaojiazai.json" AnimationName="animation" Loop="True" RelativePosition="0.5,0.5" GrayRender="False" />
        </WZUIContainer>
        <WZUIPageContainer Type="WZUIPageContainer" GUID="{aeb68aa6-aeec-4e36-ac62-c74d318ce68d}" EnableMoveoutContainer="False" Name="pgCon_WndAdvertising1" GetCurrentIndexFunction="" TurningSpeedThreshold="80" PageTurningThreshold="0.3" EnableHideUnvisible="False" ScissorHeight="1" Order="0" RelativePosition="0.5,0.5" EnableBounceBack="False" TouchEnable="True" DropRefreshFunction="" TouchContainerEnable="True" TouchSwallow="True" AbsContentSize="502,453" UseAbsSize="True" IsVerticalMode="True" EnableVerticalScroll="True" />
    </WZUIWindow>
</WndAdvertising1>
