﻿<?xml version="1.0" ?>
<WndAthVideo GUID="{5FC8BBE3-C72D-4c9f-8D59-CF607C27D40F}">
    <WZUIWindow Type="WZUIWindow" GUID="{8AA78B40-6544-4de5-8579-6B8C774232D9}" Name="WndAthVideo" NameCreate="True" LuaObjectName="WndAthVideo" AbsContentSize="" ShowAll="True" LuaTouchBeganFunction="onTouchBtn">
        <WZUIContainer Type="WZUIContainer" GUID="{40E35022-79F4-4255-AFF9-608A69948E84}" AbsContentSize="100,280" UseAbsSize="True" RelativePosition="0.871041,0.58" AnchorPoint="0,0.5" Visible="True" AbsPosition="836.2,371.2" Order="-1">
            <WZUICheckBoxGroup Type="WZUICheckBoxGroup" GUID="{2525771E-6A95-471a-BC8D-511FCB1B3B7A}" AbsContentSize="" UseAbsSize="False" RelativePosition="0.5,0.5" Visible="True" Order="-1" AbsPosition="50,139">
                <CheckBox Type="WZUICheckBox" GUID="{C90A28E6-2375-40a1-8682-2DFEB09B169A}" AbsContentSize="" UseAbsSize="False" Name="" NameCreate="True" AnchorPoint="0,1" RelativePosition="0,1" SelectedIndex="1" Visible="True" LuaCheckedFunctionName="" Tag="1" LuaSelectedFunctionName="onCheckBox" RelativeSize="1,0.25">
                    <CheckElement Type="WZUIContainer" GUID="{EF6FBBCC-BF8A-48ef-944B-43B75B84005D}" RelativePosition="0.5,0.5">
                        <WZUIImage Type="WZUIImage" GUID="{9E33FD92-A320-4eb3-9776-324D9CA1AAB0}" File="ui/common/common_btn_biaoqian.png" UseOriginSize="True" TouchEnable="True" AnchorPoint="1,0.5" RelativePosition="1,0.5" />
                        <WZUILabelTTF Type="WZUILabelTTF" GUID="{08E22253-5641-40cd-87DA-E15337905482}" Color="255,236,193" EnableStroke="True" FontSize="20" StrokeColor="105,65,46" StrokeSize="4" Text="" Name="txt1_WndAthVideo" NameCreate="True" TextKey="VIDEO_FIGHT_ONE" RelativePosition="0.53,0.5" />
                    </CheckElement>
                    <CheckElement Type="WZUIContainer" GUID="{30FEA95B-565B-447f-97D8-8725449FD8A1}" />
                </CheckBox>
                <CheckBox Type="WZUICheckBox" GUID="{F4C14D57-C566-4203-B9E9-F41FC5374CD9}" AbsContentSize="" UseAbsSize="False" Name="" NameCreate="True" RelativePosition="0,0.62" Visible="True" Tag="2" LuaCheckedFunctionName="" LuaSelectedFunctionName="onCheckBox" SelectedIndex="0" AnchorPoint="0,0.5" RelativeSize="1,0.25" AbsPosition="0,174">
                    <CheckElement Type="WZUIContainer" GUID="{90EB24F5-D02E-4f21-87E5-1CD9811D67FB}" RelativePosition="0.5,0.5">
                        <WZUIImage Type="WZUIImage" GUID="{77859030-A056-44d3-8BA4-74903DC37D8B}" File="ui/common/common_btn_biaoqian.png" UseOriginSize="True" TouchEnable="True" RelativePosition="1,0.5" AnchorPoint="1,0.5" />
                        <WZUILabelTTF Type="WZUILabelTTF" GUID="{B4211985-77FB-47dd-9F02-F4720F404E99}" Color="255,236,193" EnableStroke="True" FontSize="20" StrokeColor="105,65,46" StrokeSize="4" Text="" Name="txt2_WndAthVideo" NameCreate="True" TextKey="VIDEO_FIGHT_TWO" RelativePosition="0.53,0.5" Dimensions="0,0" />
                    </CheckElement>
                    <CheckElement Type="WZUIContainer" GUID="{BFF71714-93C1-4b8b-80C9-515A946E7255}" />
                </CheckBox>
                <CheckBox Type="WZUICheckBox" GUID="{1BE35B79-2884-4579-9F2E-3E5C884A9D14}" AbsContentSize="" UseAbsSize="False" Name="" NameCreate="True" RelativePosition="0,0.25" Visible="True" Tag="3" LuaCheckedFunctionName="" LuaSelectedFunctionName="onCheckBox" SelectedIndex="0" AnchorPoint="0,0" RelativeSize="1,0.25" AbsPosition="0,69">
                    <CheckElement Type="WZUIContainer" GUID="{78293A71-C8D8-4853-B58B-C16AAC30E9F7}" RelativePosition="0.5,0.5">
                        <WZUIImage Type="WZUIImage" GUID="{EC79A1CD-50CF-4459-99B4-53CBE97EA067}" File="ui/common/common_btn_biaoqian.png" UseOriginSize="True" TouchEnable="True" RelativePosition="1,0.5" AnchorPoint="1,0.5" />
                        <WZUILabelTTF Type="WZUILabelTTF" GUID="{4A3F66DE-4367-4ef7-94B3-821838E30AA6}" Color="255,236,193" EnableStroke="True" FontSize="20" StrokeColor="105,65,46" StrokeSize="4" Text="" Name="txt3_WndAthVideo" NameCreate="True" TextKey="VIDEO_FIGHT_THREE" RelativePosition="0.53,0.5" />
                    </CheckElement>
                    <CheckElement Type="WZUIContainer" GUID="{0A995D5E-4156-4f28-B0A3-6A58F9A83E1C}" />
                </CheckBox>
                <CheckBox Type="WZUICheckBox" GUID="{08ECD42D-4D09-45e1-B151-9310B9D08822}" AbsContentSize="" UseAbsSize="False" Name="" NameCreate="True" RelativePosition="0,0" Visible="False" Tag="4" LuaCheckedFunctionName="" LuaSelectedFunctionName="onCheckBox" SelectedIndex="0" AnchorPoint="0,0" RelativeSize="1,0.25">
                    <CheckElement Type="WZUIContainer" GUID="{E7E950D6-57BA-49a0-A8C4-9D5558F0ED2A}" RelativePosition="0.5,0.5">
                        <WZUIImage Type="WZUIImage" GUID="{5F8F22BE-985B-428f-81C2-B85C4EA78AC4}" File="ui/common/common_btn_biaoqian.png" UseOriginSize="True" TouchEnable="True" RelativePosition="1,0.5" AnchorPoint="1,0.5" />
                        <WZUILabelTTF Type="WZUILabelTTF" GUID="{8A7C3310-F09A-40e7-99EE-E5FC66E14BBD}" Color="255,236,193" EnableStroke="True" FontSize="20" StrokeColor="105,65,46" StrokeSize="4" Text="" Name="txt7_WndAthVideo" NameCreate="True" TextKey="VIDEO_FIGHT_MY" RelativePosition="0.53,0.5" />
                    </CheckElement>
                    <CheckElement Type="WZUIContainer" GUID="{021821FC-530F-4eab-A72C-8D5EDEED7DF0}" />
                </CheckBox>
            </WZUICheckBoxGroup>
        </WZUIContainer>
        <WZUIContainer Type="WZUIContainer" GUID="{41974847-706E-4598-8B46-59650AC30ADA}" AbsContentSize="100,280" UseAbsSize="True" RelativePosition="0.871041,0.58" Visible="True" AnchorPoint="0,0.5" TouchEnable="False" AbsPosition="836.2,371.2" Order="1">
            <WZUIContainer Type="WZUIContainer" GUID="{2B842834-9A14-4498-8C55-861E5BE8CB34}" AbsContentSize="" UseAbsSize="False" RelativePosition="0.5,0.5" TouchEnable="False" TouchSwallow="False" Visible="True" AnchorPoint="0.5,0.5">
                <WZUIContainer Type="WZUIContainer" GUID="{7CC7D7FA-6552-48f4-B557-272BD241C24B}" AbsContentSize="" UseAbsSize="False" RelativePosition="0,1" Name="conCheck1_WndAthVideo" NameCreate="True" Visible="True" AnchorPoint="0,1" RelativeSize="1,0.25">
                    <WZUIImage Type="WZUIImage" GUID="{ECB369D4-30A4-4d1f-A9A6-881E7ECC9FB4}" File="ui/common/common_btn_biaoqian_sel.png" UseOriginSize="True" AnchorPoint="1,0.5" RelativePosition="1,0.5" />
                    <WZUILabelTTF Type="WZUILabelTTF" GUID="{0DFCA029-60DD-4288-A45B-2787D5CAF029}" Color="255,236,193" EnableStroke="True" FontSize="20" StrokeColor="128,54,13" StrokeSize="4" Text="" Name="txt4_WndAthVideo" NameCreate="True" TextKey="VIDEO_FIGHT_ONE" RelativePosition="0.53,0.5" />
                </WZUIContainer>
                <WZUIContainer Type="WZUIContainer" GUID="{2841215C-FD51-4ed9-A6AA-77982EFE6DF3}" AbsContentSize="" UseAbsSize="False" RelativePosition="0,0.62" Name="conCheck2_WndAthVideo" Visible="False" AnchorPoint="0,0.5" RelativeSize="1,0.25">
                    <WZUIImage Type="WZUIImage" GUID="{A82CFB69-5AF5-493e-88E1-D3CF80C59A29}" File="ui/common/common_btn_biaoqian_sel.png" UseOriginSize="True" AnchorPoint="1,0.5" RelativePosition="1,0.5" />
                    <WZUILabelTTF Type="WZUILabelTTF" GUID="{9877671E-C501-4361-BEF2-E70307ACCCBF}" Color="255,236,193" EnableStroke="True" FontSize="20" StrokeColor="128,54,13" StrokeSize="4" Text="" Name="txt5_WndAthVideo" NameCreate="True" TextKey="VIDEO_FIGHT_TWO" RelativePosition="0.53,0.5" />
                </WZUIContainer>
                <WZUIContainer Type="WZUIContainer" GUID="{8EC9EA8C-C2BD-435c-95E4-9C66FB39EFB1}" AbsContentSize="" UseAbsSize="False" RelativePosition="0,0.25" Name="conCheck3_WndAthVideo" Visible="False" AnchorPoint="0,0" RelativeSize="1,0.25">
                    <WZUIImage Type="WZUIImage" GUID="{56DB5914-A7F9-4360-B75F-E1E586C8AB1F}" File="ui/common/common_btn_biaoqian_sel.png" UseOriginSize="True" AnchorPoint="1,0.5" RelativePosition="1,0.5" />
                    <WZUILabelTTF Type="WZUILabelTTF" GUID="{459CDA04-4622-49ef-B596-C9F8983ED186}" Color="255,236,193" EnableStroke="True" FontSize="20" StrokeColor="128,54,13" StrokeSize="4" Text="" Name="txt6_WndAthVideo" NameCreate="True" TextKey="VIDEO_FIGHT_THREE" RelativePosition="0.53,0.5" />
                </WZUIContainer>
                <WZUIContainer Type="WZUIContainer" GUID="{F46C01D1-FD60-4ae2-8CB2-EFA3C4992C45}" AbsContentSize="" UseAbsSize="False" RelativePosition="0,0" Name="conCheck4_WndAthVideo" Visible="False" AnchorPoint="0,0" RelativeSize="1,0.25">
                    <WZUIImage Type="WZUIImage" GUID="{E782B5A1-1BBA-494a-9A36-F4457249E5E6}" File="ui/common/common_btn_biaoqian_sel.png" UseOriginSize="True" AnchorPoint="1,0.5" RelativePosition="1,0.5" />
                    <WZUILabelTTF Type="WZUILabelTTF" GUID="{9C2D5C64-7509-49a8-B212-9E7EF3EB1F40}" Color="255,236,193" EnableStroke="True" FontSize="20" StrokeColor="128,54,13" StrokeSize="4" Text="" Name="txt8_WndAthVideo" NameCreate="True" TextKey="VIDEO_FIGHT_MY" RelativePosition="0.53,0.5" />
                </WZUIContainer>
            </WZUIContainer>
        </WZUIContainer>
        <WZUIContainer Type="WZUIContainer" GUID="{A99742AC-8911-4d81-98E5-649E1FB6284E}" AbsContentSize="776,536" UseAbsSize="True" RelativePosition="0.477292,0.496875" AbsPosition="458.2,318" Visible="True">
            <WZUIContainer Type="WZUIContainer" GUID="{F556DC84-C767-432e-918A-41B34CEA8233}" RelativePosition="0.5,0.5" Visible="True">
                <WZUIContainer Type="WZUIContainer" GUID="{8F49EB1F-9EFF-4a6f-83F9-DC358CE9F934}">
                    <WZUI9Image Type="WZUI9Image" GUID="{73740B97-D414-43d5-A64E-FCD2CDBBFBCA}" File="ui/common/common_scale9_di19.png" Opacity="255" RelativePosition="0.5,0.5" CapInsets="250,100,1,1" />
                    <WZUILabelTTF Type="WZUILabelTTF" GUID="{74D72BDB-0BFC-430b-8DA4-F2F0B1752E7E}" TextKey="" FontSize="24" Color="255,236,192" EnableStroke="True" StrokeSize="4" StrokeColor="132,66,29" RelativePosition="0.494289,0.935813" LabelStyleKey="SMALL_WINDOW_TITLE" Name="txtTitle_WndAthVideo" />
                </WZUIContainer>
                <WZUIButton Type="WZUIButton" RelativeSize="1,1" RelativePosition="0.943798,0.942368" GUID="{69A304C1-0E24-4dbe-914B-4AA089BD2C55}" LuaDoneFunctionName="onBtnReturn" Visible="True" AbsContentSize="80,80" UseAbsSize="True">
                    <NormalElement Type="WZUIContainer" GUID="{C36F3376-D566-4165-B282-D4F06B85F56B}">
                        <WZUIImage Type="WZUIImage" GUID="{D6151CD8-FADF-478e-80A1-9839C024489A}" File="ui/common/common_icon_guanbi.png" UseOriginSize="True" />
                    </NormalElement>
                    <SelectElement Type="WZUIContainer" GUID="{A99394FC-4981-49a9-9F24-D2AC16776152}">
                        <WZUIImage Type="WZUIImage" GUID="{E37BB693-0C59-4b6a-8643-3EA9306739CE}" File="ui/common/common_icon_guanbi_sel.png" UseOriginSize="True" />
                    </SelectElement>
                    <DisableElement Type="WZUIContainer" GUID="{48EAFE87-1B1C-4ce6-B737-DB4A7190F1C8}" />
                </WZUIButton>
            </WZUIContainer>
            <WZUIContainer Type="WZUIContainer" GUID="{E3D20EEB-B371-462f-B40C-B83367596EA0}" AbsContentSize="760,410" UseAbsSize="True" RelativePosition="0.5,0.505596" AbsPosition="388,271">
                <WZUI9Image Type="WZUI9Image" GUID="{3913474D-5DAF-4bb4-8CBE-F97658A5E1E4}" File="ui/common/common_scale9_di20.png" />
                <WZUIContainer Type="WZUIContainer" GUID="{006470DA-EBF3-430e-B39B-44E53974EFE4}" RelativeSize="0.98,0.96">
                    <WZUITableContainer Type="WZUITableContainer" GUID="{DC889136-BB25-47da-8DBC-80DF512F4A01}" RelativeSize="1,0.94" Name="tab1_WndAthVideo" NameCreate="True" CellElementHeight="0.3" EnableMoveHorizontal="False" EnableMoveoutContainer="True" RelativePosition="0.5,0.505" Visible="False" />
                    <WZUITableContainer Type="WZUITableContainer" GUID="{782D5D42-D25D-4bdb-AD20-5397E8A40FA5}" RelativeSize="1,0.94" Name="tab2_WndAthVideo" NameCreate="True" CellElementHeight="0.3" EnableMoveHorizontal="False" EnableMoveoutContainer="True" RelativePosition="0.5,0.505" Visible="False" />
                    <WZUITableContainer Type="WZUITableContainer" GUID="{94DCBE44-3786-4231-B140-1BAEB0C4EBA2}" RelativeSize="1,0.94" Name="tab3_WndAthVideo" NameCreate="True" CellElementHeight="0.3" EnableMoveHorizontal="False" EnableMoveoutContainer="True" RelativePosition="0.5,0.505" Visible="False" />
                    <WZUITableContainer Type="WZUITableContainer" GUID="{178E8441-B763-4b42-A162-1E7EDD097942}" RelativeSize="1,0.94" Name="tab4_WndAthVideo" NameCreate="True" CellElementHeight="0.3" EnableMoveHorizontal="False" EnableMoveoutContainer="True" RelativePosition="0.5,0.505" Visible="False" />
                </WZUIContainer>
            </WZUIContainer>
        </WZUIContainer>
    </WZUIWindow>
</WndAthVideo>
