﻿<?xml version="1.0" ?>
<WndArenaLose GUID="{332b9127-9167-4213-a223-0ba66778799f}">
    <WZUIWindow Type="WZUIWindow" GUID="{D3A59E1F-7AB5-41c5-989B-5F9D2B1B9CCE}" LuaObjectName="WndArenaLose" Name="WndArenaLose" NameCreate="True" UseAbsSize="False" AbsContentSize="" ShowAll="False" Scale="1" LuaTouchBeganFunction="onTouchBegan" RelativePosition="0.5,0.5">
        <WZUIContainer Type="WZUIContainer" GUID="{A1B7A59D-9BBA-495a-A2C3-C5287E6980CC}" Visible="False">
            <WZUIContainer Type="WZUIContainer" GUID="{D77A92A0-DCCE-460a-B1C8-4B68169F5A41}" Visible="True" Name="">
                <WZUIImage Type="WZUIImage" GUID="{c704c769-5184-4f09-81ce-19ae7cdea0e4}" File="ui/copy_settlement/common_pic_sb.png" FlipX="True" />
            </WZUIContainer>
            <WZUIContainer Type="WZUIContainer" GUID="{5DC8F0EA-E566-479b-B19D-A07712EE4F47}" Name="" NameCreate="True" Visible="True" ShowAll="True">
                <WZUIContainer Type="WZUIContainer" GUID="{C7B6180E-0094-4a6f-9EFD-C7D92D512E00}" Visible="False" AbsContentSize="880,300" UseAbsSize="True" RelativePosition="0.5,0.523438" AbsPosition="479,335" Name="conAth_WndArenaLose">
                    <WZUIContainer Type="WZUIContainer" GUID="{59047EBA-7531-41eb-8ADE-A5C200FD5479}" Visible="True" AbsContentSize="880,300" UseAbsSize="True" RelativePosition="0.5,0.5" AbsPosition="479,335">
                        <WZUI9Image Type="WZUI9Image" GUID="{C629ABC6-80B0-41e7-A815-A28D4BEF1038}" RelativePosition="0.5,0.5" File="ui/common/common_scale9_jiesuandi.png" Opacity="255" />
                        <WZUIImage Type="WZUIImage" GUID="{49702C9D-E99A-41ae-BD55-22A0F432A36F}" File="ui/common/common_pic_jiao.png" UseOriginSize="True" RelativePosition="0.984,0.965" FlipX="True" />
                        <WZUIImage Type="WZUIImage" GUID="{DF0E2CA0-FA0A-476c-99F3-4866660655B3}" File="ui/common/common_pic_jiao.png" UseOriginSize="True" RelativePosition="0.016,0.965" />
                        <WZUIImage Type="WZUIImage" GUID="{9011BC68-508F-4c79-867F-7411162F412B}" File="ui/common/common_pic_jiao.png" UseOriginSize="True" RelativePosition="0.019,0.035" FlipY="True" />
                        <WZUIImage Type="WZUIImage" GUID="{500B7CCC-3B59-49b2-A3DE-9C8650559CB0}" File="ui/common/common_pic_jiao.png" UseOriginSize="True" RelativePosition="0.981,0.035" FlipX="True" FlipY="True" />
                        <WZUIContainer Type="WZUIContainer" GUID="{4591AF09-D4E2-4bdf-A2B4-4FDE0C146330}" RelativeSize="1,0.09" RelativePosition="0.5,0.916667" AbsPosition="418,275">
                            <WZUIImage Type="WZUIImage" GUID="{46E1DB1C-0EAD-48e4-986B-15D748669EA2}" File="ui/hero/hero_icon_jisha.png" UseOriginSize="True" RelativePosition="0.30418,0.5" AbsPosition="267.679,13.5" />
                            <WZUIImage Type="WZUIImage" GUID="{0BE2883C-9156-4e9d-BC06-E5C2FE8C33B6}" File="ui/hero/hero_icon_zunql.png" UseOriginSize="True" RelativePosition="0.35,0.5" AbsPosition="305.775,13.5" />
                            <WZUIImage Type="WZUIImage" GUID="{9280DCBF-67E2-42da-812F-9A7AFE6162AF}" File="" UseOriginSize="True" RelativePosition="0.405,0.5" AbsPosition="358.478,13.5" Name="imgScore1_WndArenaLose" Scale="0.45" />
                            <WZUIImage Type="WZUIImage" GUID="{7060074C-927F-4ba0-B315-58BAB456E89D}" File="ui/hero/hero_icon_jisha.png" UseOriginSize="True" RelativePosition="0.800824,0.5" AbsPosition="704.725,13.5" />
                            <WZUIImage Type="WZUIImage" GUID="{BD8D15B7-BCF7-4ad9-A7FB-7EA8A07E856C}" File="ui/hero/hero_icon_zunql.png" UseOriginSize="True" RelativePosition="0.845,0.5" AbsPosition="743.559,13.5" />
                            <WZUIImage Type="WZUIImage" GUID="{898F185A-A0DA-4bf4-9D2F-9C17B16D2383}" File="" UseOriginSize="True" RelativePosition="0.9,0.5" AbsPosition="794,13.5" Name="imgScore2_WndArenaLose" Scale="0.45" />
                        </WZUIContainer>
                        <WZUIContainer Type="WZUIContainer" GUID="{EBF03D8E-5FBA-450f-A6D5-19F1998FBD4E}" RelativeSize="1.,0.8" RelativePosition="0.5,0.483333">
                            <WZUIContainer Type="WZUIContainer" GUID="{247FBB35-91BC-402e-9FBA-5B6D24D62E7A}" RelativeSize="0.5,1" AnchorPoint="0,0.5" RelativePosition="0,0.5" AbsPosition="0,145">
                                <WZUIImage Type="WZUIImage" GUID="{12961801-BA9F-4003-9028-49E6DF66142F}" File="ui/hero/common_pic_jshuabian.png" UseOriginSize="True" RelativePosition="1,1" AbsPosition="236,157" AnchorPoint="1,1" />
                            </WZUIContainer>
                            <WZUIContainer Type="WZUIContainer" GUID="{9C4A3244-BDE9-4789-9CF7-9E2F76CEC0FE}" AnchorPoint="1,0.5" RelativePosition="1,0.5" RelativeSize="0.5,1">
                                <WZUIImage Type="WZUIImage" GUID="{7FB9B4E9-3FE0-4cfb-9FE7-70891E4505B1}" File="ui/hero/common_pic_jshuabian.png" UseOriginSize="True" ScaleX="-1" RelativePosition="0,1" AbsPosition="598.998,157" AnchorPoint="1,1" />
                            </WZUIContainer>
                        </WZUIContainer>
                    </WZUIContainer>
                    <WZUIContainer Type="WZUIContainer" GUID="{6DF1B016-FC67-4845-8EC8-2DA0EE072990}" AbsContentSize="880,240" UseAbsSize="True" RelativePosition="0.5,0.81344" Name="" NameCreate="True" AnchorPoint="0.5,1" AbsPosition="417,244.032">
                        <WZUIContainer Type="WZUIContainer" GUID="{ADEA8376-E2EE-49ef-9400-6330552068EC}" AnchorPoint="0,0.5" RelativePosition="0,0.5" RelativeSize="0.5,1">
                            <WZUIContainer Type="WZUIContainer" GUID="{72DE083B-84B4-4c51-8F25-55019B223CBF}" RelativeSize="1,0.2" Name="conAthL1_WndArenaLose" RelativePosition="0.5,1" AbsPosition="207.5,218" AnchorPoint="0.5,1" />
                            <WZUIContainer Type="WZUIContainer" GUID="{FBE585A1-885C-49b1-8918-35F3E62BC3E2}" RelativeSize="1,0.2" Name="conAthL2_WndArenaLose" RelativePosition="0.5,0.698347" AbsPosition="207.5,169" />
                            <WZUIContainer Type="WZUIContainer" GUID="{CC1B7D04-9C37-431d-9B96-BA681AB5634C}" RelativeSize="1,0.2" Name="conAthL3_WndArenaLose" />
                            <WZUIContainer Type="WZUIContainer" GUID="{B9741B52-6298-4bba-9637-99FCBF5BA452}" RelativeSize="1,0.2" Name="conAthL4_WndArenaLose" RelativePosition="0.5,0.301653" AbsPosition="207.5,73" />
                            <WZUIContainer Type="WZUIContainer" GUID="{3A548C4D-4BB9-4754-BF31-1D9446749F4A}" RelativeSize="1,0.2" Name="conAthL5_WndArenaLose" RelativePosition="0.5,0" AbsPosition="207.5,22" AnchorPoint="0.5,0" />
                        </WZUIContainer>
                        <WZUIContainer Type="WZUIContainer" GUID="{9A062BD8-0EAB-483b-8E70-1B0DF6D1B31F}" AnchorPoint="1,0.5" RelativePosition="1,0.5" RelativeSize="0.5,1">
                            <WZUIContainer Type="WZUIContainer" GUID="{DA709220-85B8-4e8b-AC58-B1C098A24232}" RelativeSize="1,0.2" Name="conAthR1_WndArenaLose" RelativePosition="0.5,1" AbsPosition="207.5,218" AnchorPoint="0.5,1" />
                            <WZUIContainer Type="WZUIContainer" GUID="{694FC55C-4643-41fc-B6A9-FE31A9AFF570}" RelativeSize="1,0.2" Name="conAthR2_WndArenaLose" RelativePosition="0.5,0.698347" AbsPosition="207.5,169" />
                            <WZUIContainer Type="WZUIContainer" GUID="{7F4C5D6B-6CD7-4b7e-A007-FE3D3A12784C}" RelativeSize="1,0.2" Name="conAthR3_WndArenaLose" />
                            <WZUIContainer Type="WZUIContainer" GUID="{A354AB66-1D07-4b48-A269-67CC32443EFD}" RelativeSize="1,0.2" Name="conAthR4_WndArenaLose" RelativePosition="0.5,0.301653" AbsPosition="207.5,73" />
                            <WZUIContainer Type="WZUIContainer" GUID="{D9A602EC-FCDA-4102-B83A-53881B5D533A}" RelativeSize="1,0.2" Name="conAthR5_WndArenaLose" RelativePosition="0.5,0" AbsPosition="207.5,22" AnchorPoint="0.5,0" />
                        </WZUIContainer>
                    </WZUIContainer>
                </WZUIContainer>
                <WZUIContainer Type="WZUIContainer" GUID="{33CA8E27-B44D-45b3-B697-583ED29256D6}" Visible="False" AbsContentSize="774,274" UseAbsSize="True" RelativePosition="0.5,0.503126" AbsPosition="480,322" Name="conLeague_WndArenaLose">
                    <WZUIContainer Type="WZUIContainer" GUID="{3BE8B001-EC36-4ee1-A8FF-4D6EAD7E1418}" Visible="True" AbsContentSize="" UseAbsSize="False" RelativePosition="0.5,0.5" AbsPosition="479,335">
                        <WZUI9Image Type="WZUI9Image" GUID="{F9C384C7-01E0-49ef-A44D-01E2D839B13E}" RelativePosition="0.5,0.5" File="ui/common/common_scale9_jiesuandi.png" Opacity="255" />
                        <WZUIImage Type="WZUIImage" GUID="{9FA79B11-110F-4afb-B4A2-81BCFCA88A2C}" File="ui/common/common_pic_jiao.png" UseOriginSize="True" RelativePosition="0.984,0.965" FlipX="True" />
                        <WZUIImage Type="WZUIImage" GUID="{CB3E3AD8-0260-4e45-BE12-7A2EB210906C}" File="ui/common/common_pic_jiao.png" UseOriginSize="True" RelativePosition="0.016,0.965" />
                        <WZUIImage Type="WZUIImage" GUID="{556DACF4-0525-4482-B814-3ED4DF26C2B2}" File="ui/common/common_pic_jiao.png" UseOriginSize="True" RelativePosition="0.019,0.035" FlipY="True" />
                        <WZUIImage Type="WZUIImage" GUID="{F4A111EA-A40F-4e50-9170-6A0ADE3C10E3}" File="ui/common/common_pic_jiao.png" UseOriginSize="True" RelativePosition="0.982292,0.035" FlipX="True" FlipY="True" AbsPosition="760.294,9.59" />
                        <WZUIImage Type="WZUIImage" GUID="{DD70DF97-21E3-42a9-AB06-D417DFF8D608}" File="ui/hero/common_pic_jshuabian.png" UseOriginSize="True" RelativePosition="0.264886,0.406861" AbsPosition="205.022,111.48" />
                        <WZUIImage Type="WZUIImage" GUID="{61DF617C-9EB4-442a-A35C-4B70B29F6AEB}" File="ui/hero/common_pic_jshuabian.png" UseOriginSize="True" ScaleX="-1" RelativePosition="0.73502,0.406861" AbsPosition="568.905,111.48" />
                        <WZUIContainer Type="WZUIContainer" GUID="{7E14415F-2E18-406c-9EC2-211073CB2747}" RelativeSize="1,0.12" RelativePosition="0.5,0.70438" AbsPosition="387,193" AnchorPoint="0.5,0.5">
                            <WZUIImage Type="WZUIImage" GUID="{3EB5F047-500D-46cb-A067-104B7746A026}" File="ui/hero/hero_icon_jisha.png" UseOriginSize="True" RelativePosition="0.305114,0.5" AbsPosition="237.158,16.44" />
                            <WZUIImage Type="WZUIImage" GUID="{44A4381B-D331-4531-A3EF-BC310A00BF7C}" File="ui/hero/hero_icon_zunql.png" UseOriginSize="True" RelativePosition="0.35197,0.5" AbsPosition="272.425,16.44" />
                            <WZUIImage Type="WZUIImage" GUID="{745D83F1-646B-4e2c-960E-5D3A121BE8CF}" File="ui/hero/hero_icon_jisha.png" UseOriginSize="True" RelativePosition="0.805452,0.5" AbsPosition="693.42,16.44" />
                            <WZUIImage Type="WZUIImage" GUID="{A4E27B26-AF15-409c-A95C-8D5F40765087}" File="ui/hero/hero_icon_zunql.png" UseOriginSize="True" RelativePosition="0.852868,0.5" AbsPosition="733.12,16.44" />
                        </WZUIContainer>
                    </WZUIContainer>
                    <WZUIContainer Type="WZUIContainer" GUID="{09677275-99A4-4dfd-B114-73C7F37FE465}" AbsContentSize="774,140" UseAbsSize="True" RelativePosition="0.5,0.64254" Name="" NameCreate="True" AnchorPoint="0.5,1" AbsPosition="387,176.056">
                        <WZUIContainer Type="WZUIContainer" GUID="{5CFBEBD2-107A-4122-9585-F07A676E9A0A}" AnchorPoint="0,0.5" RelativePosition="0,0.5" RelativeSize="0.5,1">
                            <WZUIContainer Type="WZUIContainer" GUID="{FD3E82FD-DDC2-4639-9A6F-8704B8A6718D}" RelativeSize="1,0.3" Name="conLegL1_WndArenaLose" RelativePosition="0.5,1" AbsPosition="193.5,139" AnchorPoint="0.5,1" />
                            <WZUIContainer Type="WZUIContainer" GUID="{E0850397-D6FF-46f2-B498-38AAC66D2F76}" RelativeSize="1,0.3" Name="conLegL2_WndArenaLose" RelativePosition="0.5,0.5" AbsPosition="193.5,69.7686" />
                            <WZUIContainer Type="WZUIContainer" GUID="{3D36364E-81F8-443f-8B2B-5D2A023C69F3}" RelativeSize="1,0.3" Name="conLegL3_WndArenaLose" RelativePosition="0.5,0" AbsPosition="193.5,23" AnchorPoint="0.5,0" />
                        </WZUIContainer>
                        <WZUIContainer Type="WZUIContainer" GUID="{E02877B7-C40D-44fe-9085-6BC226B2D0FB}" AnchorPoint="1,0.5" RelativePosition="1,0.5" RelativeSize="0.5,1">
                            <WZUIContainer Type="WZUIContainer" GUID="{B478E404-F193-4fd3-9B9C-0E11ED5D898E}" RelativeSize="1,0.3" Name="conLegR1_WndArenaLose" RelativePosition="0.5,1" AbsPosition="207.5,218" AnchorPoint="0.5,1" />
                            <WZUIContainer Type="WZUIContainer" GUID="{8DE08271-C04D-4773-ADCC-4E6ED1F5B9CD}" RelativeSize="1,0.3" Name="conLegR2_WndArenaLose" RelativePosition="0.5,0.5" AbsPosition="207.5,169" />
                            <WZUIContainer Type="WZUIContainer" GUID="{9563D27A-6249-41f1-8656-1CA647DCF6E1}" RelativeSize="1,0.3" Name="conLegR3_WndArenaLose" AnchorPoint="0.5,0" RelativePosition="0.5,0" />
                        </WZUIContainer>
                    </WZUIContainer>
                    <WZUIContainer Type="WZUIContainer" GUID="{4244C18B-7602-4976-A6B8-33C86BD12A7F}" RelativeSize="1,0.15" RelativePosition="0.5,0.864963" AbsPosition="387,237">
                        <WZUIContainer Type="WZUIContainer" GUID="{5B9CD815-F180-4896-A706-F8DCA99AB169}" AbsContentSize="60,60" UseAbsSize="True" RelativePosition="0.0514212,0.5" Scale="0.6" AbsPosition="39.8,20.55" Name="conIcon1_WndArenaLose">
                            <WZUI9Image Type="WZUI9Image" GUID="{8469ADE6-4566-4a44-BD15-FC8FAFFEA4ED}" File="ui/common/common_scale9_beibaodi.png" />
                            <WZUI9Image Type="WZUI9Image" GUID="{9826181F-F0B9-458a-B7F3-82E9D9637DE5}" File="ui/common/common_scale9_wuse.png" Visible="True" />
                            <WZUIImage Type="WZUIImage" GUID="{88FC4968-5C36-46b5-B999-03D8BAAF3373}" File="ui/hero/hero_icon_yxlsdb.png" Scale="0.85" />
                        </WZUIContainer>
                        <WZUIContainer Type="WZUIContainer" GUID="{D98ECBEC-12FE-4a9b-B9AD-6053B9669B91}" AbsContentSize="60,60" UseAbsSize="True" RelativePosition="0.949612,0.5" Scale="0.6" AbsPosition="735,20.55" Name="conIcon2_WndArenaLose">
                            <WZUI9Image Type="WZUI9Image" GUID="{891FA631-2C64-4a05-9DF2-E5AE16D35939}" File="ui/common/common_scale9_beibaodi.png" />
                            <WZUI9Image Type="WZUI9Image" GUID="{31810795-A7CD-4335-8A71-023985466530}" File="ui/common/common_scale9_wuse.png" Visible="True" />
                            <WZUIImage Type="WZUIImage" GUID="{99AB359E-89F0-4011-A047-BD3ECDBFCB80}" File="ui/hero/hero_icon_yxlsdb.png" Scale="0.85" />
                        </WZUIContainer>
                        <WZUILabelTTF Type="WZUILabelTTF" GUID="{62DC481F-A1A4-4cb9-B9C5-C697301BA7D2}" Name="txtName1_WndArenaLose" LabelStyleKey="C11_F22" TextKey="" Text="" AnchorPoint="0,0.5" Alignment="Left" RelativePosition="0.0810078,0.5" AbsPosition="62.7,20.55" />
                        <WZUILabelTTF Type="WZUILabelTTF" GUID="{318D9C15-EEED-4e13-AA88-F287BC4141BD}" Name="txtName2_WndArenaLose" LabelStyleKey="C11_F22" TextKey="" Text="" AnchorPoint="1,0.5" Alignment="Right" RelativePosition="0.911112,0.5" AbsPosition="705.2,20.55" />
                        <WZUILabelTTF Type="WZUILabelTTF" GUID="{920359C2-3B9C-4aed-9A5C-B5E8077B0D56}" TextKey="INTEGRATION" FontSize="20" RelativePosition="0.321706,0.5" AbsPosition="249,20.55" LabelStyleKey="C1_F20" />
                        <WZUILabelTTF Type="WZUILabelTTF" GUID="{A219CC04-73DC-410e-BFC9-C76E99C0C7DC}" TextKey="INTEGRATION" FontSize="20" RelativePosition="0.620155,0.5" AbsPosition="480,20.55" LabelStyleKey="C1_F20" />
                        <WZUILabelTTF Type="WZUILabelTTF" GUID="{AD717DE0-2097-49d3-B2B2-4C536079C390}" Text="+300" Name="txtScore1_WndArenaLose" Color="255,227,116" FontSize="20" RelativePosition="0.352247,0.5" Alignment="Left" AnchorPoint="0,0.5" BoldFont="True" AbsPosition="272.639,20.55" Visible="True" />
                        <WZUILabelTTF Type="WZUILabelTTF" GUID="{BA669F7C-3F1A-4e72-88E5-1B8871F46692}" Text="+300" Name="txtScore2_WndArenaLose" Color="255,227,116" FontSize="20" RelativePosition="0.648113,0.5" Alignment="Left" AnchorPoint="0,0.5" BoldFont="True" AbsPosition="501.64,20.55" Visible="True" />
                    </WZUIContainer>
                </WZUIContainer>
                <WZUIContainer Type="WZUIContainer" GUID="{99F5B0BE-1077-43c8-B337-8E41A79E4C3C}" Visible="False" AbsContentSize="774,274" UseAbsSize="True" RelativePosition="0.5,0.503126" AbsPosition="480,322" Name="conGuild_WndArenaLose">
                    <WZUIContainer Type="WZUIContainer" GUID="{394127F4-5C24-4eaf-B5B4-41F95E47CA36}" Visible="True" AbsContentSize="" UseAbsSize="False" RelativePosition="0.5,0.5" AbsPosition="479,335">
                        <WZUI9Image Type="WZUI9Image" GUID="{E741C5CE-3A95-4b37-8FDB-6B8276A58462}" RelativePosition="0.5,0.5" File="ui/common/common_scale9_jiesuandi.png" Opacity="255" />
                        <WZUIImage Type="WZUIImage" GUID="{1752E1B9-0604-4c04-9265-053D5BC238FE}" File="ui/common/common_pic_jiao.png" UseOriginSize="True" RelativePosition="0.984,0.965" FlipX="True" />
                        <WZUIImage Type="WZUIImage" GUID="{F603756D-666C-4d2a-81DF-F33C8BACBB0C}" File="ui/common/common_pic_jiao.png" UseOriginSize="True" RelativePosition="0.016,0.965" />
                        <WZUIImage Type="WZUIImage" GUID="{171A72CB-8DA1-42fd-AF54-D2773008DDB7}" File="ui/common/common_pic_jiao.png" UseOriginSize="True" RelativePosition="0.019,0.035" FlipY="True" />
                        <WZUIImage Type="WZUIImage" GUID="{F5B376CA-FB52-4546-B322-57135DFF0DBE}" File="ui/common/common_pic_jiao.png" UseOriginSize="True" RelativePosition="0.982292,0.035" FlipX="True" FlipY="True" AbsPosition="760.294,9.59" />
                        <WZUIImage Type="WZUIImage" GUID="{E8482124-9E71-4e1c-8483-D0AB3C7FC41A}" File="ui/hero/common_pic_jshuabian.png" UseOriginSize="True" RelativePosition="0.264886,0.406861" AbsPosition="205.022,111.48" />
                        <WZUIImage Type="WZUIImage" GUID="{45CA62B3-9B2A-42c4-9AE3-528A0386F928}" File="ui/hero/common_pic_jshuabian.png" UseOriginSize="True" ScaleX="-1" RelativePosition="0.73502,0.406861" AbsPosition="568.905,111.48" />
                        <WZUIContainer Type="WZUIContainer" GUID="{7EB07B69-E67E-4d75-8639-819C50506FDB}" RelativeSize="1,0.12" RelativePosition="0.5,0.70438" AbsPosition="387,193" AnchorPoint="0.5,0.5">
                            <WZUIImage Type="WZUIImage" GUID="{9D2F87A8-AEB8-4b58-925B-309C7D8F5AF2}" File="ui/hero/hero_icon_jisha.png" UseOriginSize="True" RelativePosition="0.295,0.5" AbsPosition="216.158,16.44" />
                            <WZUIImage Type="WZUIImage" GUID="{8A49A2E9-9E55-4365-A762-620E727042DB}" File="ui/hero/hero_icon_zunql.png" UseOriginSize="True" RelativePosition="0.34,0.5" AbsPosition="254.425,16.44" />
                            <WZUIImage Type="WZUIImage" GUID="{9E6F76B4-28B0-490f-AC38-BD3F976BC61B}" File="ui/hero/hero_icon_xueliang.png" UseOriginSize="True" RelativePosition="0.395,0.5" AbsPosition="296.425,16.44" />
                            <WZUIImage Type="WZUIImage" GUID="{BF16D2D6-7DCB-4b13-8AEB-49E0A7A6547E}" File="ui/hero/hero_icon_jisha.png" UseOriginSize="True" RelativePosition="0.8,0.5" AbsPosition="652.42,16.44" />
                            <WZUIImage Type="WZUIImage" GUID="{25501DD9-0716-4095-B260-BAB43C1A5461}" File="ui/hero/hero_icon_zunql.png" UseOriginSize="True" RelativePosition="0.85,0.5" AbsPosition="688.12,16.44" />
                            <WZUIImage Type="WZUIImage" GUID="{96420612-092D-433c-A5E1-169E87B9AF92}" File="ui/hero/hero_icon_xueliang.png" UseOriginSize="True" RelativePosition="0.9,0.5" AbsPosition="733.425,16.44" />
                        </WZUIContainer>
                    </WZUIContainer>
                    <WZUIContainer Type="WZUIContainer" GUID="{BA1DD908-8676-4244-8BFE-36FF32C1761A}" AbsContentSize="774,140" UseAbsSize="True" RelativePosition="0.5,0.64254" Name="" NameCreate="True" AnchorPoint="0.5,1" AbsPosition="387,176.056">
                        <WZUIContainer Type="WZUIContainer" GUID="{A457B859-1030-496f-A6B9-A10951ED387C}" AnchorPoint="0,0.5" RelativePosition="0,0.5" RelativeSize="0.5,1">
                            <WZUIContainer Type="WZUIContainer" GUID="{8AE5DB9B-52D8-4505-A968-71A4DC4F3D26}" RelativeSize="1,0.3" Name="conGuildL1_WndArenaLose" RelativePosition="0.5,1" AbsPosition="193.5,139" AnchorPoint="0.5,1" />
                            <WZUIContainer Type="WZUIContainer" GUID="{31319A2A-F7BA-40ee-93A4-094E2A13BEC5}" RelativeSize="1,0.3" Name="conGuildL2_WndArenaLose" RelativePosition="0.5,0.5" AbsPosition="193.5,69.7686" />
                            <WZUIContainer Type="WZUIContainer" GUID="{25D45581-D570-4490-AF75-FE3A3CAABA22}" RelativeSize="1,0.3" Name="conGuildL3_WndArenaLose" RelativePosition="0.5,0" AbsPosition="193.5,23" AnchorPoint="0.5,0" />
                        </WZUIContainer>
                        <WZUIContainer Type="WZUIContainer" GUID="{6FC92C2F-AB00-4af5-AE7A-0BCF774B6631}" AnchorPoint="1,0.5" RelativePosition="1,0.5" RelativeSize="0.5,1">
                            <WZUIContainer Type="WZUIContainer" GUID="{913B81FA-851B-4e6e-B5B9-B92BD07E2B31}" RelativeSize="1,0.3" Name="conGuildR1_WndArenaLose" RelativePosition="0.5,1" AbsPosition="207.5,218" AnchorPoint="0.5,1" />
                            <WZUIContainer Type="WZUIContainer" GUID="{62042673-D1F5-4cbf-8755-017E4FCD799A}" RelativeSize="1,0.3" Name="conGuildR2_WndArenaLose" RelativePosition="0.5,0.5" AbsPosition="207.5,169" />
                            <WZUIContainer Type="WZUIContainer" GUID="{1261E0F8-C8C6-4afa-8279-6FE0CED6839C}" RelativeSize="1,0.3" Name="conGuildR3_WndArenaLose" AnchorPoint="0.5,0" RelativePosition="0.5,0" />
                        </WZUIContainer>
                    </WZUIContainer>
                    <WZUIContainer Type="WZUIContainer" GUID="{D884929D-1168-4bf7-B738-3AFD86E681AD}" RelativeSize="1,0.15" RelativePosition="0.5,0.864963" AbsPosition="387,237">
                        <WZUIContainer Type="WZUIContainer" GUID="{F7E13443-2CB6-4fcc-886B-75516F386A62}" AbsContentSize="60,60" UseAbsSize="True" RelativePosition="0.448062,0.645985" Scale="1" AbsPosition="346.8,26.55" Name="conTeamLeft_WndArenaLose">
                            <WZUIImage Type="WZUIImage" GUID="{2ABD5908-E2A5-418a-B1D6-5E74E489DF86}" File="ui/community/common_icon_ghzld.png" Scale="1" UseOriginSize="True" />
                            <WZUILabelAtlasFont Type="WZUILabelAtlasFont" GUID="{C43CE3CD-BC73-4f82-A00B-47882B7CFBF5}" CharMapFileName="ui/common_num/common_num_ghdj.png" Text="1" Height="24" UseOriginSize="True" Name="lafTeamIndex1_WndArenaLose" NameCreate="True" RelativePosition="0.516667,0.5" Width="16" Scale="1" />
                        </WZUIContainer>
                        <WZUIContainer Type="WZUIContainer" GUID="{3EBBA0CC-96DD-4782-B5E7-17DE6F6C8EDD}" AbsContentSize="60,60" UseAbsSize="True" RelativePosition="0.551679,0.645985" Scale="1" AbsPosition="427,26.55" Name="conTeamRight_WndArenaLose">
                            <WZUIImage Type="WZUIImage" GUID="{7E5A9574-1A86-4b9b-BE35-8B20CCB6781F}" File="ui/community/common_icon_ghzhd.png" Scale="1" UseOriginSize="True" />
                            <WZUILabelAtlasFont Type="WZUILabelAtlasFont" GUID="{4B63075C-7047-44c5-A8FA-29F26430D1F3}" CharMapFileName="ui/common_num/common_num_ghdj.png" Text="1" Height="24" UseOriginSize="True" Name="lafTeamIndex2_WndArenaLose" NameCreate="True" RelativePosition="0.516667,0.5" Width="16" Scale="1" />
                        </WZUIContainer>
                        <WZUILabelTTF Type="WZUILabelTTF" GUID="{E5F4C418-070F-4b94-B125-AA892AA2EDEE}" Name="txtGuildName1_WndArenaLose" LabelStyleKey="C11_F22" TextKey="" Text="" AnchorPoint="1,0.5" Alignment="Right" RelativePosition="0.393669,0.548662" AbsPosition="304.7,22.55" />
                        <WZUILabelTTF Type="WZUILabelTTF" GUID="{96CBF8D0-7E87-4c60-B3FD-AC8B9DBD4B6C}" Name="txtGuildName2_WndArenaLose" LabelStyleKey="C11_F22" TextKey="" Text="" AnchorPoint="0,0.5" Alignment="Left" RelativePosition="0.589407,0.524331" AbsPosition="456.201,21.55" />
                    </WZUIContainer>
                </WZUIContainer>
                <WZUIContainer Type="WZUIContainer" GUID="{C4D04660-1708-4b1c-B0D9-9D52AD2D65A7}" RelativeSize="1,1" AnchorPoint="0.5,0" RelativePosition="0.5,0" Name="conPlayer_WndArenaLose" AbsContentSize="720,150" UseAbsSize="True">
                    <WZUIContainer Type="WZUIContainer" GUID="{4D58A6B2-2132-437a-A315-846CB714E5B9}" RelativeSize="1,1" RelativePosition="0.5,0" AnchorPoint="0,0" Name="conPlayer1_WndArenaLose" Visible="False" AbsContentSize="100,150" UseAbsSize="True" TouchEnable="True">
                        <WZUIImage Type="WZUIImage" GUID="{D76D8A32-4C44-4764-9E67-6DFA925891E0}" File="ui/common/common_icon_yy.png" UseOriginSize="True" AnchorPoint="0.5,0" RelativePosition="0.6,0.1" Name="imgPlayerDi1_WndArenaLose" />
                        <WZArmature Type="WZArmature" GUID="{E24FD1FB-0BD2-4969-8870-2B8B23B3D55A}" ArmatureName="ui_jiesuan_renwudizuo_01" ArmatureFile="ui/ui_jiesuan_renwudizuo_01.xml" UseOriginSize="True" Scale="0.7" RelativePosition="0.6,0.1" Name="armBase1_WndArenaLose" Visible="False" Order="5">
                            <Action Type="WZUIArmatureAnimationById" GUID="{1DDC4135-19D3-49be-BF9F-FBC8EB448919}" AnimationId="0" />
                        </WZArmature>
                    </WZUIContainer>
                    <WZUIContainer Type="WZUIContainer" GUID="{125F691A-6D03-4504-BFF7-AF0DF60452DD}" RelativeSize="1,1" RelativePosition="0.5,0" AnchorPoint="0,0" Name="conPlayer2_WndArenaLose" Visible="False" AbsContentSize="100,150" UseAbsSize="True">
                        <WZUIImage Type="WZUIImage" GUID="{E0EBCCAC-8044-48db-A31E-04BB5E1650DF}" File="ui/common/common_icon_yy.png" UseOriginSize="True" AnchorPoint="0.5,0" RelativePosition="0.6,0.1" Name="imgPlayerDi2_WndArenaLose" />
                        <WZArmature Type="WZArmature" GUID="{84D6C9A2-A365-4afb-8DE6-7A02DAF26EBA}" ArmatureName="ui_jiesuan_renwudizuo_01" ArmatureFile="ui/ui_jiesuan_renwudizuo_01.xml" UseOriginSize="True" Scale="0.7" RelativePosition="0.6,0.1" Name="armBase2_WndArenaLose" Visible="False" Order="5">
                            <Action Type="WZUIArmatureAnimationById" GUID="{81C441D1-11E4-4e7d-A1F9-101A9A00C857}" AnimationId="0" />
                        </WZArmature>
                    </WZUIContainer>
                    <WZUIContainer Type="WZUIContainer" GUID="{4121B0A2-8C07-4f8a-BF9A-91C76B52262E}" RelativeSize="1,1" RelativePosition="0.5,0" AnchorPoint="0,0" Name="conPlayer3_WndArenaLose" Visible="False" AbsContentSize="100,150" UseAbsSize="True">
                        <WZUIImage Type="WZUIImage" GUID="{7205D042-44C3-43cf-8AF2-7AC0626F9F5A}" File="ui/common/common_icon_yy.png" UseOriginSize="True" AnchorPoint="0.5,0" RelativePosition="0.6,0.1" Name="imgPlayerDi3_WndArenaLose" />
                        <WZArmature Type="WZArmature" GUID="{034C5F34-AB30-48a5-BE0D-BE958AE50817}" ArmatureName="ui_jiesuan_renwudizuo_01" ArmatureFile="ui/ui_jiesuan_renwudizuo_01.xml" UseOriginSize="True" Scale="0.7" RelativePosition="0.6,0.1" Name="armBase3_WndArenaLose" Visible="False" Order="5">
                            <Action Type="WZUIArmatureAnimationById" GUID="{F387C2EA-DBC4-49cd-A166-078E517D2DA9}" AnimationId="0" />
                        </WZArmature>
                    </WZUIContainer>
                    <WZUIContainer Type="WZUIContainer" GUID="{D91570ED-A273-4fdd-B6A1-3392A0ED76E6}" RelativeSize="1,1" RelativePosition="0.5,0" AnchorPoint="0,0" Name="conPlayer4_WndArenaLose" Visible="False" AbsContentSize="100,150" UseAbsSize="True">
                        <WZUIImage Type="WZUIImage" GUID="{73C9647A-761A-4a42-8578-EB8AAFC0F40F}" File="ui/common/common_icon_yy.png" UseOriginSize="True" AnchorPoint="0.5,0" RelativePosition="0.6,0.1" Name="imgPlayerDi4_WndArenaLose" />
                        <WZArmature Type="WZArmature" GUID="{2F3B1021-0253-44e9-9981-8593A3A9C155}" ArmatureName="ui_jiesuan_renwudizuo_01" ArmatureFile="ui/ui_jiesuan_renwudizuo_01.xml" UseOriginSize="True" Scale="0.7" RelativePosition="0.6,0.1" Name="armBase4_WndArenaLose" Visible="False" Order="5">
                            <Action Type="WZUIArmatureAnimationById" GUID="{0F98AECB-1F94-4eab-9561-B6B7B0E6549B}" AnimationId="0" />
                        </WZArmature>
                    </WZUIContainer>
                    <WZUIContainer Type="WZUIContainer" GUID="{506D289D-1883-42d7-90CB-37F2BB2434AB}" RelativeSize="1,1" RelativePosition="0.5,0" AnchorPoint="0,0" Name="conPlayer5_WndArenaLose" Visible="False" AbsContentSize="100,150" UseAbsSize="True">
                        <WZUIImage Type="WZUIImage" GUID="{36E8B14A-2BE8-4410-AA6A-B9F59E4C9196}" File="ui/common/common_icon_yy.png" UseOriginSize="True" AnchorPoint="0.5,0" RelativePosition="0.6,0.1" Name="imgPlayerDi5_WndArenaLose" />
                        <WZArmature Type="WZArmature" GUID="{7A52D181-97CB-4171-913F-40159833A57A}" ArmatureName="ui_jiesuan_renwudizuo_01" ArmatureFile="ui/ui_jiesuan_renwudizuo_01.xml" UseOriginSize="True" Scale="0.7" RelativePosition="0.6,0.1" Name="armBase5_WndArenaLose" Visible="False" Order="5">
                            <Action Type="WZUIArmatureAnimationById" GUID="{CEAD47B2-2B35-435c-9343-58BC51C3CE09}" AnimationId="0" />
                        </WZArmature>
                    </WZUIContainer>
                    <WZUIContainer Type="WZUIContainer" GUID="{9F44675A-474E-4151-8801-8870C1F07666}" RelativeSize="1,1" RelativePosition="0.5,-0.00666667" AnchorPoint="0,0" Name="conPlayer6_WndArenaLose" Visible="False" AbsContentSize="100,150" UseAbsSize="True" AbsPosition="360,-1">
                        <WZUIImage Type="WZUIImage" GUID="{C600E647-8C69-4b36-BE3D-3B2315D872BD}" File="ui/common/common_icon_yy.png" UseOriginSize="True" AnchorPoint="0.5,0" RelativePosition="0.6,0.1" Name="imgPlayerDi6_WndArenaLose" />
                        <WZArmature Type="WZArmature" GUID="{CF746FE2-F4B4-4962-93C6-B8F5A9108E63}" ArmatureName="ui_jiesuan_renwudizuo_01" ArmatureFile="ui/ui_jiesuan_renwudizuo_01.xml" UseOriginSize="True" Scale="0.7" RelativePosition="0.6,0.1" Name="armBase6_WndArenaLose" Visible="False" Order="5">
                            <Action Type="WZUIArmatureAnimationById" GUID="{D547445D-96A1-4c58-91A7-574E811ACA59}" AnimationId="0" />
                        </WZArmature>
                    </WZUIContainer>
                </WZUIContainer>
            </WZUIContainer>
            <WZUIContainer Type="WZUIContainer" GUID="{B5A7D0DB-ED6D-4772-B8B6-C1B1E2F7D0FE}" Name="conSpine_WndArenaLose" NameCreate="True" Visible="True" ShowAll="True" AbsContentSize="" RelativePosition="0.5,0.498437" AbsPosition="480,319">
                <WZUIContainer Type="WZUIContainer" GUID="{7C0B07B9-BCA7-4fdb-81BF-4A1A89221AFE}" Name="" RelativeSize="1,1" ShowAll="False" Visible="True" RelativePosition="0.5,0.5" AnchorPoint="0.5,0.5">
                    <WZUISpine Type="WZUISpine" GUID="{8B2F8CD8-1E0F-4b44-883E-1CEDD051A57B}" FileAtlas="copy_settlement/fail.atlas" FileJson="copy_settlement/fail.json" AnimationName="fail" UseOriginSize="True" Scale="1.1" RelativePosition="0.5,0.08" ScaleX="1" ScaleY="1" Visible="True" AnchorPoint="0.5,0" Loop="False" Name="spineRain_WndArenaLose" />
                </WZUIContainer>
            </WZUIContainer>
            <WZUIContainer Type="WZUIContainer" GUID="{5C5E9751-F718-421a-A422-B3B5294717BC}" AbsContentSize="100,160" UseAbsSize="True" Name="conVideo_WndArenaLose" ShowAll="True" AnchorPoint="1,0.5" RelativePosition="1,0.5" Visible="False">
                <Button Type="WZUIButton" AbsContentSize="70,70" Visible="True" UseAbsSize="True" AnchorPoint="0.5,1" RelativePosition="0.5,1" LuaDoneFunctionName="onExitVideo" GUID="{A8003189-2F13-4779-9CA0-D81FE0928452}">
                    <NormalElement Type="WZUIContainer" GUID="{DF0EF742-F969-4935-B8AB-05C56BBBB173}">
                        <WZUIImage Type="WZUIImage" GUID="{6E6EBEDD-B03A-4009-94F7-5158F8304393}" File="ui/hero/battle_icon_gbsp.png" UseOriginSize="True" />
                    </NormalElement>
                    <SelectElement Type="WZUIContainer" GUID="{BE984459-00AB-4b66-9EDE-9BED8D3092DE}">
                        <WZUIImage Type="WZUIImage" GUID="{99CE7B1D-5F64-40cf-91F0-3F77307C9F92}" File="ui/hero/battle_icon_gbsp.png" UseOriginSize="True" />
                    </SelectElement>
                    <DisableElement Type="WZUIContainer" GUID="{F6CA995C-C8D1-4a0c-A519-CE103C718D22}" />
                </Button>
                <WZUIButton Type="WZUIButton" AbsContentSize="70,70" Visible="True" UseAbsSize="True" GUID="{4FEB2702-E5E8-43fd-A12C-6FDE5E6862C5}" RelativePosition="0.5,0" AnchorPoint="0.5,0" LuaDoneFunctionName="onAgainVideo">
                    <NormalElement Type="WZUIContainer" GUID="{E05BC3B2-F6F0-45f7-8143-A1E51564CF03}">
                        <WZUIImage Type="WZUIImage" GUID="{55FB8208-8996-4c9a-A4A0-BC52B3263A00}" File="ui/hero/battle_icon_congxbf.png" UseOriginSize="True" />
                    </NormalElement>
                    <SelectElement Type="WZUIContainer" GUID="{AC6A7522-039C-4f79-9341-458045D6FC51}">
                        <WZUIImage Type="WZUIImage" GUID="{69DA757E-3FC4-4b87-89BD-5AE9830F6B12}" File="ui/hero/battle_icon_congxbf.png" UseOriginSize="True" />
                    </SelectElement>
                    <DisableElement Type="WZUIContainer" GUID="{66627645-45AA-4617-A4FC-D35B11BDA9C5}" />
                </WZUIButton>
            </WZUIContainer>
            <Action Type="WZUIActionSequence" GUID="{24176FAC-6D33-4af1-BB72-9022BE1B5DCA}">
                <ChildAction Type="WZUIActionDelayTime" GUID="{4946FE67-BB96-4db0-BDBF-15F99BA06720}" Duration="0.2" />
                <ChildAction Type="WZUIActionShow" GUID="{14A6C43F-0ED5-44d1-9320-2169995E828F}" />
                <ChildAction Type="WZUIActionContainerFadeFromTo" GUID="{BC1229A6-C5E9-4c59-8475-5E7DCEAB592D}" OpacityTo="255" Duration="1" RemoveTarget="False" />
            </Action>
        </WZUIContainer>
    </WZUIWindow>
</WndArenaLose>
