<?xml version="1.0"?>
<WndAthBuy GUID="{5FC8BBE3-C72D-4c9f-8D59-CF607C27D40F}">
	<WZUIWindow Type="WZUIWindow" GUID="{8AA78B40-6544-4de5-8579-6B8C774232D9}" Name="WndAthBuy" NameCreate="True" LuaObjectName="WndAthBuy" AbsContentSize="450,360" ShowAll="True" LuaTouchBeganFunction="onTouchBtn" UseAbsSize="True" RelativePosition="0.5,0.5">
		<WZUIContainer Type="WZUIContainer" GUID="{41B12FE9-DBD8-4c5b-8BEA-DF29EE5D1F74}" AbsContentSize="450,360" UseAbsSize="True" RelativePosition="0.533334,0.516667">
			<WZUIContainer Type="WZUIContainer" GUID="{409C13AB-4F07-4657-9AC4-29053722E775}" Visible="True">
				<WZUI9Image Type="WZUI9Image" GUID="{7C1E30F6-C827-41e5-866F-DAABDF02BD86}" File="ui/common/common_scale9_di15.png" />
				<WZUI9Image Type="WZUI9Image" GUID="{A3F23509-8AAF-48e7-B591-749DEBE504BE}" File="ui/common/common_scale9_di25.png" RelativeSize="0.98,0.974" />
			</WZUIContainer>
			<WZUIContainer Type="WZUIContainer" GUID="{4818C4BF-27FD-4232-A7FA-64FDE910A6A0}" RelativeSize="1,0.25" RelativePosition="0.5,0.830557">
				<WZUIContainer Type="WZUIContainer" GUID="{9671570C-2AFE-4d15-A75F-648724F78490}" Name="conProp_WndAthBuy" NameCreate="True" RelativeSize="0.3,0.8" RelativePosition="0.277778,0.5" AbsContentSize="80,80" UseAbsSize="True" />
				<WZUIContainer Type="WZUIContainer" GUID="{E85FB8D1-C8CB-40d4-8E06-D7362AAB71E6}" AbsContentSize="190,40" UseAbsSize="True" RelativePosition="0.593333,0.655556">
					<WZUI9Image Type="WZUI9Image" GUID="{BAC13A66-B853-4783-B7E1-81472976ADB8}" File="ui/common/common_scale9_di8.png" />
					<WZUILabelTTF Type="WZUILabelTTF" GUID="{8C1A20F5-40B7-42fc-97E0-6EF5EFF86218}" Name="txtName_WndAthBuy" NameCreate="True" Color="255,255,255" BoldFont="True" Alignment="Left" AnchorPoint="0,0.5" Text="" FontSize="22" RelativePosition="0.0684211,0.5" />
				</WZUIContainer>
				<WZUIContainer Type="WZUIContainer" GUID="{B661281F-DBC5-400c-BD08-89ABECCB4780}" AbsContentSize="150,30" UseAbsSize="True" RelativePosition="0.557778,0.211111">
					<WZUIFreeTextBox Type="WZUIFreeTextBox" GUID="{076F2A01-1188-43f5-818D-02CB3E3E535D}" AbsContentSize="" UseAbsSize="False" Name="txtHaveNum_WndAthBuy" NameCreate="True" MaxWidth="150" AnchorPoint="0,0.5" ShowText="dfsfsdfsd" RelativePosition="0,0.5" />
				</WZUIContainer>
			</WZUIContainer>
			<WZUIContainer Type="WZUIContainer" GUID="{6801C96D-8AAA-4a86-9C2C-6A249CC7D5E3}" RelativeSize="0.9,0.28" RelativePosition="0.5,0.541667">
				<WZUI9Image Type="WZUI9Image" GUID="{056178F1-D42F-4f1c-B4B2-9DC762E16C1A}" File="ui/common/common_scale9_di13.png" Visible="True" />
				<WZUILabelTTF Type="WZUILabelTTF" GUID="{D0C57D63-FE3E-41af-9EAC-2B7003DCE900}" FontSize="22" Color="255,255,255" Text="" Dimensions="340,0" Alignment="Left" AnchorPoint="0,1" RelativePosition="0.0849401,0.836346" Name="txtDesc_WndAthBuy" NameCreate="True" />
			</WZUIContainer>
			<WZUIContainer Type="WZUIContainer" GUID="{9CC9262F-BDA3-4c25-935F-BB1A38769BC4}" RelativeSize="0.6,0.12" RelativePosition="0.5,0.311111" TouchSwallow="True">
				<WZUI9Image Type="WZUI9Image" GUID="{98D3E042-5480-4cba-888D-FB5BD5078464}" File="ui/common/common_scale9_heidi3.png" Visible="True" />
				<WZUIImage Type="WZUIImage" GUID="{F8D2050A-6D96-4096-A39D-859CD0CFFF18}" File="ui/common/common_icon_jingjibi.png" UseOriginSize="True" RelativePosition="0.377778,0.5" Name="imgMoney_WndAthBuy" />
				<WZUILabelTTF Type="WZUILabelTTF" GUID="{E3520425-1588-4710-8135-79D4FBB2C9B4}" Name="txtCost_WndAthBuy" AnchorPoint="1,0.5" Alignment="Right" EnableShadow="False" EnableStroke="True" StrokeColor="79,60,48" StrokeSize="1" Text="" FontSize="22" RelativePosition="0.285185,0.5" Color="255,227,116" TextKey="ATH_SHOP_COST" />
				<WZUILabelTTF Type="WZUILabelTTF" GUID="{4A8BED96-F01E-42ec-9E95-FFA29139BA79}" Name="txtPrice_WndAthBuy" AnchorPoint="0,0.5" Alignment="Left" EnableShadow="False" EnableStroke="True" StrokeColor="79,60,48" StrokeSize="1" Text="" FontSize="22" RelativePosition="0.481481,0.5" Color="255,227,116" />
			</WZUIContainer>
			<WZUIContainer Type="WZUIContainer" GUID="{D82CC885-ECDA-43ca-A4F8-9E9C83783611}" RelativeSize="1,0.2" RelativePosition="0.5,0.130555">
				<Button Type="WZUIButton" AbsContentSize="116,56" UseAbsSize="True" RelativePosition="0.32,0.5" LuaDoneFunctionName="onBtnClose" GUID="{FD501026-4490-478c-9A3D-78EC56D5E8A1}" LuaActionName="Normal">
					<NormalElement Type="WZUIContainer" GUID="{5DD05D4D-8CE8-4d36-A598-44D949875753}">
						<WZUIImage Type="WZUIImage" GUID="{79265502-B367-48d7-AACF-73F936CD9E94}" File="ui/common/common_btn_anniu3_0.png" UseOriginSize="True" />
					</NormalElement>
					<SelectElement Type="WZUIContainer" GUID="{528D4986-4527-4b71-9686-3A5B2B7C7EC5}" Scale="1">
						<WZUIImage Type="WZUIImage" GUID="{036A0B89-68D7-4f3a-9B54-C2FCFDB3E82F}" File="ui/common/common_btn_anniu3_0_sel.png" UseOriginSize="True" />
					</SelectElement>
					<DisableElement Type="WZUIContainer" GUID="{6C87B752-D6CE-4c91-B086-AC2B995DF720}" />
					<WZUI9Label Type="WZUI9Label" GUID="{0D5B8276-7169-441d-9CF9-17F6DF08726B}" FontSize="24" Color="255,236,193" Text="" Name="txtBtnCancle_WndAthBuy" NameCreate="True" EnableStroke="True" StrokeColor="128,54,13" StrokeSize="4" TextKey="BACK" LabelStyleKey="SMALL_ORANGE_BTN" />
				</Button>
				<WZUIButton Type="WZUIButton" AbsContentSize="116,56" UseAbsSize="True" GUID="{EF87C9D7-C9CF-4310-B7DE-F13DD317E43B}" RelativePosition="0.68,0.5" LuaDoneFunctionName="onBtnBuy">
					<NormalElement Type="WZUIContainer" GUID="{F9F8729E-35AE-4b7a-926B-36122F90A0DF}">
						<WZUIImage Type="WZUIImage" GUID="{9A39BE0E-57A2-4aa8-98BC-324910267E94}" File="ui/common/common_btn_anniu10_0.png" UseOriginSize="True" />
					</NormalElement>
					<SelectElement Type="WZUIContainer" GUID="{C9E4F8AF-810D-4555-9C16-CABED271E424}" Scale="1">
						<WZUIImage Type="WZUIImage" GUID="{726F676A-2AEA-4f99-A57C-9B93CD366102}" File="ui/common/common_btn_anniu10_0_sel.png" UseOriginSize="True" />
					</SelectElement>
					<DisableElement Type="WZUIContainer" GUID="{176CB0CC-BC5D-423b-A13F-9F6EA068A208}" />
					<WZUI9Label Type="WZUI9Label" GUID="{DBFCC3EB-509A-428b-8BC8-86638C4899D2}" FontSize="24" Color="255,236,193" Text="" Name="txtBtnBuy_WndAthBuy" NameCreate="True" EnableStroke="True" StrokeColor="3,111,8" StrokeSize="4" TextKey="BUY" LabelStyleKey="SMALL_GREEN_BTN" />
				</WZUIButton>
			</WZUIContainer>
		</WZUIContainer>
	</WZUIWindow>
</WndAthBuy>
