﻿<WndBless GUID="{7b3c67bd-3d3d-4f9c-94f1-fbbd47dd8c2b}">
    <WZUIWindow Type="WZUIWindow" GUID="{e8196087-48ca-4b0b-bf65-fb8321c113c5}" NameCreate="True" Name="WndBless" LuaObjectName="WndBless" LuaTouchBeganFunction="onTouchBegan">
        <WZUIContainer Type="WZUIContainer" GUID="{d6e2929c-9c13-4656-8664-34960542f0b4}">
            <WZUIContainer Type="WZUIContainer" GUID="{602285cb-d721-43a3-98c1-c59c68bf5c5d}">
                <WZUI9Image Type="WZUI9Image" GUID="{cae02978-f7e5-4f21-b768-c6b02c66ba24}" File="ui/bless/common_pic_qfbj.png" />
                <WZUIParticle Type="WZUIParticle" GUID="{5959e1d9-1c39-48e1-bebd-0c6f47d56a14}" PlistFile="particle/particle_tongyonglizi.plist" RelativePosition="0.5,0.1" Visible="False" />
            </WZUIContainer>
            <WZUIContainer Type="WZUIContainer" GUID="{9f451da6-fee1-4e8e-952f-df70be977f9b}" ShowAll="True" AbsContentSize="960,580" UseAbsSize="True" RelativePosition="0.5,0.45625">
                <WZUIContainer Type="WZUIContainer" GUID="{086cbc9d-4388-4c4f-93cc-948d1b6f22d0}" AbsContentSize="960,400" UseAbsSize="True" RelativePosition="0.5,0.638092">
                    <WZUITableContainer Type="WZUITableContainer" GUID="{021933d9-3248-49f7-8973-840710730723}" AbsContentSize="808,400" UseAbsSize="True" Name="tableconBlessList_WndBless" AnchorPoint="0.5,1" RelativePosition="0.445,1" ColumnCount="8" EnableMoveHorizontal="False" EnableMoveVertical="True" EnableMoveoutContainer="False" CellElementHeight="0.262" TouchContainerEnable="True" TouchEnable="True" TouchSwallow="False" Order="1" EnableVerticalScroll="True" />
                    <WZUIContainer Type="WZUIContainer" GUID="{4cf11954-50ee-4abc-8a7b-0aacf9e67c84}" AbsContentSize="960,100" AnchorPoint="0.5,0" RelativePosition="0.5,0" UseAbsSize="True">
                        <WZUIContainer Type="WZUIContainer" GUID="{ce5b5be7-457d-4ae3-94e8-a371165cb470}" AbsContentSize="140,56" UseAbsSize="True" RelativePosition="0.812248,-0.412994" Name="conFyber_WndBless" Visible="False">
                            <Button Type="WZUIButton" GUID="{a417a8b2-00ac-4ca7-80f7-4a1f55abeeb3}" Name="btnFyber_WndBless" LuaDoneFunctionName="onFunctionClick" Tag="5" LuaPushFunctionName="" LuaTouchMoveoutFunctionName="" LuaActionName="Normal" RelativePosition="0.5,0.5" AbsPosition="58,26">
                                <NormalElement Type="WZUIContainer" GUID="{2d3d3df3-ed13-4c61-b522-dd87ae68b72b}">
                                    <WZUI9Image Type="WZUI9Image" GUID="{6b327ae7-e69b-4ca0-a7d9-099a2a2b5f87}" File="ui/common/common_btn_anniu10.png" UseOriginSize="True" />
                                </NormalElement>
                                <SelectElement Type="WZUIContainer" GUID="{a0ae592c-53a3-4b7d-8158-f0e806cf93ee}" Scale="1" ScaleX="1" ScaleY="1">
                                    <WZUI9Image Type="WZUI9Image" GUID="{04fdc3a3-e0ac-4baa-90bb-b0b9a20a8f63}" File="ui/common/common_btn_anniu10_sel.png" UseOriginSize="True" />
                                </SelectElement>
                                <DisableElement Type="WZUIContainer" GUID="{a068bfe9-b101-4718-bf7f-29d277abe8a1}">
                                    <WZUI9Image Type="WZUI9Image" GUID="{a3a637be-325c-429b-8f2d-7009d89edd6a}" File="ui/common/common_btn_anniu10.png" UseOriginSize="True" GrayRender="True" />
                                </DisableElement>
                                <WZUILabelTTF Type="WZUILabelTTF" GUID="{f14b3397-0911-4700-bd85-c6cbeb35d418}" FontSize="18" Name="txtFyber_WndBless" Color="255,236,193" BoldFont="False" StrokeColor="3,111,8" Text="" RelativePosition="0.646078,0.5" AnchorPoint="0.5,0.5" TouchEnable="False" EnableStroke="True" Dimensions="0��0" TextKey="" StrokeSize="4" LabelStyleKey="C1_F20_S4_C4" />
                            </Button>
                            <WZUIImage Type="WZUIImage" GUID="{52de9e6d-eefa-419c-8380-5b7dea5effdb}" TouchEnable="False" File="ui/fyber/common_icon_jlbofangan.png" UseOriginSize="True" RelativePosition="0.176128,0.5" />
                        </WZUIContainer>
                    </WZUIContainer>
                </WZUIContainer>
            </WZUIContainer>
            <WZUIContainer Type="WZUIContainer" GUID="{67f26ae9-ff94-4353-a1db-39eb0386f70b}" Name="conBottom_WndBless" AbsContentSize="960,168" UseAbsSize="True" AnchorPoint="0.5,0" RelativePosition="0.5,0" ShowAll="False">
                <WZUIContainer Type="WZUIContainer" GUID="{059d101f-1580-4eab-8cdd-daab14f7cc6a}">
                    <WZUI9Image Type="WZUI9Image" GUID="{f79ad850-3cd0-4071-89d7-9b0fd6e8f923}" File="ui/bless/qf_scale_di3.png" />
                    <Button Type="WZUIButton" GUID="{e0452737-83f0-4a92-ac6d-859565284ee1}" LuaActionName="Normal" AnchorPoint="1,0" RelativePosition="1,0.04" UseAbsSize="True" AbsContentSize="55,55" ShowAll="True" LuaDoneFunctionName="onClickRule" Visible="False">
                        <NormalElement Type="WZUIContainer" GUID="{4eef12b1-0486-4531-8d3f-dc1a7b53554f}">
                            <WZUIImage Type="WZUIImage" GUID="{4bb0dcc0-b239-4540-8ff7-c25301ab5a29}" File="ui/common/common_icon_gth.png" UseOriginSize="True" />
                        </NormalElement>
                        <SelectElement Type="WZUIContainer" GUID="{b41a65d4-be86-4565-9ed8-53ae536acc6b}">
                            <WZUIImage Type="WZUIImage" GUID="{287d148a-ae17-40af-bda6-cc7780c9adf3}" File="ui/common/common_icon_gth.png" UseOriginSize="True" />
                        </SelectElement>
                        <DisableElement Type="WZUIContainer" GUID="{31b55ac8-889d-4eb8-8014-fd943a4fc9ce}" />
                    </Button>
                </WZUIContainer>
                <WZUIContainer Type="WZUIContainer" GUID="{f350fe4b-4907-4daa-b594-8dbbeb1a5b31}" UseAbsSize="True" AbsPosition="" RelativePosition="0.5,0.5" AbsContentSize="960,168" ShowAll="True">
                    <WZUIContainer Type="WZUIContainer" GUID="{ac343ead-fc23-437a-90e3-485a2c554930}" Action="120,100" UseAbsSize="True" AbsContentSize="110,140" Name="conBlessedMen1_WndBless" RelativePosition="0.09,0.5">
                        <WZUIImage Type="WZUIImage" GUID="{36d1b9af-89f0-4e22-861f-c5b51baee838}" File="ui/common/common_icon_jiehunjiantou.png" UseOriginSize="True" AnchorPoint="0,0.5" RelativePosition="1.15,0.6" />
                    </WZUIContainer>
                    <WZUIContainer Type="WZUIContainer" GUID="{6aed8b1a-971f-430e-9e5f-9819186d6e49}" Action="120,100" UseAbsSize="True" AbsContentSize="110,140" Name="conBlessedMen2_WndBless" RelativePosition="0.265,0.5">
                        <WZUIImage Type="WZUIImage" GUID="{34ebc429-c4c8-4da4-b5fa-edcfa0c6cd4d}" File="ui/common/common_icon_jiehunjiantou.png" UseOriginSize="True" AnchorPoint="0,0.5" RelativePosition="1.15,0.6" />
                    </WZUIContainer>
                    <WZUIContainer Type="WZUIContainer" GUID="{f116d24c-ed07-4f73-bc07-72cde3cd9125}" Action="120,100" UseAbsSize="True" AbsContentSize="110,140" Name="conBlessedMen3_WndBless" RelativePosition="0.44,0.5">
                        <WZUIImage Type="WZUIImage" GUID="{ab727dc6-6ebf-4f01-ba98-1ed885dae268}" File="ui/common/common_icon_jiehunjiantou.png" UseOriginSize="True" AnchorPoint="0,0.5" RelativePosition="1.15,0.6" />
                    </WZUIContainer>
                    <WZUIContainer Type="WZUIContainer" GUID="{453af8fc-0836-412d-b3e5-91df5ae3ec06}" Action="120,100" UseAbsSize="True" AbsContentSize="110,140" Name="conBlessedMen4_WndBless" RelativePosition="0.615,0.5">
                        <Button Type="WZUIButton" GUID="{0a6142f3-b712-481d-8439-c442828428ed}" Order="1" LuaActionName="Normal" LuaDoneFunctionName="onClickCall" AbsContentSize="70,70" UseAbsSize="True" RelativePosition="0.813682,0.842856" Visible="True">
                            <NormalElement Type="WZUIContainer" GUID="{37d979be-d60c-4eb8-9df3-7a12df22a3a2}" AbsContentSize="34,34" UseAbsSize="True">
                                <WZUIImage Type="WZUIImage" GUID="{55ab296d-6d7d-464a-97de-69f4be2d7627}" File="ui/common/common_btn_anniu21.png" UseOriginSize="False" Name="imgBlessMen1_WndBless" />
                            </NormalElement>
                            <SelectElement Type="WZUIContainer" GUID="{f01ddaf1-d541-4292-b5a0-c4854b7342dc}" AbsContentSize="34,34" UseAbsSize="True">
                                <WZUIImage Type="WZUIImage" GUID="{fbb6005b-b464-4e8a-9dcd-36376945050b}" File="ui/common/common_btn_anniu21_sel.png" UseOriginSize="False" Name="imgBlessMen2_WndBless" />
                            </SelectElement>
                            <DisableElement Type="WZUIContainer" GUID="{a26eee0f-6803-4790-bcdc-a32db3f04bce}" />
                            <WZUILabelTTF Type="WZUILabelTTF" GUID="{d6c9a796-fd4c-4225-ad3f-5dd2c9a64523}" TextKey="BLESS_CALL" FontSize="20" Color="255,236,193" EnableStroke="True" StrokeSize="4" StrokeColor="0,72,3" Name="txtBlessMan_WndBless" />
                        </Button>
                        <WZUIImage Type="WZUIImage" GUID="{afdb2ef9-fd57-4cc9-bfdd-798f6e5f6944}" File="ui/common/common_icon_jiehunjiantou.png" UseOriginSize="True" AnchorPoint="0,0.5" RelativePosition="1.15,0.6" />
                        <WZUIImage Type="WZUIImage" GUID="{16cc1cfd-1e17-439b-b91b-3187ea086c02}" File="ui/common/common_icon_xiaodianzhui.png" UseOriginSize="True" Name="imgRedDot_WndBless" RelativePosition="0.936364,0.942857" Order="1" TouchEnable="False" Visible="False" />
                    </WZUIContainer>
                    <WZUIContainer Type="WZUIContainer" GUID="{a474c5cc-3a67-4034-95a5-97711b2d6b82}" Action="120,100" UseAbsSize="True" AbsContentSize="110,140" Name="conBlessedMen5_WndBless" RelativePosition="0.79,0.5" />
                </WZUIContainer>
            </WZUIContainer>
            <WZUIContainer Type="WZUIContainer" GUID="{31c08826-5a42-4ea8-afd6-7bbd899c2302}">
                <WZUIContainer Type="WZUIContainer" GUID="{b7731f54-a310-4617-aaca-fa2132c0510d}" Name="conRight" UseAbsSize="True" AbsContentSize="105,640" AnchorPoint="1,1" RelativePosition="1,1" ShowAll="True">
                    <WZUI9Image Type="WZUI9Image" GUID="{43e5373c-49c6-4ef8-98da-a7b22a575c7f}" File="ui/bless/qf_scale_di2.png" UseOriginSize="True" RelativePosition="0.5,0.453" />
                    <WZUIContainer Type="WZUIContainer" GUID="{e79c8b24-6de7-49a2-a53d-393c6e718323}" Name="conSub1" AbsContentSize="100,100" UseAbsSize="True" RelativePosition="0.5,0.88" AnchorPoint="0.5,1">
                        <Button Type="WZUIButton" GUID="{40d030a0-ecac-4176-9270-a1e2c506dc54}" AbsContentSize="100,100" UseAbsSize="True" AnchorPoint="0.5,0.5" RelativePosition="0.5,0.5" LuaDoneFunctionName="onClickBlessBag" Name="btnBlessBag_WndBless" LuaActionName="Normal">
                            <NormalElement Type="WZUIContainer" GUID="{6f5aaf91-72d4-4747-bd32-e1129630384b}" />
                            <SelectElement Type="WZUIContainer" GUID="{945ea94a-124e-4de8-a46e-b9f997d44be8}" />
                            <DisableElement Type="WZUIContainer" GUID="{84b99fa2-4e32-47c3-a7b6-a0a2d5954441}" />
                            <WZUIImage Type="WZUIImage" GUID="{3b43ed00-3b25-4334-b6c6-37eab2bd63c8}" File="ui/bless/qf_scale_di.png" UseOriginSize="True" TouchEnable="False" TouchSwallow="False" />
                            <WZUIImage Type="WZUIImage" GUID="{2cd4a94a-2c9c-402b-88d0-4e60e8bf6634}" File="ui/bless/common_icon_qifubbtb.png" UseOriginSize="True" Scale="0.88" RelativePosition="0.52,0.51" TouchEnable="False" TouchSwallow="False" />
                            <WZUIImage Type="WZUIImage" GUID="{2753c8b0-5b41-48d3-9425-eb1313fa9d80}" File="ui/bless/qf_qfbag.png" UseOriginSize="True" TouchEnable="False" TouchSwallow="False" RelativePosition="0.5,0.24" Name="imgbtn1_WndBless" />
                        </Button>
                    </WZUIContainer>
                    <WZUIContainer Type="WZUIContainer" GUID="{4aba1869-7066-492e-9ace-ea2db9eec4a5}" Name="conSub2" AbsContentSize="100,100" UseAbsSize="True" RelativePosition="0.5,0.724" AnchorPoint="0.5,1">
                        <Button Type="WZUIButton" GUID="{31fb45e4-00be-4bdc-bb70-c79b7acac885}" AbsContentSize="100,100" UseAbsSize="True" AnchorPoint="0.5,0.5" RelativePosition="0.5,0.5" LuaDoneFunctionName="onClickDevourAll" Name="btnDevourAll_WndBless" LuaActionName="Normal" LocalInterval="300">
                            <NormalElement Type="WZUIContainer" GUID="{50e4b7d5-a45e-473e-a0b2-60625f1913db}" />
                            <SelectElement Type="WZUIContainer" GUID="{58d4bbc2-cebc-49c4-9a88-161ea7a82339}" />
                            <DisableElement Type="WZUIContainer" GUID="{7e87d731-447b-43d6-90c4-b434fa3a36ed}" />
                            <WZUIImage Type="WZUIImage" GUID="{ce8e4e3e-1482-41ce-bdc9-b81c5b16ce01}" File="ui/bless/qf_scale_di.png" UseOriginSize="True" TouchEnable="False" TouchSwallow="False" />
                            <WZUIImage Type="WZUIImage" GUID="{7aafb906-26dc-42e6-9f5c-91a6a06ca298}" File="ui/bless/qf_icon_ts.png" UseOriginSize="True" Scale="1" RelativePosition="0.52,0.51" TouchEnable="False" TouchSwallow="False" ScaleX="1" ScaleY="1" />
                            <WZUIImage Type="WZUIImage" GUID="{f1293505-9f2a-49a6-b339-620f7e9ff371}" File="ui/bless/qf_ts.png" UseOriginSize="True" TouchEnable="False" TouchSwallow="False" RelativePosition="0.5,0.24" Name="imgbtn2_WndBless" />
                        </Button>
                    </WZUIContainer>
                    <WZUIContainer Type="WZUIContainer" GUID="{736ec24c-3793-421b-9cbd-be9b0744a912}" Name="conSub3" AbsContentSize="100,100" UseAbsSize="True" RelativePosition="0.5,0.568" AnchorPoint="0.5,1">
                        <Button Type="WZUIButton" GUID="{be524400-2af2-4663-a9ec-9027b3ebb095}" AbsContentSize="100,100" UseAbsSize="True" AnchorPoint="0.5,0.5" RelativePosition="0.5,0.5" LuaDoneFunctionName="onClickPickAll" Name="btnPickAll_WndBless" LuaActionName="Normal" LocalInterval="300">
                            <NormalElement Type="WZUIContainer" GUID="{fb787cfc-debd-4dea-8cdb-d56996a9c8f8}" />
                            <SelectElement Type="WZUIContainer" GUID="{ac12e71f-a68a-4e21-87f5-b04a0df9935c}" />
                            <DisableElement Type="WZUIContainer" GUID="{14b7cec5-7637-42bb-8908-20afad97a6bc}" />
                            <WZUIImage Type="WZUIImage" GUID="{469ab18e-9b13-4b15-9dbb-fd315a83cb0a}" File="ui/bless/qf_scale_di.png" UseOriginSize="True" TouchEnable="False" TouchSwallow="False" />
                            <WZUIImage Type="WZUIImage" GUID="{6f0b8562-4e85-4d04-bbf4-6c66ebb65640}" File="ui/bless/qf_icon_sq.png" UseOriginSize="True" Scale="1" RelativePosition="0.52,0.51" TouchEnable="False" TouchSwallow="False" ScaleX="1" ScaleY="1" />
                            <WZUIImage Type="WZUIImage" GUID="{79432e80-ee9a-4bf8-ab6e-bdb2fe2a4006}" File="ui/bless/qf_sq.png" UseOriginSize="True" TouchEnable="False" TouchSwallow="False" RelativePosition="0.5,0.24" Name="imgbtn3_WndBless" />
                        </Button>
                    </WZUIContainer>
                    <WZUIContainer Type="WZUIContainer" GUID="{4c55b6fa-79ee-45d6-9079-ad14196967b1}" Name="conSub4" AbsContentSize="100,100" UseAbsSize="True" RelativePosition="0.5,0.412" AnchorPoint="0.5,1">
                        <Button Type="WZUIButton" GUID="{c3d60351-da30-47a1-91a8-84c94420717d}" AbsContentSize="100,100" UseAbsSize="True" AnchorPoint="0.5,0.5" RelativePosition="0.5,0.5" LuaDoneFunctionName="onClickSellAll" Name="btnSellAll_WndBless" LuaActionName="Normal" LocalInterval="300">
                            <NormalElement Type="WZUIContainer" GUID="{7e415284-f3f4-4983-8a7e-aa66098321ed}" />
                            <SelectElement Type="WZUIContainer" GUID="{7367895b-9122-4b2c-9a0a-6976459a6d66}" />
                            <DisableElement Type="WZUIContainer" GUID="{4d389c71-768a-4eaf-bd32-ceae376d1c94}" />
                            <WZUIImage Type="WZUIImage" GUID="{47084cdd-00e4-4d22-8951-8e77450bf0a6}" File="ui/bless/qf_scale_di.png" UseOriginSize="True" TouchEnable="False" TouchSwallow="False" />
                            <WZUIImage Type="WZUIImage" GUID="{296fa486-8ff8-402e-8173-f93712453b19}" File="shopitems/gold_bag_001.png" UseOriginSize="True" Scale="1" RelativePosition="0.52,0.51" TouchEnable="False" TouchSwallow="False" ScaleX="1" ScaleY="1" />
                            <WZUIImage Type="WZUIImage" GUID="{8f61019f-55bc-4a93-933c-5c489e2af515}" File="ui/bless/qf_cs.png" UseOriginSize="True" TouchEnable="False" TouchSwallow="False" RelativePosition="0.5,0.24" Name="imgbtn4_WndBless" />
                        </Button>
                        <CheckBox AbsContentSize="40,40" AnchorPoint="0,1" GUID="{2b5f5e9b-8ce3-4f13-a1f4-30418a5eff1e}" LuaSelectedFunctionName="autoSell" Name="autoSell" RelativePosition="0.155,0.11" SelectedIndex="0" TouchContainerEnable="True" Type="WZUICheckBox" UseAbsSize="True" Scale="0.8">
                            <CheckElement AbsContentSize="40,40" AnchorPoint="0.5,0.5" GUID="{4633e76e-b8dd-4572-b33d-cebe0fabd9bd}" RelativePosition="0.5,0.5" TouchContainerEnable="True" Type="WZUIContainer" UseAbsSize="True">
                                <WZUIImage Type="WZUIImage" GUID="{34210bda-a5b4-4cb1-81ac-10448dc89031}" File="ui/common/common_scale9_zhujiemian.png" UseOriginSize="True" />
                            </CheckElement>
                            <CheckElement AbsContentSize="120,60" AnchorPoint="0.5,0.5" GUID="{20d58fe3-b95f-43cd-933e-aabc1f92d038}" RelativePosition="0.5,0.5" TouchContainerEnable="True" Type="WZUIContainer" UseAbsSize="True">
                                <WZUIImage Type="WZUIImage" GUID="{9d53a312-2714-4cdb-8163-edb2fbc47715}" File="ui/common/common_scale9_zhujiemian.png" AbsPosition="40,40" UseOriginSize="True" />
                                <WZUIImage Type="WZUIImage" GUID="{ac043209-4e82-41cd-be3a-3b12d49e62e6}" File="ui/common/common_icon_gou.png" UseOriginSize="True" Visible="True" />
                            </CheckElement>
                        </CheckBox>
                        <WZUILabelTTF Type="WZUILabelTTF" GUID="{b8bee679-b648-4ea7-b356-ebfac0c6c282}" LabelStyleKey="C1_F18" TextKey="AUTOSELL1" RelativePosition="0.66,-0.046" Name="txtSub4_WndBless" Text="自动" />
                    </WZUIContainer>
                    <WZUIContainer Type="WZUIContainer" GUID="{42836910-a38d-49ef-90f0-a0ff58c1e752}" Name="conSub5" AbsContentSize="100,100" UseAbsSize="True" RelativePosition="0.5,0.23" AnchorPoint="0.5,1">
                        <Button Type="WZUIButton" GUID="{9d0cc2f2-7666-44af-a2e0-646a43cf8d4f}" AbsContentSize="100,100" UseAbsSize="True" AnchorPoint="0.5,0.5" RelativePosition="0.5,0.5" LuaDoneFunctionName="onClickBlessOnce" LuaActionName="Normal" LocalInterval="300" Name="btnBlessOnce_WndBless">
                            <NormalElement Type="WZUIContainer" GUID="{b0194dbf-632b-436f-8fc9-55eb04598608}" />
                            <SelectElement Type="WZUIContainer" GUID="{413187c4-9f1c-463b-b417-de3fe2ee918b}" />
                            <DisableElement Type="WZUIContainer" GUID="{d1f8ad70-3ec7-49a3-898b-46f61f10a2b9}" />
                            <WZUIImage Type="WZUIImage" GUID="{0b0e90b8-a68c-4ba0-ac82-8f3a48261720}" File="ui/bless/qf_scale_di.png" UseOriginSize="True" TouchEnable="False" TouchSwallow="False" />
                            <WZUIImage Type="WZUIImage" GUID="{d561ba06-931e-4825-8246-8e2068387eac}" File="ui/bless/qf_icon_qf.png" UseOriginSize="True" Scale="1" RelativePosition="0.52,0.51" TouchEnable="False" TouchSwallow="False" ScaleX="1" ScaleY="1" />
                            <WZUIImage Type="WZUIImage" GUID="{db6d9437-1b1b-4135-bb12-0195a8466f1f}" File="ui/bless/qf_qf.png" UseOriginSize="True" TouchEnable="False" TouchSwallow="False" RelativePosition="0.5,0.24" Name="imgbtn5_WndBless" />
                        </Button>
                        <CheckBox AbsContentSize="40,40" AnchorPoint="0,1" GUID="{f906fee6-d88c-43a8-ae58-5a38a409c571}" LuaSelectedFunctionName="quickPray" Name="quickPray" RelativePosition="0.155,0.11" SelectedIndex="0" TouchContainerEnable="True" Type="WZUICheckBox" UseAbsSize="True" Scale="0.8">
                            <CheckElement AbsContentSize="40,40" AnchorPoint="0.5,0.5" GUID="{76ddec1b-4892-48e5-b1da-79d46b522da6}" RelativePosition="0.5,0.5" TouchContainerEnable="True" Type="WZUIContainer" UseAbsSize="True">
                                <WZUIImage Type="WZUIImage" GUID="{185f736c-2ca5-4dfc-8e8d-e4cb8dc496ad}" File="ui/common/common_scale9_zhujiemian.png" UseOriginSize="True" />
                            </CheckElement>
                            <CheckElement AbsContentSize="120,60" AnchorPoint="0.5,0.5" GUID="{af235627-00ce-42b1-98d3-3fd1bddf50e7}" RelativePosition="0.5,0.5" TouchContainerEnable="True" Type="WZUIContainer" UseAbsSize="True">
                                <WZUIImage Type="WZUIImage" GUID="{a9826522-2e06-41da-85fa-8c4dfcade23b}" File="ui/common/common_scale9_zhujiemian.png" AbsPosition="40,40" UseOriginSize="True" />
                                <WZUIImage Type="WZUIImage" GUID="{2b431724-efdd-4204-9576-c2622dba13be}" File="ui/common/common_icon_gou.png" UseOriginSize="True" Visible="True" />
                            </CheckElement>
                        </CheckBox>
                        <WZUILabelTTF Type="WZUILabelTTF" GUID="{1f313029-bd32-46ef-801b-21909e9e0721}" LabelStyleKey="C1_F18" TextKey="AUTOSELL1" RelativePosition="0.66,-0.046" Name="txtSub5_WndBless" Text="自动" />
                    </WZUIContainer>
                </WZUIContainer>
            </WZUIContainer>
            <WZUIContainer Type="WZUIContainer" GUID="{25a7efdc-94bb-4bbe-bec5-beb6f307c6fa}" Name="conTop_WndBless" />
            <WZUIContainer Type="WZUIContainer" GUID="{687d1624-3c0a-4b77-9e82-00bc1f2f9312}" ShowAll="True" AbsContentSize="960,640" UseAbsSize="True" RelativePosition="0.5,0.5" Order="10" TouchSwallow="False" Name="conForNewItem_WndBless" />
        </WZUIContainer>
    </WZUIWindow>
</WndBless>
