﻿<WndBagRole GUID="{cb46005e-2598-43ee-b6d6-2c596780a102}">
    <WZUIWindow AbsContentSize="0,0" GUID="{98053e0c-af62-42a0-853f-13fcbfdbb0c8}" LuaObjectName="WndBagRole" LuaTouchBeganFunction="onTouchBegin" LuaTouchCancelledFunction="" LuaTouchEndedFunction="onTouchEnd" LuaTouchMovedFunction="onTouchMove" Name="WndBagRole" NameCreate="True" RelativePosition="0.5,0.5" Type="WZUIWindow" UseAbsSize="False" AnchorPoint="0.5,0.5">
        <WZUIContainer AbsContentSize="960,640" GUID="{7b299dcc-d811-4230-a973-807cc4f8695c}" Type="WZUIContainer" UseAbsSize="True" Visible="True" TouchSwallow="False" RelativePosition="0.5,0.5">
            <WZUI9Image Type="WZUI9Image" GUID="{bc543d4e-53ee-45e4-912f-53fb2783ccaa}" File="ui/common/common_black_bg.png" Visible="True" Name="imgBg1_WndBag" UseOriginSize="True" Scale="2" Opacity="150" ScaleX="15" ScaleY="30" />
        </WZUIContainer>
        <WZUIContainer AnchorPoint="0.5,0" GUID="{ef9c5afe-ce04-4848-9698-6791417f1f03}" Name="conPlayer_WndBag" RelativePosition="0.5,0" RelativeSize="1,1" Type="WZUIContainer" Visible="True" ShowAll="True" Order="1">
            <WZUIContainer AbsContentSize="470,530" AnchorPoint="0,0" GUID="{c0d44edd-ef01-4dd0-8918-35bfd6374bda}" Name="conLeft_WndBag" RelativePosition="0,0.015" RelativeSize="1,1" Type="WZUIContainer" UseAbsSize="True" Visible="True">
                <WZUIContainer AbsContentSize="530,315" AbsPosition="0,1" AnchorPoint="0.5,1" GUID="{b34bbf26-c743-4cb1-ad1e-024e39bc439c}" Name="conRoleEquip_WndBag" Order="0" RelativePosition="0.5,0.932" RelativeSize="0.9,0.72" Type="WZUIContainer" UseAbsSize="True" />
            </WZUIContainer>
            <WZUIContainer AbsContentSize="420,530" AnchorPoint="0.5,0.5" GUID="{d008a8ee-f6cd-4081-9a91-363e8d99b808}" Name="conRight_WndBag" RelativePosition="0.6,0.5" RelativeSize="0.38,1" Type="WZUIContainer" UseAbsSize="True" />
            <WZUIContainer AbsContentSize="420,530" AnchorPoint="1,0.5" GUID="{74949d33-bdb4-4a81-a2da-c4030f523cea}" Name="conSell_WndBag" RelativePosition="1,0.5" RelativeSize="0.38,1" Type="WZUIContainer" UseAbsSize="True" />
            <WZUIContainer AbsContentSize="530,530" AnchorPoint="0,0.5" GUID="{d0f02596-7c6b-4170-968c-430179bb1f65}" Name="conSellList_WndBag" Order="0" RelativePosition="0,0.5" RelativeSize="1,1" Type="WZUIContainer" UseAbsSize="True" />
            <WZUIContainer AbsContentSize="420,530" AnchorPoint="1,0.5" GUID="{ba88e267-3d15-461c-85f3-30ec703a6281}" Name="conSynthesis_WndBag" RelativePosition="1,0.5" RelativeSize="0.38,1" Type="WZUIContainer" UseAbsSize="True" Order="1" />
            <WZUIContainer AbsContentSize="530,530" AnchorPoint="0,0.5" GUID="{e912f96a-972b-4140-a9e3-1c847334fba8}" Name="conSynthesisList_WndBag" Order="0" RelativePosition="0,0.5" RelativeSize="1,1" Type="WZUIContainer" UseAbsSize="True" />
        </WZUIContainer>
    </WZUIWindow>
</WndBagRole>
