﻿<?xml version="1.0" ?>
<WndBottomBar GUID="{AC240612-5270-4208-8BC1-118FAEE3AC17}">
    <WZUIContainer AbsContentSize="960,640" AbsPosition="480,100" AnchorPoint="1,1" RelativePosition="1,1" GUID="{61043DA3-00A3-4e2b-8183-05642F4D11D6}" LuaObjectName="WndBottomBar" Name="WndBottomBar" NameCreate="True" Type="WZUIContainer" UseAbsSize="True">
        <WZUIContainer AbsContentSize="960,640" GUID="{9D5FF700-CBFC-41bc-856A-352DD51B4BDA}" RelativePosition="1,0.5" Type="WZUIContainer" UseAbsSize="True" Visible="True" AnchorPoint="1,0.5" Name="conAll_WndBottomBar">
            <WZUIContainer AbsContentSize="70,60" AnchorPoint="0,0" GUID="{F6DC2617-F034-4fb6-BF49-F189EB4EB707}" RelativePosition="0,-0.000625" RelativeSize="1,15" ShowAll="True" Type="WZUIContainer" UseAbsSize="True" Name="conLeft_WndBottomBar">
                <WZUIButton AbsContentSize="56,56" AbsPosition="70,45" AnchorPoint="0.5,0.5" GUID="{D9F2A5D4-5001-4b7e-919B-815F96C552D5}" LuaDoneFunctionName="onClickChat" Name="btnChat_WndBottomBar" RelativePosition="0.5,0.466667" ShowAll="False" Type="WZUIButton" UseAbsCoordinate="False" UseAbsSize="True" Scale="1">
                    <NormalElement GUID="{C7133DE3-D548-4b7c-9052-C0A883F07531}" Type="WZUIContainer" />
                    <SelectElement GUID="{6DF6A170-5DCB-4b45-9471-53C518CD402C}" Type="WZUIContainer" />
                    <WZUIImage File="ui/city/beta/main_icon_liaotian_2.png" GUID="{1c542a96-6066-441f-8372-9ab79287d6e9}" Type="WZUIImage" UseOriginSize="True" Scale="0.8" ScaleX="0.8" ScaleY="0.8" />
                </WZUIButton>
            </WZUIContainer>
            <WZUIContainer Type="WZUIContainer" GUID="{0089A89F-6044-49f6-9888-F08958A8037B}" Name="conRight_WndBottomBar" RelativePosition="1,1" AnchorPoint="1,1" ShowAll="True">
                <WZUIContainer Type="WZUIContainer" GUID="{DA12E298-C31E-4f53-B2F4-15AD8612F2D2}" AnchorPoint="1,1" RelativePosition="1,1" Name="conAllExtend_WndBottomBar" Visible="False">
                    <WZUI9Image File="ui/common/common_scale9_di69.png" GUID="{01870F24-FE74-4a56-B00F-085638F8F616}" NoBorder="False" RelativePosition="0.5,0.5" Type="WZUI9Image" UseOriginSize="False" CapInsets="12,12,40,12" Opacity="0" LuaTouchEndedFunction="hideExtend" TouchSwallow="False" />
                    <WZUIScissorContainer Type="WZUIScissorContainer" GUID="{06D7E0A9-05B4-405c-93E3-C933F26A2F5C}" UseAbsSize="True" AbsContentSize="170,570" AnchorPoint="1,0" RelativePosition="0.922,0.0158482" AbsPosition="870.53,10.1428" Name="conSciExtend_WndBottomBar" TouchContainerEnable="True">
                        <WZUIContainer Type="WZUIContainer" GUID="{853D2B24-9AB6-4b65-8972-A94250DF79B7}" AbsContentSize="340,570" UseAbsSize="False" Name="conExtend_WndBottomBar" Order="1">
                            <WZUIContainer AbsContentSize="170,570" GUID="{69FAA29D-5347-406f-AA4B-F7BA1CD0CF1C}" Name="conBgExtend_WndBottomBar" Order="0" RelativePosition="0.999085,1.00061" RelativeSize="1,0.95" Type="WZUIContainer" UseAbsCoordinate="False" UseAbsSize="True" Visible="True" AnchorPoint="1,1" AbsPosition="339.689,570.349">
                                <WZUI9Image File="ui/common/common_scale9_di69.png" GUID="{323DFBB1-B17C-4495-8BE0-BBBFBA877D9C}" NoBorder="False" RelativePosition="0.5,0.5" Type="WZUI9Image" UseOriginSize="False" CapInsets="12,12,40,12" />
                            </WZUIContainer>
                            <WZUIImage Type="WZUIImage" GUID="{3D97DFE2-EB93-4040-897D-DD3E0D0A2016}" UseOriginSize="True" File="ui/common/common_icon_fengexian2.png" RelativePosition="0.499681,0.187075" AbsPosition="169.891,106.633" ScaleX="0.5" />
                            <WZUIContainer Type="WZUIContainer" GUID="{F9504B48-55B8-43b9-A6AD-8D636134C3A0}" Name="conExtendUp_WndBottomBar">
                                <WZUIButton AbsContentSize="96,96" AbsPosition="45.9592,565.246" AnchorPoint="0.5,1" GUID="{F9EB67AA-9A5C-42a5-B66E-C29A9700E58E}" LuaDoneFunctionName="onClickBless" Name="btnBless_ExtendUp_WndBottomBar" RelativePosition="0.26,0.99" ShowAll="False" Type="WZUIButton" UseAbsCoordinate="False" UseAbsSize="True" RelativeSize="1,1" Scale="0.9" Visible="True">
                                    <NormalElement GUID="{1C12B245-674B-4a5b-BB3D-B848A9C5FEA0}" Type="WZUIContainer">
                                        <WZUIImage File="ui/city/newUI/main_icon_qifu.png" GUID="{CE283DE4-44B7-482f-90A0-BCE261EA695B}" Type="WZUIImage" UseOriginSize="True" />
                                    </NormalElement>
                                    <SelectElement GUID="{C572BD34-ADD8-41ea-8900-A49FD38895CE}" Type="WZUIContainer">
                                        <WZUIImage File="ui/city/newUI/main_icon_qifu.png" GUID="{D2213B7E-4509-47bf-B4BA-6C4D6F5FDF58}" Type="WZUIImage" UseOriginSize="True" Scale="1.1" />
                                    </SelectElement>
                                </WZUIButton>
                                <WZUIButton AbsContentSize="96,96" AbsPosition="125.469,564.3" AnchorPoint="0.5,1" GUID="{64EC3984-FEE0-4087-B4FE-534C5CF01490}" LuaDoneFunctionName="onClickPractice" Name="btnPractice_ExtendUp_WndBottomBar" RelativePosition="0.72,0.99" ShowAll="False" Type="WZUIButton" UseAbsCoordinate="False" UseAbsSize="True" RelativeSize="1,1" Scale="0.9" Visible="True">
                                    <NormalElement GUID="{455B35AE-E78C-4a0f-806D-1BF4B6C02FFC}" Type="WZUIContainer">
                                        <WZUIImage File="ui/city/newUI/main_icon_xiulian.png" GUID="{E68C3011-BCF8-4353-BEAD-FF2D011C7996}" Type="WZUIImage" UseOriginSize="True" />
                                    </NormalElement>
                                    <SelectElement GUID="{F321A838-1987-4756-B715-5B0C714E9310}" Type="WZUIContainer">
                                        <WZUIImage File="ui/city/newUI/main_icon_xiulian.png" GUID="{A7C1CB44-02F5-4ba8-AE7D-E9859586EA9F}" Type="WZUIImage" UseOriginSize="True" Scale="1.1" />
                                    </SelectElement>
                                </WZUIButton>
                                <WZUIButton AbsContentSize="96,96" AbsPosition="45.9592,565.246" AnchorPoint="0.5,1" GUID="{09637965-E505-4319-B940-6CA24B74733F}" LuaDoneFunctionName="onClickCard" Name="btnCard_ExtendUp_WndBottomBar" RelativePosition="0.26,0.86" ShowAll="False" Type="WZUIButton" UseAbsCoordinate="False" UseAbsSize="True" RelativeSize="1,1" Scale="0.9" Visible="True">
                                    <NormalElement GUID="{D368CA70-9B6E-4a4c-8DB7-9DCF1D96C85D}" Type="WZUIContainer">
                                        <WZUIImage File="ui/city/newUI/main_icon_kapai.png" GUID="{C9FF2BAE-976A-4ff1-BE5B-5B463728DC1E}" Type="WZUIImage" UseOriginSize="True" />
                                    </NormalElement>
                                    <SelectElement GUID="{39305084-30B7-4832-A4A4-86491D7B12BC}" Type="WZUIContainer">
                                        <WZUIImage File="ui/city/newUI/main_icon_kapai.png" GUID="{BC9B18BE-D4B2-43a6-8606-A8135DB6110A}" Type="WZUIImage" UseOriginSize="True" Scale="1.1" />
                                    </SelectElement>
                                </WZUIButton>
                                <WZUIButton AbsContentSize="96,96" AbsPosition="45.9592,565.246" AnchorPoint="0.5,1" GUID="{EFB3F692-BBEA-4d6d-9C97-635B2677921A}" LuaDoneFunctionName="onClickLbs" Name="btnLbs_ExtendUp_WndBottomBar" RelativePosition="0.72,0.86" ShowAll="False" Type="WZUIButton" UseAbsCoordinate="False" UseAbsSize="True" RelativeSize="1,1" Scale="0.9" Visible="True">
                                    <NormalElement GUID="{DC2A65C5-0E50-421a-B942-A25AD5ECF500}" Type="WZUIContainer">
                                        <WZUIImage File="ui/city/newUI/main_icon_sousuo.png" GUID="{D7B01C21-02E1-4292-A82A-4AB6903B9697}" Type="WZUIImage" UseOriginSize="True" />
                                    </NormalElement>
                                    <SelectElement GUID="{A5D89DA0-D148-448a-B5FB-045417F9888D}" Type="WZUIContainer">
                                        <WZUIImage File="ui/city/newUI/main_icon_sousuo.png" GUID="{37D10ED5-9E3D-4645-BEAC-BBC5EE7DB19C}" Type="WZUIImage" UseOriginSize="True" Scale="1.1" />
                                    </SelectElement>
                                </WZUIButton>
                                <WZUIButton AbsContentSize="96,96" AbsPosition="45.9592,565.246" AnchorPoint="0.5,1" GUID="{AFA7DEF1-1120-41ab-8C8A-166ED098D6CC}" LuaDoneFunctionName="onClickCharm" Name="btnCharm_ExtendUp_WndBottomBar" RelativePosition="0.26,0.73" ShowAll="False" Type="WZUIButton" UseAbsCoordinate="False" UseAbsSize="True" RelativeSize="1,1" Scale="0.9" Visible="True">
                                    <NormalElement GUID="{60EA2CC8-F2BA-43d2-A160-89538B63799C}" Type="WZUIContainer">
                                        <WZUIImage File="ui/city/newUI/main_icon_meilikongjian.png" GUID="{A535BFD2-E418-47e6-8FF5-3EF033AE5F58}" Type="WZUIImage" UseOriginSize="True" />
                                    </NormalElement>
                                    <SelectElement GUID="{DF793750-8775-4050-9205-13A2D6A3AC7A}" Type="WZUIContainer">
                                        <WZUIImage File="ui/city/newUI/main_icon_meilikongjian.png" GUID="{36CF3B77-81BE-4af0-BF47-13E2EAC5F2F7}" Type="WZUIImage" UseOriginSize="True" Scale="1.1" />
                                    </SelectElement>
                                </WZUIButton>
                                <WZUIButton AbsContentSize="96,96" AbsPosition="45.9592,565.246" AnchorPoint="0.5,1" GUID="{4291BE5B-189B-4149-911B-6B9A05813F45}" LuaDoneFunctionName="onClickWardrobe" Name="btnWardrobe_ExtendUp_WndBottomBar" RelativePosition="0.72,0.73" ShowAll="False" Type="WZUIButton" UseAbsCoordinate="False" UseAbsSize="True" RelativeSize="1,1" Scale="0.9" Visible="True">
                                    <NormalElement GUID="{B2228BAF-FFEC-49a6-B972-953C17FC652C}" Type="WZUIContainer">
                                        <WZUIImage File="ui/city/newUI/main_icon_yichu.png" GUID="{834E64F3-B0C1-404a-9F30-E792FE8FEE5D}" Type="WZUIImage" UseOriginSize="True" />
                                    </NormalElement>
                                    <SelectElement GUID="{480325D5-C322-4b5a-BC74-18E9BB47D50F}" Type="WZUIContainer">
                                        <WZUIImage File="ui/city/newUI/main_icon_yichu.png" GUID="{FB4E8702-579F-46c8-BADE-4AED5C3C4C68}" Type="WZUIImage" UseOriginSize="True" Scale="1.1" />
                                    </SelectElement>
                                </WZUIButton>
                                <WZUIButton AbsContentSize="96,96" AbsPosition="45.9592,565.246" AnchorPoint="0.5,1" GUID="{0E7FA382-C196-4402-BDE1-21F61DC0BB55}" LuaDoneFunctionName="onClickAscending" Name="btnAscending_ExtendUp_WndBottomBar" RelativePosition="0.26,0.6" ShowAll="False" Type="WZUIButton" UseAbsCoordinate="False" UseAbsSize="True" RelativeSize="1,1" Scale="0.9" Visible="True">
                                    <NormalElement GUID="{188D88B9-A4A4-498b-B3A1-B23FDA473A80}" Type="WZUIContainer">
                                        <WZUIImage File="ui/city/newUI/main_icon_shenggxt.png" GUID="{CEA932ED-8662-4f29-8FDD-15301B8153E5}" Type="WZUIImage" UseOriginSize="True" />
                                    </NormalElement>
                                    <SelectElement GUID="{22744069-0981-444c-A767-3E95FB655385}" Type="WZUIContainer">
                                        <WZUIImage File="ui/city/newUI/main_icon_shenggxt.png" GUID="{47324F25-F205-42b4-8684-5884E68F255A}" Type="WZUIImage" UseOriginSize="True" Scale="1.1" />
                                    </SelectElement>
                                </WZUIButton>
                            </WZUIContainer>
                            <WZUIContainer Type="WZUIContainer" GUID="{EDB11702-586D-488e-BF78-4185CEC9C662}" Name="conExtendDown_WndBottomBar">
                                <WZUIContainer AbsContentSize="70,70" AnchorPoint="0.5,1" GUID="{BCE3684C-65F1-416e-B3F5-679C73E547F9}" Name="conBtnGuide_ExtendDown_WndBottomBar" RelativePosition="0.26,0.16" Type="WZUIContainer" UseAbsSize="True" Visible="True">
                                    <WZUIButton AbsContentSize="70,70" AbsPosition="70,70" AnchorPoint="0.5,0.5" GUID="{C2605AB3-D042-4aa9-838D-7E8F0EAC31C6}" LuaDoneFunctionName="onClickGuide" Name="btnGuide_WndOwnCity" Order="1" RelativePosition="0.499845,0.509351" Scale="1" ShowAll="False" Type="WZUIButton" UseAbsCoordinate="False" UseAbsSize="True">
                                        <NormalElement GUID="{64894AE1-5141-48f5-8E9D-B5ABFABEEF62}" Order="1" RelativePosition="0.5,0.5" Type="WZUIContainer">
                                            <WZUIImage File="ui/city/newUI/main_icon_zhiyin.png" GUID="{62AF10AD-6EE4-4461-90E4-D7DCF30B77A9}" Order="0" RelativePosition="0.5,0.5" Scale="1" Type="WZUIImage" UseOriginSize="True" />
                                        </NormalElement>
                                        <SelectElement GUID="{434C036B-FD90-4e4a-AC04-9650624ABDBC}" Order="1" Type="WZUIContainer">
                                            <WZUIImage File="ui/city/newUI/main_icon_zhiyin.png" GUID="{CE6B59A6-0FBE-4c5d-A733-C6D578138FE0}" Order="0" Scale="1.1" Type="WZUIImage" UseOriginSize="True" />
                                        </SelectElement>
                                    </WZUIButton>
                                </WZUIContainer>
                                <WZUIContainer AbsContentSize="70,70" AnchorPoint="0.5,1" GUID="{FCD634D9-DF3F-4412-B5CA-81197202A2B5}" Name="conBtnSet_ExtendDown_WndBottomBar" RelativePosition="0.72,0.16" Type="WZUIContainer" UseAbsSize="True" Visible="True">
                                    <WZUIButton AbsContentSize="70,70" AbsPosition="70,70" AnchorPoint="0.5,0.5" GUID="{C8EFDCE1-E80F-429d-B318-2FF489D0C6AD}" LuaDoneFunctionName="onClickSet" Name="btnSet_WndOwnCity" Order="1" RelativePosition="0.499845,0.509351" Scale="1" ShowAll="False" Type="WZUIButton" UseAbsCoordinate="False" UseAbsSize="True">
                                        <NormalElement GUID="{9E20D862-38F1-4672-821F-43A8409AD31D}" Order="1" RelativePosition="0.5,0.5" Type="WZUIContainer">
                                            <WZUIImage File="ui/city/newUI/main_icon_shezhi.png" GUID="{484E0B2B-954F-43d9-AC21-EC088594512E}" Order="0" RelativePosition="0.5,0.5" Scale="1" Type="WZUIImage" UseOriginSize="True" />
                                        </NormalElement>
                                        <SelectElement GUID="{9AEA4AC0-B52B-4376-8A7D-D0795492058A}" Order="1" Type="WZUIContainer">
                                            <WZUIImage File="ui/city/newUI/main_icon_shezhi.png" GUID="{B7D0936A-9C7D-44d1-B205-A2E0D3DE70FF}" Order="0" Scale="1.1" Type="WZUIImage" UseOriginSize="True" />
                                        </SelectElement>
                                    </WZUIButton>
                                </WZUIContainer>
                            </WZUIContainer>
                        </WZUIContainer>
                    </WZUIScissorContainer>
                </WZUIContainer>
                <WZUIContainer AbsContentSize="62,60" AnchorPoint="1,1" GUID="{90C940ED-D3B8-4438-9AB1-F95AF712C495}" Order="1" RelativePosition="0.991667,0.99475" ShowAll="False" Type="WZUIContainer" UseAbsSize="True" Visible="True" Name="conSwitch_WndBottomBar" ScaleX="1" Scale="1">
                    <WZUIButton AbsContentSize="90,70" AbsPosition="70,45" AnchorPoint="0.5,0.5" GUID="{A76106F9-0912-4306-A83C-F00A750852AC}" LuaDoneFunctionName="onClickSwitch" Name="btnSwitch_WndBottomBar" RelativePosition="0.5,0.5" Scale="1" ShowAll="False" Type="WZUIButton" UseAbsCoordinate="False" UseAbsSize="True">
                        <NormalElement GUID="{F13B0252-C524-40cd-AF39-AA3AAA579B66}" Type="WZUIContainer" Visible="True">
                            <WZUIImage File="ui/common/common_btn_anniu6_2.png" GUID="{04B8A025-8F67-4ccc-9D61-7B19E64F1BCB}" RelativePosition="0.5,0.5" Scale="1" Type="WZUIImage" UseOriginSize="True" Visible="True" />
                        </NormalElement>
                        <SelectElement GUID="{4B0AB809-67A0-4f0b-9237-7EFD084D5206}" Type="WZUIContainer" Visible="True">
                            <WZUIImage File="ui/common/common_btn_anniu6_sel_2.png" GUID="{357B8EB6-3211-4901-9524-08FB51EA8DCF}" RelativePosition="0.5,0.5" Scale="1" Type="WZUIImage" UseOriginSize="True" />
                        </SelectElement>
                        <WZUIImage File="ui/city/newUI/common_icon_zhujiemian.png" GUID="{4D1C597F-700B-4b54-A59C-A55F509C5D8B}" RelativePosition="0.5,0.5" Scale="1" Type="WZUIImage" UseOriginSize="True" Name="imgSwitchOn2_WndBottomBar" Rotation="0" FlipY="True" />
                        <WZUIContainer GUID="{E4E777ED-4054-46a2-8751-891D84DF5E08}" Name="conSwitchOff_WndBottomBar" RelativePosition="0.5,0.5" Type="WZUIContainer" Visible="True">
                            <WZUIImage File="ui/city/newUI/common_icon_zhujiemian.png" GUID="{116FA2B0-110C-4d5d-AEE4-1D8C375D0906}" RelativePosition="0.5,0.5" Scale="1" Type="WZUIImage" UseOriginSize="True" Name="imgSwitchOff2_WndBottomBar" Rotation="180" FlipY="True" />
                        </WZUIContainer>
                    </WZUIButton>
                    <WZUIContainer Type="WZUIContainer" GUID="{3DFAA3CB-7664-48cc-878A-444B3A741B9D}" Name="conNetSignal_WndBottomBar" AnchorPoint="1,0.5" AbsContentSize="40,40" UseAbsSize="True" RelativePosition="0.07,0.5" />
                </WZUIContainer>
                <WZUIScissorContainer Type="WZUIScissorContainer" GUID="{dd344307-2b38-44e5-9e19-b645541ec008}" AbsContentSize="264,424" UseAbsSize="True" AnchorPoint="1,1" RelativePosition="0.990688,0.901498" Name="conSciVertical_WndBottomBar">
                    <WZUIContainer Type="WZUIContainer" GUID="{5ac901b5-5c1e-45ab-89e7-4f2064b56f42}" Name="conVertical_WndBottomBar" AnchorPoint="0.5,0.5" RelativePosition="0.5,0.5" AbsContentSize="264,424" UseAbsSize="True">
                        <WZUI9Image File="ui/common/common_scale9_di68.png" GUID="{4074fc28-25a6-4191-ad00-821aca0e5c81}" NoBorder="False" RelativePosition="0.5,0.5" Type="WZUI9Image" UseOriginSize="False" CapInsets="12,12,12,12" Name="bg" UseOriginSizeProportion="False" Visible="True" Tag="99" LuaTouchEndedFunction="" />
                        <WZUIButton AbsContentSize="60,60" AbsPosition="70,45" AnchorPoint="0.5,0.5" GUID="{011f02cf-0909-49e3-9363-b14ebcc337b2}" LuaDoneFunctionName="onClickBag" Name="btnBag_WndBottomBar" RelativePosition="0.8,0.8" ShowAll="False" Type="WZUIButton" UseAbsCoordinate="False" UseAbsSize="True" RelativeSize="1,1" Scale="1" Visible="False">
                            <NormalElement GUID="{87a2c9b4-e9c9-4298-a763-35a9bfedca52}" Type="WZUIContainer">
                                <WZUIImage File="ui/city/beta/main_icon_di02_2.png" GUID="{7b5832b1-6276-4f2c-91a5-0ee8da335599}" Type="WZUIImage" UseOriginSize="True" Scale="1" RelativePosition="0.5,0.5" />
                                <WZUIImage Type="WZUIImage" GUID="{d12d8272-b064-49eb-a18e-51a3b86ca906}" File="ui/city/beta/main_icon_beibao_2.png" UseOriginSize="True" RelativePosition="0.5,0.6" />
                                <WZUIImage Type="WZUIImage" GUID="{e193445e-1cab-4c57-869f-dbd66361dbce}" File="ui/city/beta/commom_icon_wz_beibao_2.png" UseOriginSize="True" RelativePosition="0.5,-0.05" AnchorPoint="0.5,0" Visible="True" />
                            </NormalElement>
                            <SelectElement GUID="{c9ba8423-cdff-4752-905b-15ef78672d7f}" Type="WZUIContainer">
                                <WZUIImage File="ui/city/beta/main_icon_di02_2.png" GUID="{0cb334f5-82ea-4790-aa21-2437f7d709a4}" Type="WZUIImage" UseOriginSize="True" Scale="1" RelativePosition="0.5,0.5" />
                                <WZUIImage Type="WZUIImage" GUID="{ba3283ce-2ec3-496b-a0f5-540ab2a775b1}" File="ui/city/beta/main_icon_beibao_2.png" Scale="1.1" UseOriginSize="True" RelativePosition="0.5,0.6" />
                                <WZUIImage Type="WZUIImage" GUID="{ccc91f2c-a420-4de0-a423-314480ae62a7}" File="ui/city/beta/commom_icon_wz_beibao_2.png" UseOriginSize="True" RelativePosition="0.5,-0.05" AnchorPoint="0.5,0" Scale="1" />
                            </SelectElement>
                        </WZUIButton>
                        <WZUIButton AbsContentSize="60,60" AbsPosition="70,45" AnchorPoint="0.5,0.5" GUID="{afeda12f-d626-4085-a1e6-b55dfaef9516}" LuaDoneFunctionName="onClickItem" Name="btnItem_WndBottomBar" RelativePosition="0.5,0.8" ShowAll="False" Type="WZUIButton" UseAbsCoordinate="False" UseAbsSize="True" RelativeSize="1,1" Scale="1" Visible="False">
                            <NormalElement GUID="{8c3a8445-ec80-4ba1-ac31-4c7eef82bb47}" Type="WZUIContainer">
                                <WZUIImage File="ui/city/beta/main_icon_di02_2.png" GUID="{a7a1bd7f-e0b6-49f1-8967-666eab54741b}" Type="WZUIImage" UseOriginSize="True" Scale="1" RelativePosition="0.5,0.5" />
                                <WZUIImage Type="WZUIImage" GUID="{547ffccb-e84c-4970-b0ed-3cedd52f956e}" File="ui/city/beta/main_icon_jineng_2.png" UseOriginSize="True" RelativePosition="0.5,0.6" />
                                <WZUIImage Type="WZUIImage" GUID="{7e9963f1-e2da-4b22-a451-a8d36bf468a8}" File="ui/city/beta/commom_icon_wz_jineng_2.png" UseOriginSize="True" RelativePosition="0.5,-0.05" AnchorPoint="0.5,0" Visible="True" />
                            </NormalElement>
                            <SelectElement GUID="{c4824a75-a4ab-470f-8224-c40ab0edfab0}" Type="WZUIContainer">
                                <WZUIImage File="ui/city/beta/main_icon_di02_2.png" GUID="{3608351f-3648-4a1a-862d-90e795299b9c}" Type="WZUIImage" UseOriginSize="True" Scale="1" RelativePosition="0.5,0.5" />
                                <WZUIImage Type="WZUIImage" GUID="{9f4cd0ae-ae78-4151-93fa-fcb9b41ac10b}" File="ui/city/beta/main_icon_jineng_2.png" Scale="1.1" UseOriginSize="True" RelativePosition="0.5,0.6" />
                                <WZUIImage Type="WZUIImage" GUID="{e17fab17-372b-4a5e-af9e-c14ceb5d5ce6}" File="ui/city/beta/commom_icon_wz_jineng_2.png" UseOriginSize="True" RelativePosition="0.5,-0.05" AnchorPoint="0.5,0" Scale="1" />
                            </SelectElement>
                        </WZUIButton>
                        <WZUIButton AbsContentSize="60,60" AbsPosition="70,45" AnchorPoint="0.5,0.5" GUID="{51af0095-12a0-4a8f-8bd2-abc054e4224a}" LuaDoneFunctionName="onClickStrong" Name="btnStrong_WndBottomBar" RelativePosition="0.2,0.8" ShowAll="False" Type="WZUIButton" UseAbsCoordinate="False" UseAbsSize="True" RelativeSize="1,1" Scale="1" Visible="False">
                            <NormalElement GUID="{478e4338-d55d-42a7-95ab-b8a2c8c5a3f3}" Type="WZUIContainer">
                                <WZUIImage File="ui/city/beta/main_icon_di02_2.png" GUID="{13c2c756-c651-4a4e-a4e5-b0f5e8b9cb08}" Type="WZUIImage" UseOriginSize="True" Scale="1" RelativePosition="0.5,0.5" />
                                <WZUIImage Type="WZUIImage" GUID="{2d6a3dd1-6cc6-4129-aba6-237590f34025}" File="ui/city/beta/main_icon_duanzao_2.png" UseOriginSize="True" RelativePosition="0.5,0.6" />
                                <WZUIImage Type="WZUIImage" GUID="{2fcf1554-ad4d-4a58-9e05-439bab5a410c}" File="ui/city/beta/commom_icon_wz_duanzao_2.png" UseOriginSize="True" RelativePosition="0.5,-0.05" AnchorPoint="0.5,0" Visible="True" />
                            </NormalElement>
                            <SelectElement GUID="{b53c95f3-97c5-4b6b-bf4c-7384ec7d1ad0}" Type="WZUIContainer">
                                <WZUIImage File="ui/city/beta/main_icon_di02_2.png" GUID="{6955fb00-1056-44ac-bbb5-498a07d41d85}" Type="WZUIImage" UseOriginSize="True" Scale="1" RelativePosition="0.5,0.5" />
                                <WZUIImage Type="WZUIImage" GUID="{ce2c18f9-0078-4fe0-92d4-1fbafd62c907}" File="ui/city/beta/main_icon_duanzao_2.png" Scale="1.1" UseOriginSize="True" RelativePosition="0.5,0.6" />
                                <WZUIImage Type="WZUIImage" GUID="{6773a683-0dc5-49dd-9111-0ac37a978686}" File="ui/city/beta/commom_icon_wz_duanzao_2.png" UseOriginSize="True" RelativePosition="0.5,-0.05" AnchorPoint="0.5,0" Scale="1" />
                            </SelectElement>
                        </WZUIButton>
                        <WZUIButton AbsContentSize="60,60" AbsPosition="70,45" AnchorPoint="0.5,0.5" GUID="{fc5434b6-9f85-4121-9b98-19e0d424d554}" LuaDoneFunctionName="onClickPet" Name="btnPet_WndBottomBar" RelativePosition="0.8,0.5" ShowAll="False" Type="WZUIButton" UseAbsCoordinate="False" UseAbsSize="True" RelativeSize="1,1" Scale="1" Visible="False">
                            <NormalElement GUID="{848164d8-f498-4f3a-883a-9ec6962c155c}" Type="WZUIContainer">
                                <WZUIImage File="ui/city/beta/main_icon_di02_2.png" GUID="{4da0c2ce-987b-426b-8432-c0573ccc0573}" Type="WZUIImage" UseOriginSize="True" Scale="1" RelativePosition="0.5,0.5" />
                                <WZUIImage Type="WZUIImage" GUID="{432f96a8-b914-47b7-8ed2-f0fa3ada2f93}" File="ui/city/beta/main_icon_chongwu_2.png" UseOriginSize="True" RelativePosition="0.5,0.6" />
                                <WZUIImage Type="WZUIImage" GUID="{ab1c64ef-bd2a-45b8-902d-f682f433e835}" File="ui/city/beta/commom_icon_wz_chongwu_2.png" UseOriginSize="True" RelativePosition="0.5,-0.05" AnchorPoint="0.5,0" Visible="True" />
                            </NormalElement>
                            <SelectElement GUID="{25a54fe8-107a-4798-be20-9819a9db9c42}" Type="WZUIContainer">
                                <WZUIImage File="ui/city/beta/main_icon_di02_2.png" GUID="{f9984375-b6aa-45b5-8f58-c103a41ce2df}" Type="WZUIImage" UseOriginSize="True" Scale="1" RelativePosition="0.5,0.5" />
                                <WZUIImage Type="WZUIImage" GUID="{db0de72a-cd93-41a6-b809-2e80211a66c4}" File="ui/city/beta/main_icon_chongwu_2.png" Scale="1.1" UseOriginSize="True" RelativePosition="0.5,0.6" />
                                <WZUIImage Type="WZUIImage" GUID="{ce617a16-bc6b-41c5-844f-2b2a51905938}" File="ui/city/beta/commom_icon_wz_chongwu_2.png" UseOriginSize="True" RelativePosition="0.5,-0.05" AnchorPoint="0.5,0" Scale="1" />
                            </SelectElement>
                        </WZUIButton>
                        <WZUIButton AbsContentSize="60,60" AbsPosition="70,45" AnchorPoint="0.5,0.5" GUID="{599a889b-6e7e-41d4-b99b-50972de6b76d}" LuaDoneFunctionName="onClickMount" Name="btnMount_WndBottomBar" RelativePosition="0.5,0.5" ShowAll="False" Type="WZUIButton" UseAbsCoordinate="False" UseAbsSize="True" RelativeSize="1,1" Scale="1" Visible="False">
                            <NormalElement GUID="{c263c8ef-6d6a-4274-bd9e-878fc956638c}" Type="WZUIContainer">
                                <WZUIImage File="ui/city/beta/main_icon_di02_2.png" GUID="{284d18ae-3982-4bb8-b1f7-b2a36b037df4}" Type="WZUIImage" UseOriginSize="True" Scale="1" RelativePosition="0.5,0.5" />
                                <WZUIImage Type="WZUIImage" GUID="{d4583556-6f50-4bd9-9dec-f622462d0a80}" File="ui/city/beta/main_icon_zuoqi_2.png" UseOriginSize="True" RelativePosition="0.5,0.6" />
                                <WZUIImage Type="WZUIImage" GUID="{85318961-f1e1-4f09-bca7-ef8eebfeb25d}" File="ui/city/beta/commom_icon_wz_zuoqi_2.png" UseOriginSize="True" RelativePosition="0.5,-0.05" AnchorPoint="0.5,0" Visible="True" />
                            </NormalElement>
                            <SelectElement GUID="{ba0c84e3-526c-4689-a5e8-1213ba486306}" Type="WZUIContainer">
                                <WZUIImage File="ui/city/beta/main_icon_di02_2.png" GUID="{7fbe277f-7d4f-4dd2-97b8-9d398a1b9bf8}" Type="WZUIImage" UseOriginSize="True" Scale="1" RelativePosition="0.5,0.5" />
                                <WZUIImage Type="WZUIImage" GUID="{29a7efd5-4b35-47da-b0af-54adf15d5b3e}" File="ui/city/beta/main_icon_zuoqi_2.png" Scale="1.1" UseOriginSize="True" RelativePosition="0.5,0.6" />
                                <WZUIImage Type="WZUIImage" GUID="{388f520a-1209-4d68-a987-9143fcc00928}" File="ui/city/beta/commom_icon_wz_zuoqi_2.png" UseOriginSize="True" RelativePosition="0.5,-0.05" AnchorPoint="0.5,0" Scale="1" />
                            </SelectElement>
                        </WZUIButton>
                        <WZUIButton AbsContentSize="60,60" AbsPosition="70,45" AnchorPoint="0.5,0.5" GUID="{3c817481-2dba-440c-a60b-4a237169bdf4}" LuaDoneFunctionName="onClickCard" Name="btnKapai_WndBottomBar" RelativePosition="0.2,0.5" ShowAll="False" Type="WZUIButton" UseAbsCoordinate="False" UseAbsSize="True" RelativeSize="1,1" Scale="1" Visible="False">
                            <NormalElement GUID="{2e769478-0db7-43da-a153-38cb6dd731ad}" Type="WZUIContainer">
                                <WZUIImage File="ui/city/beta/main_icon_di02_2.png" GUID="{e412f56a-013f-4c40-a3ac-ad126f636fd5}" Type="WZUIImage" UseOriginSize="True" Scale="1" RelativePosition="0.5,0.5" />
                                <WZUIImage Type="WZUIImage" GUID="{c4c1622e-b91e-43db-a4ad-b005e3d0ed1f}" File="ui/city/beta/main_icon_kapai_2.png" UseOriginSize="True" RelativePosition="0.5,0.55" />
                                <WZUIImage Type="WZUIImage" GUID="{9bf178a8-8182-44c0-98c1-fbc199930e7a}" File="ui/city/beta/commom_icon_wz_kapai_2.png" UseOriginSize="True" RelativePosition="0.5,-0.05" AnchorPoint="0.5,0" Visible="True" />
                            </NormalElement>
                            <SelectElement GUID="{5bd33aca-e42f-4524-8127-a1e6a6c874fd}" Type="WZUIContainer">
                                <WZUIImage File="ui/city/beta/main_icon_di02_2.png" GUID="{a85a59c1-5b7d-4ec6-880d-b1924d7cff5f}" Type="WZUIImage" UseOriginSize="True" Scale="1" RelativePosition="0.5,0.5" />
                                <WZUIImage Type="WZUIImage" GUID="{7201037e-3e2d-4d72-acab-af1d0a2b60ef}" File="ui/city/beta/main_icon_kapai_2.png" Scale="1.1" UseOriginSize="True" RelativePosition="0.5,0.55" />
                                <WZUIImage Type="WZUIImage" GUID="{ab4efe13-78ec-46d8-9742-9bc800e6e750}" File="ui/city/beta/commom_icon_wz_kapai_2.png" UseOriginSize="True" RelativePosition="0.5,-0.05" AnchorPoint="0.5,0" Scale="1" />
                            </SelectElement>
                        </WZUIButton>
                        <WZUIButton AbsContentSize="60,60" AbsPosition="70,45" AnchorPoint="0.5,0.5" GUID="{e983ac25-7007-4c1f-a96b-54373b74fb12}" LuaDoneFunctionName="onClickTask" Name="btnTask_WndBottomBar" RelativePosition="0.8,0.2" ShowAll="False" Type="WZUIButton" UseAbsCoordinate="False" UseAbsSize="True" RelativeSize="1,1" Scale="1" Visible="False">
                            <NormalElement GUID="{3bb2302a-9ec7-4745-890c-1e165107828c}" Type="WZUIContainer">
                                <WZUIImage File="ui/city/beta/main_icon_di02_2.png" GUID="{a39e080d-ebf9-4760-95b9-9d73ef7794d6}" Type="WZUIImage" UseOriginSize="True" Scale="1" RelativePosition="0.5,0.5" />
                                <WZUIImage Type="WZUIImage" GUID="{9ea93e5f-93fb-40ad-9f85-25458e9f186d}" File="ui/city/beta/common_icon_renwu02.png" UseOriginSize="True" />
                                <WZUIImage Type="WZUIImage" GUID="{f738f9f5-01fa-447b-8e3d-a9f225117e75}" File="ui/city/beta/commom_icon_wz_renwu_2.png" UseOriginSize="True" RelativePosition="0.5,-0.05" AnchorPoint="0.5,0" Visible="True" />
                            </NormalElement>
                            <SelectElement GUID="{564eb4bf-d361-4d35-a8a2-ef89c7679019}" Type="WZUIContainer">
                                <WZUIImage File="ui/city/beta/main_icon_di02_2.png" GUID="{e038f621-d0fe-4ae1-9621-f4c42682a877}" Type="WZUIImage" UseOriginSize="True" Scale="1" RelativePosition="0.5,0.5" />
                                <WZUIImage Type="WZUIImage" GUID="{b63f6580-fafd-4de5-a043-c6e66c608f06}" File="ui/city/beta/common_icon_renwu02.png" Scale="1.1" UseOriginSize="True" />
                                <WZUIImage Type="WZUIImage" GUID="{061bd2de-1785-498a-a3ae-c9e8efb92a17}" File="ui/city/beta/commom_icon_wz_renwu_2.png" UseOriginSize="True" RelativePosition="0.5,-0.05" AnchorPoint="0.5,0" Scale="1" />
                            </SelectElement>
                        </WZUIButton>
                        <WZUIButton AbsContentSize="60,60" AbsPosition="70,45" AnchorPoint="0.5,0.5" GUID="{a30e48f4-ecbf-437f-993d-212002e8fac1}" LuaDoneFunctionName="onClickFriend" Name="btnFriend_WndBottomBar" RelativePosition="0.5,0.2" ShowAll="False" Type="WZUIButton" UseAbsCoordinate="False" UseAbsSize="True" RelativeSize="1,1" Scale="1" Visible="False">
                            <NormalElement GUID="{8c38a324-10ab-430c-ab9a-05d3aee62bcd}" Type="WZUIContainer">
                                <WZUIImage File="ui/city/beta/main_icon_di02_2.png" GUID="{27a6056b-9b66-4599-af55-2a258f503241}" Type="WZUIImage" UseOriginSize="True" Scale="1" RelativePosition="0.5,0.5" />
                                <WZUIImage Type="WZUIImage" GUID="{20e5a351-050a-407c-ac11-8ff460634c66}" File="ui/city/beta/main_icon_haoyou02_2.png" UseOriginSize="True" />
                                <WZUIImage Type="WZUIImage" GUID="{67440083-ffe3-4c63-a30a-bcdeb48055a4}" File="ui/city/beta/commom_icon_wz_haoyou_2.png" UseOriginSize="True" RelativePosition="0.5,-0.05" AnchorPoint="0.5,0" Visible="True" />
                            </NormalElement>
                            <SelectElement GUID="{6d56e76f-1dd7-4e4d-8915-72cad4ec67bb}" Type="WZUIContainer">
                                <WZUIImage File="ui/city/beta/main_icon_di02_2.png" GUID="{a5707ecd-c46e-4a0b-a630-39589a19d6ae}" Type="WZUIImage" UseOriginSize="True" Scale="1" RelativePosition="0.5,0.5" />
                                <WZUIImage Type="WZUIImage" GUID="{aadfc1f4-db7d-48e9-82db-467ed7f39bdf}" File="ui/city/beta/main_icon_haoyou02_2.png" Scale="1.1" UseOriginSize="True" />
                                <WZUIImage Type="WZUIImage" GUID="{67fc87b5-a891-489f-b3d5-38e7354b2c8a}" File="ui/city/beta/commom_icon_wz_haoyou_2.png" UseOriginSize="True" RelativePosition="0.5,-0.05" AnchorPoint="0.5,0" Scale="1" />
                            </SelectElement>
                        </WZUIButton>
                        <WZUIButton AbsContentSize="60,60" AbsPosition="70,45" AnchorPoint="0.5,0.5" GUID="{0c126fcc-847b-4f1e-ad4f-1fea39b994de}" LuaDoneFunctionName="onClickPractice" Name="btnPractice_WndBottomBar" RelativePosition="0.5,0.2" ShowAll="False" Type="WZUIButton" UseAbsCoordinate="False" UseAbsSize="True" RelativeSize="1,1" Scale="1" Visible="False">
                            <NormalElement GUID="{843f4ded-83d5-4920-8f8d-d5081fe98d2b}" Type="WZUIContainer">
                                <WZUIImage File="ui/city/beta/main_icon_di02_2.png" GUID="{6fa67def-cf9e-4c68-9682-8b61a7e03e9f}" Type="WZUIImage" UseOriginSize="True" Scale="1" RelativePosition="0.5,0.5" />
                                <WZUIImage Type="WZUIImage" GUID="{4cbcf1c7-b629-4fe7-a146-d6ea6f102bad}" File="ui/city/beta/main_icon_xiulian_2.png" UseOriginSize="True" />
                                <WZUIImage Type="WZUIImage" GUID="{85f3b143-3a22-47b2-aa8a-cdab432d72f5}" File="ui/city/beta/commom_icon_wz_xiulian_2.png" UseOriginSize="True" RelativePosition="0.5,-0.05" AnchorPoint="0.5,0" Visible="True" />
                            </NormalElement>
                            <SelectElement GUID="{d8db2b92-53ba-45f0-926e-3b04590ad3bb}" Type="WZUIContainer">
                                <WZUIImage File="ui/city/beta/main_icon_di02_2.png" GUID="{293476b0-a3b2-4959-997e-4d3407cbf33b}" Type="WZUIImage" UseOriginSize="True" Scale="1" RelativePosition="0.5,0.5" />
                                <WZUIImage Type="WZUIImage" GUID="{5297ac8d-e02f-4b37-9ebc-cd2be302c659}" File="ui/city/beta/main_icon_xiulian_2.png" Scale="1.1" UseOriginSize="True" />
                                <WZUIImage Type="WZUIImage" GUID="{5d89cbfb-f109-451c-b7af-fa949ebefa88}" File="ui/city/beta/commom_icon_wz_xiulian_2.png" UseOriginSize="True" RelativePosition="0.5,-0.05" AnchorPoint="0.5,0" Scale="1" />
                            </SelectElement>
                        </WZUIButton>
                        <WZUIButton AbsContentSize="60,60" AbsPosition="70,45" AnchorPoint="0.5,0.5" GUID="{2473667a-89d9-41ce-80ac-72dd2df0239d}" LuaDoneFunctionName="onClickRune" Name="btnRune_WndBottomBar" RelativePosition="0.5,0.2" ShowAll="False" Type="WZUIButton" UseAbsCoordinate="False" UseAbsSize="True" RelativeSize="1,1" Scale="1" Visible="False">
                            <NormalElement GUID="{70e6b56d-b124-464b-b643-2fd2d91aa1c1}" Type="WZUIContainer">
                                <WZUIImage File="ui/city/beta/main_icon_di02_2.png" GUID="{c581f5ce-063d-42e2-86c3-0eff44ade8fd}" Type="WZUIImage" UseOriginSize="True" Scale="1" RelativePosition="0.5,0.5" />
                                <WZUIImage Type="WZUIImage" GUID="{7950d17f-2163-47b7-8964-4f683b9bbb91}" File="ui/city/beta/main_icon_fuwen_2.png" UseOriginSize="True" />
                                <WZUIImage Type="WZUIImage" GUID="{299f0e62-1b99-4c42-9877-d14edab45c99}" File="ui/city/beta/commom_icon_wz_fuwen_2.png" UseOriginSize="True" RelativePosition="0.5,-0.05" AnchorPoint="0.5,0" Visible="True" />
                            </NormalElement>
                            <SelectElement GUID="{ea8795ba-1b77-4e7c-89f2-a8f5a23c1de2}" Type="WZUIContainer">
                                <WZUIImage File="ui/city/beta/main_icon_di02_2.png" GUID="{fad585dd-040d-4f26-b409-ba99e82fd0dd}" Type="WZUIImage" UseOriginSize="True" Scale="1" RelativePosition="0.5,0.5" />
                                <WZUIImage Type="WZUIImage" GUID="{7a3d369f-a344-4836-8e1f-6b3b21664281}" File="ui/city/beta/main_icon_fuwen_2.png" Scale="1.1" UseOriginSize="True" />
                                <WZUIImage Type="WZUIImage" GUID="{507c67cd-2e1b-4cee-8852-7707a09ede0a}" File="ui/city/beta/commom_icon_wz_fuwen_2.png" UseOriginSize="True" RelativePosition="0.5,-0.05" AnchorPoint="0.5,0" Scale="1" />
                            </SelectElement>
                        </WZUIButton>
                        <WZUIButton AbsContentSize="60,60" AbsPosition="70,45" AnchorPoint="0.5,0.5" GUID="{85351929-20c7-4062-bbb7-fe8ebb269683}" LuaDoneFunctionName="onClickPhantom" Name="btnPhantom_WndBottomBar" RelativePosition="0.5,0.2" ShowAll="False" Type="WZUIButton" UseAbsCoordinate="False" UseAbsSize="True" RelativeSize="1,1" Scale="1" Visible="False">
                            <NormalElement GUID="{868159e5-0646-4782-a85c-3715e2af53d0}" Type="WZUIContainer">
                                <WZUIImage File="ui/city/beta/main_icon_di02_2.png" GUID="{ee230565-147f-4cc9-beb6-a1a36b0837d7}" Type="WZUIImage" UseOriginSize="True" Scale="1" RelativePosition="0.5,0.5" />
                                <WZUIImage Type="WZUIImage" GUID="{b23413c3-c8ba-4250-b0b5-8ae1cd005fd3}" File="ui/city/beta/main_icon_huanhua_2.png" UseOriginSize="True" />
                                <WZUIImage Type="WZUIImage" GUID="{018f660e-8cc6-4867-b9f2-dca8161f6fc6}" File="ui/city/beta/commom_icon_wz_huanhua_2.png" UseOriginSize="True" RelativePosition="0.5,-0.05" AnchorPoint="0.5,0" Visible="True" />
                            </NormalElement>
                            <SelectElement GUID="{11406ed8-995f-401b-90c2-f9b3dd7e07fc}" Type="WZUIContainer">
                                <WZUIImage File="ui/city/beta/main_icon_di02_2.png" GUID="{e87d35b1-eec0-4bf3-80d6-def2099770af}" Type="WZUIImage" UseOriginSize="True" Scale="1" RelativePosition="0.5,0.5" />
                                <WZUIImage Type="WZUIImage" GUID="{da62f170-a288-4135-8253-29c90a6ae574}" File="ui/city/beta/main_icon_huanhua_2.png" Scale="1.1" UseOriginSize="True" />
                                <WZUIImage Type="WZUIImage" GUID="{a56fe7f8-fa42-4710-bacc-9f8daeef127f}" File="ui/city/beta/commom_icon_wz_huanhua_2.png" UseOriginSize="True" RelativePosition="0.5,-0.05" AnchorPoint="0.5,0" Scale="1" />
                            </SelectElement>
                        </WZUIButton>
                        <WZUIButton AbsContentSize="60,60" AbsPosition="70,45" AnchorPoint="0.5,0.5" GUID="{6ae11af5-1afe-4028-8db6-08756acbc2ff}" LuaDoneFunctionName="onClickAwaken" Name="btnAwaken_WndBottomBar" RelativePosition="0.2,0.2" ShowAll="False" Type="WZUIButton" UseAbsCoordinate="False" UseAbsSize="True" RelativeSize="1,1" Scale="1" Visible="False">
                            <NormalElement GUID="{86372543-d8a8-4ea9-8921-c87eee4ccf1f}" Type="WZUIContainer">
                                <WZUIImage File="ui/city/beta/main_icon_di02_2.png" GUID="{d063ef0c-a21a-4871-ae50-99d73ba005c3}" Type="WZUIImage" UseOriginSize="True" Scale="1" RelativePosition="0.5,0.5" />
                                <WZUIImage Type="WZUIImage" GUID="{05fda5a8-e04b-4b87-b54f-5e276e17de4a}" File="ui/city/beta/main_icon_juexing.png" UseOriginSize="True" RelativePosition="0.5,0.65" />
                                <WZUIImage Type="WZUIImage" GUID="{4318a907-81a4-46d9-80c5-6a1284b85926}" File="ui/city/beta/commom_icon_jx.png" UseOriginSize="True" RelativePosition="0.5,-0.05" AnchorPoint="0.5,0" Visible="True" />
                            </NormalElement>
                            <SelectElement GUID="{8556dcc0-db8d-402b-9ab6-9d3a5bb289da}" Type="WZUIContainer">
                                <WZUIImage File="ui/city/beta/main_icon_di02_2.png" GUID="{c2b8e587-992b-4e3c-a277-efe5085a5eda}" Type="WZUIImage" UseOriginSize="True" Scale="1" RelativePosition="0.5,0.5" />
                                <WZUIImage Type="WZUIImage" GUID="{be29c6c2-d92d-4672-ac64-3bda9a9edfea}" File="ui/city/beta/main_icon_juexing.png" Scale="1.1" UseOriginSize="True" RelativePosition="0.5,0.65" />
                                <WZUIImage Type="WZUIImage" GUID="{cecb813d-d375-4c06-827d-b518dc2b6cac}" File="ui/city/beta/commom_icon_jx.png" UseOriginSize="True" RelativePosition="0.5,-0.05" AnchorPoint="0.5,0" Scale="1" />
                            </SelectElement>
                        </WZUIButton>
                        <WZUIButton AbsContentSize="60,60" AbsPosition="70,45" AnchorPoint="0.5,0.5" GUID="{8307e987-2674-4705-b4dd-e6dc911f8092}" LuaDoneFunctionName="onClickPlayer" Name="btnPlayer_WndBottomBar" RelativePosition="0.8,0.2" ShowAll="False" Type="WZUIButton" UseAbsCoordinate="False" UseAbsSize="True" RelativeSize="1,1" Scale="1" Visible="False">
                            <NormalElement GUID="{56422ea1-406e-4b70-817b-4191e9908cc6}" Type="WZUIContainer">
                                <WZUIImage File="ui/city/beta/main_icon_di02_2.png" GUID="{96d97ffb-ef76-453a-acf9-60a41f62a9e0}" Type="WZUIImage" UseOriginSize="True" Scale="1" RelativePosition="0.5,0.5" />
                                <WZUIImage Type="WZUIImage" GUID="{54489316-f026-4f65-bcbb-5308f24d847b}" File="ui/city/beta/main_icon_juese.png" UseOriginSize="True" RelativePosition="0.5,0.65" />
                                <WZUIImage Type="WZUIImage" GUID="{7ce50c4e-9131-4615-910d-737429435072}" File="ui/city/beta/commom_icon_juese_2.png" UseOriginSize="True" RelativePosition="0.5,-0.05" AnchorPoint="0.5,0" Visible="True" />
                            </NormalElement>
                            <SelectElement GUID="{e9e8445c-8a62-459b-a502-6fa7d9b92e60}" Type="WZUIContainer">
                                <WZUIImage File="ui/city/beta/main_icon_di02_2.png" GUID="{10030cb6-588c-429c-a758-70032582f5d1}" Type="WZUIImage" UseOriginSize="True" Scale="1" RelativePosition="0.5,0.5" />
                                <WZUIImage Type="WZUIImage" GUID="{262db3f8-e771-43e6-9288-e06efe99642b}" File="ui/city/beta/main_icon_juese.png" Scale="1.1" UseOriginSize="True" RelativePosition="0.5,0.65" />
                                <WZUIImage Type="WZUIImage" GUID="{962b9485-3e14-4f83-a917-843d0fded004}" File="ui/city/beta/commom_icon_juese_2.png" UseOriginSize="True" RelativePosition="0.5,-0.05" AnchorPoint="0.5,0" Scale="1" />
                            </SelectElement>
                        </WZUIButton>
                    </WZUIContainer>
                </WZUIScissorContainer>
                <WZUI9Image File="ui/common/common_scale9_di69.png" GUID="{0b8eea85-9e3d-4bd1-a15b-29717723efe1}" NoBorder="False" RelativePosition="0.5,0.5" Type="WZUI9Image" UseOriginSize="False" CapInsets="12,12,40,12" Opacity="0" LuaTouchEndedFunction="hideExtend" TouchSwallow="False" Order="-1" />
            </WZUIContainer>
            <WZUIContainer Type="WZUIContainer" GUID="{59f5ad2c-1d27-4453-be97-31f50a2a0640}" Name="conTrailer_WndBottomBar" AbsContentSize="200,200" UseAbsSize="True" AbsPosition="480,400" UseAbsCoordinate="True" Visible="False" Order="3" ShowAll="True">
                <WZUIImage File="ui/city/newUI/main_icon_daoju.png" GUID="{8f37740c-3f5f-49a1-b260-fb4bdaab20de}" RelativePosition="0.5,0.5" Scale="1" Type="WZUIImage" UseOriginSize="True" Name="imgTrailer_WndBottomBar" Rotation="0" FlipY="False" Opacity="255" />
                <WZArmature Type="WZArmature" GUID="{069afeaf-4b90-4347-95bb-80c32abb6e8e}" ArmatureName="zhiyin_dianji_anniu_01" UseOriginSize="False" RelativePosition="0.5,0.5" Visible="False" RelativeSize="1,1" TouchEnable="False" TouchSwallow="False" UseAbsCoordinate="False" AbsPosition="0,0" GrayRender="False" ArmatureFile="teach/zhiyin_dianji_anniu_01.xml" Name="animTrailer_WndBottomBar" AnchorPoint="0.5,0.5" ShowAll="False" UseOriginSizeProportion="True">
                    <Action Type="WZUIArmatureAnimationById" GUID="{8fe64085-099a-4e6a-8947-921d8d5cb98a}" Bone="" AnimationId="0" Loop="-1" IsLoop="False" RunTimes="1" />
                </WZArmature>
                <WZUISpine Type="WZUISpine" GUID="{a99dd9f8-4cb4-4f29-8ae1-cb5d9fa22c39}" FileAtlas="ui/icon_chongwu.atlas" FileJson="ui/icon_chongwu.json" Loop="True" AnimationName="icon_chongwu_2" RelativePosition="0.49853,0.784554" ScaleX="1" ScaleY="1" Visible="True" Name="animTrailer1_WndBottomBar" Scale="1" />
            </WZUIContainer>
        </WZUIContainer>
    </WZUIContainer>
</WndBottomBar>
