﻿<WndBlessBag GUID="{f4831d05-041c-4775-bd6c-5ab7d54e43a8}">
    <WZUIWindow Type="WZUIWindow" GUID="{fe1c8eab-025d-416f-9a27-d152ce3c76c9}" LuaObjectName="WndBlessBag" Name="WndBlessBag" NameCreate="True" LuaTouchBeganFunction="onTouchBegan" AbsContentSize="960,640" UseAbsSize="True">
        <WZUIContainer Type="WZUIContainer" GUID="{758a4286-162c-4936-99be-333f2b69d51a}" AbsContentSize="855,520" UseAbsSize="True" RelativePosition="0.45625,0.45">
            <WZUIContainer Type="WZUIContainer" GUID="{8b20f907-bec7-45b0-b266-bed49fbfa431}" ShowAll="False" AbsContentSize="855,520" UseAbsSize="True">
                <WZUIContainer Type="WZUIContainer" GUID="{f3c87dfa-dd07-4420-9907-aad07d51e4b5}" Name="conLeft_WndBlessBag" UseAbsSize="True" AbsContentSize="486,520" RelativePosition="0.2819,0.5">
                    <Button Type="WZUIButton" GUID="{53ad9789-452c-4d0b-8788-1c1036ac3c79}" LuaActionName="Normal" AbsContentSize="80,40" UseAbsSize="True" RelativePosition="0.10949,0.948631" LuaDoneFunctionName="onClickQuickEquip">
                        <NormalElement Type="WZUIContainer" GUID="{8521ac85-226c-4e2a-9345-499000f53e40}">
                            <WZUIImage Type="WZUIImage" GUID="{8b42f25b-a28b-4d8b-8b7e-685163489472}" File="ui/common/common_btn_anniu5.png" UseOriginSize="True" ScaleX="1.35" />
                        </NormalElement>
                        <SelectElement Type="WZUIContainer" GUID="{bb277103-fc60-44f0-90bb-735235789f71}">
                            <WZUIImage Type="WZUIImage" GUID="{7148df70-1e0f-4fb7-b777-0a29bc417508}" File="ui/common/common_btn_anniu5_sel.png" UseOriginSize="True" ScaleX="1.35" />
                        </SelectElement>
                        <DisableElement Type="WZUIContainer" GUID="{73c5d173-a97a-438d-a31e-2d323cb165bf}" />
                        <WZUILabelTTF Type="WZUILabelTTF" GUID="{2a8b5cd5-e500-4f0d-b87d-e68d36c44a89}" Color="255,236,193" FontSize="16" EnableStroke="True" StrokeColor="105,65,46" StrokeSize="2" TextKey="NEWBAG5" Name="txtEquipAll_WndBlessBag" />
                    </Button>
                    <WZUIContainer AbsContentSize="420,340" GUID="{61e8d482-8c25-40bc-b920-97b7e89c5483}" RelativePosition="0.51,0.534615" RelativeSize="1,1" Type="WZUIContainer" UseAbsSize="True" Visible="True" TouchEnable="False">
                        <WZUIImage File="ui/common/common_pic_guangquan.png" GUID="{2c3990d7-87e5-413c-bd99-aea7472856c4}" Name="imgLeftBk2_WndBlessBag" RelativePosition="0.5,0.5" Type="WZUIImage" UseOriginSize="True" Visible="True" Order="1" Scale="0.75" TouchEnable="False">
                            <Action Type="WZUIActionSequence" GUID="{25d8d131-531d-4370-977e-b2a83d6ed8ce}" IsLoop="True">
                                <ChildAction Type="WZUIActionFadeTo" GUID="{5ff758dc-2be9-4868-9e61-252bae9d5e13}" Opacity="125" Duration="0.5" />
                                <ChildAction Type="WZUIActionFadeTo" GUID="{7f27fcb4-e14d-4b4b-a440-3ec2b70738c3}" Opacity="255" Duration="0.5" />
                            </Action>
                        </WZUIImage>
                    </WZUIContainer>
                    <WZUIContainer Type="WZUIContainer" GUID="{982386f9-b6e1-4fbe-b260-aec774928123}" UseAbsSize="True" AbsContentSize="200,260" Name="conRole_WndBlessBag" RelativePosition="0.5,0.50947">
                        <Button Type="WZUIButton" GUID="{ed799cc2-bf85-4830-ae83-aa47ad0e5f19}" LuaDoneFunctionName="onClickRole" Order="2" RelativePosition="0.505,0.476923">
                            <NormalElement Type="WZUIContainer" GUID="{e97dca3e-e839-4a6a-8527-4015cb411d72}" />
                            <SelectElement Type="WZUIContainer" GUID="{10ea3cd3-9674-4f55-9d84-69aa2e29361f}" />
                            <DisableElement Type="WZUIContainer" GUID="{a167e87a-f390-4660-bf2a-daf9a16e44b8}" />
                        </Button>
                        <WZUIContainer Type="WZUIContainer" GUID="{0e581fef-5007-4752-bf41-1df0dca2c6aa}" Name="conTitle_WndBlessBag" AnchorPoint="0.5,0" RelativePosition="0.5,1.13461" AbsContentSize="300,50" UseAbsSize="True">
                            <WZUILabelTTF Alignment="Left" AnchorPoint="0.5,0.5" BoldFont="False" Color="247,137,24" FontSize="22" GUID="{742be52f-6ce6-443a-9a80-bba4527c4b48}" Name="txtTitle_WndBlessBag" RelativePosition="0.5,0.5" Text="的降落伞就的发生" Type="WZUILabelTTF" EnableStroke="True" StrokeSize="4" StrokeColor="79,60,48" Order="1" AbsPosition="150,42" />
                        </WZUIContainer>
                        <WZUIImage Type="WZUIImage" GUID="{ad2602ed-d4a2-4337-9342-d0d26d7c8cd8}" File="ui/common/common_icon_yy.png" UseOriginSize="True" RelativePosition="0.5,0.0769231" />
                    </WZUIContainer>
                    <WZUIContainer Type="WZUIContainer" GUID="{b1c5da94-5333-48cf-8853-17d3fb54d784}" Name="conEquipGrid1_WndBlessBag" AbsContentSize="80,80" UseAbsSize="True" RelativePosition="0.114,0.739" Tag="1" Visible="True">
                        <WZUIImage Type="WZUIImage" GUID="{79b437cf-edb7-4c7b-a2f6-2c03b370c863}" File="ui/bless/common_icon_qifudikuang.png" UseOriginSize="True" />
                    </WZUIContainer>
                    <WZUIContainer Type="WZUIContainer" GUID="{3eb81ddf-9926-49e6-9d88-775918b2ce4e}" Name="conEquipGrid2_WndBlessBag" AbsContentSize="80,80" UseAbsSize="True" RelativePosition="0.888,0.739" Tag="2">
                        <WZUIImage Type="WZUIImage" GUID="{7387be30-0be6-4e3e-9cf9-6a288deb3823}" File="ui/bless/common_icon_qifudikuang.png" UseOriginSize="True" />
                    </WZUIContainer>
                    <WZUIContainer Type="WZUIContainer" GUID="{0296f800-b1bf-445b-9908-fd6ecb406f28}" Name="conEquipGrid3_WndBlessBag" AbsContentSize="80,80" UseAbsSize="True" RelativePosition="0.114,0.541" Tag="3">
                        <WZUIImage Type="WZUIImage" GUID="{d5bc7420-71c1-485b-9ab1-20fd0ba3d243}" File="ui/bless/common_icon_qifudikuang.png" UseOriginSize="True" />
                    </WZUIContainer>
                    <WZUIContainer Type="WZUIContainer" GUID="{619c038a-b988-42b8-8601-1f950c429c27}" Name="conEquipGrid4_WndBlessBag" AbsContentSize="80,80" UseAbsSize="True" RelativePosition="0.888,0.541" Tag="4">
                        <WZUIImage Type="WZUIImage" GUID="{0299c6ec-60b1-4fe1-8c9c-02a252d078be}" File="ui/bless/common_icon_qifudikuang.png" UseOriginSize="True" />
                    </WZUIContainer>
                    <WZUIContainer Type="WZUIContainer" GUID="{bd923844-4780-413b-845b-da5c63b57648}" Name="conEquipGrid5_WndBlessBag" AbsContentSize="80,80" UseAbsSize="True" RelativePosition="0.114,0.342" Tag="5">
                        <WZUIImage Type="WZUIImage" GUID="{119bc034-a7c3-4f50-a2da-cc216798f987}" File="ui/bless/common_icon_qifudikuang.png" UseOriginSize="True" />
                    </WZUIContainer>
                    <WZUIContainer Type="WZUIContainer" GUID="{9c9368b7-5942-4799-8ebf-f2b063298401}" Name="conEquipGrid6_WndBlessBag" AbsContentSize="80,80" UseAbsSize="True" RelativePosition="0.888,0.342" Tag="6">
                        <WZUIImage Type="WZUIImage" GUID="{95e18c69-d587-4ecb-984a-25bb257d623c}" File="ui/bless/common_icon_qifudikuang.png" UseOriginSize="True" />
                    </WZUIContainer>
                </WZUIContainer>
                <WZUIContainer Type="WZUIContainer" GUID="{6f73dafc-7578-4a16-8c5f-388b54ba7786}" Name="conRight_WndBlessBag" AbsContentSize="374,518" UseAbsSize="True" RelativePosition="0.780342,0.500769">
                    <WZUIContainer Type="WZUIContainer" GUID="{474b3b91-c41a-4aeb-88ef-ee35bb9a72f6}" Name="conTop_WndBlessBag" AbsContentSize="370,40" UseAbsSize="True" RelativePosition="0.5,0.938696">
                        <CheckElement Type="WZUIContainer" GUID="{92634a76-75fc-44c7-8b9c-fadb9d566abd}" AbsContentSize="86,40" UseAbsSize="True" RelativePosition="0.144621,0.5">
                            <WZUIImage Type="WZUIImage" GUID="{2a9751ab-4fd6-45b3-91b9-9df31e30bce6}" File="ui/common/common_btn_biaoqian2_sel.png" />
                            <WZUILabelTTF Type="WZUILabelTTF" GUID="{2ca40cfa-2a6f-43a1-b1fb-62b46e65452f}" Color="255,236,193" EnableStroke="True" FontSize="22" StrokeColor="127,70,26" StrokeSize="4" TextKey="ASCENDING_FUSE6" />
                        </CheckElement>
                    </WZUIContainer>
                    <WZUIContainer Type="WZUIContainer" GUID="{d8ebfa69-6a8f-40c2-bac9-dc72fa88d343}" AbsContentSize="360,374" UseAbsSize="True" RelativePosition="0.502674,0.898794" AnchorPoint="0.5,1">
                        <WZUIImage Type="WZUIImage" GUID="{4ed0bf60-0b12-45b6-b69e-f810ebf4b018}" File="ui/bag/js_fengexian_02.png" UseOriginSize="True" RelativePosition="0.5,0.91" />
                        <WZUITableContainer Type="WZUITableContainer" GUID="{cebe5ba5-050c-447a-8258-3d8406dac09c}" Name="tableBagList_WndBlessBag" ColumnCount="4" EnableMoveHorizontal="False" HorizontalInterval="0" VerticalInterval="0" CellElementHeight="0.272" AbsContentSize="360,320" UseAbsSize="True" RelativePosition="0.497449,0.475348" />
                        <WZUIFreeTextBox Type="WZUIFreeTextBox" GUID="{cba7608a-0e35-4238-97ba-e7060f467340}" Name="fitemNum_WndBlessBag" MaxWidth="400" AnchorPoint="0,0.5" RelativePosition="0.0332,0.949305" />
                    </WZUIContainer>
                    <WZUIContainer Type="WZUIContainer" GUID="{ce2b02cd-acd8-41b6-bf66-ab7e35391551}" AbsContentSize="370,90" UseAbsSize="True" AnchorPoint="0.5,0" RelativePosition="0.5,0.0113636" Name="conBottom_WndBlessBag">
                        <Button Type="WZUIButton" GUID="{7153e59b-3315-46ca-8523-1c22fc6962da}" AbsContentSize="116,56" UseAbsSize="True" LuaActionName="Normal" RelativePosition="0.1675,0.5" LuaDoneFunctionName="onClickBlessShop" Name="btnBlessShop_WndBlessBag">
                            <NormalElement Type="WZUIContainer" GUID="{d6dbdcd5-c47e-4a1c-9552-67c6e12d2094}">
                                <WZUIImage Type="WZUIImage" GUID="{0bafa71a-559d-4ab9-92cf-44c49105af87}" File="ui/common/common_btn_anniu3_1.png" UseOriginSize="False" />
                            </NormalElement>
                            <SelectElement Type="WZUIContainer" GUID="{0ff6ed62-cf24-4658-8a2c-3dc2b52b52b5}">
                                <WZUIImage Type="WZUIImage" GUID="{6331b2d3-7902-4261-9349-c22c92f9fe76}" File="ui/common/common_btn_anniu3_1_sel.png" UseOriginSize="False" />
                            </SelectElement>
                            <DisableElement Type="WZUIContainer" GUID="{29977f0b-878c-4e51-96c1-ee469cc5af79}" />
                            <WZUILabelTTF Type="WZUILabelTTF" GUID="{84498c0a-5968-4abe-819b-d54a254a811f}" LabelStyleKey="SMALL_ORANGE_BTN" TextKey="BLESS_SHOP" Name="txtShop_WndBlessBag" />
                        </Button>
                        <Button Type="WZUIButton" GUID="{146f6cde-70d0-44b8-b908-95970289d7ee}" AbsContentSize="116,56" UseAbsSize="True" LuaActionName="Normal" RelativePosition="0.830577,0.5" LuaDoneFunctionName="onClickBlessFuse" Name="btnBlessFuse_WndBlessBag">
                            <NormalElement Type="WZUIContainer" GUID="{ae7ff562-b2b3-4aaf-b052-3bcb9f54945c}">
                                <WZUIImage Type="WZUIImage" GUID="{f2ae3757-cfeb-45ae-8802-59ea918a44b5}" File="ui/common/common_btn_anniu3_1.png" UseOriginSize="False" />
                            </NormalElement>
                            <SelectElement Type="WZUIContainer" GUID="{86bc8890-687e-4f1b-867a-1db405c20aca}">
                                <WZUIImage Type="WZUIImage" GUID="{08aa1f2a-4b11-42e3-b762-617b6f2bef0b}" File="ui/common/common_btn_anniu3_1_sel.png" UseOriginSize="False" />
                            </SelectElement>
                            <DisableElement Type="WZUIContainer" GUID="{537cb5d8-413e-4f5b-bc70-69d3a3027314}" />
                            <WZUILabelTTF Type="WZUILabelTTF" GUID="{624b8cb2-60c1-49cd-8857-175837d3b517}" LabelStyleKey="SMALL_ORANGE_BTN" TextKey="ASCENDING_FUSE16" Name="txtFuse_WndBlessBag" />
                        </Button>
                        <Button Type="WZUIButton" GUID="{9e7f0f42-9767-4cae-80fd-5e9d8273c5f1}" AbsContentSize="116,56" UseAbsSize="True" LuaActionName="Normal" LuaDoneFunctionName="onClickBless" Name="btnBless_WndBlessBag" RelativePosition="0.5,0.5">
                            <NormalElement Type="WZUIContainer" GUID="{cab5972f-a3e0-41f3-ae5d-b67881964690}">
                                <WZUIImage Type="WZUIImage" GUID="{ca09e5f0-5d32-4be3-aa6b-43d4e4976808}" File="ui/common/common_btn_anniu10_1.png" UseOriginSize="False" />
                            </NormalElement>
                            <SelectElement Type="WZUIContainer" GUID="{2fd2ddb0-c2a4-47fc-b5d0-a5f4b7cd8a25}">
                                <WZUIImage Type="WZUIImage" GUID="{404011df-dca0-4725-a1d1-000a7b9c5cfb}" File="ui/common/common_btn_anniu10_1_sel.png" UseOriginSize="False" />
                            </SelectElement>
                            <DisableElement Type="WZUIContainer" GUID="{893848bd-243d-431c-a59a-4163774bdb2e}" />
                            <WZUILabelTTF Type="WZUILabelTTF" GUID="{598fafa8-3e5d-43b7-94e0-065478364502}" LabelStyleKey="SMALL_GREEN_BTN" TextKey="ASCENDING_FUSE6" Name="txtDevourAll_WndBlessBag" />
                        </Button>
                    </WZUIContainer>
                </WZUIContainer>
                <WZUIContainer Type="WZUIContainer" GUID="{eb02fd4d-005f-47b7-8985-9e2dd9a48cde}" AbsContentSize="486,96" UseAbsSize="True" RelativePosition="0.280541,0.0922329">
                    <WZUILabelTTF Type="WZUILabelTTF" GUID="{c24270a7-0fc6-4054-bf2d-4f31ede37ed4}" Name="txtBlessFighting_WndBlessBag" FontSize="20" Color="255,236,193" EnableStroke="True" StrokeColor="105,65,46" StrokeSize="4" />
                    <Button Type="WZUIButton" GUID="{9cb0d311-2a9c-4535-8daf-d00e2db65cf0}" LuaActionName="Normal" AbsContentSize="80,80" UseAbsSize="True" RelativePosition="0.0863664,0.529317" LuaDoneFunctionName="onClickProperty">
                        <NormalElement Type="WZUIContainer" GUID="{8f6da7ba-317d-433f-86ee-a8cd00af9549}">
                            <WZUIImage Type="WZUIImage" GUID="{a82561e9-cbb4-4cad-a3b9-d8ce959d18db}" File="ui/common/common_btn_anniu2.png" UseOriginSize="True" />
                        </NormalElement>
                        <SelectElement Type="WZUIContainer" GUID="{15f86e72-8355-487d-bb06-3cd2179c8070}">
                            <WZUIImage Type="WZUIImage" GUID="{940647e6-9642-4a3a-a6d9-43b4c467652f}" File="ui/common/common_btn_anniu2_sel.png" UseOriginSize="True" />
                        </SelectElement>
                        <DisableElement Type="WZUIContainer" GUID="{6512297a-9e7c-4f13-87d6-3d03d2249a9f}" />
                        <WZUILabelTTF Type="WZUILabelTTF" GUID="{d3b8cef1-e805-4667-a58d-3068b79f3cee}" TextKey="BLESS_AAT_TITLE" FontSize="20" Color="255,236,193" Dimensions="50,0" Name="txtBlessPro_WndBlessBag" StrokeSize="4" StrokeColor="127,70,26" EnableStroke="True" />
                    </Button>
                </WZUIContainer>
            </WZUIContainer>
        </WZUIContainer>
    </WZUIWindow>
</WndBlessBag>
