﻿<?xml version="1.0" ?>
<WndBuyActivity GUID="{A52CFC85-85C4-4be0-B0F7-CE7B4E79A98A}">
    <WZUIWindow AbsContentSize="540,507" AnchorPoint="0.5,0.5" GUID="{6F40CE5C-8D0A-45a1-8541-682FAA139CAE}" LuaObjectName="WndBuyActivity" LuaTouchBeganFunction="" Name="WndBuyActivity" NameCreate="True" RelativePosition="0.5,0.5" Type="WZUIWindow" UseAbsSize="True">
        <WZUIContainer Type="WZUIContainer" GUID="{16A44652-1B31-4e6e-B87A-94C81828A642}" ShowAll="True" Name="conBuyActivity_WndBuyActivity">
            <WZUI9Image AbsPosition="0,0" CapInsets="0,0,0,0" File="ui/common/common_scale9_di15.png" GUID="{A69FA846-E8DD-49b7-A6A9-7CDE809E912E}" LuaTouchEndedFunction="" Name="img9Bg_WndBuyActivity" RelativePosition="0.5,0.5" RelativeSize="1,1" ScaleY="1" Type="WZUI9Image" UseOriginSize="False" UseOriginSizeProportion="False" Visible="True" />
            <WZUIContainer GUID="{CB33C189-BB95-44ad-BB8C-D2C0A1C62897}" RelativePosition="0.5,0.5" RelativeSize="1,1" Type="WZUIContainer" AbsContentSize="526,493" UseAbsSize="True" Name="conSecondBK_WndBuyActivity" Visible="True">
                <WZUI9Image Type="WZUI9Image" GUID="{39134DFE-C1C9-469c-9521-BFA14F19920A}" File="ui/common/common_scale9_di25.png" RelativeSize="1,1" />
                <Button Type="WZUIButton" GUID="{debbe3f9-b46f-474c-bbdb-b13e92c632f7}" LuaActionName="Normal" LuaDoneFunctionName="onRule" AbsContentSize="80,80" UseAbsSize="True" RelativePosition="0.970305,0.03224" Name="btnRule_WndBuyActivity">
                    <NormalElement Type="WZUIContainer" GUID="{b66c69c1-80e4-4e37-94b5-7f7a3d849ef9}" />
                    <SelectElement Type="WZUIContainer" GUID="{d3009470-50f9-4938-b6e9-dedd62d40a3d}" />
                    <DisableElement Type="WZUIContainer" GUID="{69af6bc9-00f8-4afe-a218-b480ffd57eba}" />
                    <WZUIImage Type="WZUIImage" GUID="{e058046a-de54-4f67-aac0-5d479cc9060e}" File="ui/common/common_icon_gth.png" UseOriginSize="True" />
                </Button>
            </WZUIContainer>
            <WZUIContainer AbsContentSize="506,375" AbsPosition="269,257.5" AnchorPoint="0.5,0.5" GUID="{F3824A7C-8A34-418e-B8EC-F3B113B124D1}" RelativePosition="0.498148,0.50789" Type="WZUIContainer" UseAbsSize="True">
                <WZUIImage Type="WZUIImage" GUID="{C67185A3-D373-45c6-95B9-9B09A345AF86}" File="ui/gameActivity/activity_pic_bctl.png" Name="imgActivityBg_WndBuyActivity" Visible="False" RelativePosition="0.5,0.54" />
                <WZUIImage Type="WZUIImage" GUID="{2a83ef6c-6a03-4250-85bf-4f477c70054d}" File="ui/taboo/common_pic_goumaitouzi.png" Name="imgTabooBg_WndBuyActivity" Visible="False" RelativePosition="0.5,0.54" />
                <WZUIImage Type="WZUIImage" GUID="{d8d3d613-0a9e-4289-8ec7-41cf5d9d958b}" Name="imgGoldBg_WndBuyActivity" Visible="False" File="ui/common/common_pic_yaoqianshu.png" RelativePosition="0.5,0.54" UseOriginSize="True" AnchorPoint="1,0.5" />
                <WZUIImage Type="WZUIImage" GUID="{71dc3234-b650-495f-88b9-e41cc46c836c}" Name="imgGoldBgR_WndBuyActivity" Visible="False" File="ui/common/common_pic_yaoqianshu.png" RelativePosition="0.5,0.54" UseOriginSize="True" FlipY="False" FlipX="True" AnchorPoint="0,0.5" />
                <WZUIImage Type="WZUIImage" GUID="{a6ada337-31e0-49a7-b56e-74aa7bee291b}" File="ui/digGem/common_pic_maijingkuang.png" Name="imgGemBg_WndBuyActivity" Visible="False" RelativePosition="0.5,0.54" />
                <WZUISpine Type="WZUISpine" GUID="{256bb8f6-54ec-4ed3-b3f4-dbb6c58ee030}" FileJson="ui/zhaocaimao.json" FileAtlas="ui/zhaocaimao.atlas" Visible="False" Loop="True" AnimationName="animation" Name="spineCat_WndBuyActivity" UseOriginSize="True" RelativePosition="0.474074,0.531558" AbsPosition="256,269.5" />
            </WZUIContainer>
            <WZUIContainer Type="WZUIContainer" GUID="{EDD18A1A-43B6-4ede-A9D2-2E76BA211480}" AbsContentSize="500,40" UseAbsSize="True" RelativePosition="0.5,0.225">
                <WZUI9Image Type="WZUI9Image" GUID="{B5D88199-3FED-4aa1-AD88-34325BEC825D}" File="ui/common/common_scale9_di87.png" ScaleX="1" UseOriginSize="False" Scale="1" />
                <WZUILabelTTF Type="WZUILabelTTF" GUID="{F44A5EB9-C6A8-4778-ABDA-9C364222F12D}" Color="255,255,255" FontSize="20" UseOriginSize="True" Text="" Name="txtConsume_WndBuyActivity" RelativePosition="0.06,0.5" EnableStroke="True" StrokeColor="127,70,26" StrokeSize="4" />
                <WZUIContainer Type="WZUIContainer" GUID="{12057BBA-9BDC-4949-92D3-962BD7704FA0}" AbsContentSize="40,40" UseAbsSize="True" RelativePosition="0.15,0.5">
                    <WZUIImage Type="WZUIImage" GUID="{3860F91B-302A-40e3-BC35-7B40A47AEF94}" File="" UseOriginSize="False" Name="imgCostIcon_WndBuyActivity" />
                    <WZUILabelTTF Type="WZUILabelTTF" GUID="{15B283A4-C826-4d74-9796-A610CA9AB0EA}" FontSize="24" Color="255,236,193" AnchorPoint="0,0.5" RelativePosition="1.23333,0.5" Name="txtDiamondNum_WndBuyActivity" EnableStroke="True" StrokeSize="4" StrokeColor="79,60,48" />
                </WZUIContainer>
                <WZUILabelTTF Type="WZUILabelTTF" GUID="{A4232371-4DD2-497a-8EB2-93B52E4A0E7E}" FontSize="20" Color="255,255,255" AnchorPoint="1,0.5" RelativePosition="0.43,0.5" Name="txtCanGain_WndBuyActivity" EnableStroke="True" StrokeColor="127,70,26" StrokeSize="4" />
                <WZUILabelTTF Type="WZUILabelTTF" GUID="{9EB9F8A0-14DE-4485-860B-10AF3FA6C308}" Name="txtGainNum_WndBuyActivity" MaxLength="" Color="255,255,255" AnchorPoint="0,0.64" RelativePosition="0.5,0.57" FontSize="20" StrokeColor="127,70,26" StrokeSize="4" EnableStroke="True" />
            </WZUIContainer>
            <WZUIContainer Type="WZUIContainer" GUID="{8584E40A-C51B-4678-AC2A-63A7A45A4600}" Name="conActivity_WndBuyActivity" UseAbsSize="False" AbsContentSize="540,507" ShowAll="False" Visible="False">
                <WZUIContainer Type="WZUIContainer" GUID="{5B3731F8-988A-4118-ABDA-363F814B4BB4}" AbsContentSize="30,32" UseAbsSize="True" RelativePosition="0.465,0.225">
                    <WZUIImage Type="WZUIImage" GUID="{A212434B-431E-430d-A334-43BDD5962BB2}" File="ui/common/common_icon_huoli.png" Name="imgIconActivity_WndBuyActivity" UseOriginSize="False" Scale="1" />
                </WZUIContainer>
                <WZUIContainer Type="WZUIContainer" GUID="{FC6B83A1-2D81-4a03-B046-0185271302AF}" AbsContentSize="262,103" UseAbsSize="True" RelativePosition="0.77,0.83" Visible="True" AnchorPoint="0.5,0.5">
                    <WZUIContainer Type="WZUIContainer" GUID="{326AFDA0-C34D-48b8-8EF9-9DBCB4D51535}" AbsContentSize="262,103" UseAbsSize="True" Scale="1" RelativePosition="0.5,0.5" Visible="True">
                        <WZUIContainer AbsContentSize="595,65" GUID="{A9EEC6CA-DE14-49de-9AFE-767A98B56992}" Name="" RelativePosition="-0.0573147,1.06651" RelativeSize="1,1" Type="WZUIContainer" UseAbsSize="True">
                            <WZUIContainer Type="WZUIContainer" GUID="{8DD9D648-0484-4608-ABEC-BFADD3168F27}" RelativePosition="0.5,0.192309" AbsContentSize="524,77" UseAbsSize="True">
                                <WZUI9Image Type="WZUI9Image" GUID="{94CFB19C-3932-4f6e-8296-74991371C0EC}" File="ui/common/common_scale9_di31.png" Opacity="153" />
                            </WZUIContainer>
                        </WZUIContainer>
                    </WZUIContainer>
                    <WZUIContainer Type="WZUIContainer" GUID="{7049549C-4412-472f-B5D8-ADDDC5FE5DD1}" AbsContentSize="170,56" UseAbsSize="True" RelativePosition="0.47,0.519" AnchorPoint="0.5,0.5">
                        <WZUIImage Type="WZUIImage" GUID="{B2464DB1-017A-4d67-97F5-A649EA3B1871}" File="ui/common/common_scale9_heidi2.png" RelativePosition="0.51,0.5" Opacity="160" ScaleX="1.4" />
                        <WZUILabelTTF Type="WZUILabelTTF" GUID="{1AEBF79C-34B0-4bde-8DE7-8C0455974280}" Name="txtFullRecoverWord" Color="255,236,193" StrokeColor="79,60,48" StrokeSize="4" EnableStroke="True" AnchorPoint="1,0" RelativePosition="0.48,0.5" FontSize="20" Text="完全恢复">
                            <WZUILabelTTF Type="WZUILabelTTF" GUID="{69DC84E8-C8BB-421a-B779-7EA5A02A8EFD}" Name="txtFullRecoverTime" StrokeColor="158,0,0" StrokeSize="4" EnableStroke="True" Color="255,89,74" Dimensions="0,0" RelativePosition="1.05,0.5" FontSize="20" AnchorPoint="0,0.5" Text="12:00" />
                        </WZUILabelTTF>
                        <WZUILabelTTF Type="WZUILabelTTF" GUID="{2717DED8-89F1-473a-93D9-2A47C89C34C3}" Name="txtNextRecoverWord" Color="255,236,193" EnableStroke="True" StrokeSize="4" StrokeColor="79,60,48" RelativePosition="0.48,0.5" AnchorPoint="1,1" FontSize="20" Text="下点恢复">
                            <WZUILabelTTF Type="WZUILabelTTF" GUID="{3991B0C1-AAD9-4eb7-848D-256002DB6E30}" Name="txtNextRecoverTime" EnableStroke="True" StrokeColor="158,0,0" StrokeSize="4" Color="255,89,74" AnchorPoint="0,0.5" RelativePosition="1.05,0.5" FontSize="20" Text="12:00" />
                        </WZUILabelTTF>
                        <WZUILabelTTF Type="WZUILabelTTF" GUID="{236E0775-6BE5-4399-9CF9-3537B495F03D}" Color="255,227,116" EnableStroke="True" FontSize="22" Name="txtActivityHavedFull" StrokeSize="4" StrokeColor="79,60,48" Visible="False" AnchorPoint="0.5,0.5" RelativePosition="0.5,0.5" />
                    </WZUIContainer>
                </WZUIContainer>
                <Button Type="WZUIButton" AbsContentSize="116,56" UseAbsSize="True" RelativePosition="0.5,0.09" LuaDoneFunctionName="onBuyBtn" GUID="{480F9921-CCF3-4b70-BADD-0CEA790DD4DF}" LuaActionName="Normal">
                    <NormalElement Type="WZUIContainer" GUID="{2664EB5F-430B-490c-B7C6-165E67A758C6}">
                        <WZUIImage Type="WZUIImage" GUID="{0D664F42-740E-4dca-8768-3CDE132FAC1D}" File="ui/common/common_btn_anniu10_1.png" UseOriginSize="True" />
                    </NormalElement>
                    <SelectElement Type="WZUIContainer" GUID="{058460CD-3784-466e-9607-7C6E1391A975}">
                        <WZUIImage Type="WZUIImage" GUID="{F798ABD4-DF83-4a8c-95A9-A4AB17576976}" File="ui/common/common_btn_anniu10_1_sel.png" Scale="1" UseOriginSize="True" />
                    </SelectElement>
                    <DisableElement Type="WZUIContainer" GUID="{3C714559-A519-4f73-B439-A258F20EBC87}">
                        <WZUIImage Type="WZUIImage" GUID="{99149755-4E7C-4f8d-B634-55B1DE6E9427}" File="ui/common/common_btn_anniu10_1.png" GrayRender="True" UseOriginSize="True" />
                    </DisableElement>
                    <WZUILabelTTF Type="WZUILabelTTF" GUID="{E3FDBDCF-1150-4047-B131-F0CB9ABEA801}" FontSize="24" Color="255,236,193" Name="txtBuyAct_WndBuyActivity" EnableStroke="True" StrokeSize="4" StrokeColor="3,111,8" LabelStyleKey="NORMAL_GREEN_BTN" />
                </Button>
                <WZUIContainer Type="WZUIContainer" GUID="{56638F0F-11BF-4e90-8820-5945F63818F0}" AbsContentSize="208,63" UseAbsSize="True" Scale="1" RelativePosition="0.774074,0.224">
                    <WZUILabelTTF Type="WZUILabelTTF" GUID="{17F4D08C-0196-497d-B819-536A96485BA6}" FontSize="20" Color="255,227,116" Name="txtActivityLimit_WndBuyActivity" AnchorPoint="1,0.5" RelativePosition="0.6,0.5" EnableStroke="True" StrokeSize="4" StrokeColor="127,70,26" />
                    <WZUILabelTTF Type="WZUILabelTTF" GUID="{048410E2-DB38-4264-B133-5322C678DA1D}" Name="txtActLimitNum_WndBuyActivity" Color="255,255,255" FontSize="20" RelativePosition="0.6,0.5" AnchorPoint="0,0.5" StrokeColor="127,70,26" StrokeSize="4" EnableStroke="True" />
                </WZUIContainer>
                <WZUIContainer Type="WZUIContainer" GUID="{f55bb4d8-a222-47e6-b61b-ae717b6341e3}" AbsContentSize="90,100" UseAbsSize="True" RelativePosition="0.612963,0.357988">
                    <WZArmature Type="WZArmature" GUID="{472bdad4-fdd4-4b79-9e7d-ab88b09a2342}" ArmatureFile="ui/ui_shuzhi_tili.xml" ArmatureName="ui_shuzhi_tili" Name="armatureFire_WndBuyActivity" Visible="True">
                        <Action Type="WZUIArmatureAnimationById" GUID="{14e69d24-acb3-4061-8cbe-07b54bd3d7e3}" AnimationId="0" />
                    </WZArmature>
                </WZUIContainer>
            </WZUIContainer>
            <WZUIContainer Type="WZUIContainer" GUID="{3D464E3A-893B-4e94-8F8F-CD4E9A1BB080}" Name="conGold_WndBuyActivity" AbsContentSize="540,507" UseAbsSize="False" ShowAll="False" Visible="False" RelativePosition="0.5,0.5">
                <WZUIContainer Type="WZUIContainer" GUID="{D05D6880-6278-47ea-A330-B567B367A6C5}" AbsContentSize="30,30" UseAbsSize="True" RelativePosition="0.465,0.225">
                    <WZUIImage Type="WZUIImage" GUID="{1FA9EB38-93A2-49b0-A062-A5E3BFF7FAAE}" Name="imgIconDiamond_WndBuyActivity" File="ui/common/common_icon_jinbi.png" UseOriginSize="False" RelativePosition="0.5,0.5" />
                </WZUIContainer>
                <WZUIContainer Type="WZUIContainer" GUID="{22A96F44-CB91-4303-8C8B-52DF92805E5D}" AbsContentSize="208,63" UseAbsSize="True" Scale="1" RelativePosition="0.801851,0.855029">
                    <WZUIContainer AbsContentSize="595,65" GUID="{AFE546A3-814B-4f09-8CA0-29911655F37D}" Name="conTopGold_WndBuyActivity" RelativePosition="-0.284707,1.26746" RelativeSize="1,1" Type="WZUIContainer" UseAbsSize="True">
                        <WZUIContainer Type="WZUIContainer" GUID="{1BEA1C78-CBA7-4c3f-8CD6-77A621D6BCC6}" RelativePosition="0.5,0.16154" AbsContentSize="524,80" UseAbsSize="True">
                            <WZUI9Image Type="WZUI9Image" GUID="{9FDB584E-C169-4680-9597-5223BB05501D}" File="ui/common/common_scale9_di31.png" Opacity="153" />
                        </WZUIContainer>
                    </WZUIContainer>
                </WZUIContainer>
                <Button Type="WZUIButton" AbsContentSize="116,56" UseAbsSize="True" RelativePosition="0.25,0.09" Name="btnOnce_WndBuyActivity" LuaDoneFunctionName="onBuyBtn" GUID="{954C1FBC-C9F6-47bc-8560-05112B18EA3B}" LuaActionName="Normal">
                    <NormalElement Type="WZUIContainer" GUID="{29F8FE47-1F79-4108-BD98-2E7109390856}">
                        <WZUIImage Type="WZUIImage" GUID="{DE98E9D7-CB1A-482c-ADE5-41DF24EC5FB3}" File="ui/common/common_btn_anniu10_1.png" UseOriginSize="True" />
                    </NormalElement>
                    <SelectElement Type="WZUIContainer" GUID="{D803F44A-DCDC-4d37-8358-806715D90B48}">
                        <WZUIImage Type="WZUIImage" GUID="{E4D50ACD-49C8-4b62-B7C3-656B3353FA1B}" File="ui/common/common_btn_anniu10_1_sel.png" Scale="1" UseOriginSize="True" />
                    </SelectElement>
                    <DisableElement Type="WZUIContainer" GUID="{4433F5A2-81DA-4705-90F2-E63C5FD2E6D2}">
                        <WZUIImage Type="WZUIImage" GUID="{FBF5C6E7-9AC5-4f2f-A415-327A72E716F8}" File="ui/common/common_btn_anniu10_1.png" GrayRender="True" UseOriginSize="True" />
                    </DisableElement>
                    <WZUILabelTTF Type="WZUILabelTTF" GUID="{00D59869-49D8-4d2e-8EFF-9D8D9A9D2500}" Name="txtOnceTime_WndBuyActivity" FontSize="24" Color="255,236,193" EnableStroke="True" StrokeSize="4" StrokeColor="3,111,8" LabelStyleKey="NORMAL_GREEN_BTN" />
                </Button>
                <Button Type="WZUIButton" Name="btnFive_WndBuyActivity" RelativePosition="0.75,0.09" UseAbsSize="True" AbsContentSize="116,56" LuaDoneFunctionName="onBuyBtnFive" GUID="{3947D0AE-53EC-479d-B019-B5B2957E598F}" Visible="True" LuaActionName="Normal">
                    <NormalElement Type="WZUIContainer" GUID="{A9414F4E-7FA4-4dde-87E9-CBAFBAF9B1B2}">
                        <WZUIImage Type="WZUIImage" GUID="{D92F77A9-8EEE-4bab-BCA8-69220B0C0E70}" File="ui/common/common_btn_anniu10_1.png" UseOriginSize="True" />
                        <WZUILabelTTF Type="WZUILabelTTF" GUID="{7B49D4F3-FCD3-480a-962A-1EC3CFEB28E6}" Name="txtFiveNor_WndBuyActivity" FontSize="24" Color="255,236,193" StrokeSize="4" EnableStroke="True" StrokeColor="3,111,8" LabelStyleKey="NORMAL_GREEN_BTN" />
                    </NormalElement>
                    <SelectElement Type="WZUIContainer" GUID="{05595A0E-3096-46d6-A6A7-F0E260A15955}">
                        <WZUIImage Type="WZUIImage" GUID="{7D44B705-B0E9-4a44-8909-AE3358B3F8DF}" File="ui/common/common_btn_anniu10_1_sel.png" Scale="1" UseOriginSize="True" />
                        <WZUILabelTTF Type="WZUILabelTTF" GUID="{B8C7EE85-849D-4058-8030-CD4A19C80BC8}" Name="txtFiveSel_WndBuyActivity" FontSize="24" Color="255,236,193" StrokeSize="4" EnableStroke="True" StrokeColor="3,111,8" LabelStyleKey="NORMAL_GREEN_BTN" />
                    </SelectElement>
                    <DisableElement Type="WZUIContainer" GUID="{EAA575CC-0522-478f-BC56-677E1DED9E5A}">
                        <WZUIImage Type="WZUIImage" GUID="{EB115F54-A983-404d-BEDE-224B805D9FDC}" File="ui/common/common_btn_anniu10_1.png" GrayRender="True" UseOriginSize="True" />
                        <WZUILabelTTF Type="WZUILabelTTF" GUID="{41E75525-56D4-405b-B513-3C88B8D41661}" Name="txtFiveDisable_WndBuyActivity" FontSize="24" Color="255,255,255" StrokeSize="4" EnableStroke="True" StrokeColor="78,60,48" GrayRender="True" LabelStyleKey="NORMAL_GRAY_BTN" />
                    </DisableElement>
                </Button>
                <WZUIContainer Type="WZUIContainer" GUID="{D1E2119A-6ADC-4872-8B62-878212E4782A}" AbsContentSize="500,40" UseAbsSize="True" RelativePosition="0.5,0.225">
                    <WZUIContainer Type="WZUIContainer" GUID="{550E281A-A674-4f81-B5D0-330033D3CAC9}" AbsContentSize="180,35" UseAbsSize="True" RelativePosition="1,0.5" AnchorPoint="1,0.5">
                        <WZUILabelTTF Type="WZUILabelTTF" GUID="{D6F1E20E-1CBB-4cee-8B39-105B15DC0EAB}" FontSize="20" Color="255,227,116" Name="txtGoldLimit_WndBuyActivity" AnchorPoint="1,0.5" RelativePosition="0.64,0.5" EnableStroke="True" StrokeSize="4" StrokeColor="127,70,26" />
                        <WZUILabelTTF Type="WZUILabelTTF" GUID="{0839A4F5-8DF2-4791-8178-C2E6C3B09C0D}" FontSize="20" Name="txtGoldLimitNum_WndBuyActivity" Color="255,255,255" AnchorPoint="1,0.5" RelativePosition="1,0.5" EnableStroke="True" StrokeSize="4" StrokeColor="127,70,26" />
                    </WZUIContainer>
                </WZUIContainer>
            </WZUIContainer>
            <WZUIContainer AbsContentSize="595,65" GUID="{6634B80B-A885-46a6-988B-C80E06F694CC}" Name="conTopAct_WndBuyActivity" RelativePosition="0.5,0.950139" RelativeSize="1,1" Type="WZUIContainer" UseAbsSize="True">
                <WZUIImage Type="WZUIImage" GUID="{7B0EC877-6B1B-41b7-BAEA-B1164A3D6179}" File="ui/common/common_icon_hongchouzi.png" UseOriginSize="True" RelativePosition="0.5,0.65" ScaleY="1" FlipY="False" FlipX="True" AnchorPoint="0,0.5" AbsPosition="316.5,41.75" />
                <WZUIImage Type="WZUIImage" GUID="{8FCE5528-BDAD-4028-91A4-B2481F4BE00B}" File="ui/common/common_icon_hongchouzi.png" FlipX="False" UseOriginSize="True" RelativePosition="0.5,0.65" ScaleY="1" AnchorPoint="1,0.5" AbsPosition="306.5,41.75" />
                <WZUIImage Type="WZUIImage" GUID="{40607A2A-C33D-4b46-821D-737C47BDFEF7}" File="" UseOriginSize="True" Name="imgTitle_WndBuyActivity" Visible="True" />
                <WZUIButton AbsContentSize="90,90" AnchorPoint="0.5,0.5" GUID="{B15DDE74-04BF-4431-9E19-357A5ACC613A}" LuaDoneFunctionName="onCloseWindowBtn" Name="btnCloseAct_WndBuyActivity" RelativePosition="0.911061,0.473485" Type="WZUIButton" UseAbsCoordinate="False" UseAbsSize="True" LuaActionName="Normal">
                    <NormalElement AbsContentSize="0,0" GUID="{E93CAD9E-32F2-4651-A567-D55ADAD942FA}" TouchContainerEnable="True" Type="WZUIContainer" UseAbsSize="False">
                        <WZUIImage File="ui/common/common_icon_guanbi.png" GUID="{08D26645-70B2-4da4-92F8-8EE58CA2978D}" Type="WZUIImage" UseOriginSize="True" UseOriginSizeProportion="True" />
                    </NormalElement>
                    <SelectElement GUID="{21CD4FAC-5D15-483d-8C8C-136BB8D9C5AC}" TouchContainerEnable="True" Type="WZUIContainer">
                        <WZUIImage File="ui/common/common_icon_guanbi_sel.png" GUID="{03DEF9DB-294A-4d43-A190-7F9D7A465394}" Type="WZUIImage" UseOriginSize="True" UseOriginSizeProportion="True" />
                    </SelectElement>
                    <DisableElement GUID="{39C67889-6ED9-48bb-8C28-D83E249FE1E0}" Type="WZUIContainer">
                        <WZUIImage File="ui/common/common_icon_guanbi.png" GUID="{EA9CC1E0-4700-4761-BED0-07AE44434AF6}" Type="WZUIImage" UseOriginSize="True" UseOriginSizeProportion="True" />
                    </DisableElement>
                </WZUIButton>
            </WZUIContainer>
            <WZUIContainer Type="WZUIContainer" GUID="{c4cfd8a5-4bbb-43c1-b90a-7630b6ead683}" AbsContentSize="500,40" UseAbsSize="True" RelativePosition="0.5,0.225">
                <WZUIContainer Type="WZUIContainer" GUID="{6b01d760-154a-4ef3-ac9a-fc77944ef5a6}" AnchorPoint="0.5,0" RelativePosition="0.5,1" Name="conConsume_WndBuyActivity">
                    <WZUIImage Type="WZUIImage" GUID="{0106c0f7-a61f-4f7f-8578-043e933ba029}" File="ui/common/common_progress_chongzhi2.png" UseOriginSize="True" />
                    <WZUIProgress Type="WZUIProgress" GUID="{a6f8b440-29b7-4596-adb9-c66ea8b068e3}" BgPicture="ui/common/common_progress_chongzhi_fore.png" UseOriginSize="True" Percentage="0" Name="prgConsume_WndBuyActivity" />
                    <WZUIFreeTextBox Type="WZUIFreeTextBox" GUID="{1c448add-7060-4fe0-90e8-eafb6bbf76ac}" Name="ftxtConsumeValue_WndBuyActivity" MaxWidth="500" />
                </WZUIContainer>
            </WZUIContainer>
        </WZUIContainer>
    </WZUIWindow>
</WndBuyActivity>
