﻿<WndBuyMultipleItem GUID="{093b91d6-494c-4590-9e4b-2425c9c43ab8}">
    <WZUIWindow AbsContentSize="390,420" GUID="{48afae08-dfb9-4cd0-8513-b60a6536c5e3}" LuaObjectName="WndBuyMultipleItem" Name="WndBuyMultipleItem" NameCreate="True" Type="WZUIWindow" UseAbsSize="True" ShowAll="True" RelativePosition="0.5,0.5" LuaTouchBeganFunction="onTouchBegan">
        <WZUIContainer Type="WZUIContainer" GUID="{95286e04-0545-4542-9478-a2da42939ff8}">
            <WZUIContainer Type="WZUIContainer" GUID="{b67684ab-78ce-4d78-aa04-0604aa613920}" AbsContentSize="390,420" UseAbsSize="True" RelativePosition="0.5,0.505" Visible="True">
                <WZUI9Image Type="WZUI9Image" GUID="{577c14f3-154f-4cce-b037-c329bda0cb0e}" File="ui/common/common_scale9_di5.png" CapInsets="60,110,10,10" Visible="True" />
                <WZUIContainer Type="WZUIContainer" GUID="{31d40b51-92e7-4c40-ade7-79b0c8c06adc}" AbsContentSize="350,118" UseAbsSize="True" RelativePosition="0.5,0.67">
                    <WZUI9Image Type="WZUI9Image" GUID="{c9c157a4-3268-40e4-b4ff-23d2221498de}" File="ui/common/common_scale9_di8.png" Visible="True" />
                </WZUIContainer>
                <WZUILabelTTF Type="WZUILabelTTF" GUID="{d3c97ccc-a44b-460b-ac6b-e6ea52732d9d}" LabelStyleKey="C1_F26_S4_C2" Text="购买" RelativePosition="0.5,0.924747" Name="txtTitle_WndBuyMultipleItem" />
            </WZUIContainer>
            <Button GUID="{40a60291-ed89-45aa-9245-71d0a1adf155}" LuaDoneFunctionName="onClickBuy" Name="btnApplayForMemberShip_WndBuyMultipleItem" RelativePosition="0.5,0.108571" Type="WZUIButton" UseAbsSize="True" AbsContentSize="116,56" Visible="True" TouchEnable="True" LuaActionName="Normal">
                <NormalElement GUID="{23885b70-270f-4318-8d07-8b42d6c13a80}" Type="WZUIContainer" UseAbsSize="True" AbsContentSize="116,56">
                    <WZUI9Image File="ui/common/common_btn_anniu10.png" GUID="{ee96a9b9-6628-4a21-8d39-884b18331286}" ScaleX="1" ScaleY="1" Type="WZUI9Image" UseOriginSize="False" Scale="1" />
                </NormalElement>
                <SelectElement GUID="{2c66caad-3f7c-486c-b146-e59214b7db60}" Type="WZUIContainer" AbsContentSize="116,56" UseAbsSize="True">
                    <WZUI9Image File="ui/common/common_btn_anniu10_sel.png" GUID="{7cd2ff00-b667-444e-8eb0-5d37d2716fb8}" ScaleX="1" ScaleY="1" Type="WZUI9Image" UseOriginSize="False" Scale="1" />
                </SelectElement>
                <DisableElement GUID="{abcea3e3-28da-4968-86d3-786487179b05}" Type="WZUIContainer" AbsContentSize="116,56" UseAbsSize="True">
                    <WZUI9Image File="ui/common/common_btn_anniu10.png" GUID="{f067d621-f07a-4da3-8da1-a713b7fa9db4}" ScaleX="1" Type="WZUI9Image" UseOriginSize="False" Scale="1" GrayRender="True" />
                </DisableElement>
                <WZUILabelTTF BoldFont="True" Color="255,255,255" EnableStroke="True" FontSize="24" GUID="{55549da1-acf3-4f65-9e21-52a3294ded56}" Name="txtApplyAttendCommunity_WndOpenChest" ShadowColor="0,255,0" StrokeColor="132,66,29" StrokeOffset="0,0" StrokeSize="4" Text="" Type="WZUILabelTTF" Visible="True" RelativePosition="0.5,0.47" LabelStyleKey="SMALL_GREEN_BTN" TextKey="BUY" />
            </Button>
            <WZUIButton AbsContentSize="115,54" GUID="{a58a43b5-4444-403e-8623-5ba6916d927f}" LuaDoneFunctionName="onClose" Name="btnCloseWindow_WndBuyMultipleItem" RelativePosition="0.916,0.925" Type="WZUIButton" UseAbsSize="True" Visible="True" LuaActionName="Normal">
                <NormalElement GUID="{4b64ede0-2336-48d0-9f79-56e7b2bf2454}" TouchContainerEnable="True" Type="WZUIContainer">
                    <WZUIImage File="ui/common/common_icon_guanbi.png" GUID="{16dd71a4-ffb5-4ffa-8f81-c1237fa8ed4e}" Type="WZUIImage" UseOriginSize="True" />
                </NormalElement>
                <SelectElement GUID="{ad564ca4-c5d3-4267-a878-287563b6235a}" TouchContainerEnable="True" Type="WZUIContainer">
                    <WZUIImage File="ui/common/common_icon_guanbi_sel.png" GUID="{028a5e85-c477-4aff-9be1-1ab58d98f667}" RelativePosition="0.5,0.5" Type="WZUIImage" UseOriginSize="True" Scale="1" />
                </SelectElement>
            </WZUIButton>
            <WZUIContainer Type="WZUIContainer" GUID="{f1ef9b69-15a0-4eb0-8043-e92ae8ebfcca}" Name="conChest_WndBuyMultipleItem" AbsContentSize="350,118" UseAbsSize="True" RelativePosition="0.5,0.67" />
            <WZUIContainer Type="WZUIContainer" GUID="{6f74ea01-3a82-4175-a5e0-9fc170ae7728}" Name="conOperation" RelativePosition="0.5,0.528571">
                <WZUIContainer Type="WZUIContainer" GUID="{707deca4-7e36-49dc-8ea0-bb8b01d77ba3}" AbsContentSize="120,40" UseAbsSize="True" RelativePosition="0.5,0.344286">
                    <WZUI9Image Type="WZUI9Image" GUID="{6d0a1216-4a1f-41a1-a629-8ba5811b7396}" File="ui/common/common_scale9_di8.png" />
                </WZUIContainer>
                <Button Type="WZUIButton" Name="mutiReduce_WndBuyMultipleItem" AbsContentSize="80,45" UseAbsSize="True" RelativePosition="0.17,0.344286" ScaleX="-1" GUID="{642ea1a4-aa96-4fde-94ed-da06031332e8}" LuaDoneFunctionName="onMutiReduce">
                    <NormalElement Type="WZUIContainer" GUID="{b7e55e2a-574d-4b0c-b5a2-37717f97b20a}">
                        <WZUIImage Type="WZUIImage" GUID="{b7ad3005-d0f1-4d80-bd9a-1a767bb31c05}" File="ui/common/common_btn_anniu15.png" UseOriginSize="True" />
                    </NormalElement>
                    <SelectElement Type="WZUIContainer" GUID="{e6f6ac6f-56b9-484d-8073-7d7a7c4005c9}">
                        <WZUIImage Type="WZUIImage" GUID="{f25f6566-1342-45c2-9277-6f6937a9b9dc}" File="ui/common/common_btn_anniu15_sel.png" UseOriginSize="True" />
                    </SelectElement>
                    <DisableElement Type="WZUIContainer" GUID="{9d027e21-a9df-492b-9b1c-9c0e72607af3}">
                        <WZUIImage Type="WZUIImage" GUID="{cd149505-aacf-4a2a-8866-60787a542466}" File="ui/common/common_btn_anniu15.png" UseOriginSize="True" GrayRender="True" RelativePosition="0.5,0.5" />
                    </DisableElement>
                    <WZUILabelTTF Type="WZUILabelTTF" GUID="{782b8c89-9945-4486-ba37-3dc8f51e5393}" LabelStyleKey="SMALL_GRAY_BTN" RelativePosition="0.5,0.5" Text="-10" ScaleX="-1" />
                </Button>
                <WZUIButton Type="WZUIButton" Name="mutiAdd_WndBuyMultipleItem" GUID="{df585d9b-79df-4b8c-baea-5f4a3e6adb37}" AbsContentSize="80,45" UseAbsSize="True" RelativePosition="0.83,0.344286" LuaDoneFunctionName="onMutiAdd">
                    <NormalElement Type="WZUIContainer" GUID="{c4547358-e60c-43ac-918e-b851d862e62d}">
                        <WZUIImage Type="WZUIImage" GUID="{f9c45132-37a6-42fe-a0ec-4a5b56faf9c1}" File="ui/common/common_btn_anniu15.png" UseOriginSize="True" />
                    </NormalElement>
                    <SelectElement Type="WZUIContainer" GUID="{66da0451-7220-4f12-b1d4-93fb059760e9}">
                        <WZUIImage Type="WZUIImage" GUID="{b7d17931-b621-49cc-bdb2-6eee4281ca63}" File="ui/common/common_btn_anniu15_sel.png" UseOriginSize="True" />
                    </SelectElement>
                    <DisableElement Type="WZUIContainer" GUID="{c25febb4-43c0-4c74-809d-676543781631}">
                        <WZUIImage Type="WZUIImage" GUID="{1eb9ab59-04f0-45ee-84be-8f1f28bffe30}" File="ui/common/common_btn_anniu15.png" UseOriginSize="True" GrayRender="True" RelativePosition="0.5,0.5" />
                    </DisableElement>
                    <WZUILabelTTF Type="WZUILabelTTF" GUID="{8c64c38a-1578-4b40-8f94-bdb33c1170c6}" LabelStyleKey="SMALL_GRAY_BTN" RelativePosition="0.5,0.5" Text="+10" />
                </WZUIButton>
                <Button Type="WZUIButton" Name="reduce_WndBuyMultipleItem" AbsContentSize="64,64" UseAbsSize="True" RelativePosition="0.36,0.344286" GUID="{e8ad7af5-6d3c-4476-9104-4e00f4ce4d13}" LuaDoneFunctionName="onReduce">
                    <NormalElement Type="WZUIContainer" GUID="{f9680d43-7591-419d-b1b7-b7dba1269002}">
                        <WZUIImage Type="WZUIImage" GUID="{31a69a7b-958e-4fc9-b2d3-f39c1a3e43c2}" File="ui/common/common_btn_js.png" UseOriginSize="True" />
                    </NormalElement>
                    <SelectElement Type="WZUIContainer" GUID="{58cb2d46-d5aa-448d-a911-76f36d269959}">
                        <WZUIImage Type="WZUIImage" GUID="{1400bfcd-2fd6-43fd-bcc5-ef41a3627790}" File="ui/common/common_btn_js_sel.png" UseOriginSize="True" />
                    </SelectElement>
                    <DisableElement Type="WZUIContainer" GUID="{5741d03f-2242-4681-bed7-737b76a2c281}">
                        <WZUIImage Type="WZUIImage" GUID="{17232298-5b49-4ddd-a92f-eed5ee8c8aaf}" File="ui/common/common_btn_js.png" UseOriginSize="True" />
                    </DisableElement>
                </Button>
                <WZUIButton Type="WZUIButton" Name="add_WndBuyMultipleItem" AbsContentSize="64,64" UseAbsSize="True" GUID="{efd3314a-8cd7-4f5e-ac29-62b6ed7a11f3}" RelativePosition="0.64,0.344286" LuaDoneFunctionName="onAdd">
                    <NormalElement Type="WZUIContainer" GUID="{d4a4d3e5-d650-4c65-8312-af0b35b1e2ee}">
                        <WZUIImage Type="WZUIImage" GUID="{477f0532-3bd5-4a37-b090-e2a0cad6745e}" File="ui/common/common_btn_zj.png" UseOriginSize="True" />
                    </NormalElement>
                    <SelectElement Type="WZUIContainer" GUID="{7cdd5f8b-0a43-4cd4-b4f7-4cbe5f860a15}">
                        <WZUIImage Type="WZUIImage" GUID="{21b66f8a-e05b-486d-9892-09360c3d0b6f}" File="ui/common/common_btn_zj_sel.png" UseOriginSize="True" />
                    </SelectElement>
                    <DisableElement Type="WZUIContainer" GUID="{97ebe478-b378-4e38-b165-54c643dd86de}">
                        <WZUIImage Type="WZUIImage" GUID="{e16efc3a-d45c-4c50-95b8-581f7143761b}" File="ui/common/common_btn_zj.png" UseOriginSize="True" />
                    </DisableElement>
                </WZUIButton>
                <WZUILabelTTF Type="WZUILabelTTF" GUID="{4cbabc4f-efdf-4409-81d8-22488950ba0d}" FontSize="22" Text="10" Color="255,227,116" RelativePosition="0.5,0.45" TextKey="OPENCHEST1" Name="txtTips_WndBuyMultipleItem" />
                <WZUILabelTTF Type="WZUILabelTTF" GUID="{1d1ea4b4-26c8-4eb1-89ad-4ad67e039c2f}" FontSize="26" Text="1" Color="255,236,193" RelativePosition="0.489744,0.346667" Name="useNum_WndBuyMultipleItem" />
            </WZUIContainer>
            <WZUIContainer Type="WZUIContainer" GUID="{47398ccd-5722-4fc5-9a0e-898dba62f28c}" AbsContentSize="350,50" UseAbsSize="True" RelativePosition="0.505128,0.247619">
                <WZUIContainer Type="WZUIContainer" GUID="{182618b1-41b0-42ca-b233-73ef350fb13b}" AbsContentSize="100,35" UseAbsSize="True" RelativePosition="0.477143,0.5">
                    <WZUI9Image Type="WZUI9Image" GUID="{ff66dc39-6df7-4e92-9ec3-fc5b5c6fa9e3}" File="ui/common/common_scale9_di63.png" />
                    <WZUILabelTTF Type="WZUILabelTTF" GUID="{c5c2ac8b-b25f-4e88-a87d-2d16095a153c}" LabelStyleKey="C1_F20_S4_C5" AnchorPoint="0,0.5" Text="" RelativePosition="0.159524,0.5" Name="txtCostNum_WndBuyMultipeItem" />
                </WZUIContainer>
                <WZUIImage Type="WZUIImage" GUID="{a0536c41-fbf4-40b4-83e0-31738ce8f34c}" Name="imgCostItem_WndBuyMultipleItem" File="shopitems/common_icon_gonghui_pic.png" UseOriginSize="True" RelativePosition="0.314443,0.5" />
                <WZUILabelTTF Type="WZUILabelTTF" GUID="{e1235f94-2a42-4c6e-8585-1dda37d4517d}" LabelStyleKey="C1_F20_S4_C5" TextKey="ATH_SHOP_COST" RelativePosition="0.194308,0.5" Name="txtCost_WndBuyMultipleItem" />
                <WZUILabelTTF Type="WZUILabelTTF" GUID="{8d153562-6e18-4171-a395-a06169a32a03}" Name="txtOwn_WndBuyMultipleItem" LabelStyleKey="C1_F20_S4_C5" Text="" RelativePosition="0.605715,0.5" AnchorPoint="0,0.5" />
            </WZUIContainer>
        </WZUIContainer>
    </WZUIWindow>
</WndBuyMultipleItem>
