﻿<?xml version="1.0" ?>
<WndClownTreasure GUID="{eb1ca3ec-7164-489e-a2de-8e5f570f4365}">
    <WZUIContainer Type="WZUIContainer" GUID="{4bac93d6-2368-4b2a-bffa-cffa912c449e}" LuaObjectName="WndClownTreasure" Name="WndClownTreasure" NameCreate="True" AbsContentSize="762,544" UseAbsSize="True">
        <WZUIContainer Type="WZUIContainer" GUID="{eaf5b2c6-a8bb-4635-85a2-41b44438e738}" Name="" AbsContentSize="762,544" UseAbsSize="True" LuaObjectName="">
            <WZUIContainer Type="WZUIContainer" GUID="{ae32342a-5af2-4506-ada3-272fa2ea8046}" AbsContentSize="" Visible="True" UseAbsSize="False" RelativePosition="0.5,0.5" ShowAll="False">
                <WZUIContainer Type="WZUIContainer" GUID="{60176aa2-62c0-4880-8b95-02280f7814ca}" AnchorPoint="0.5,0.5" Visible="True" UseAbsSize="False" Name="">
                    <WZUI9Image Type="WZUI9Image" GUID="{f86ae324-1c71-469f-a82d-6ecdbd5e9f29}" File="ui/common/common_scale9_di3.png" CapInsets="92,80,1,1" RelativeSize="0.5,1" AnchorPoint="1,0.5" />
                    <WZUIContainer Type="WZUIContainer" GUID="{70530b74-f761-4900-97e9-625247927dd1}" AbsContentSize="280,380" UseAbsSize="True" RelativePosition="0.5,0.537314" AnchorPoint="1,0.5" Visible="False">
                        <WZUIImage Type="WZUIImage" GUID="{fa2f5043-d012-47d2-91a9-6bf2100319eb}" File="ui/common/common_pic_diwen.png" />
                    </WZUIContainer>
                </WZUIContainer>
                <WZUIContainer Type="WZUIContainer" GUID="{0a014990-a4f7-4c6b-bb8d-7694c3fad06f}" Visible="True" Name="conRightBg_WndClownTreasure">
                    <WZUI9Image Type="WZUI9Image" GUID="{daeb2c86-7293-4c3c-ab46-da9e5db00ed3}" File="ui/common/common_scale9_di3.png" CapInsets="92,80,1,1" RelativeSize="0.5,1" AnchorPoint="1,0.5" ScaleX="-1" />
                    <WZUIContainer Type="WZUIContainer" GUID="{cd1e1102-13d3-4b7c-9df8-447a80195fd8}" AbsContentSize="280,380" UseAbsSize="True" RelativePosition="0.5,0.537314" AnchorPoint="0,0.5" RelativeSize="0,1" Visible="False">
                        <WZUIImage Type="WZUIImage" GUID="{e267b0fe-d5c7-4f1b-af41-6ada5daa03b3}" File="ui/common/common_pic_diwen.png" ScaleX="-1" Visible="True" />
                    </WZUIContainer>
                </WZUIContainer>
                <WZUIContainer Type="WZUIContainer" GUID="{574c344b-9eee-43c4-a542-83c0089d4beb}" RelativePosition="0.502624,0.998162" Visible="True" AbsContentSize="762,60" UseAbsSize="True" AnchorPoint="0.5,1">
                    <WZUILabelTTF Type="WZUILabelTTF" GUID="{d6fb00e0-15a4-4e0f-ab11-528def074317}" FontSize="28" Text="游戏活动" Name="" NameCreate="True" Color="255,255,255" EnableShadow="False" EnableStroke="True" TextKey="NEWSHOP7" RelativePosition="0.5,0.5" AbsPosition="388,32" StrokeSize="4" StrokeColor="105,65,46" Visible="True" />
                    <WZUIContainer Type="WZUIContainer" GUID="{7f9a10d6-c502-475e-9cf6-8b75fc581170}" AbsContentSize="75,50" UseAbsSize="True" RelativePosition="0.93913,0.540667" AbsPosition="730.766,31">
                        <WZUI9Image Type="WZUI9Image" GUID="{712d800f-08fb-4f6a-902f-e1bcc4e13aac}" File="ui/common/common_icon_gb.png" Visible="True" UseOriginSize="True" />
                    </WZUIContainer>
                    <Button Type="WZUIButton" AbsContentSize="50,50" UseAbsSize="True" RelativePosition="0.948221,0.516218" GUID="{25d98e7a-08b4-40a2-b834-76ad50f2ce09}" LuaDoneFunctionName="onClickClose" Name="btnClose_WndClownTreasure" LuaActionName="Normal">
                        <NormalElement Type="WZUIContainer" GUID="{c0b86b19-6ff7-4109-979f-618d6a92201f}">
                            <WZUIImage Type="WZUIImage" GUID="{a56de7da-7af2-4146-a2e6-481288f7b908}" File="ui/common/common_icon_guanbi.png" UseOriginSize="True" />
                        </NormalElement>
                        <SelectElement Type="WZUIContainer" GUID="{e931edd7-2c7c-436d-9ff1-1d1c2e5c684c}">
                            <WZUIImage Type="WZUIImage" GUID="{e3decf14-fa4f-4906-8b84-47108aa95678}" File="ui/common/common_icon_guanbi_sel.png" UseOriginSize="True" />
                        </SelectElement>
                        <DisableElement Type="WZUIContainer" GUID="{ffd9ff14-5e5c-41c5-ade5-47ea8a2d9040}" />
                    </Button>
                    <WZUIImage Type="WZUIImage" GUID="{74ab1cbb-d90c-4419-b452-179f882f5b5e}" File="ui/common/common_pic_jiantou4.png" UseOriginSize="True" RelativePosition="0.376289,0.516667" />
                    <WZUIImage Type="WZUIImage" GUID="{b08425a5-01bb-4e17-8158-0bd98c32bbae}" File="ui/common/common_pic_jiantou4.png" UseOriginSize="True" RelativePosition="0.624919,0.516667" FlipX="True" />
                </WZUIContainer>
            </WZUIContainer>
            <WZUIContainer AbsContentSize="0,0" GUID="{b752c85a-8041-49c2-b90d-b7219633b3a1}" RelativePosition="0.5,0.5" Type="WZUIContainer" UseAbsSize="False" ShowAll="False" Name="conAll_WndClownTreasure">
                <WZUIContainer Type="WZUIContainer" GUID="{ae936562-9de3-4123-8f7a-07d0591fee89}" AbsContentSize="745,480" UseAbsSize="True" RelativePosition="0.5,0.453358">
                    <WZUIImage Type="WZUIImage" GUID="{9b3a9963-df63-45b5-a22a-2e8064142422}" File="ui/practice/xiulian_icon_bg.png" UseOriginSize="True" RelativePosition="0,0.5" AnchorPoint="0,0.5" ScaleX="1.03" ScaleY="1.02" />
                    <WZUIImage Type="WZUIImage" GUID="{2dea9d7b-5c88-4120-9d71-97fe92a7c3f2}" File="ui/practice/xiulian_icon_bg.png" UseOriginSize="True" RelativePosition="1,0.5" FlipY="False" FlipX="True" AnchorPoint="1,0.5" ScaleX="1.043" ScaleY="1.02" />
                    <WZUIContainer Type="WZUIContainer" GUID="{286c4aeb-ef61-4c96-9840-1c1af6338229}" TouchEnable="False">
                        <WZUIImage Type="WZUIImage" GUID="{c6a8dee9-866b-40a9-aaa2-0b2f132c4b0a}" File="ui/practice/common_icon_xbxiaochou.png" UseOriginSize="True" RelativePosition="0.16443,0.939583" />
                    </WZUIContainer>
                    <WZUIContainer Type="WZUIContainer" GUID="{4c19fa8e-ad69-4cef-bb86-d1adfa266e9b}" AbsContentSize="600,360" UseAbsSize="True" RelativePosition="0.5,0.526019" Visible="True">
                        <WZUIContainer Type="WZUIContainer" GUID="{1774a6f5-2acd-4684-a5a7-1f5cc6b23241}" AbsContentSize="540,230" UseAbsSize="True" RelativePosition="0.473333,0.558333" TouchEnable="False">
                            <WZUI9Image Type="WZUI9Image" GUID="{dedd42eb-69a2-48f9-86e9-d405f037bf51}" File="ui/practice/xiulian_icon_cjbg2.png" />
                            <WZUIMoveContainer Type="WZUIMoveContainer" GUID="{7976a4f5-bc93-4083-8dd7-a8ff161aab21}">
                                <MoveElement Type="WZUIContainer" GUID="{7e40b59d-7176-4847-9a5b-23c825b6b8e1}">
                                    <WZUIContainer Type="WZUIContainer" GUID="{aab67331-f5e8-4a4e-bec7-a0a549d427b9}" AbsContentSize="100,1000" UseAbsSize="True" RelativePosition="0.138889,2.85216" AnchorPoint="0.5,1" AbsPosition="75,656" Name="conList1_WndClownTreasure" UseAbsCoordinate="True">
                                        <WZUIImage Type="WZUIImage" GUID="{fd44c750-2cf1-469e-ac5f-e4e99b61cc35}" File="ui/practice/common_icon_xubao01.png" UseOriginSizeProportion="False" Visible="True" AnchorPoint="0.5,1" RelativePosition="0.5,1" UseOriginSize="True" />
                                        <WZUIImage Type="WZUIImage" GUID="{2a1f1eff-afd0-4d52-a42f-fddea596c1b5}" File="ui/practice/common_icon_xubao02.png" UseOriginSizeProportion="True" Visible="True" AnchorPoint="0.5,1" RelativePosition="0.5,0.9" UseOriginSize="True" />
                                        <WZUIImage Type="WZUIImage" GUID="{bcd011d3-6d04-47ce-88db-ccd54c10ab60}" File="ui/practice/common_icon_xubao03.png" UseOriginSizeProportion="False" Visible="True" AnchorPoint="0.5,1" RelativePosition="0.5,0.8" UseOriginSize="True" />
                                        <WZUIImage Type="WZUIImage" GUID="{6a596e1f-7ad2-43b0-84ef-b4ec8c726683}" File="ui/practice/common_icon_xubao04.png" UseOriginSizeProportion="False" Visible="True" AnchorPoint="0.5,1" RelativePosition="0.5,0.7" UseOriginSize="True" />
                                        <WZUIImage Type="WZUIImage" GUID="{7a4bc914-2240-4f2e-ada1-ae8b5c97d814}" File="ui/practice/common_icon_xubao05.png" UseOriginSizeProportion="False" Visible="True" AnchorPoint="0.5,1" RelativePosition="0.5,0.6" UseOriginSize="True" />
                                        <WZUIImage Type="WZUIImage" GUID="{c17a4a81-d848-4fe4-8463-333958e42eee}" File="ui/practice/common_icon_xubao06.png" UseOriginSizeProportion="False" Visible="True" AnchorPoint="0.5,1" RelativePosition="0.5,0.5" UseOriginSize="True" />
                                        <WZUIImage Type="WZUIImage" GUID="{3298623a-e31a-44ba-b2e4-2554a8434534}" File="ui/practice/common_icon_xubao01.png" UseOriginSizeProportion="False" Visible="True" AnchorPoint="0.5,1" RelativePosition="0.5,0.4" UseOriginSize="True" />
                                        <WZUIImage Type="WZUIImage" GUID="{1153705d-61de-4cb4-b22b-020ce4ad35c7}" File="ui/practice/common_icon_xubao02.png" UseOriginSizeProportion="False" Visible="True" AnchorPoint="0.5,1" RelativePosition="0.5,0.3" UseOriginSize="True" />
                                        <WZUIImage Type="WZUIImage" GUID="{027a54a3-092f-4345-9c67-8111670985b3}" File="ui/practice/common_icon_xubao03.png" UseOriginSizeProportion="False" Visible="True" AnchorPoint="0.5,1" RelativePosition="0.5,0.2" UseOriginSize="True" />
                                        <WZUIImage Type="WZUIImage" GUID="{61bdc86d-b0c6-4758-af55-eca6eea5614a}" File="ui/practice/common_icon_xubao04.png" UseOriginSizeProportion="False" Visible="True" AnchorPoint="0.5,1" RelativePosition="0.5,0.1" UseOriginSize="True" />
                                    </WZUIContainer>
                                    <WZUIContainer Type="WZUIContainer" GUID="{1fc6fc20-45a4-4ef5-ac28-5c43db9dd89f}" AbsContentSize="100,1000" UseAbsSize="True" RelativePosition="0.314815,2.85216" AnchorPoint="0.5,1" AbsPosition="" Name="conList2_WndClownTreasure">
                                        <WZUIImage Type="WZUIImage" GUID="{182e2cb4-1c36-4202-b634-43a070541d88}" File="ui/practice/common_icon_xubao01.png" UseOriginSizeProportion="False" Visible="True" AnchorPoint="0.5,1" RelativePosition="0.5,1" UseOriginSize="True" />
                                        <WZUIImage Type="WZUIImage" GUID="{0ca68ef4-0afd-402b-8cc4-1d5baf3c8556}" File="ui/practice/common_icon_xubao02.png" UseOriginSizeProportion="True" Visible="True" AnchorPoint="0.5,1" RelativePosition="0.5,0.9" UseOriginSize="True" />
                                        <WZUIImage Type="WZUIImage" GUID="{8d095716-4ce6-4166-ba3c-343f83975c87}" File="ui/practice/common_icon_xubao03.png" UseOriginSizeProportion="False" Visible="True" AnchorPoint="0.5,1" RelativePosition="0.5,0.8" UseOriginSize="True" />
                                        <WZUIImage Type="WZUIImage" GUID="{664d7927-9026-40fe-8855-346ca427f99d}" File="ui/practice/common_icon_xubao04.png" UseOriginSizeProportion="False" Visible="True" AnchorPoint="0.5,1" RelativePosition="0.5,0.7" UseOriginSize="True" />
                                        <WZUIImage Type="WZUIImage" GUID="{8a5fdd35-6ae4-4edc-b480-c77095516db6}" File="ui/practice/common_icon_xubao05.png" UseOriginSizeProportion="False" Visible="True" AnchorPoint="0.5,1" RelativePosition="0.5,0.6" UseOriginSize="True" />
                                        <WZUIImage Type="WZUIImage" GUID="{5bb361fc-9d6b-4994-8bd7-e08ee604e942}" File="ui/practice/common_icon_xubao06.png" UseOriginSizeProportion="False" Visible="True" AnchorPoint="0.5,1" RelativePosition="0.5,0.5" UseOriginSize="True" />
                                        <WZUIImage Type="WZUIImage" GUID="{8db3e5ff-be51-4ab4-8633-cc47f2c0480d}" File="ui/practice/common_icon_xubao01.png" UseOriginSizeProportion="False" Visible="True" AnchorPoint="0.5,1" RelativePosition="0.5,0.4" UseOriginSize="True" />
                                        <WZUIImage Type="WZUIImage" GUID="{fcc3b777-84dc-4782-9ac1-61a01dbfc65a}" File="ui/practice/common_icon_xubao02.png" UseOriginSizeProportion="False" Visible="True" AnchorPoint="0.5,1" RelativePosition="0.5,0.3" UseOriginSize="True" />
                                        <WZUIImage Type="WZUIImage" GUID="{901333f1-ea55-4a5e-a7b6-5c717cc352e6}" File="ui/practice/common_icon_xubao03.png" UseOriginSizeProportion="False" Visible="True" AnchorPoint="0.5,1" RelativePosition="0.5,0.2" UseOriginSize="True" />
                                        <WZUIImage Type="WZUIImage" GUID="{f843b67a-3c06-4a78-ac79-30be915ecea3}" File="ui/practice/common_icon_xubao04.png" UseOriginSizeProportion="False" Visible="True" AnchorPoint="0.5,1" RelativePosition="0.5,0.1" UseOriginSize="True" />
                                    </WZUIContainer>
                                    <WZUIContainer Type="WZUIContainer" GUID="{7fff0d91-408b-493c-bd6a-03195c99f0a3}" AbsContentSize="100,1000" UseAbsSize="True" RelativePosition="0.492593,2.85216" AnchorPoint="0.5,1" AbsPosition="" Name="conList3_WndClownTreasure">
                                        <WZUIImage Type="WZUIImage" GUID="{2d3282f3-3b9e-41c5-8ca4-0966796cbf41}" File="ui/practice/common_icon_xubao01.png" UseOriginSizeProportion="False" Visible="True" AnchorPoint="0.5,1" RelativePosition="0.5,1" UseOriginSize="True" />
                                        <WZUIImage Type="WZUIImage" GUID="{d98793d3-65dc-4f61-bac2-45501ec07b2c}" File="ui/practice/common_icon_xubao02.png" UseOriginSizeProportion="True" Visible="True" AnchorPoint="0.5,1" RelativePosition="0.5,0.9" UseOriginSize="True" />
                                        <WZUIImage Type="WZUIImage" GUID="{e4a15f43-9453-4232-98e0-96e05ac88ec1}" File="ui/practice/common_icon_xubao03.png" UseOriginSizeProportion="False" Visible="True" AnchorPoint="0.5,1" RelativePosition="0.5,0.8" UseOriginSize="True" />
                                        <WZUIImage Type="WZUIImage" GUID="{a906b0f5-dc9d-4d23-8b99-74c556d4c769}" File="ui/practice/common_icon_xubao04.png" UseOriginSizeProportion="False" Visible="True" AnchorPoint="0.5,1" RelativePosition="0.5,0.7" UseOriginSize="True" />
                                        <WZUIImage Type="WZUIImage" GUID="{92484d29-320e-4fca-b487-541eefa66183}" File="ui/practice/common_icon_xubao05.png" UseOriginSizeProportion="False" Visible="True" AnchorPoint="0.5,1" RelativePosition="0.5,0.6" UseOriginSize="True" />
                                        <WZUIImage Type="WZUIImage" GUID="{10b5e490-3107-49d9-a2ec-abea963fa9fd}" File="ui/practice/common_icon_xubao06.png" UseOriginSizeProportion="False" Visible="True" AnchorPoint="0.5,1" RelativePosition="0.5,0.5" UseOriginSize="True" />
                                        <WZUIImage Type="WZUIImage" GUID="{f05d9fdb-5822-47eb-940e-fa5ad9d172f5}" File="ui/practice/common_icon_xubao01.png" UseOriginSizeProportion="False" Visible="True" AnchorPoint="0.5,1" RelativePosition="0.5,0.4" UseOriginSize="True" />
                                        <WZUIImage Type="WZUIImage" GUID="{083aad61-a0d3-4a79-8b5d-3cd5b0008e19}" File="ui/practice/common_icon_xubao02.png" UseOriginSizeProportion="False" Visible="True" AnchorPoint="0.5,1" RelativePosition="0.5,0.3" UseOriginSize="True" />
                                        <WZUIImage Type="WZUIImage" GUID="{6541461e-7750-4b5e-911b-e04577c66d6a}" File="ui/practice/common_icon_xubao03.png" UseOriginSizeProportion="False" Visible="True" AnchorPoint="0.5,1" RelativePosition="0.5,0.2" UseOriginSize="True" />
                                        <WZUIImage Type="WZUIImage" GUID="{3ec46ec3-86a8-41de-9aff-b3b2a09d7411}" File="ui/practice/common_icon_xubao04.png" UseOriginSizeProportion="False" Visible="True" AnchorPoint="0.5,1" RelativePosition="0.5,0.1" UseOriginSize="True" />
                                    </WZUIContainer>
                                    <WZUIContainer Type="WZUIContainer" GUID="{8d7b059a-caf5-41a7-99e6-6d705ed6edb9}" AbsContentSize="100,1000" UseAbsSize="True" RelativePosition="0.67037,2.85216" AnchorPoint="0.5,1" AbsPosition="" Name="conList4_WndClownTreasure">
                                        <WZUIImage Type="WZUIImage" GUID="{24b5340f-ac9e-48d4-a783-a1a70e9397b3}" File="ui/practice/common_icon_xubao01.png" UseOriginSizeProportion="False" Visible="True" AnchorPoint="0.5,1" RelativePosition="0.5,1" UseOriginSize="True" />
                                        <WZUIImage Type="WZUIImage" GUID="{348f7169-9556-4759-b75d-1d03ee1419f2}" File="ui/practice/common_icon_xubao02.png" UseOriginSizeProportion="True" Visible="True" AnchorPoint="0.5,1" RelativePosition="0.5,0.9" UseOriginSize="True" />
                                        <WZUIImage Type="WZUIImage" GUID="{5282220b-7187-4163-8298-7746998e4283}" File="ui/practice/common_icon_xubao03.png" UseOriginSizeProportion="False" Visible="True" AnchorPoint="0.5,1" RelativePosition="0.5,0.8" UseOriginSize="True" />
                                        <WZUIImage Type="WZUIImage" GUID="{69a7e4e9-b84a-4e21-8b3d-78c3f3ceab3e}" File="ui/practice/common_icon_xubao04.png" UseOriginSizeProportion="False" Visible="True" AnchorPoint="0.5,1" RelativePosition="0.5,0.7" UseOriginSize="True" />
                                        <WZUIImage Type="WZUIImage" GUID="{2bcdbf6a-fb24-4283-8b50-f172f2f3b5c2}" File="ui/practice/common_icon_xubao05.png" UseOriginSizeProportion="False" Visible="True" AnchorPoint="0.5,1" RelativePosition="0.5,0.6" UseOriginSize="True" />
                                        <WZUIImage Type="WZUIImage" GUID="{4b6142e7-773e-4378-9f75-5acbcd0e0f0b}" File="ui/practice/common_icon_xubao06.png" UseOriginSizeProportion="False" Visible="True" AnchorPoint="0.5,1" RelativePosition="0.5,0.5" UseOriginSize="True" />
                                        <WZUIImage Type="WZUIImage" GUID="{f66a9703-06d8-428e-a0d8-30a619b27fea}" File="ui/practice/common_icon_xubao01.png" UseOriginSizeProportion="False" Visible="True" AnchorPoint="0.5,1" RelativePosition="0.5,0.4" UseOriginSize="True" />
                                        <WZUIImage Type="WZUIImage" GUID="{4f972245-54a6-4f6b-855f-386ccef3ae9e}" File="ui/practice/common_icon_xubao02.png" UseOriginSizeProportion="False" Visible="True" AnchorPoint="0.5,1" RelativePosition="0.5,0.3" UseOriginSize="True" />
                                        <WZUIImage Type="WZUIImage" GUID="{d88f53aa-bc71-40a7-8b9e-a15e03e6ba55}" File="ui/practice/common_icon_xubao03.png" UseOriginSizeProportion="False" Visible="True" AnchorPoint="0.5,1" RelativePosition="0.5,0.2" UseOriginSize="True" />
                                        <WZUIImage Type="WZUIImage" GUID="{a0144385-c361-41fe-aff7-4e58db0cf493}" File="ui/practice/common_icon_xubao04.png" UseOriginSizeProportion="False" Visible="True" AnchorPoint="0.5,1" RelativePosition="0.5,0.1" UseOriginSize="True" />
                                    </WZUIContainer>
                                    <WZUIContainer Type="WZUIContainer" GUID="{74aa0da8-56d1-4d5a-a4b4-d0d0957281e9}" AbsContentSize="100,1000" UseAbsSize="True" RelativePosition="0.848148,2.85216" AnchorPoint="0.5,1" AbsPosition="" Name="conList5_WndClownTreasure">
                                        <WZUIImage Type="WZUIImage" GUID="{a10054df-23c9-4a8d-a328-c108ee2de738}" File="ui/practice/common_icon_xubao01.png" UseOriginSizeProportion="False" Visible="True" AnchorPoint="0.5,1" RelativePosition="0.5,1" UseOriginSize="True" />
                                        <WZUIImage Type="WZUIImage" GUID="{f6859870-067c-4c83-9f09-237823a63a68}" File="ui/practice/common_icon_xubao02.png" UseOriginSizeProportion="True" Visible="True" AnchorPoint="0.5,1" RelativePosition="0.5,0.9" UseOriginSize="True" />
                                        <WZUIImage Type="WZUIImage" GUID="{9d121d44-6bf9-4a3a-8223-1078869d145c}" File="ui/practice/common_icon_xubao03.png" UseOriginSizeProportion="False" Visible="True" AnchorPoint="0.5,1" RelativePosition="0.5,0.8" UseOriginSize="True" />
                                        <WZUIImage Type="WZUIImage" GUID="{e1a85234-8e8b-46ff-a184-b2855f88df24}" File="ui/practice/common_icon_xubao04.png" UseOriginSizeProportion="False" Visible="True" AnchorPoint="0.5,1" RelativePosition="0.5,0.7" UseOriginSize="True" />
                                        <WZUIImage Type="WZUIImage" GUID="{36325751-f047-4f66-82ec-3ddfdcf95ddc}" File="ui/practice/common_icon_xubao05.png" UseOriginSizeProportion="False" Visible="True" AnchorPoint="0.5,1" RelativePosition="0.5,0.6" UseOriginSize="True" />
                                        <WZUIImage Type="WZUIImage" GUID="{0cf1680e-c0b4-4e35-880a-4401fa2b01b0}" File="ui/practice/common_icon_xubao06.png" UseOriginSizeProportion="False" Visible="True" AnchorPoint="0.5,1" RelativePosition="0.5,0.5" UseOriginSize="True" />
                                        <WZUIImage Type="WZUIImage" GUID="{01ee5416-b22b-4bba-844d-f147892e9feb}" File="ui/practice/common_icon_xubao01.png" UseOriginSizeProportion="False" Visible="True" AnchorPoint="0.5,1" RelativePosition="0.5,0.4" UseOriginSize="True" />
                                        <WZUIImage Type="WZUIImage" GUID="{a3d27920-d54b-48dc-a95e-4ddaed9ccd73}" File="ui/practice/common_icon_xubao02.png" UseOriginSizeProportion="False" Visible="True" AnchorPoint="0.5,1" RelativePosition="0.5,0.3" UseOriginSize="True" />
                                        <WZUIImage Type="WZUIImage" GUID="{9c5e6d1a-0f14-4117-9e94-f94c5aa0fc96}" File="ui/practice/common_icon_xubao03.png" UseOriginSizeProportion="False" Visible="True" AnchorPoint="0.5,1" RelativePosition="0.5,0.2" UseOriginSize="True" />
                                        <WZUIImage Type="WZUIImage" GUID="{11114afe-e7af-41ed-b565-70ac32a6e9b2}" File="ui/practice/common_icon_xubao04.png" UseOriginSizeProportion="False" Visible="True" AnchorPoint="0.5,1" RelativePosition="0.5,0.1" UseOriginSize="True" />
                                    </WZUIContainer>
                                </MoveElement>
                            </WZUIMoveContainer>
                        </WZUIContainer>
                        <WZUIImage Type="WZUIImage" GUID="{4cba0452-18e3-4627-8526-29df61dbfce7}" File="ui/practice/common_scale9_xb3.png" UseOriginSize="True" RelativePosition="0.471667,0.566667" />
                        <WZUIImage Type="WZUIImage" GUID="{05d78749-9100-439d-ab2d-fbb6183c3e6c}" File="ui/practice/common_scale9_xb.png" UseOriginSize="True" Visible="True" RelativePosition="0.5,0.5" />
                        <WZUIImage Type="WZUIImage" GUID="{f1520f4c-adda-447f-a7bb-87ae230f3aef}" File="ui/practice/common_scale9_xb2.png" UseOriginSize="True" RelativePosition="0.47,0.561111" />
                        <WZUIContainer Type="WZUIContainer" GUID="{928d2872-f4ab-4b6a-90c0-402d82a75786}" Visible="True" RelativePosition="0.5,0.627777">
                            <WZUIContainer Type="WZUIContainer" GUID="{64c44e83-8cc0-4496-82da-1cd2b36afa85}" AbsContentSize="400,200" UseAbsSize="True" RelativePosition="0.46,0.425" TouchEnable="False" Visible="True">
                                <WZUISpine Type="WZUISpine" GUID="{f5f427f5-dccd-4c90-9db9-d34753c4b3e4}" FileAtlas="ui/practicePointer_2.atlas" FileJson="ui/practicePointer_2.json" AnimationName="" Loop="False" Name="spine1_WndClownTreasure" Visible="True" RelativePosition="0.5,-0.6" />
                            </WZUIContainer>
                            <WZUIContainer Type="WZUIContainer" GUID="{d004c8cf-c68b-474a-8fe6-3dfe96f5042f}" AbsContentSize="60,60" UseAbsSize="True" RelativePosition="0.623334,0.630556" TouchEnable="False" Visible="True">
                                <WZUISpine Type="WZUISpine" GUID="{5f4693d7-5a51-4518-8b22-d8defbb8ef23}" FileAtlas="ui/practicePointer.atlas" FileJson="ui/practicePointer.json" AnimationName="" Visible="True" Name="spine2_WndClownTreasure" Loop="False" RelativePosition="0.5,0.5" />
                                <WZUISpine Type="WZUISpine" GUID="{538e4942-f4f2-40da-894b-e9f09e5f03e3}" FileAtlas="ui/ui_xunbao_saoguang.atlas" FileJson="ui/ui_xunbao_saoguang.json" AnimationName="animation" Visible="True" Name="spine3_WndClownTreasure" Loop="True" RelativePosition="4.48333,0.833333" Scale="0.9" ScaleX="0.9" ScaleY="0.9" TouchEnable="False" />
                            </WZUIContainer>
                            <Button Type="WZUIButton" GUID="{cddf1407-b100-484f-a7c2-001b811a1760}" AbsContentSize="100,240" UseAbsSize="True" RelativePosition="1.02038,0.510103" LuaDoneFunctionName="onClickStar" Name="btnStar_WndClownTreasure" AbsPosition="517.229,185.637">
                                <NormalElement Type="WZUIContainer" GUID="{a8989937-ea83-4992-b22f-41e7656ff42b}" />
                                <SelectElement Type="WZUIContainer" GUID="{ee2d06fe-8a48-4b11-afbd-9705093e61d3}" />
                                <DisableElement Type="WZUIContainer" GUID="{1723817a-7a0b-4d85-a095-4667105ed18c}" />
                            </Button>
                            <WZUIContainer Type="WZUIContainer" GUID="{1485eccd-13e6-4a28-985a-78825c03c925}" AbsContentSize="330,40" UseAbsSize="True" RelativePosition="0.271667,0.0527776" Name="conRewardTip_WndClownTreasure">
                                <WZUILabelTTF Type="WZUILabelTTF" GUID="{811821ce-94ba-4a2c-b0fb-721c6be66d64}" LabelStyleKey="C11_F20" TextKey="" Text="" RelativePosition="-0.00166664,0.5" AnchorPoint="0,0.5" Name="txtTip2_WndClownTreasure" />
                                <WZUIImage Type="WZUIImage" GUID="{e572ebad-c99f-4133-8850-5980f1b6f57a}" File="" UseOriginSize="True" RelativePosition="0.824433,0.5" Scale="0.5" ScaleX="0.5" ScaleY="0.5" Name="imgReward2_WndClownTreasure" />
                                <WZUILabelTTF Type="WZUILabelTTF" GUID="{767615b5-614d-49fb-a023-5b57b5868a8a}" LabelStyleKey="C11_F20" TextKey="" Text="" RelativePosition="0.872727,0.5" AnchorPoint="0,0.5" Name="txtQifu2_WndClownTreasure" />
                                <WZUIImage Type="WZUIImage" GUID="{e179847a-9e22-4538-9274-19a49a374892}" File="" UseOriginSize="True" RelativePosition="0.547615,0.525" Scale="0.5" ScaleX="0.5" ScaleY="0.5" Name="imgReward1_WndClownTreasure" />
                                <WZUILabelTTF Type="WZUILabelTTF" GUID="{22e9f170-ceff-4cc5-9546-cfeac21229cf}" LabelStyleKey="C11_F20" TextKey="" Text="" RelativePosition="0.599242,0.5" AnchorPoint="0,0.5" Name="txtQifu1_WndClownTreasure" />
                            </WZUIContainer>
                        </WZUIContainer>
                        <WZUIContainer Type="WZUIContainer" GUID="{99361463-fc34-474e-9077-279fcee81c20}" AbsContentSize="114,60" UseAbsSize="True" RelativePosition="0.471667,0.0305554" Visible="True" Name="conSure_WndClownTreasure" TouchEnable="True">
                            <Button Type="WZUIButton" GUID="{5c4b4593-c43d-45ab-87e6-90ef41128324}" RelativePosition="0.5,0.483333" LuaDoneFunctionName="onClickSure" TouchEnable="False" Name="btnSure_WndClownTreasure">
                                <NormalElement Type="WZUIContainer" GUID="{c8ec5741-4c43-49d0-a386-847bb4eb22a2}">
                                    <WZUIImage Type="WZUIImage" GUID="{f302de26-071f-4744-8a47-efdca2f0b7f6}" File="ui/common/common_btn_anniu10_0.png" UseOriginSize="True" />
                                    <WZUILabelTTF Type="WZUILabelTTF" GUID="{242ca637-6d24-42d4-9af6-afa5d7cd9fbf}" LabelStyleKey="C1_F24_S4_C4" TextKey="CONFIRM" RelativePosition="0.5,0.45" />
                                </NormalElement>
                                <SelectElement Type="WZUIContainer" GUID="{53734ad7-9c28-455a-aa48-59a780052655}">
                                    <WZUIImage Type="WZUIImage" GUID="{048d44c2-8c7b-40fa-91a4-ef3842ba43c6}" File="ui/common/common_btn_anniu10_0_sel.png" UseOriginSize="True" />
                                    <WZUILabelTTF Type="WZUILabelTTF" GUID="{8238cae0-e992-456f-ad9e-ad83aa28ef0a}" LabelStyleKey="C1_F24_S4_C4" TextKey="CONFIRM" RelativePosition="0.5,0.45" />
                                </SelectElement>
                                <DisableElement Type="WZUIContainer" GUID="{ec152325-5abb-45d9-a46f-ea87457a7240}">
                                    <WZUIImage Type="WZUIImage" GUID="{502cb65f-de38-43fa-9b0e-e531460b2ade}" File="ui/common/common_btn_anniu10_0.png" UseOriginSize="True" GrayRender="True" />
                                    <WZUILabelTTF Type="WZUILabelTTF" GUID="{480d5a5e-e784-40e8-ad88-f4322d615c89}" LabelStyleKey="SMALL_GRAY_BTN" TextKey="CONFIRM" RelativePosition="0.5,0.45" />
                                </DisableElement>
                            </Button>
                        </WZUIContainer>
                        <WZUIContainer Type="WZUIContainer" GUID="{0f907b1a-9216-4940-b498-be7292173e01}" AbsContentSize="92,42" UseAbsSize="True" RelativePosition="0.146853,0.740752" Name="conRefresh1_WndClownTreasure" Visible="False">
                            <Button Type="WZUIButton" GUID="{06b98fb3-45fa-4532-8ba6-ac8d9188f0b6}" LuaDoneFunctionName="onClickRefresh" Tag="1" LuaActionName="Normal">
                                <NormalElement Type="WZUIContainer" GUID="{19386d65-92f0-4765-95a3-3e7dda70c380}">
                                    <WZUIImage Type="WZUIImage" GUID="{13d58fbf-b8ee-4618-b183-8bcd93631592}" File="ui/common/common_btn_anniu3.png" UseOriginSize="True" Scale="0.65" ScaleX="0.65" ScaleY="0.65" />
                                </NormalElement>
                                <SelectElement Type="WZUIContainer" GUID="{da8bf709-77ff-448c-84ca-175417da174f}">
                                    <WZUIImage Type="WZUIImage" GUID="{b871dad6-b761-42b8-a371-d31916fc3388}" File="ui/common/common_btn_anniu3.png" UseOriginSize="True" Scale="0.65" ScaleX="0.65" ScaleY="0.65" />
                                </SelectElement>
                                <DisableElement Type="WZUIContainer" GUID="{7f0a73f0-3b0b-44fd-9611-3d9f9e1f9603}" />
                            </Button>
                            <WZUILabelTTF Type="WZUILabelTTF" GUID="{ac0873f4-13f7-4f32-b901-c2a8667b9336}" LabelStyleKey="C1_F18_S4_C2" RelativePosition="0.119565,0.5" AnchorPoint="0,0.5" Name="txtStatus_WndClownTreasure" Visible="False" TouchEnable="False" FontSize="18" Color="255,236,193" EnableStroke="True" StrokeSize="4" StrokeColor="128,54,13" TextKey="PETFREE2" />
                            <WZUIImage Type="WZUIImage" GUID="{a28469c0-e165-49c5-bab9-07935923c7c4}" File="ui/practice/common_icon_xbxuanzhuan.png" UseOriginSize="True" RelativePosition="0.760869,0.5" TouchEnable="False" />
                            <WZUIImage Type="WZUIImage" GUID="{e81c2004-7e49-4997-9ef3-16cc3092a446}" File="shopitems/lizuan.png" UseOriginSize="True" Scale="0.5" ScaleX="0.5" ScaleY="0.5" RelativePosition="0.228261,0.5" Name="imgLizhuan_WndClownTreasure" TouchEnable="False" />
                            <WZUILabelTTF Type="WZUILabelTTF" GUID="{93709fc8-14ac-4540-82a3-e11a571dcf45}" LabelStyleKey="C1_F18_S4_C2" Text="" RelativePosition="0.391304,0.5" AnchorPoint="0,0.5" Name="txtCostCount_WndClownTreasure" TouchEnable="False" Color="255,236,193" EnableStroke="True" FontSize="18" StrokeColor="128,54,13" StrokeSize="4" />
                        </WZUIContainer>
                        <WZUIContainer Type="WZUIContainer" GUID="{15fdc3d1-9621-4b9d-95fd-75bc72b26fb2}" AbsContentSize="92,42" UseAbsSize="True" RelativePosition="0.306853,0.740752" Name="conRefresh2_WndClownTreasure" Visible="False">
                            <Button Type="WZUIButton" GUID="{88483830-4c74-4335-aea6-ccbd7bfeff5d}" LuaDoneFunctionName="onClickRefresh" Tag="2" LuaActionName="Normal">
                                <NormalElement Type="WZUIContainer" GUID="{79d4bfd2-a4a7-45a4-b941-adadd09cee88}">
                                    <WZUIImage Type="WZUIImage" GUID="{8c1ef68e-85b3-4b1b-97a9-ed4007b01e7a}" File="ui/common/common_btn_anniu3.png" UseOriginSize="True" Scale="0.65" ScaleX="0.65" ScaleY="0.65" />
                                </NormalElement>
                                <SelectElement Type="WZUIContainer" GUID="{5fb272fd-c467-4fe8-a197-cdff9b418924}">
                                    <WZUIImage Type="WZUIImage" GUID="{08ba970b-a9f9-4fae-bb14-c5a48ed9858e}" File="ui/common/common_btn_anniu3.png" UseOriginSize="True" Scale="0.65" ScaleX="0.65" ScaleY="0.65" />
                                </SelectElement>
                                <DisableElement Type="WZUIContainer" GUID="{7ef062e2-98d7-4b2a-86e9-6d75d821552a}" />
                            </Button>
                            <WZUILabelTTF Type="WZUILabelTTF" GUID="{fc6fc281-6713-43c8-b958-7573c75f21be}" LabelStyleKey="C1_F18_S4_C2" RelativePosition="0.119565,0.5" AnchorPoint="0,0.5" Name="txtStatus_WndClownTreasure" Visible="False" TouchEnable="False" Color="255,236,193" EnableStroke="True" StrokeSize="4" StrokeColor="128,54,13" FontSize="18" TextKey="PETFREE2" />
                            <WZUIImage Type="WZUIImage" GUID="{639ed37b-c34b-4c05-82aa-5e143befc924}" File="ui/practice/common_icon_xbxuanzhuan.png" UseOriginSize="True" RelativePosition="0.760869,0.5" TouchEnable="False" />
                            <WZUIImage Type="WZUIImage" GUID="{cdc5cf1b-892c-4477-a2a6-1d9f853329b3}" File="shopitems/lizuan.png" UseOriginSize="True" Scale="0.5" ScaleX="0.5" ScaleY="0.5" RelativePosition="0.228261,0.5" Name="imgLizhuan_WndClownTreasure" TouchEnable="False" />
                            <WZUILabelTTF Type="WZUILabelTTF" GUID="{a5ff8d66-72b7-4aab-ad4a-4cf7f9fc0d56}" LabelStyleKey="C1_F18_S4_C2" Text="10" RelativePosition="0.391304,0.5" AnchorPoint="0,0.5" Name="txtCostCount_WndClownTreasure" TouchEnable="False" Color="255,236,193" EnableStroke="True" StrokeSize="4" StrokeColor="128,54,13" FontSize="18" />
                        </WZUIContainer>
                        <WZUIContainer Type="WZUIContainer" GUID="{c99ee92f-87d1-41c4-aa97-32cf7527bf3e}" AbsContentSize="92,42" UseAbsSize="True" RelativePosition="0.466853,0.740752" Name="conRefresh3_WndClownTreasure" Visible="False">
                            <Button Type="WZUIButton" GUID="{86273b79-e6e0-4692-8c9a-dc36b0121dde}" LuaDoneFunctionName="onClickRefresh" Tag="3" LuaActionName="Normal">
                                <NormalElement Type="WZUIContainer" GUID="{913e13c2-251b-497e-a910-3275d8fbbd4b}">
                                    <WZUIImage Type="WZUIImage" GUID="{13eb4fb8-e0c1-4def-9506-bd885ebc2229}" File="ui/common/common_btn_anniu3.png" UseOriginSize="True" Scale="0.65" ScaleX="0.65" ScaleY="0.65" />
                                </NormalElement>
                                <SelectElement Type="WZUIContainer" GUID="{08f84796-5b98-434b-8c5b-db3b821eca7a}">
                                    <WZUIImage Type="WZUIImage" GUID="{5e6b7783-4955-4fcb-8d0c-0d005206cee1}" File="ui/common/common_btn_anniu3.png" UseOriginSize="True" Scale="0.65" ScaleX="0.65" ScaleY="0.65" />
                                </SelectElement>
                                <DisableElement Type="WZUIContainer" GUID="{3c03acb1-5251-45ff-89a6-70622805c1ae}" />
                            </Button>
                            <WZUILabelTTF Type="WZUILabelTTF" GUID="{88ab6c91-2408-42e1-8fd2-dd49dca990c2}" LabelStyleKey="C1_F18_S4_C2" RelativePosition="0.119565,0.5" AnchorPoint="0,0.5" Name="txtStatus_WndClownTreasure" Visible="False" TouchEnable="False" Color="255,236,193" EnableStroke="True" StrokeSize="4" StrokeColor="128,54,13" FontSize="18" TextKey="PETFREE2" />
                            <WZUIImage Type="WZUIImage" GUID="{98917697-0764-4c12-9887-9cf05df89f2b}" File="ui/practice/common_icon_xbxuanzhuan.png" UseOriginSize="True" RelativePosition="0.760869,0.5" TouchEnable="False" />
                            <WZUIImage Type="WZUIImage" GUID="{2c23403a-8bc8-4d97-bc86-9b19a3fe0b0c}" File="shopitems/lizuan.png" UseOriginSize="True" Scale="0.5" ScaleX="0.5" ScaleY="0.5" RelativePosition="0.228261,0.5" Name="imgLizhuan_WndClownTreasure" TouchEnable="False" />
                            <WZUILabelTTF Type="WZUILabelTTF" GUID="{d8cf3c9a-beb5-4c6a-ba6a-9fd65c99b73b}" LabelStyleKey="C1_F18_S4_C2" Text="10" RelativePosition="0.391304,0.5" AnchorPoint="0,0.5" Name="txtCostCount_WndClownTreasure" TouchEnable="False" FontSize="18" Color="255,236,193" EnableStroke="True" StrokeSize="4" StrokeColor="128,54,13" />
                        </WZUIContainer>
                        <WZUIContainer Type="WZUIContainer" GUID="{c8637e6e-2661-47bb-a114-3064544c37d5}" AbsContentSize="92,42" UseAbsSize="True" RelativePosition="0.625187,0.740752" Name="conRefresh4_WndClownTreasure" Visible="False">
                            <Button Type="WZUIButton" GUID="{e7c8d0b9-acba-4a21-9396-99b114c6f8c6}" LuaDoneFunctionName="onClickRefresh" Tag="4" LuaActionName="Normal">
                                <NormalElement Type="WZUIContainer" GUID="{2f6ae2f3-6f61-4c89-a5eb-5a856183bff9}">
                                    <WZUIImage Type="WZUIImage" GUID="{c6a64deb-ded9-4b20-8719-bfd0070e06f8}" File="ui/common/common_btn_anniu3.png" UseOriginSize="True" Scale="0.65" ScaleX="0.65" ScaleY="0.65" />
                                </NormalElement>
                                <SelectElement Type="WZUIContainer" GUID="{d29bc524-74f9-4da3-9b50-1c74b0eb801d}">
                                    <WZUIImage Type="WZUIImage" GUID="{9e55d3eb-8da4-44a3-9307-59bb4d440183}" File="ui/common/common_btn_anniu3.png" UseOriginSize="True" Scale="0.65" ScaleX="0.65" ScaleY="0.65" />
                                </SelectElement>
                                <DisableElement Type="WZUIContainer" GUID="{37f0182e-e1a3-4e94-9385-034dd01f5f79}" />
                            </Button>
                            <WZUILabelTTF Type="WZUILabelTTF" GUID="{c6841c40-8d6e-435d-93ab-c4fb1e38a022}" LabelStyleKey="C1_F18_S4_C2" RelativePosition="0.119565,0.5" AnchorPoint="0,0.5" Name="txtStatus_WndClownTreasure" Visible="False" TouchEnable="False" FontSize="18" Color="255,236,193" EnableStroke="True" StrokeSize="4" StrokeColor="128,54,13" TextKey="PETFREE2" />
                            <WZUIImage Type="WZUIImage" GUID="{75687f4b-c20f-4580-84fe-339fad9686be}" File="ui/practice/common_icon_xbxuanzhuan.png" UseOriginSize="True" RelativePosition="0.760869,0.5" TouchEnable="False" />
                            <WZUIImage Type="WZUIImage" GUID="{b54d60c6-a21e-4aa7-b806-a0e14cdfb826}" File="shopitems/lizuan.png" UseOriginSize="True" Scale="0.5" ScaleX="0.5" ScaleY="0.5" RelativePosition="0.228261,0.5" Name="imgLizhuan_WndClownTreasure" TouchEnable="False" />
                            <WZUILabelTTF Type="WZUILabelTTF" GUID="{3fa4a133-4b85-4d58-b478-acfa9ba3e5c2}" LabelStyleKey="C1_F18_S4_C2" Text="10" RelativePosition="0.391304,0.5" AnchorPoint="0,0.5" Name="txtCostCount_WndClownTreasure" Color="255,236,193" EnableStroke="True" FontSize="18" StrokeSize="4" StrokeColor="128,54,13" />
                        </WZUIContainer>
                        <WZUIContainer Type="WZUIContainer" GUID="{fa55ed61-cd17-4059-9bd0-5ec6bcf95d95}" AbsContentSize="92,42" UseAbsSize="True" RelativePosition="0.78352,0.740752" Name="conRefresh5_WndClownTreasure" Visible="False">
                            <Button Type="WZUIButton" GUID="{0af36a70-0933-4936-8463-fb8415509768}" LuaDoneFunctionName="onClickRefresh" Tag="5" LuaActionName="Normal">
                                <NormalElement Type="WZUIContainer" GUID="{3d45418f-5a93-40ec-b64b-c93e23e1fa27}">
                                    <WZUIImage Type="WZUIImage" GUID="{b0770600-2d57-43f2-b843-aee5b3272e12}" File="ui/common/common_btn_anniu3.png" Scale="0.65" ScaleX="0.65" ScaleY="0.65" UseOriginSize="True" />
                                </NormalElement>
                                <SelectElement Type="WZUIContainer" GUID="{9f323c9e-69ff-44a9-bb3e-869f4b20b64b}">
                                    <WZUIImage Type="WZUIImage" GUID="{a9169046-4364-4ca5-b9ec-84b7b37d5bdd}" File="ui/common/common_btn_anniu3.png" Scale="0.65" ScaleX="0.65" ScaleY="0.65" UseOriginSize="True" />
                                </SelectElement>
                                <DisableElement Type="WZUIContainer" GUID="{ae071e39-a157-4d9d-9c71-131beaa7d636}" />
                            </Button>
                            <WZUILabelTTF Type="WZUILabelTTF" GUID="{b191e1c8-27b4-4f2c-80bd-cf34f43adab2}" LabelStyleKey="C1_F18_S4_C2" RelativePosition="0.119565,0.5" AnchorPoint="0,0.5" Name="txtStatus_WndClownTreasure" Visible="False" TouchEnable="False" Color="255,236,193" EnableStroke="True" FontSize="18" StrokeColor="128,54,13" StrokeSize="4" TextKey="PETFREE2" />
                            <WZUIImage Type="WZUIImage" GUID="{57ffe61a-700a-49fd-81f2-2bd5e1cb65b8}" File="ui/practice/common_icon_xbxuanzhuan.png" UseOriginSize="True" RelativePosition="0.760869,0.5" TouchEnable="False" />
                            <WZUIImage Type="WZUIImage" GUID="{9b0c3b18-0197-414c-a4ca-99636b1b8ab7}" File="shopitems/lizuan.png" UseOriginSize="True" Scale="0.5" ScaleX="0.5" ScaleY="0.5" RelativePosition="0.228261,0.5" Name="imgLizhuan_WndClownTreasure" TouchEnable="False" />
                            <WZUILabelTTF Type="WZUILabelTTF" GUID="{8f1947f4-80e1-42cd-a34c-2ebe50dd95a7}" LabelStyleKey="C1_F18_S4_C2" Text="10" RelativePosition="0.391304,0.5" AnchorPoint="0,0.5" Name="txtCostCount_WndClownTreasure" TouchEnable="False" Color="255,236,193" EnableStroke="True" FontSize="18" StrokeSize="4" StrokeColor="128,54,13" />
                        </WZUIContainer>
                    </WZUIContainer>
                    <WZUIContainer Type="WZUIContainer" GUID="{85ad8af3-f52f-45e4-95ae-39f9a44abdbc}" AbsContentSize="230,80" UseAbsSize="True" RelativePosition="0.448993,0.966666" TouchEnable="False" Name="conTips_WndClownTreasure" Visible="True">
                        <WZUIImage Type="WZUIImage" GUID="{d40a9d4c-27dc-431a-9b5c-578b4eff66d6}" File="ui/practice/common_scale9_xbtalk.png" UseOriginSize="True" />
                        <WZUILabelTTF Type="WZUILabelTTF" GUID="{c3a88baf-9d15-4593-80df-763bc777376f}" Name="txtTip_WndClownTreasure" LabelStyleKey="C2_F22" Text="" RelativePosition="0.147825,0.45" Dimensions="180,60" AnchorPoint="0,0.5" />
                    </WZUIContainer>
                    <WZUIContainer Type="WZUIContainer" GUID="{487d96f8-a2f8-481c-8e3e-f6bdaa7be18a}" AbsContentSize="160,40" UseAbsSize="True" RelativePosition="0.910083,0.28244" Visible="True">
                        <Button Type="WZUIButton" GUID="{1835c329-dbd9-4a9c-a178-607ab6aac7b7}" AbsContentSize="35,35" UseAbsSize="True" LocalInterval="0" RelativePosition="0.14375,0.5" LuaDoneFunctionName="onClickQuick">
                            <NormalElement Type="WZUIContainer" GUID="{ef1798a1-7181-4adb-b67a-3a3575a76056}">
                                <WZUIImage Type="WZUIImage" GUID="{dcf78b49-831d-440c-8c09-863a249e345c}" File="ui/common/common_scale9_di13.png" Name="imgBtn1_CellPetChoiceList" UseOriginSize="True" RelativePosition="0.5,0.5" />
                            </NormalElement>
                            <SelectElement Type="WZUIContainer" GUID="{097ab2c1-23ee-45f5-ac7d-4c40184b4871}">
                                <WZUIImage Type="WZUIImage" GUID="{6946f65a-ff6e-4c12-91cf-c64d3f52607e}" File="ui/common/common_scale9_di13.png" Name="imgBtn1_CellPetChoiceList" UseOriginSize="True" RelativePosition="0.5,0.5" />
                            </SelectElement>
                            <DisableElement Type="WZUIContainer" GUID="{98a0dbae-5533-40c3-a689-3980dda7535e}" />
                        </Button>
                        <WZUIContainer Type="WZUIContainer" GUID="{74f2da9c-60a4-430b-a2c3-ddc0322d0bc5}" AbsContentSize="35,35" UseAbsSize="True" RelativePosition="0.14375,0.5" TouchEnable="False" Name="conGou_WndClownTreasure" Visible="False">
                            <WZUIImage Type="WZUIImage" GUID="{4b3f72fa-e60d-4753-8056-c220a4fc1db0}" File="ui/common/common_scale9_beibaodi_sel.png" Scale="1.02" />
                            <WZUIImage Type="WZUIImage" GUID="{20c732b7-b4d6-4d86-8dd6-0cf4e7e13c72}" File="ui/common/common_icon_gou.png" Visible="True" UseOriginSize="True" />
                        </WZUIContainer>
                        <WZUILabelTTF Type="WZUILabelTTF" GUID="{39fb1b6e-21c1-46bf-8555-fde82ca7416a}" Text="" FontSize="24" Color="79,60,48" AnchorPoint="0,0.5" RelativePosition="-0.50625,0.5" TextKey="PRACTICE_QUICK" LabelStyleKey="C11_F20" />
                    </WZUIContainer>
                    <WZUIContainer Type="WZUIContainer" GUID="{f4bb2532-431d-41b4-b2f7-f700d39d2348}" AbsContentSize="730,40" UseAbsSize="True" AnchorPoint="0.5,0" RelativePosition="0.5,0" Visible="True">
                        <Button Type="WZUIButton" GUID="{85cc4470-1108-4e96-8330-7409c480b0f7}" AbsContentSize="40,40" UseAbsSize="True" AnchorPoint="1,0.5" RelativePosition="1.01096,0.675" LuaDoneFunctionName="onClickExplain">
                            <NormalElement Type="WZUIContainer" GUID="{0785e0c5-2252-4a43-8768-f00743f79746}" />
                            <SelectElement Type="WZUIContainer" GUID="{7cf3cc6f-1d49-4a23-8d59-960e9f3f481d}" />
                            <DisableElement Type="WZUIContainer" GUID="{52b6287a-f408-4a24-a03b-0cf70345f564}" />
                            <WZUIImage Type="WZUIImage" GUID="{291918c5-349c-4fc4-be3a-343c2b33520d}" File="ui/common/common_icon_gth.png" UseOriginSize="True" />
                        </Button>
                    </WZUIContainer>
                </WZUIContainer>
            </WZUIContainer>
        </WZUIContainer>
    </WZUIContainer>
</WndClownTreasure>
