﻿<WndCard GUID="{10213332-2e4d-4f88-a2cc-eb99b0f4fd5a}">
    <WZUIWindow Type="WZUIWindow" GUID="{27f248ac-120e-4894-b5e0-0ff1f0d87e16}" LuaObjectName="WndCard" Name="WndCard" NameCreate="True" AbsContentSize="960,640" UseAbsSize="True" LuaTouchBeganFunction="onTouchBegan">
        <WZUIContainer Type="WZUIContainer" GUID="{3ba609b7-dcf2-4299-b8ec-9fb9f7cb9b60}">
            <WZUIImage Type="WZUIImage" GUID="{8280fa2c-d093-4f17-b0c2-63155c1f9c62}" File="ui/bless/common_pic_qfbj.png" />
        </WZUIContainer>
        <WZUIContainer Type="WZUIContainer" GUID="{eec939a8-db8f-4fd9-adba-e97e3ce18579}" Name="" AbsContentSize="960,550" AnchorPoint="0.5,0.5" RelativePosition="0.5,0.45" UseAbsSize="True" Order="0" Visible="True" ShowAll="True" NoBorder="True">
            <WZUIContainer Type="WZUIContainer" GUID="{4cdc047b-6cc3-42e3-a9d5-e980d3a64dc0}" AbsContentSize="1236,500" UseAbsSize="True" RelativePosition="0.5,0.43" ShowAll="False" Visible="True">
                <WZUI9Image Type="WZUI9Image" GUID="{dcf4962c-6d6a-4bd0-ac07-8c6e64c99bae}" File="ui/common/common_scale9_di72.png" Name="imgMidBg_WndCard" ScaleX="1.5" />
            </WZUIContainer>
            <WZUIContainer Type="WZUIContainer" GUID="{080c8386-64f2-4f66-8765-bc4b3e54b938}" Name="conTopMenu_WndCard" RelativeSize="1,0.1" RelativePosition="0.5,0.949" Visible="True">
                <WZUICheckBoxGroup AbsContentSize="940,55" AnchorPoint="0.5,0.5" GUID="{799edc29-9501-4d58-ba86-05b337f30af4}" Name="checkGroup_WndCard" Order="2" RelativePosition="0.5,0.5" Type="WZUICheckBoxGroup" UseAbsSize="True">
                    <CheckBox AbsContentSize="150,50" AnchorPoint="0.5,0.5" GUID="{85559838-91b7-4f44-b0f7-1a0311f37d60}" LuaCheckedFunctionName="onTabCard" Name="checkbox1_WndCard" RelativePosition="0.15,0.5" SelectedIndex="1" Type="WZUICheckBox" UseAbsSize="True" AbsPosition="51.7495,14.3">
                        <CheckElement GUID="{0b530934-bcf3-40c2-ba67-c4910efa1157}" RelativePosition="0.5,0.5" Type="WZUIContainer" AbsContentSize="150,50">
                            <WZUI9Image File="ui/hero/common_btn_anniu17.png" GUID="{ac41d4c9-9608-4f87-91b0-88de68cf378c}" Type="WZUI9Image" UseOriginSize="False" Scale="1" ScaleX="1" ScaleY="1" Color="255,255,255" />
                            <WZUILabelTTF BoldFont="True" Color="255,236,193" EnableStroke="True" FontSize="22" GUID="{70ed8c4d-f175-4c58-9489-17251c96bd6e}" Name="" RelativePosition="0.5,0.5" StrokeColor="79,60,48" StrokeSize="4" Type="WZUILabelTTF" Text="" TextKey="CARDS" LabelStyleKey="C1_F24_S4_C2" />
                        </CheckElement>
                        <CheckElement GUID="{004105d8-c9f8-49c7-8100-d8d58ca4efe6}" RelativePosition="0.5,0.5" Type="WZUIContainer" AbsPosition="43,22.034" AbsContentSize="150,40">
                            <WZUI9Image File="ui/hero/common_btn_anniu17_sel.png" GUID="{4f81e762-2c3d-4831-8ca6-a374bddb85bf}" Type="WZUI9Image" Scale="1" ScaleX="1" ScaleY="1" UseOriginSize="False" RelativePosition="0.5,0.5" AbsPosition="43,20" />
                            <WZUILabelTTF BoldFont="True" Color="79,60,48" EnableStroke="False" FontSize="24" GUID="{c1927cd9-88fe-454e-855a-abc021a2372d}" Name="" RelativePosition="0.5,0.5" StrokeColor="60,19,12" StrokeSize="1" Type="WZUILabelTTF" Text="" TextKey="CARDS" LabelStyleKey="C1_F24_S4_C2" />
                        </CheckElement>
                    </CheckBox>
                    <CheckBox AbsContentSize="150,50" GUID="{a16a00f0-c48c-4845-bf2d-668e689354e6}" LuaCheckedFunctionName="onTabCardBox" Name="checkbox2_WndCard" RelativePosition="0.35,0.5" SelectedIndex="0" Type="WZUICheckBox" UseAbsSize="True" AbsPosition="320.906,15.3">
                        <CheckElement GUID="{ae99e707-5865-4cab-a5c9-4c91831a04a8}" Type="WZUIContainer" RelativePosition="0.5,0.5">
                            <WZUI9Image File="ui/hero/common_btn_anniu17.png" GUID="{9edb0b2d-e14c-49c9-b031-b00a69c736a2}" Type="WZUI9Image" UseOriginSize="False" Scale="1" ScaleX="1" ScaleY="1" Color="255,255,255" />
                            <WZUILabelTTF BoldFont="True" Color="255,236,193" EnableStroke="True" FontSize="22" GUID="{ea0d1dba-1101-4f88-bc3a-cd43e33da7b4}" Name="txtCheck1_WndCard" RelativePosition="0.5,0.5" StrokeColor="79,60,48" StrokeSize="4" Type="WZUILabelTTF" Text="" TextKey="CARD_TEXT2" LabelStyleKey="C1_F24_S4_C2" />
                        </CheckElement>
                        <CheckElement GUID="{c42fed3b-3bf4-4b7f-b69a-1d8b81a592cf}" Type="WZUIContainer" RelativePosition="0.5,0.5" AbsPosition="43,21.008">
                            <WZUI9Image File="ui/hero/common_btn_anniu17_sel.png" GUID="{d2826aa2-526b-4726-bced-365de8ad1648}" Type="WZUI9Image" Scale="1" ScaleX="1" ScaleY="1" UseOriginSize="False" RelativePosition="0.5,0.5" AbsPosition="43,21" />
                            <WZUILabelTTF BoldFont="True" Color="79,60,48" EnableStroke="False" FontSize="24" GUID="{510b7f6e-96b5-43a2-846d-78bad2e34565}" Name="txtCheckSel1_WndCard" RelativePosition="0.5,0.5" StrokeColor="60,19,12" StrokeSize="1" Type="WZUILabelTTF" Text="" TextKey="CARD_TEXT2" LabelStyleKey="C1_F24_S4_C2" />
                        </CheckElement>
                    </CheckBox>
                </WZUICheckBoxGroup>
                <WZUIContainer Type="WZUIContainer" GUID="{3da7d8df-d29f-4252-afa2-d48c1a6eb54a}" AbsContentSize="150,50" UseAbsSize="True" RelativePosition="0.35,0.5" Order="3" Name="conRed_WndCard" TouchEnable="False" Visible="False">
                    <CheckElement Type="WZUIImage" GUID="{535b911b-7f5b-4513-8bce-90024ab7ac17}" File="ui/common/common_icon_xiaodianzhui.png" UseOriginSize="True" Order="2" RelativePosition="0.85,0.85" />
                </WZUIContainer>
                <Button Type="WZUIButton" GUID="{a925a233-1ab4-4f87-b03d-2ff11598f54a}" LuaActionName="" AnchorPoint="0.5,0.5" RelativePosition="0.815,0.3" UseAbsSize="True" AbsContentSize="120,55" ShowAll="False" LuaDoneFunctionName="onClickRule">
                    <NormalElement Type="WZUIContainer" GUID="{d1ce1994-d44f-49bd-983a-8e64c39e890c}">
                        <WZUIImage Type="WZUIImage" GUID="{74e6dbf3-14e6-484f-ae49-5b06e607ee38}" File="ui/common/common_icon_wfjs.png" UseOriginSize="True" />
                    </NormalElement>
                    <SelectElement Type="WZUIContainer" GUID="{c0c485e4-8a81-47e9-a123-c74a885be9bd}">
                        <WZUIImage Type="WZUIImage" GUID="{1270d55c-f389-46e2-ba93-3c2500846573}" File="ui/common/common_icon_wfjs.png" UseOriginSize="True" />
                    </SelectElement>
                    <DisableElement Type="WZUIContainer" GUID="{0f779167-538c-4572-9052-efc9c6119349}" />
                </Button>
                <Button Type="WZUIButton" GUID="{2893076c-c10f-4050-a648-498f86181508}" LuaActionName="Normal" AnchorPoint="0.5,0.5" RelativePosition="0.935,0.55" UseAbsSize="True" AbsContentSize="116,55" ShowAll="False" LuaDoneFunctionName="onTabShop">
                    <NormalElement Type="WZUIContainer" GUID="{c3c43302-da99-4578-87e6-47660b06adb2}">
                        <WZUIImage Type="WZUIImage" GUID="{c167cacc-4f42-4d41-aef6-37fc9c8295bb}" File="ui/common/common_btn_anniu3_0.png" UseOriginSize="True" />
                    </NormalElement>
                    <SelectElement Type="WZUIContainer" GUID="{b71d55de-ed01-4d83-b529-fbc5af20910d}">
                        <WZUIImage Type="WZUIImage" GUID="{66c94ee2-4a64-47f3-a52f-cbdc78c48f55}" File="ui/common/common_btn_anniu3_0_sel.png" UseOriginSize="True" />
                    </SelectElement>
                    <DisableElement Type="WZUIContainer" GUID="{d95191db-d2e1-4ef6-9a9d-dba32510ea95}" />
                    <WZUILabelTTF BoldFont="False" Color="255,236,193" EnableStroke="True" FontSize="24" GUID="{f05dd7dd-bda0-4a57-8642-135debb661fa}" Name="" RelativePosition="0.5,0.5" StrokeColor="128,54,13" StrokeSize="4" Type="WZUILabelTTF" Text="" TextKey="ATH_SHOP" LabelStyleKey="" TouchEnable="False" />
                </Button>
            </WZUIContainer>
            <WZUIContainer Type="WZUIContainer" GUID="{e513b5d3-7b74-4927-96ed-d7f296beea81}" Name="conMain_WndCard" RelativeSize="1,0.9" RelativePosition="0.5,0.435" Visible="True">
                <WZUIContainer Type="WZUIContainer" GUID="{658cabf2-d5c7-46f0-9552-6367f4b91dae}" AbsContentSize="645,500" UseAbsSize="True" RelativePosition="0.345,0.5" Name="conLeftList_WndCard">
                    <WZUIFreeListContainer Type="WZUIFreeListContainer" GUID="{f461cca9-43dc-43f6-adfc-b8b1a64e6fea}" Name="conflActiveCard_WndCard" RelativeSize="1,1" EnableMoveHorizontal="False" AbsContentSize="645,480" UseAbsSize="True" />
                </WZUIContainer>
                <WZUIContainer Type="WZUIContainer" GUID="{00a1a77e-acd0-4f1c-9080-5c4146f22ca8}" AbsContentSize="296,476" UseAbsSize="True" RelativePosition="0.84,0.5">
                    <WZUI9Image Type="WZUI9Image" GUID="{843147d8-03dd-41a7-9d69-129d95afa2a9}" File="ui/common/common_scale9_di29.png" />
                    <WZUIContainer Type="WZUIContainer" GUID="{543d9403-c549-4f9a-ac36-4d322816b521}" Name="conIcon_WndCard" AbsContentSize="110,140" UseAbsSize="True" RelativePosition="0.24,0.83" />
                    <WZUILabelTTF Type="WZUILabelTTF" GUID="{d2d64005-d999-4b95-99f1-284fe3264071}" FontSize="22" Name="txtCardName_WndCard" AnchorPoint="0,0.5" RelativePosition="0.48,0.94" Text="" Alignment="Left" />
                    <WZUILabelTTF Type="WZUILabelTTF" GUID="{f4da7cc8-6836-46ff-9147-7a8dfe142750}" FontSize="20" Name="txtCardQuality_WndCard" AnchorPoint="0,0.5" RelativePosition="0.48,0.88" Text="第六届阿斯兰" TextKey="CARD_TEXT15" Color="255,227,116" />
                    <WZUILabelTTF Type="WZUILabelTTF" GUID="{e466608c-f7f7-4a55-9143-b151f5ce969f}" FontSize="20" Name="txtCardLevel_WndCard" AnchorPoint="0,0.5" RelativePosition="0.48,0.82" Text="" TextKey="MOUNT_LEVEL1" Color="255,227,116" />
                    <WZUILabelTTF Type="WZUILabelTTF" GUID="{77a22d24-17b2-429f-a4fd-04dbfd3acbe2}" FontSize="20" Name="txtQualityValue_WndCard" AnchorPoint="0,0.5" RelativePosition="0.65,0.88" Text="" Color="255,236,193" />
                    <WZUILabelTTF Type="WZUILabelTTF" GUID="{1c583757-3973-43cd-ae42-77069bda2b3f}" FontSize="20" Name="txtLevelValue_WndCard" AnchorPoint="0,0.5" RelativePosition="0.65,0.82" Text="" Color="255,236,193" />
                    <WZUIContainer Type="WZUIContainer" GUID="{f061dea9-8650-4148-b25e-421bd0bd1112}" AbsContentSize="152,24" UseAbsSize="True" RelativePosition="0.709,0.76" AnchorPoint="0.5,0.5">
                        <WZUIImage Type="WZUIImage" GUID="{fee4d0fb-c56f-4aae-b7d8-95e1354d0848}" File="ui/combat/battle_progress_jindutiao_bg.png" UseOriginSize="True" />
                        <WZUIProgress Type="WZUIProgress" GUID="{9f8ea1fa-6019-450f-bec9-700b894e3180}" BgPicture="ui/combat/battle_progress_lv_fore.png" UseOriginSize="True" Name="prgExp_WndCard" Percentage="0" />
                        <WZUILabelTTF Type="WZUILabelTTF" GUID="{883b3e04-7a68-494c-8bd8-810e0041540a}" FontSize="18" EnableStroke="True" StrokeSize="4" Name="txtExpValue_WndCard" Text="" Color="255,236,193" StrokeColor="79,60,48" />
                    </WZUIContainer>
                    <WZUI9Image Type="WZUI9Image" GUID="{61c333bc-3bd7-450b-9ae6-b2761fdf1fc3}" File="ui/common/common_scale9_fengexian.png" UseOriginSize="True" RelativePosition="0.5,0.66" ScaleX="1.4" />
                    <WZUIContainer Type="WZUIContainer" GUID="{bf849925-1bc5-4f68-9554-482688aff05e}" AbsContentSize="296,168" UseAbsSize="True" RelativePosition="0.5,0.48" Name="conProperty_WndCard">
                        <WZUIContainer Type="WZUIContainer" GUID="{decd3e4d-1a7e-45b1-ba4e-52753a3da44e}" Name="conForMax_WndCard" Visible="True">
                            <WZUIImage Type="WZUIImage" GUID="{d490c6c3-535c-4660-b11e-981da5bb6b6b}" AnchorPoint="0.5,0.5" UseOriginSize="True" File="ui/common/common_icon_jiantou2.png" Name="imgArrow_WndCard" />
                            <WZUISpine Type="WZUISpine" GUID="{afcf1a35-8a07-453e-9d2f-f57d3e50da59}" FileAtlas="ui/ui_kapai.atlas" FileJson="ui/ui_kapai.json" AnimationName="max" Loop="True" Name="spineMax_CellCardItem" RelativePosition="0.75,0.5" AnchorPoint="0.5,0.5" />
                        </WZUIContainer>
                    </WZUIContainer>
                    <WZUIContainer Type="WZUIContainer" GUID="{b3b66096-5585-47b9-8b1a-40206ad8df38}" AbsContentSize="296,168" UseAbsSize="True" RelativePosition="0.5,0.48" Name="conPath_WndCard">
                        <WZUILabelTTF Type="WZUILabelTTF" GUID="{ec0bcccb-373e-46fe-a8ee-c33407faeee7}" FontSize="20" Name="txtPathWords_WndCard" AnchorPoint="0,0.5" RelativePosition="0.07,0.87" Text="" Color="255,227,116" />
                        <WZUILabelTTF Type="WZUILabelTTF" GUID="{3a62dcf1-b5b5-4c88-9274-7efa36d06d65}" FontSize="20" Name="txtPath_WndCard" AnchorPoint="0,1" RelativePosition="0.07,0.77" Text="" Color="255,236,193" Dimensions="250,0" Alignment="Left" />
                    </WZUIContainer>
                    <WZUIContainer Type="WZUIContainer" GUID="{8a14a47b-76a5-49a7-91d0-777e33edad92}" AbsContentSize="296,60" UseAbsSize="True" RelativePosition="0.5,0.25" Name="conFighting_WndCard">
                        <WZUIClippingContainer Type="WZUIClippingContainer" GUID="{425b38a2-9222-4913-81d6-3197be60a664}" TouchEnable="False" RelativePosition="0.5,0.5" AnchorPoint="0.5,0.5" Visible="True" AbsContentSize="296,60" UseAbsSize="True">
                            <Stencil Type="WZUIImage" GUID="{9845c367-2e60-4ad7-bcda-9245a619b697}" File="ui/bag/common_shade_touxiang2.png" UseOriginSize="True" Scale="1" RelativePosition="0.5,0.5" Visible="True" ScaleX="4.8" ScaleY="1" />
                            <WZUIContainer Type="WZUIContainer" GUID="{3cb8c387-9e8f-49f8-98c8-8f906c00ce0b}" Name="" TouchEnable="True">
                                <WZUI9Image Type="WZUI9Image" GUID="{7f25c0df-2b76-4f39-8ad0-33068bebc2d8}" File="ui/common/common_scale9_heidi4_sel.png" Scale="1" ScaleX="1.5" />
                                <WZUIImage Type="WZUIImage" GUID="{8ec0d011-b028-413a-b8e3-2eea814be4ee}" File="ui/common/common_icon_zhandouli.png" UseOriginSize="True" AnchorPoint="0,0.5" RelativePosition="0.15,0.5" />
                                <WZUILabelAtlasFont Type="WZUILabelAtlasFont" GUID="{0cd384b3-769b-4273-bb3a-d527e58d94fd}" AnchorPoint="0,0.5" RelativePosition="0.44,0.5" UseOriginSize="True" UseOriginSizeProportion="False" CharMapFileName="ui/common_num/common_num_zhandouli.png" Height="26" Width="16" Text="" Name="txtAddFighting_WndCard" />
                            </WZUIContainer>
                        </WZUIClippingContainer>
                    </WZUIContainer>
                    <WZUIContainer Type="WZUIContainer" GUID="{1c168ba4-9640-4454-a456-49251bdd7509}" AbsContentSize="296,60" UseAbsSize="True" RelativePosition="0.5,0.1" Name="conBtn_WndCard">
                        <Button Type="WZUIButton" GUID="{790cb968-b9d5-4fe7-8e7a-109b3bb2c751}" Name="btnUpgrade_WndCard" AbsContentSize="150,58" UseAbsSize="True" LuaActionName="Normal" LuaDoneFunctionName="onClickUpgrade">
                            <NormalElement Type="WZUIContainer" GUID="{f89bfaa2-9ab4-479c-9d92-15af9938af15}">
                                <WZUIImage Type="WZUIImage" GUID="{d722879c-d6e3-43a9-bcd8-3cb1b2279bfe}" File="ui/common/common_btn_anniu3.png" UseOriginSize="True" ScaleX="1.1" />
                            </NormalElement>
                            <SelectElement Type="WZUIContainer" GUID="{570f2a8c-4c10-463a-b781-98b7807187bc}">
                                <WZUIImage Type="WZUIImage" GUID="{6dd0e7a2-ac6d-4b4c-aef1-d617bbf5721a}" File="ui/common/common_btn_anniu3_sel.png" UseOriginSize="True" ScaleX="1.1" />
                            </SelectElement>
                            <DisableElement Type="WZUIContainer" GUID="{7ff133bf-5b01-430f-8711-da127775ab31}" />
                            <WZUIImage Type="WZUIImage" GUID="{0676b472-03f4-4ccf-bf12-b1286c69a5cc}" File="ui/common/common_icon_emzz.png" UseOriginSize="True" AnchorPoint="0,0.5" RelativePosition="0.05,0.5" Name="imgBtnCost_WndCard" Scale="0.75" />
                            <WZUILabelTTF Type="WZUILabelTTF" GUID="{46a6c0e5-faff-4c02-966a-0f11718b7802}" FontSize="24" Name="txtUpgradeCost_WndCard" AnchorPoint="0,0.5" RelativePosition="0.23,0.5" Text="123" Color="255,236,193" EnableStroke="True" StrokeSize="4" StrokeColor="128,54,13" />
                            <WZUILabelTTF Type="WZUILabelTTF" GUID="{99014e0f-e87c-48b2-98f5-9778af2bb739}" FontSize="24" Name="txtUpgradeWord_WndCard" AnchorPoint="1,0.5" RelativePosition="0.93,0.5" Text="123" Color="255,236,193" TextKey="STAR_SOUL_BUTTON_UPDATE" EnableStroke="True" StrokeSize="4" StrokeColor="128,54,13" />
                        </Button>
                        <WZUILabelTTF Type="WZUILabelTTF" GUID="{4eb8d8ba-c3e4-4429-b765-97e930d583aa}" FontSize="22" Color="255,236,193" Name="txtMaxLevel_WndCard" TextKey="COMMUNITYINFO42" Visible="False" />
                    </WZUIContainer>
                </WZUIContainer>
            </WZUIContainer>
            <WZUIContainer Type="WZUIContainer" GUID="{22ea60d3-e816-451f-ba67-70b647a05d79}" Name="conCardBox_WndCard" RelativeSize="1,0.9" RelativePosition="0.5,0.429" Visible="False">
                <WZUIContainer Type="WZUIContainer" GUID="{460292a8-d982-48d2-999a-9beccf2e8202}" AbsContentSize="1260,50" UseAbsSize="True" RelativePosition="0.5,1" AnchorPoint="0.5,1">
                    <WZUI9Image Type="WZUI9Image" GUID="{84f40afa-415e-44bf-bf1d-2051165a67f4}" File="ui/common/common_scale9_di65.png" Name="imgCardBoxTopBg_WndCard" ScaleX="1.5" />
                    <WZUIContainer Type="WZUIContainer" GUID="{24eeea4f-d47c-4870-98cd-028b9a1b0930}" AbsContentSize="960,50" UseAbsSize="True" Name="conMiddle_WndCard">
                        <WZUILabelTTF Type="WZUILabelTTF" GUID="{d27cf370-b64f-4382-848e-d19a2e57118c}" FontSize="22" Color="195,171,148" AnchorPoint="0,0.5" RelativePosition="0.02,0.5" Name="txtLeftTimes_WndCard" EnableStroke="True" StrokeColor="79,60,48" StrokeSize="4" />
                        <WZUIFreeTextBox Type="WZUIFreeTextBox" GUID="{cedbf7fe-64c7-4b5f-8574-3df19abf48dd}" AnchorPoint="1,0.5" MaxWidth="300" RelativePosition="0.98,0.5" Name="txtOpenTime_WndCard" />
                        <Button Type="WZUIButton" GUID="{bcf9af20-8fe8-4f74-9251-b9a5e7768592}" Name="btnTimeSpeed_WndCard" LuaActionName="Normal" LuaDoneFunctionName="onClickTimeSpeed" Scale="0.6" AbsContentSize="116,58" UseAbsSize="True" RelativePosition="0.66,0.5">
                            <NormalElement Type="WZUIContainer" GUID="{c64ce286-6ba0-4398-9300-9dbb94844090}">
                                <WZUIImage Type="WZUIImage" GUID="{01448469-7d2b-4f12-9dba-cd5c1a0a3eff}" File="ui/common/common_btn_anniu3_0.png" UseOriginSize="True" />
                            </NormalElement>
                            <SelectElement Type="WZUIContainer" GUID="{eb116ba9-56a8-4f85-be08-577ff7b63f32}">
                                <WZUIImage Type="WZUIImage" GUID="{46bdf054-7b3a-441b-9580-39b1ee0cbae0}" File="ui/common/common_btn_anniu3_0_sel.png" UseOriginSize="True" />
                            </SelectElement>
                            <DisableElement Type="WZUIContainer" GUID="{19833577-a056-4150-9fd7-d2c3d11d8f0e}" />
                            <WZUILabelTTF Type="WZUILabelTTF" GUID="{70a86d5f-54a3-4f9e-8d72-8d452f1ff385}" TextKey="QUICKEN" LabelStyleKey="SMALL_ORANGE_BTN" />
                        </Button>
                    </WZUIContainer>
                </WZUIContainer>
                <WZUIContainer Type="WZUIContainer" GUID="{e793c3be-b0ec-4e04-979e-004f9a9707ec}" AbsContentSize="910,430" UseAbsSize="True" RelativePosition="0.5,0" AnchorPoint="0.5,0">
                    <WZUITableContainer Type="WZUITableContainer" GUID="{f3d41615-a5b4-47b3-bd28-c4b3b3a01e94}" ColumnCount="5" CellElementHeight="0.42" EnableMoveHorizontal="False" Name="tbBoxList_WndCard" />
                </WZUIContainer>
            </WZUIContainer>
        </WZUIContainer>
    </WZUIWindow>
</WndCard>
