﻿<?xml version="1.0" ?>
<WndCheckOther GUID="{21764A10-482A-474a-9648-1EEF4C764174}">
    <WZUIWindow AbsContentSize="960,640" AnchorPoint="0.5,0.5" GUID="{B775F6D3-56ED-437d-8407-6099AABE10BD}" LuaObjectName="WndCheckOther" Name="WndCheckOther" NameCreate="True" Type="WZUIWindow" UseAbsSize="True" RelativePosition="0.5,0.5" LuaTouchBeganFunction="onTouchBegan" ShowAll="True">
        <WZUIContainer Type="WZUIContainer" GUID="{2465E85D-1DC9-4897-B02B-6C63E057676A}" Name="conBg_WndCheckOther" AbsContentSize="960,640" UseAbsSize="True">
            <WZUI9Image Type="WZUI9Image" GUID="{1BE145BE-F8F1-4dd6-B309-FFA6D5140FD9}" File="ui/common/common_scale9_di19.png" CapInsets="60,110,10,10" />
            <WZUILabelTTF Type="WZUILabelTTF" GUID="{23AA75FD-2EC6-4a16-839D-02B7C2C616AC}" FontSize="26" Color="255,227,116" RelativePosition="0.5,0.95" Text="" BoldFont="True" EnableStroke="True" StrokeSize="4" StrokeColor="128,54,13" LabelStyleKey="SMALL_WINDOW_TITLE" TextKey="BAGTIP9" />
            <WZUIImage Type="WZUIImage" GUID="{E358FF98-F0C7-44d1-B599-68561944F801}" File="ui/common/common_pic_jiantou4.png" UseOriginSize="True" RelativePosition="0.39,0.95" FlipX="True" Name="img1_WndCheckOther" />
            <WZUIImage Type="WZUIImage" GUID="{EE00995B-0E30-4f8e-B31D-4EF19D0024E1}" File="ui/common/common_pic_jiantou4.png" UseOriginSize="True" RelativePosition="0.61,0.95" Name="img2_WndCheckOther" />
            <WZUIContainer Type="WZUIContainer" GUID="{9ACC32E7-9C27-40f5-BCC0-8549DB98BA49}" AbsContentSize="484,486" UseAbsSize="True" RelativePosition="0.741665,0.52925" Visible="True">
                <WZUI9Image Type="WZUI9Image" GUID="{EE959E3F-886A-48b1-8571-4595EB5A2C42}" File="ui/common/common_scale9_di20.png" Opacity="200" Visible="True" />
            </WZUIContainer>
        </WZUIContainer>
        <WZUIContainer AbsContentSize="465,576" AbsPosition="198.979,297.314" AnchorPoint="0.5,0.5" GUID="{ec9220b1-5a16-4f83-85a9-fc6f54fe80ee}" Name="" Order="0" RelativePosition="0.248471,0.45803" RelativeSize="1,1" Type="WZUIContainer" UseAbsSize="True">
            <WZUIImage Type="WZUIImage" GUID="{fb1f297d-f6d4-4bd1-b313-f0e06405df63}" File="ui/checkother/player_bg_002.png" UseOriginSize="False" RelativePosition="0.5,0.5" Opacity="255" TouchEnable="False" Name="imgSetBg_WndCheckOther" Visible="False" />
        </WZUIContainer>
        <WZUIContainer AbsContentSize="330,405" AbsPosition="198.979,297.314" AnchorPoint="0.5,0.5" GUID="{913e29e6-5e83-452d-a416-2ea4bac7805a}" Name="conRole_WndCheckOther" Order="0" RelativePosition="0.264685,0.5175" RelativeSize="1,1" Type="WZUIContainer" UseAbsSize="True">
            <WZUIImage Type="WZUIImage" GUID="{834258bd-df07-4138-91fe-89eb3080cbc6}" File="ui/common/common_pic_diwen5.png" UseOriginSize="True" RelativePosition="0.5,0.48" Opacity="100" TouchEnable="False" Name="imgCircle_WndCheckOther" />
            <WZUIContainer GUID="{47533b0a-8532-4962-b0f6-d2a38fa51957}" Name="conLevelInfo" RelativePosition="0.5,1" Type="WZUIContainer" AbsContentSize="300,60" UseAbsSize="True" AnchorPoint="0.5,1" Visible="True" AbsPosition="165.946,363.854">
                <WZUILabelTTF Alignment="Left" AnchorPoint="0,0.5" BoldFont="True" Color="255,255,255" FontSize="22" GUID="{c1d353e6-0e30-4a98-bac5-aa7c6a66114a}" Name="name_WndCheckOther" RelativePosition="0.386667,0.31" Text="" Type="WZUILabelTTF" EnableStroke="True" StrokeSize="4" StrokeColor="79,60,48" Order="1" />
                <WZUILabelTTF Alignment="Left" AnchorPoint="0.5,0.5" BoldFont="True" Color="247,137,24" FontSize="22" GUID="{2954a4d4-ea0e-490b-8e97-2117dfada3be}" Name="title_WndCheckOther" RelativePosition="0.5,0.81" Text="" Type="WZUILabelTTF" EnableStroke="True" StrokeSize="4" StrokeColor="79,60,48" Order="1" AbsPosition="150,42" />
                <WZUILabelTTF Type="WZUILabelTTF" GUID="{11f051b9-71cf-4ca6-87f9-ff05e4af7ec2}" Name="lv_WndCheckOther" FontSize="22" Color="255,227,116" Text="" Order="1" RelativePosition="0.3,0.31" BoldFont="True" StrokeColor="79,60,48" StrokeSize="4" EnableStroke="True" AbsPosition="90,18" />
                <WZUIContainer Type="WZUIContainer" GUID="{c5662e8f-3168-4bda-9498-65cc97c43cbf}" Name="conVip" AbsContentSize="65,55" UseAbsSize="True" RelativePosition="0.09,0.6" Visible="True" AbsPosition="33.5,38">
                    <WZUIImage Type="WZUIImage" GUID="{ade0168c-33f7-4a60-963b-deb72a0b103f}" File="ui/common/common_icon_hgg.png" UseOriginSize="True" RelativePosition="0.5,0.572727" AbsPosition="32.5,31.5" />
                    <WZUIImage Type="WZUIImage" GUID="{8e96e43f-16a3-4281-a54e-d97b52b180a5}" File="ui/common/commom_icon_v.png" UseOriginSize="True" RelativePosition="0.36,0.28" Name="imgVip_WndCheckOther" AbsPosition="23.4,5.5" Scale="0.42" />
                    <WZUILabelAtlasFont Type="WZUILabelAtlasFont" GUID="{aab86781-1ed8-4cae-b010-b5befe2e2d08}" Name="labelVip_WndCheckOther" CharMapFileName="ui/common_num/common_num_vip.png" Height="40" Width="22" Text="0" RelativePosition="0.611538,0.27" Alignment="Left" AnchorPoint="0,0.5" UseOriginSize="True" ScaleX="1" Scale="0.48" AbsPosition="39.75,3.5" />
                    <Button Type="WZUIButton" LuaDoneFunctionName="onVIP" GUID="{58a4030f-7025-4921-98f6-a4f30ed8f850}">
                        <NormalElement Type="WZUIContainer" TouchContainerEnable="True" GUID="{15c8341e-49d6-4487-aab6-98c322eaef73}" />
                        <SelectElement Type="WZUIContainer" TouchContainerEnable="True" GUID="{bfca87cc-36cf-404b-af71-ad3d173c30f7}" />
                        <DisableElement Type="WZUIContainer" TouchContainerEnable="True" GUID="{55a7e60a-704a-430b-b3a3-fcb3a959cb4d}" />
                    </Button>
                </WZUIContainer>
                <WZUIContainer GUID="{ebc32599-852a-4ef7-bcb3-0722c95f4a3e}" Name="conExp" RelativePosition="0.5,-0.1" Type="WZUIContainer" AbsContentSize="300,30" UseAbsSize="True" AnchorPoint="0.5,0.5" Visible="False">
                    <WZUIImage File="ui/common/common_progress_exp_bg.png" GUID="{22dc4167-adc6-4fec-ab25-e300e53aab84}" Name="progressBg_WndCheckOther" RelativePosition="0.5,0.56" RelativeSize="1,1" Scale="1" Type="WZUIImage" UseOriginSize="True" Visible="True" ScaleX="0.8" ScaleY="1" Opacity="150" />
                    <WZUIProgress AbsPosition="0,0" BgPicture="ui/common/common_progress_exp_fore.png" GUID="{eb3ee8bc-dac2-465d-b828-e491a61e589d}" Name="progrExpProgress_WndCheckOther" Order="2" Percentage="50" RelativePosition="0.5,0.56" RelativeSize="1,1" Scale="1" Type="WZUIProgress" UseOriginSize="True" UseOriginSizeProportion="False" Visible="True" ScaleX="0.8" ScaleY="1" />
                    <WZUILabelTTF Color="255,255,255" FontSize="20" GUID="{f17914ab-e60d-4cd2-9f7c-4ddcd8bc2575}" Name="expPer_WndCheckOther" Order="5" RelativePosition="0.5,0.56" Text="500" Type="WZUILabelTTF" Visible="True" BoldFont="True" EnableStroke="True" StrokeColor="105,65,46" LabelStyleKey="NORMAL_EXP_PROGRESS" />
                </WZUIContainer>
            </WZUIContainer>
            <WZUIContainer AbsContentSize="320,340" AbsPosition="0,1" AnchorPoint="0.5,0.5" GUID="{70f8b1f8-6b1f-46b9-824a-82550421e8b2}" Name="conRoleEquip_WndCheckOther" RelativePosition="0.5,0.4" RelativeSize="1,1" TouchContainerEnable="True" Type="WZUIContainer" UseAbsSize="True" Visible="True">
                <WZUIContainer AbsContentSize="330,210" AnchorPoint="0.5,0" GUID="{1f32e844-5a27-4417-bad1-030ea7b560e9}" Name="conPlayerAni_WndCheckOther" Order="2" RelativePosition="0.45,0.02" RelativeSize="1,1" TouchContainerEnable="True" Type="WZUIContainer" UseAbsSize="True">
                    <WZUIContainer Type="WZUIContainer" GUID="{73bbc045-565b-4557-b30e-92a92fd7fbc5}" Name="conForBoy_WndCheckOther" RelativeSize="0.5,1" RelativePosition="0.22,0.5" Visible="False" Order="1" />
                    <WZUIContainer Type="WZUIContainer" GUID="{1219dec8-b2b6-484b-9b8c-4fc98ced88d5}" Name="conForGirl_WndCheckOther" RelativeSize="0.5,1" RelativePosition="0.8,0.5" Visible="False" Order="1" />
                    <Button Type="WZUIButton" GUID="{8c637296-5e39-4abf-8026-d2f95e696e48}" Order="6" LuaDoneFunctionName="onCheckMateInfo" Name="btnBoy_WndCheckOther" RelativePosition="0.22,0.5" RelativeSize="0.5,1">
                        <NormalElement Type="WZUIContainer" GUID="{40f75a60-1f0c-445e-9916-fc98008ee5ed}" />
                        <SelectElement Type="WZUIContainer" GUID="{2a7564ab-7664-4578-9c49-99b638a30945}" />
                        <DisableElement Type="WZUIContainer" GUID="{d779fd8d-f5fc-4a7b-91de-c4ce980f6b5a}" />
                    </Button>
                    <Button Type="WZUIButton" GUID="{8eeed9ca-0a23-4f17-86dd-c34862aa7b0b}" Order="6" LuaDoneFunctionName="onCheckMateInfo" Name="btnGirl_WndCheckOther" RelativeSize="0.5,1" RelativePosition="0.8,0.5">
                        <NormalElement Type="WZUIContainer" GUID="{6d40ffd4-1f61-44f7-9d84-03e86faaefae}" />
                        <SelectElement Type="WZUIContainer" GUID="{059c0c24-445a-4d57-be63-0a9f17d4c588}" />
                        <DisableElement Type="WZUIContainer" GUID="{fb1e49ed-5abd-4932-9e02-ccd49d0a3986}" />
                    </Button>
                    <WZUISpine Type="WZUISpine" GUID="{7ccd949b-4654-47ab-899a-c4836ec90221}" FileAtlas="city/ui_main_teleport.atlas" FileJson="city/ui_main_teleport.json" AnimationName="2" Loop="False" RelativePosition="0.294442,0.829007" Name="changeAni" TouchEnable="False" Visible="True" />
                    <WZUIImage Type="WZUIImage" GUID="{d8a89235-0c24-4594-92ea-7ababfc265b3}" File="ui/common/common_icon_yy.png" UseOriginSize="True" RelativePosition="0.55,0.12" Name="imgYY" ScaleX="2" ScaleY="1.5" TouchEnable="False" />
                    <WZUIContainer Type="WZUIContainer" GUID="{76bc7400-9d88-4448-ac0f-ebdf3da74ead}" Name="conKid1_WndCheckOther" AbsContentSize="70,80" UseAbsSize="True" RelativePosition="0.5,0.25" Order="6" />
                    <WZUIContainer Type="WZUIContainer" GUID="{ad99a2f1-cdeb-4543-9107-e90f95a7c9d3}" Name="conKid2_WndCheckOther" AbsContentSize="70,80" UseAbsSize="True" RelativePosition="0.5,0.25" Order="6" />
                </WZUIContainer>
                <WZUIContainer AbsContentSize="120,120" AnchorPoint="0,0" GUID="{8febbf91-9565-444e-acc5-206f3b2870ca}" Order="4" RelativePosition="0,0.45" TouchContainerEnable="True" Type="WZUIContainer" UseAbsSize="True" Name="conPet1_WndCheckOther">
                    <WZUIWindow AbsContentSize="90,100" AnchorPoint="0,0" GUID="{43d8007c-e0ad-4c22-af08-665ce23933c8}" LuaTouchBeganFunction="" LuaTouchEndedFunction="" LuaTouchMovedFunction="" Name="conPet_WndCheckOther" Order="4" RelativePosition="0,0" TouchContainerEnable="True" TouchEnable="False" Type="WZUIWindow" UseAbsSize="True" />
                </WZUIContainer>
            </WZUIContainer>
            <WZUIImage Type="WZUIImage" GUID="{9e66f5db-a899-40ba-a8f3-de954689a70f}" File="ui/bag/common_icon_zhandoulidi.png" UseOriginSize="True" RelativePosition="0.5,-0.14" ScaleX="0.9" Scale="1" AnchorPoint="0.5,0.5" />
            <WZUIFreeTextBox Type="WZUIFreeTextBox" GUID="{179dba52-3b5a-4d69-8563-2688cbb5cbd7}" RelativePosition="0.5,-0.14" Name="fight_WndCheckOther" MaxWidth="500" />
        </WZUIContainer>
        <WZUIContainer Type="WZUIContainer" GUID="{1f560b69-c683-4182-92bd-36577a72e06a}" Name="conInfo_WndCheckOther" AbsContentSize="460,460" UseAbsSize="True" RelativePosition="0.742083,0.53" AbsPosition="614.1,301" Order="1">
            <WZUI9Image Type="WZUI9Image" GUID="{d108bcb2-90cf-45d8-b53e-6ea994faafbf}" File="ui/common/common_scale9_di12.png" Opacity="255" />
            <WZUIFreeListContainer Type="WZUIFreeListContainer" GUID="{64d6c7e2-ac14-47ca-a3b2-8e69b3d89fac}" AbsContentSize="460,440" UseAbsSize="True" Name="freeCon_WndCheckOther" EnableMoveHorizontal="False" RelativePosition="0.5,0.498" AnchorPoint="0.5,0.5" />
        </WZUIContainer>
        <WZUIButton Type="WZUIButton" LuaDoneFunctionName="onClose" RelativePosition="0.957072,0.95" GUID="{25a819e1-ae07-498f-874e-fac2012ab554}" LuaActionName="Normal" AbsContentSize="70,70" UseAbsSize="True" AbsPosition="851.794,542.282">
            <NormalElement Type="WZUIContainer" GUID="{a7ae34ab-8d9d-4eed-8922-493d2e06e968}">
                <WZUIImage Type="WZUIImage" GUID="{c1865abf-2425-457c-a01a-c54a9508ad94}" File="ui/common/common_icon_guanbi.png" UseOriginSize="True" />
            </NormalElement>
            <SelectElement Type="WZUIContainer" GUID="{b206ade2-bbef-423a-999a-eb8bfd766e4c}">
                <WZUIImage Type="WZUIImage" GUID="{922deb99-963e-4802-8d7e-5f5363277af7}" File="ui/common/common_icon_guanbi_sel.png" UseOriginSize="True" />
            </SelectElement>
            <DisableElement Type="WZUIContainer" GUID="{a70c20b3-0c5d-442c-95ef-6229ee74e3f0}" />
        </WZUIButton>
        <WZUIButton Type="WZUIButton" LuaDoneFunctionName="onDianZan" RelativePosition="0.04,0.75" GUID="{0dedcda7-16cb-4e33-a36e-54c794a6427c}" LuaActionName="Normal" AbsContentSize="60,60" UseAbsSize="True" AbsPosition="316.318,389.847" Name="btnDianZan_WndCheckOther" Order="1">
            <NormalElement Type="WZUIContainer" GUID="{9dc4d17e-2566-4dc6-9c47-4e842e0d26fa}">
                <WZUIImage Type="WZUIImage" GUID="{e959c68b-fe38-4c82-ae24-2b0f4e9e8ad4}" File="ui/common/common_icon_pvpdz.png" UseOriginSize="True" Scale="0.75" />
            </NormalElement>
            <SelectElement Type="WZUIContainer" GUID="{0d77b97d-7f80-4f17-8e38-d822a4063980}">
                <WZUIImage Type="WZUIImage" GUID="{7d2e3f9f-20af-496d-a24e-93ae0f551d19}" File="ui/common/common_icon_pvpdz.png" UseOriginSize="True" Scale="0.75" />
            </SelectElement>
            <DisableElement Type="WZUIContainer" GUID="{f486ac75-74fb-42c9-bbab-b82bc9a617d5}" />
            <WZUILabelTTF Type="WZUILabelTTF" GUID="{1f696215-ad66-43bd-b1d7-2be6726f4d1a}" AnchorPoint="0.5,0.5" FontSize="18" Color="255,236,193" EnableStroke="True" StrokeSize="4" StrokeColor="127,70,26" Text="" TouchEnable="False" RelativePosition="0.5,0" Name="txtZanNum_WndCheckOther" />
        </WZUIButton>
        <WZUIButton Type="WZUIButton" LuaDoneFunctionName="onAttr" RelativePosition="0.46,0.75" GUID="{4b03228a-b675-4e72-bb89-63d807e53a6e}" LuaActionName="Normal" AbsContentSize="60,60" UseAbsSize="True" AbsPosition="316.318,389.847" Name="btnAttr_WndCheckOther" Order="1">
            <NormalElement Type="WZUIContainer" GUID="{c4f28001-102b-4c41-89d3-fd9c08e0ca51}">
                <WZUIImage Type="WZUIImage" GUID="{c773f23f-7dc4-4793-866d-37d22520d839}" File="ui/common/common_icon_shuxingtb.png" UseOriginSize="True" />
            </NormalElement>
            <SelectElement Type="WZUIContainer" GUID="{d33f1e33-5ba2-4604-92fc-501c1d431164}">
                <WZUIImage Type="WZUIImage" GUID="{539376ae-912e-4751-80b8-fe1813b547c0}" File="ui/common/common_icon_shuxingtb.png" UseOriginSize="True" />
            </SelectElement>
            <DisableElement Type="WZUIContainer" GUID="{d188b400-1d1e-4882-b3e5-39b244e016f5}" />
        </WZUIButton>
        <WZUIButton Type="WZUIButton" AbsContentSize="116,56" UseAbsSize="True" RelativePosition="0.743,0.08" Name="Btn1_WndCheckOther" GUID="{fdce16e5-75dc-4a7f-beef-5275236fc2d0}" LuaDoneFunctionName="onFriend" LuaActionName="Normal" Visible="False">
            <NormalElement Type="WZUIContainer" GUID="{ca7421e1-d2c7-411e-bcf9-f3f4259eb5b5}">
                <WZUI9Image Type="WZUI9Image" GUID="{b9e3fbe9-d907-4419-87b0-fb250e80db66}" File="ui/common/common_btn_anniu10_0.png" UseOriginSize="True" />
            </NormalElement>
            <SelectElement Type="WZUIContainer" GUID="{2b9df520-bcfa-4e62-9d71-82ed0e86397c}">
                <WZUI9Image Type="WZUI9Image" GUID="{297bbcc2-35b2-4da6-adf0-586ed09194d7}" File="ui/common/common_btn_anniu10_0_sel.png" RelativePosition="0.5,0.5" Scale="1" ScaleX="1" ScaleY="1" UseOriginSize="True" />
            </SelectElement>
            <DisableElement Type="WZUIContainer" GUID="{dca553c1-431a-4a56-9763-b23472199586}" />
            <WZUILabelTTF Type="WZUILabelTTF" GUID="{1b0ccb32-ad1b-4125-8c43-93b0491d43e0}" Name="ttfBtn1_WndCheckOther" FontSize="24" BoldFont="True" EnableStroke="True" StrokeSize="4" Color="255,236,193" StrokeColor="68,128,1" Text="" RelativePosition="0.5,0.5" LabelStyleKey="SMALL_GREEN_BTN" TextKey="" />
        </WZUIButton>
        <WZUIButton Type="WZUIButton" AbsContentSize="116,56" UseAbsSize="True" RelativePosition="0.59,0.08" Name="Btn2_WndCheckOther" GUID="{87a81936-cc96-4551-ba2b-14c82e81550d}" LuaDoneFunctionName="onChat" LuaActionName="Normal" Visible="False">
            <NormalElement Type="WZUIContainer" GUID="{bb5c2b10-e251-4806-9238-b5187d98c05f}">
                <WZUI9Image Type="WZUI9Image" GUID="{4d0371b1-824e-4a1f-802d-6c01d9b2a3a5}" File="ui/common/common_btn_anniu10_0.png" UseOriginSize="True" />
            </NormalElement>
            <SelectElement Type="WZUIContainer" GUID="{d85453a2-a949-4b1d-b87e-2b5e1edb94b3}">
                <WZUI9Image Type="WZUI9Image" GUID="{7cb07689-3411-4682-8f0c-9e0a659639e3}" File="ui/common/common_btn_anniu10_0_sel.png" Scale="1" ScaleX="1" ScaleY="1" UseOriginSize="True" />
            </SelectElement>
            <DisableElement Type="WZUIContainer" GUID="{b0f49e6d-1de9-4c42-906c-2ad968e8ab69}" />
            <WZUILabelTTF Type="WZUILabelTTF" GUID="{78f78c32-70d7-4536-a043-9b5beeac6997}" Name="ttfBtn2_WndCheckOther" FontSize="24" BoldFont="True" EnableStroke="True" StrokeSize="4" Color="255,236,193" StrokeColor="132,66,29" Text="" RelativePosition="0.5,0.5" LabelStyleKey="SMALL_GREEN_BTN" TextKey="SIXIN" AbsPosition="58,28" />
        </WZUIButton>
        <WZUIButton Type="WZUIButton" AbsContentSize="116,56" UseAbsSize="True" RelativePosition="0.895,0.08" Name="Btn3_WndCheckOther" GUID="{47ccd40f-346f-4086-b95e-cbd6893797a3}" LuaDoneFunctionName="onSpace" LuaActionName="Normal" Visible="False">
            <NormalElement Type="WZUIContainer" GUID="{8b87474b-828c-4a43-8467-b49584d2cb72}">
                <WZUI9Image Type="WZUI9Image" GUID="{e27bf327-b744-4f6c-b005-48f424c59820}" File="ui/common/common_btn_anniu10_0.png" UseOriginSize="True" />
            </NormalElement>
            <SelectElement Type="WZUIContainer" GUID="{044dc597-0c7e-46d1-8902-19af6fd4d319}">
                <WZUI9Image Type="WZUI9Image" GUID="{c9f567bb-df42-4b58-b001-e125252df997}" File="ui/common/common_btn_anniu10_0_sel.png" RelativePosition="0.5,0.5" Scale="1" ScaleX="1" ScaleY="1" UseOriginSize="True" />
            </SelectElement>
            <DisableElement Type="WZUIContainer" GUID="{6067a2d3-ee0a-49f9-b80a-906219e2e37d}" />
            <WZUILabelTTF Type="WZUILabelTTF" GUID="{dc0a88e3-e37a-49c5-8f20-4c52ae7e1f4f}" Name="ttfBtn3_WndCheckOther" FontSize="24" BoldFont="True" EnableStroke="True" StrokeSize="4" Color="255,236,193" StrokeColor="0,72,3" Text="" RelativePosition="0.5,0.5" LabelStyleKey="" TextKey="SPACE1" />
        </WZUIButton>
        <WZUIButton Type="WZUIButton" AbsContentSize="116,56" UseAbsSize="True" RelativePosition="0.743,0.08" Name="Btn4_WndCheckOther" GUID="{1ed24ae1-8a80-4850-bd2e-b4de2865c065}" LuaDoneFunctionName="deleteMiFriend" LuaActionName="Normal" Visible="False" Order="1">
            <NormalElement Type="WZUIContainer" GUID="{be7afb24-d8c9-4d5a-baed-27d814f23b7c}">
                <WZUI9Image Type="WZUI9Image" GUID="{12328349-0d50-41d9-84a5-3ae13f6d54b5}" File="ui/common/common_btn_anniu10_0.png" UseOriginSize="True" />
            </NormalElement>
            <SelectElement Type="WZUIContainer" GUID="{74cfdc47-6b7c-4871-a495-1e6d820acf21}">
                <WZUI9Image Type="WZUI9Image" GUID="{2f36fc2b-3e90-4208-a0f6-ba7afada37b4}" File="ui/common/common_btn_anniu10_0_sel.png" RelativePosition="0.5,0.5" Scale="1" ScaleX="1" ScaleY="1" UseOriginSize="True" />
            </SelectElement>
            <DisableElement Type="WZUIContainer" GUID="{e0af1f9c-709e-4766-bb8d-0972a699253b}" />
            <WZUILabelTTF Type="WZUILabelTTF" GUID="{0ca0964f-7452-4404-ae6b-fd18274b5d4f}" Name="ttfBtn4_WndCheckOther" FontSize="24" BoldFont="True" EnableStroke="True" StrokeSize="4" Color="255,236,193" StrokeColor="68,128,1" Text="" RelativePosition="0.5,0.5" LabelStyleKey="SMALL_GREEN_BTN" TextKey="BAG3" />
        </WZUIButton>
        <WZUIButton Type="WZUIButton" AbsContentSize="136,62" UseAbsSize="True" RelativePosition="0.743,0.08" Name="Btn5_WndCheckOther" GUID="{f218430f-2fe9-43cb-ad27-b944eaa5b1e3}" LuaDoneFunctionName="onHero" LuaActionName="Normal" Visible="False">
            <NormalElement Type="WZUIContainer" GUID="{37f58588-b2fa-491a-89a1-8a1523fbac0d}">
                <WZUI9Image Type="WZUI9Image" GUID="{710f2f90-52a6-49da-a22e-7c74c51906a3}" File="ui/common/common_btn_anniu3_1.png" UseOriginSize="True" />
            </NormalElement>
            <SelectElement Type="WZUIContainer" GUID="{d8af4d3d-fc11-4e42-9140-8f91e8a831be}">
                <WZUI9Image Type="WZUI9Image" GUID="{d08bbd58-eb42-4be5-bfa5-54b3a402f4f9}" File="ui/common/common_btn_anniu3_1_sel.png" RelativePosition="0.5,0.5" Scale="1" ScaleX="1" ScaleY="1" UseOriginSize="True" />
            </SelectElement>
            <DisableElement Type="WZUIContainer" GUID="{25a92de0-2c62-4ccf-8d73-ec5fa0e82261}" />
            <WZUILabelTTF Type="WZUILabelTTF" GUID="{255a844d-5429-4726-8ff9-e5441a83fcd1}" Name="ttfBtn5_WndCheckOther" FontSize="24" BoldFont="True" EnableStroke="True" StrokeSize="4" Color="255,236,193" StrokeColor="68,128,1" Text="" RelativePosition="0.5,0.5" LabelStyleKey="SMALL_ORANGE_BTN" TextKey="HEROBLOC" />
            <WZUIImage Type="WZUIImage" GUID="{868a1fdd-8d8b-4daf-a753-d189f8113fdd}" File="ui/common/common_icon_xiaodianzhui.png" UseOriginSize="True" RelativePosition="0.955,0.88" Name="red5_WndCheckOther" Visible="False" AbsPosition="53.9,55.7" />
        </WZUIButton>
        <WZUIButton Type="WZUIButton" AbsContentSize="116,56" UseAbsSize="True" RelativePosition="0.743,0.08" Name="Btn6_WndCheckOther" GUID="{4406d092-f0b6-4a0b-b539-7fc9e8eb2092}" LuaDoneFunctionName="onClickCode" LuaActionName="Normal" Visible="False">
            <NormalElement Type="WZUIContainer" GUID="{2cbab425-f3c4-41ad-a5e0-504218d4e71c}">
                <WZUI9Image Type="WZUI9Image" GUID="{fe50a280-777a-4794-9b5d-729c1bd5f234}" File="ui/common/common_btn_anniu3_0.png" UseOriginSize="True" />
            </NormalElement>
            <SelectElement Type="WZUIContainer" GUID="{b91733da-600f-467e-b15b-8625820650bd}">
                <WZUI9Image Type="WZUI9Image" GUID="{b591c70d-62e6-4331-99f2-f402ed954085}" File="ui/common/common_btn_anniu3_0_sel.png" Scale="1" ScaleX="1" ScaleY="1" UseOriginSize="True" />
            </SelectElement>
            <DisableElement Type="WZUIContainer" GUID="{0f677595-1ba7-4275-ae30-045b5a3e629d}" />
            <WZUILabelTTF Type="WZUILabelTTF" GUID="{4f7bad0c-2721-4178-9331-4253b5744c54}" Name="ttfBtn6_WndCheckOther" FontSize="24" BoldFont="True" EnableStroke="True" StrokeSize="4" Color="255,236,193" StrokeColor="132,66,29" Text="" RelativePosition="0.5,0.5" LabelStyleKey="SMALL_ORANGE_BTN" TextKey="SETTING_EXCHANGEWORD" AbsPosition="58,28" />
        </WZUIButton>
        <WZUIButton Type="WZUIButton" AbsContentSize="60,60" UseAbsSize="True" RelativePosition="0.039,0.096" Name="Btn7_WndCheckOther" GUID="{7cc51108-3a02-4536-a500-be4f21093a20}" LuaDoneFunctionName="onClickSetBg" LuaActionName="Normal" Visible="False">
            <NormalElement Type="WZUIContainer" GUID="{c73073ff-b11d-4c66-a78d-758069bd2872}" />
            <SelectElement Type="WZUIContainer" GUID="{41c2b712-7d64-46d2-95f0-26b3b686c3a2}" />
            <DisableElement Type="WZUIContainer" GUID="{2809bf9d-0d27-48f5-90ac-1430137e5912}" />
            <WZUIImage Type="WZUIImage" GUID="{2d15f545-8f98-4ac7-a70a-3005e0a85755}" File="shopitems/weapon105.png" UseOriginSize="True" Scale="0.85" />
            <WZUILabelTTF Type="WZUILabelTTF" GUID="{5e0e4e60-a748-4bdf-aa54-60d56f4c85a0}" Name="ttfBtn7_WndCheckOther" FontSize="24" BoldFont="True" EnableStroke="True" StrokeSize="4" Color="255,236,193" StrokeColor="132,66,29" Text="" RelativePosition="0.5,0.15" LabelStyleKey="C1_F18_S4_C3" TextKey="CHECKOTHER_TEXT3" AbsPosition="58,28" />
        </WZUIButton>
        <WZUIButton Type="WZUIButton" LuaDoneFunctionName="onClickRole" GUID="{5b59e3f9-52fc-42f8-a07e-f79c72c1e2fd}" RelativeSize="1,1" RelativePosition="0.208,0.5" AbsPosition="185.807,285.506" UseAbsSize="True" AbsContentSize="360,275" Visible="False">
            <NormalElement Type="WZUIContainer" TouchContainerEnable="True" GUID="{280240ff-c86c-4c9a-b9cc-0cac75b453e8}" />
            <SelectElement Type="WZUIContainer" TouchContainerEnable="True" GUID="{f13ec23d-dead-4a90-a24f-9bf730bf1e2c}" />
            <DisableElement Type="WZUIContainer" TouchContainerEnable="True" GUID="{892aac31-eeeb-45ef-9bc5-a5af8a9bc05d}" />
        </WZUIButton>
        <Button GUID="{eb4b147f-60d3-4187-9aec-e86c4d2fabd0}" LuaDoneFunctionName="onPetEnd" RelativePosition="0.38,0.588923" Scale="1" Type="WZUIButton" AbsContentSize="120,120" UseAbsSize="True" ScaleX="1" ScaleY="1" Name="btnOwnPet_WndCheckOther" AnchorPoint="0,0.5">
            <NormalElement GUID="{2b7638b9-7150-4fc3-8520-cb89265e5bfa}" TouchContainerEnable="True" Type="WZUIContainer" />
            <SelectElement GUID="{8bdf44f1-145d-4132-b722-1fe227271f52}" TouchContainerEnable="True" Type="WZUIContainer" />
            <DisableElement GUID="{85168d32-4cf4-46af-82c1-01e16ce63dc4}" Type="WZUIContainer" />
        </Button>
        <WZUIButton Type="WZUIButton" LuaDoneFunctionName="onChangeName" RelativePosition="0.0355556,0.205509" GUID="{187c6a28-26b3-4a5b-9f0f-ec9fb93f8d3f}" LuaActionName="Normal" AbsContentSize="60,60" UseAbsSize="True" AbsPosition="316.318,389.847" Name="btnChangeName_WndCheckOther" Order="1" Scale="0.9" Visible="True">
            <NormalElement Type="WZUIContainer" GUID="{bbd47e16-b6d4-40b0-a2cb-0fdd8cac2c84}">
                <WZUIImage Type="WZUIImage" GUID="{bccea902-9f73-45fe-9858-5f05e6a26a8f}" File="shopitems/renamedpen.png" UseOriginSize="True" />
            </NormalElement>
            <SelectElement Type="WZUIContainer" GUID="{593da7b8-8091-46d7-b716-c3f6e3ce8287}">
                <WZUIImage Type="WZUIImage" GUID="{6548a63b-2405-4c6e-85cb-8899655d6fa3}" File="shopitems/renamedpen.png" UseOriginSize="True" />
            </SelectElement>
            <DisableElement Type="WZUIContainer" GUID="{3d245713-9f71-48fe-8e7b-1d7e87b9b72b}" />
        </WZUIButton>
        <Button Type="WZUIButton" GUID="{116b057e-1f09-404b-b5cb-b9c2e087465b}" AbsContentSize="60,60" UseAbsSize="True" LuaActionName="Normal" LuaDoneFunctionName="setChat" Name="btnBlacklist_WndCheckOther" RelativePosition="0.039,0.096" Visible="True">
            <NormalElement Type="WZUIContainer" GUID="{64f29c18-db7d-4598-94b9-a39e64fcb84a}">
                <WZUIImage Type="WZUIImage" GUID="{30e50f0b-5ea1-4824-8599-e29f11ae58ac}" File="ui/city/beta/main_icon_touxiangdi_2.png" UseOriginSize="True" Scale="0.8" />
            </NormalElement>
            <SelectElement Type="WZUIContainer" GUID="{27dd5062-3c6d-4523-85e7-9e0aa80b8001}">
                <WZUIImage Type="WZUIImage" GUID="{05e1344e-c6fa-412e-97b2-ae114fe215a7}" File="ui/city/beta/main_icon_touxiangdi_2.png" UseOriginSize="True" Scale="0.8" />
            </SelectElement>
            <DisableElement Type="WZUIContainer" GUID="{d91d05c3-1528-4d49-82c3-8979a0db365c}" />
            <WZUIImage Type="WZUIImage" GUID="{edb1c71c-fd2f-485a-96f5-c5f579e1613c}" File="ui/gps/gps_boy.png" UseOriginSize="True" Scale="0.32" RelativePosition="0.5,0.616667" />
            <WZUILabelTTF Type="WZUILabelTTF" GUID="{9f6b6411-994f-4779-88dc-032859473f8b}" LabelStyleKey="C1_F18_S4_C3" Name="txtBlacklist_WndCheckOther" RelativePosition="0.5,0.15" Text="" />
        </Button>
        <WZUIContainer Type="WZUIContainer" GUID="{6d43c80e-3cbe-4d0f-a911-2d3c3579da26}" AbsContentSize="480,420" UseAbsSize="True" Name="conForBg_WndCHeckOther" RelativePosition="0.42,0.35" Order="999" Visible="False">
            <Button Type="WZUIButton" GUID="{a54f77ce-ca07-4bf6-a9c0-2ee6214aca42}" Scale="5" LuaDoneFunctionName="onCloseBgSet">
                <NormalElement Type="WZUIContainer" GUID="{b0b24db2-79b4-4699-808c-b9834e1a1bd3}" />
                <SelectElement Type="WZUIContainer" GUID="{3817f1ca-2628-42e1-a5c3-7d8f10f93bd4}" />
                <DisableElement Type="WZUIContainer" GUID="{18a3f59b-d0cb-490a-9a18-9f9f49898440}" />
            </Button>
            <WZUI9Image Type="WZUI9Image" GUID="{48a48378-9482-48c2-a47b-14876a44a0e3}" File="ui/common/common_scale9_di110.png" />
            <WZUITableContainer Type="WZUITableContainer" GUID="{556039e3-59c5-4f4c-8596-419831e0e82a}" Name="tbForBg_WndCheckOther" RelativeSize="0.95,0.76" AnchorPoint="0.5,1" RelativePosition="0.5,0.969048" EnableMoveHorizontal="False" ColumnCount="3" CellElementHeight="0.25" />
            <WZUIContainer Type="WZUIContainer" GUID="{72962cb1-89a2-42ed-b27e-7513b6140377}" AnchorPoint="0.5,0" RelativePosition="0.5,0" RelativeSize="1,0.18">
                <WZUICheckBox Type="WZUICheckBox" GUID="{218bb890-6161-4103-bf97-47b1c5c45117}" AbsContentSize="130,30" UseAbsSize="True" AnchorPoint="0,0.5" RelativePosition="0.0991667,0.883598" SelectedIndex="0" LuaCheckedFunctionName="onClickWing" Name="checkBoxWing_WndCheckOther">
                    <CheckElement Type="WZUIContainer" GUID="{d825a677-35a1-40b0-9eaa-adcd8fe61cfe}">
                        <WZUIImage Type="WZUIImage" GUID="{02b02d63-b0e5-4e69-898a-a7d02823a611}" File="ui/common/common_scale9_di68.png" UseOriginSize="True" AnchorPoint="0,0.5" RelativePosition="0,0.5" />
                        <WZUILabelTTF Type="WZUILabelTTF" GUID="{7ddea5b7-ab88-4f0f-b733-c487cee0e396}" FontSize="22" Color="255,236,193" AnchorPoint="0,0.5" RelativePosition="0.32,0.5" TextKey="CHECKOTHER_TEXT4" />
                    </CheckElement>
                    <CheckElement Type="WZUIContainer" GUID="{b52791a5-a937-419e-ad56-271aa38cac46}">
                        <WZUIImage Type="WZUIImage" GUID="{c17844b4-5e60-4862-878a-501a39135a0f}" File="ui/common/common_scale9_di68.png" UseOriginSize="True" AnchorPoint="0,0.5" RelativePosition="0,0.5" />
                        <WZUIImage Type="WZUIImage" GUID="{c8452bbc-6453-4e8a-886a-b72176687427}" File="ui/common/common_icon_gou.png" UseOriginSize="True" AnchorPoint="0,0.5" RelativePosition="0,0.5" />
                        <WZUILabelTTF Type="WZUILabelTTF" GUID="{355ce497-3efb-4551-99b3-fd46eddb279d}" FontSize="22" Color="255,236,193" AnchorPoint="0,0.5" RelativePosition="0.32,0.5" TextKey="CHECKOTHER_TEXT4" />
                    </CheckElement>
                </WZUICheckBox>
                <WZUICheckBox Type="WZUICheckBox" GUID="{2a7bfe4b-9b46-43e9-a9f6-6dfeb63936f1}" AbsContentSize="130,30" UseAbsSize="True" AnchorPoint="0,0.5" RelativePosition="0.633333,0.896825" SelectedIndex="0" LuaCheckedFunctionName="onClickMate" Name="checkBoxMate_WndCheckOther">
                    <CheckElement Type="WZUIContainer" GUID="{157bb648-9999-4c58-9d95-b78dc7110c8e}">
                        <WZUIImage Type="WZUIImage" GUID="{54f956b8-4016-4155-ae77-50a1a718c5e8}" File="ui/common/common_scale9_di68.png" UseOriginSize="True" AnchorPoint="0,0.5" RelativePosition="0,0.5" />
                        <WZUILabelTTF Type="WZUILabelTTF" GUID="{434a6b86-b7af-40c0-b170-7b75f2c1a26f}" FontSize="22" Color="255,236,193" AnchorPoint="0,0.5" RelativePosition="0.32,0.5" TextKey="CHECKOTHER_TEXT5" />
                    </CheckElement>
                    <CheckElement Type="WZUIContainer" GUID="{df9ddc5f-0b64-4eb8-b406-fdb74b957534}">
                        <WZUIImage Type="WZUIImage" GUID="{66687fc8-fe2d-4d8c-a565-364c041e0daf}" File="ui/common/common_scale9_di68.png" UseOriginSize="True" AnchorPoint="0,0.5" RelativePosition="0,0.5" />
                        <WZUIImage Type="WZUIImage" GUID="{c00e96bc-dc58-4102-9419-4a0ebbd6e1fc}" File="ui/common/common_icon_gou.png" UseOriginSize="True" AnchorPoint="0,0.5" RelativePosition="0,0.5" />
                        <WZUILabelTTF Type="WZUILabelTTF" GUID="{f77a27fd-88a1-4a5b-8fb8-c12d343d3486}" FontSize="22" Color="255,236,193" AnchorPoint="0,0.5" RelativePosition="0.32,0.5" TextKey="CHECKOTHER_TEXT5" />
                    </CheckElement>
                </WZUICheckBox>
                <WZUICheckBox Type="WZUICheckBox" GUID="{50783d38-8b25-4424-809b-fa3b001ca6fe}" AbsContentSize="130,30" UseAbsSize="True" AnchorPoint="0,0.5" RelativePosition="0.100834,0.354497" SelectedIndex="0" LuaCheckedFunctionName="onClickShowPet" Name="checkBoxPet_WndCheckOther">
                    <CheckElement Type="WZUIContainer" GUID="{b8083cd8-114a-4831-ac7c-e582ad869eb7}">
                        <WZUIImage Type="WZUIImage" GUID="{52d3e2aa-dde8-4aff-b072-bddb2108c8a9}" File="ui/common/common_scale9_di68.png" UseOriginSize="True" AnchorPoint="0,0.5" RelativePosition="0,0.5" />
                        <WZUILabelTTF Type="WZUILabelTTF" GUID="{ba6e8452-0ee9-4bb6-863f-6f4671b14882}" FontSize="22" Color="255,236,193" AnchorPoint="0,0.5" RelativePosition="0.32,0.5" TextKey="CHECKOTHER_TEXT6" />
                    </CheckElement>
                    <CheckElement Type="WZUIContainer" GUID="{f9d3f18e-6f2f-465f-a3ee-1f988d2df5a9}">
                        <WZUIImage Type="WZUIImage" GUID="{bb7058a0-463a-407d-8fc6-b1b23c7a4550}" File="ui/common/common_scale9_di68.png" UseOriginSize="True" AnchorPoint="0,0.5" RelativePosition="0,0.5" />
                        <WZUIImage Type="WZUIImage" GUID="{a6ef366f-90e0-4556-b622-b501cb88befa}" File="ui/common/common_icon_gou.png" UseOriginSize="True" AnchorPoint="0,0.5" RelativePosition="0,0.5" />
                        <WZUILabelTTF Type="WZUILabelTTF" GUID="{4d687795-926d-4005-970f-a60153face9d}" FontSize="22" Color="255,236,193" AnchorPoint="0,0.5" RelativePosition="0.32,0.5" TextKey="CHECKOTHER_TEXT6" />
                    </CheckElement>
                </WZUICheckBox>
                <WZUICheckBox Type="WZUICheckBox" GUID="{259e3200-3e07-45c8-b8af-810de3d6f03e}" AbsContentSize="130,30" UseAbsSize="True" AnchorPoint="0,0.5" RelativePosition="0.634167,0.354497" SelectedIndex="0" LuaCheckedFunctionName="onClickShowKid" Name="checkBoxKid_WndCheckOther" Visible="True">
                    <CheckElement Type="WZUIContainer" GUID="{de74b970-5b6a-41ba-a3e4-d3ac174033aa}">
                        <WZUIImage Type="WZUIImage" GUID="{cf8982eb-5886-4342-a6c0-8b3d8b45f561}" File="ui/common/common_scale9_di68.png" UseOriginSize="True" AnchorPoint="0,0.5" RelativePosition="0,0.5" />
                        <WZUILabelTTF Type="WZUILabelTTF" GUID="{36f74dd8-6a30-48b8-b6e6-d64d1b0ae7d9}" FontSize="22" Color="255,236,193" AnchorPoint="0,0.5" RelativePosition="0.32,0.5" TextKey="CHECKOTHER_TEXT7" />
                    </CheckElement>
                    <CheckElement Type="WZUIContainer" GUID="{c400317e-0b9c-4240-a995-85e63c3a9dca}">
                        <WZUIImage Type="WZUIImage" GUID="{a70c2dd7-82df-47a7-8074-f7b47ec6a492}" File="ui/common/common_scale9_di68.png" UseOriginSize="True" AnchorPoint="0,0.5" RelativePosition="0,0.5" />
                        <WZUIImage Type="WZUIImage" GUID="{b47e92c5-2604-44be-8d4f-2eab1eb73a36}" File="ui/common/common_icon_gou.png" UseOriginSize="True" AnchorPoint="0,0.5" RelativePosition="0,0.5" />
                        <WZUILabelTTF Type="WZUILabelTTF" GUID="{58bf3a65-6bc1-46c0-be83-ec57692cc1b1}" FontSize="22" Color="255,236,193" AnchorPoint="0,0.5" RelativePosition="0.32,0.5" TextKey="CHECKOTHER_TEXT7" />
                    </CheckElement>
                </WZUICheckBox>
            </WZUIContainer>
        </WZUIContainer>
    </WZUIWindow>
</WndCheckOther>
