<?xml version="1.0" encoding="utf-8" ?>
<WndChangeAccount GUID="{DAFF4439-0C9D-4731-A730-B9011898AF51}">
    <WZUIWindow GUID="{EA701B22-36FF-4d19-AAC6-5D31540A1169}" LuaObjectName="WndChangeAccount" Name="WndChangeAccount" NameCreate="True" RelativePosition="0.498958,0.5" Type="WZUIWindow">
        <WZUIContainer AbsContentSize="700,540" GUID="{52AF3C5A-9583-4188-8F29-9D148F209B3B}" Type="WZUIContainer" UseAbsSize="True">
            <WZUIContainer AbsContentSize="688,500" GUID="{9C753ED3-5114-427d-87CD-017B9CAFE323}" RelativePosition="0.496932,0.472733" Type="WZUIContainer" UseAbsSize="True" Visible="True">
                <WZUI9Image File="common/Jigsaw/3.png" GUID="{46510181-CF04-4a98-8CFC-E5D39FFFEA70}" Name="imgBg1_WndAccountInfo" RelativePosition="0.5,0.5" Scale="2.6" ScaleX="1" ScaleY="1" Type="WZUI9Image" UseOriginSize="False" />
            </WZUIContainer>
            <WZUIContainer AbsContentSize="700,86" GUID="{474E48E7-A654-4c1b-9183-A6EED20CAAB1}" RelativePosition="0.501673,0.924151" Type="WZUIContainer" UseAbsSize="True">
                <WZUI9Image File="common/Jigsaw/5.png" GUID="{A1EB6380-51B3-4710-81D7-C4DC5552A7FC}" Name="imgBg2_WndAccountInfo" RelativePosition="0.5,0.5" Type="WZUI9Image" UseOriginSize="False" UseOriginSizeProportion="False" />
            </WZUIContainer>
            <WZUIContainer AbsContentSize="160,50" GUID="{DF954503-3BE1-433c-848A-F24BCD87702F}" RelativePosition="0.5,0.920348" Type="WZUIContainer" UseAbsSize="True">
                <WZUIImage File="common/text/button_cutover_title.png" GUID="{3437A9A7-4F32-4a50-944D-7BC103FE4403}" RelativePosition="0.5,0.5" Type="WZUIImage" UseOriginSize="True" />
            </WZUIContainer>
        </WZUIContainer>
        <Button AbsContentSize="90,85" GUID="{A5DACE82-770C-459c-97F0-66F6327E2787}" LuaDoneFunctionName="onClose" RelativePosition="0.822468,0.864716" Type="WZUIButton" UseAbsSize="True">
            <NormalElement GUID="{9350A0E0-289D-4a20-8E91-E5BF45CF473B}" TouchContainerEnable="True" Type="WZUIContainer" UseAbsSize="False">
                <WZUI9Image File="common/button/close.png" GUID="{91ACA2E7-1FE2-4f29-A1A0-263DF1E2426E}" Type="WZUI9Image" UseOriginSize="True" />
            </NormalElement>
            <SelectElement GUID="{77E41E6B-6F01-4df4-B814-0E9ECEAB3A08}" TouchContainerEnable="True" Type="WZUIContainer" UseAbsSize="False">
                <WZUI9Image File="common/button/close_sel.png" GUID="{76D7E5AF-A777-4eca-B2F4-E7F7D20EB310}" Type="WZUI9Image" UseOriginSize="True" />
            </SelectElement>
            <DisableElement GUID="{1D0CEFE6-6713-4cd6-9B43-40BC56BAB903}" Type="WZUIContainer" UseAbsSize="False">
                <WZUI9Image File="common/button/close_not.png" GUID="{E6604CB0-10E2-495c-BFF7-1A082AEECE35}" Type="WZUI9Image" UseOriginSize="True" />
            </DisableElement>
        </Button>
        <WZUIButton AbsContentSize="0" GUID="{531A7500-48CF-4897-B6BC-BFBAA553ADE3}" LuaDoneFunctionName="onOK" RelativePosition="0.703311,0.240326" Type="WZUIButton" UseAbsSize="True">
            <NormalElement AbsContentSize="0" GUID="{4B3318CA-3AD7-4c2b-B98E-CD0B2AD7F877}" Type="WZUIContainer" UseAbsSize="True">
                <WZUI9Image File="common/button/button_2.png" GUID="{588F6D28-6199-43b4-9D68-06E3DB6439F9}" Type="WZUI9Image" UseOriginSize="True" />
            </NormalElement>
            <SelectElement AbsContentSize="0" GUID="{96DCA02C-4B45-4d89-8812-02D3753D74CF}" Type="WZUIContainer" UseAbsSize="True">
                <WZUI9Image File="common/button/button_2_sel.png" GUID="{C7BFEDEB-3218-40bc-9A18-A4655F515301}" Type="WZUI9Image" UseOriginSize="True" />
            </SelectElement>
            <DisableElement AbsContentSize="0" GUID="{A28D32EB-6216-4d8d-9715-842CCE0FD994}" Type="WZUIContainer" UseAbsSize="True">
                <WZUI9Image File="common/button/button_4.png" GUID="{A92926F7-ABD1-4f8b-9E79-126C9561DD85}" Type="WZUI9Image" UseOriginSize="True" />
            </DisableElement>
            <WZUILabelTTF Alignment="Left" BoldFont="True" Color="255,255,255" EnableStroke="True" FontSize="30" GUID="{8322A4A8-3B30-4730-8E39-0F70AC2C94C7}" Name="txtBtnSure_WndChangeAccount" StrokeColor="38,47,0" StrokeSize="4" Text="" Type="WZUILabelTTF" />
        </WZUIButton>
        <WZUIContainer AbsContentSize="400,55" GUID="{5DAFA534-59D4-4724-8C93-C452C73F3C15}" RelativePosition="0.556521,0.604183" Type="WZUIContainer" UseAbsSize="True">
            <WZUIImage AbsPosition="0,0" File="ui/register/register_bg.png" GUID="{2DDCF795-E98A-4db8-99D5-AAC2867B124A}" Type="WZUIImage" />
        </WZUIContainer>
        <WZUIEditBox BgPicture="ui/register/register_bg.png" FontColor="255,255,255" FontSize="30" GUID="{81D92D04-F98C-4649-B005-8BC64AEC2E9E}" InputFlag="FlagSensitive" InputMode="ModeSingleLine" LuaEditBoxEditingDidBegin="onEditAccountBegin" LuaEditBoxEditingDidEnd="onEditAccountEnd" LuaEditBoxTextChanged="" MaxLength="256" Name="editAccount_WndChangeAccount" Opacity="0" RelativePosition="0.556521,0.604183" RelativeSize="0.40,0.09" Rotation="0" Scale="1" ScaleX="1" ScaleY="1" Text="asfdsafsafd" Type="WZUIEditBox" UseOriginSize="False" />
        <WZUIContainer AbsContentSize="400,55" GUID="{045644DF-D296-48fe-9B49-A6D86B5ED81B}" RelativePosition="0.556521,0.439767" Type="WZUIContainer" UseAbsSize="True">
            <WZUIImage AbsPosition="0,0" File="ui/register/register_bg.png" GUID="{FF21DEA5-E8EC-4647-A3D5-F008FE0A28C2}" Type="WZUIImage" />
        </WZUIContainer>
        <WZUIEditBox BgPicture="ui/register/register_bg.png" FontColor="255,255,255" FontSize="30" GUID="{450149BF-07F5-499d-B80B-B714CCCCDD43}" InputFlag="FlagPassword" InputMode="ModeSingleLine" LuaEditBoxEditingDidBegin="onEditPswBegin" LuaEditBoxEditingDidEnd="onEditPswEnd" LuaEditBoxTextChanged="" MaxLength="256" Name="editPsw_WndChangeAccount" Opacity="0" RelativePosition="0.556521,0.439767" RelativeSize="0.4,0.09" Rotation="0" Scale="1" ScaleX="1" ScaleY="1" Text="asfdsafsafd" Type="WZUIEditBox" UseOriginSize="False" />
        <WZUILabelTTF Alignment="Left" AnchorPoint="0,0.5" Color="155,131,122" FontSize="30" GUID="{ADB75F60-BE5F-4cf6-8EF3-A63B376144E7}" Name="txtAccountDefaultText_WndChangeAccount" RelativePosition="0.360055,0.604183" Text="" Type="WZUILabelTTF" />
        <WZUILabelTTF Alignment="Left" AnchorPoint="0,0.5" Color="155,131,122" FontSize="30" GUID="{BDC1E088-D540-4055-A770-DF56369F6DBB}" Name="txtPswDefaultText_WndChangeAccount" RelativePosition="0.360055,0.437397" Type="WZUILabelTTF" />
        <WZUIFreeTextBox AnchorPoint="1,0.5" GUID="{820D1CB9-8D3D-45f3-899B-B9F47AEB885A}" MaxWidth="300" Name="txtAccount_WndChangeAccount" RelativePosition="0.34194,0.604183" Type="WZUIFreeTextBox" />
        <WZUIFreeTextBox AnchorPoint="1,0.5" GUID="{EAB3298D-E74A-4370-A648-E149C21DC0D8}" MaxWidth="300" Name="txtPsw_WndChangeAccount" RelativePosition="0.34194,0.439767" Type="WZUIFreeTextBox" />
        <WZUIContainer AbsContentSize="690,38" AnchorPoint="0.5,0" GUID="{711F41E8-B481-4ef7-9841-71D705E85F00}" RelativePosition="0.499858,0.0460186" RelativeSize="1,0.06" Type="WZUIContainer" UseAbsSize="True">
            <WZUI9Image CapInsets="50,10,695,18" File="common/Jigsaw/60.png" GUID="{79726378-A038-479a-86BE-C25242C40308}" Type="WZUI9Image" />
        </WZUIContainer>
    </WZUIWindow>
</WndChangeAccount>
