﻿<WndCharmSpace GUID="{ddaab170-0b9b-4221-a234-98b0d38e3414}">
    <WZUIWindow Type="WZUIWindow" GUID="{525d3a9a-0ee4-40ad-9d07-d50200e2a99a}" AbsContentSize="890,575" Name="WndCharmSpace" LuaObjectName="WndCharmSpace" UseAbsSize="True" ShowAll="True" LuaTouchBeganFunction="onTouch" RelativePosition="0.48,0.5">
        <WZUIContainer Type="WZUIContainer" GUID="{e109a7a9-e2fa-46aa-b6c1-f1ab62b0b615}" AbsContentSize="" UseAbsSize="False" Visible="True">
            <WZUIImage Type="WZUIImage" GUID="{78103346-d08c-4d77-9ac3-f9f57cd4bde8}" File="ui/chat/chat_common_scale9_yaan3.png" Scale="3" ScaleX="3" ScaleY="3" TouchEnable="False" Visible="True" />
            <WZUIContainer Type="WZUIContainer" GUID="{897b7105-ea60-452b-91dd-2aaeea0896e1}">
                <WZUICheckBoxGroup Type="WZUICheckBoxGroup" GUID="{4112b6be-8ae2-42c1-a0cf-e6e5096f0127}" AbsContentSize="50,230" UseAbsSize="True" RelativePosition="1.01148,0.572316" Name="checkGroupBoxLeft_WndCharmSpace">
                    <CheckBox Type="WZUICheckBox" GUID="{7ab57f72-0adb-47e0-b083-d75daae4a86b}" AbsContentSize="45,106" UseAbsSize="True" RelativePosition="0.54,0.25" Tag="1" LuaCheckedFunctionName="onClickLeftBox">
                        <CheckElement Type="WZUIContainer" GUID="{0764b707-a527-4de7-8e37-73cb81ff3877}">
                            <WZUI9Image Type="WZUI9Image" GUID="{7685bdac-0f76-462b-ba29-9da08762c28d}" File="ui/common/common_btn_biaoqian2.png" UseOriginSize="True" Rotation="90" />
                            <WZUILabelTTF Type="WZUILabelTTF" GUID="{fbbfe0bb-a71d-4cb7-bc64-0861be961124}" TextKey="CHARM_SPACE" Color="255,236,193" EnableStroke="True" FontSize="18" StrokeColor="79,60,48" StrokeSize="4" Dimensions="20,0" RelativePosition="0.6,0.5" />
                        </CheckElement>
                        <CheckElement Type="WZUIContainer" GUID="{4b38d71d-d4f9-44d4-bd5b-ee392eb16ce0}">
                            <WZUI9Image Type="WZUI9Image" GUID="{4dd577b3-383b-4209-bdfd-4bff5b08501c}" File="ui/common/common_btn_biaoqian2_sel.png" Rotation="90" UseOriginSize="True" />
                            <WZUILabelTTF Type="WZUILabelTTF" GUID="{242a7fc9-b446-4615-9eed-b672edc41d4d}" TextKey="CHARM_SPACE" Color="79,60,48" EnableStroke="False" FontSize="18" StrokeColor="79,60,48" StrokeSize="4" Dimensions="20,0" RelativePosition="0.6,0.5" />
                        </CheckElement>
                    </CheckBox>
                    <CheckBox Type="WZUICheckBox" GUID="{ea25b085-8549-43ad-a029-14cd82ba4d3d}" AbsContentSize="45,106" UseAbsSize="True" RelativePosition="0.54,0.75" SelectedIndex="0" LuaCheckedFunctionName="onClickLeftBox" Tag="2">
                        <CheckElement Type="WZUIContainer" GUID="{a7ac0401-4e64-41be-8279-7646b3eaeeab}">
                            <WZUI9Image Type="WZUI9Image" GUID="{3b4c3780-1732-407d-b107-68a8938379cb}" File="ui/common/common_btn_biaoqian2.png" UseOriginSize="True" Rotation="90" />
                            <WZUILabelTTF Type="WZUILabelTTF" GUID="{538be3ab-f227-48df-b395-06ec9034bfd0}" TextKey="CHARM_LIFT4" Color="255,236,193" EnableStroke="True" FontSize="18" StrokeColor="79,60,48" StrokeSize="4" Dimensions="20,0" RelativePosition="0.6,0.5" />
                        </CheckElement>
                        <CheckElement Type="WZUIContainer" GUID="{9521a300-0d76-4bdb-9a3f-de4f1073a5c3}">
                            <WZUI9Image Type="WZUI9Image" GUID="{27b2ca20-f409-40c6-9f51-debdcb3a171f}" File="ui/common/common_btn_biaoqian2_sel.png" Rotation="90" UseOriginSize="True" />
                            <WZUILabelTTF Type="WZUILabelTTF" GUID="{bbec7bb6-0fb1-4a08-a074-0593d1363134}" TextKey="CHARM_LIFT4" Color="79,60,48" EnableStroke="False" FontSize="18" StrokeColor="79,60,48" StrokeSize="4" Dimensions="20,0" RelativePosition="0.6,0.5" />
                        </CheckElement>
                    </CheckBox>
                </WZUICheckBoxGroup>
            </WZUIContainer>
            <WZUIContainer Type="WZUIContainer" GUID="{95277ff9-6854-459c-bf42-36858abd5b8d}">
                <WZUI9Image Type="WZUI9Image" GUID="{c30946bf-dbd4-4736-81fc-8382ab612af5}" File="ui/common/common_scale9_di19.png" CapInsets="250,100,1,1" />
            </WZUIContainer>
            <WZUIContainer Type="WZUIContainer" GUID="{477a85f4-ef15-416d-a56a-c4e0000e89cd}" AbsContentSize="890,55" UseAbsSize="True" RelativePosition="0.499763,0.948179">
                <Button Type="WZUIButton" GUID="{3eb0dbf6-6c6c-4d9b-b0aa-cca9cf916950}" LuaDoneFunctionName="onClose" AbsContentSize="60,50" UseAbsSize="True" RelativePosition="0.957671,0.463637">
                    <NormalElement Type="WZUIContainer" GUID="{947159c4-5530-4acf-80da-eadbbb759b4a}" UseAbsSize="False">
                        <WZUIImage Type="WZUIImage" GUID="{4d248c29-e405-4bd9-a52d-eaf25f835413}" File="ui/common/common_icon_guanbi.png" UseOriginSizeProportion="False" UseOriginSize="True" RelativePosition="0.5,0.5" />
                    </NormalElement>
                    <SelectElement Type="WZUIContainer" GUID="{ecaf3a77-9135-4b27-a614-0a8cc7b328e6}">
                        <WZUIImage Type="WZUIImage" GUID="{a6fe6b6f-f230-4da4-9c48-78b437fd7c54}" File="ui/common/common_icon_guanbi_sel.png" UseOriginSize="True" RelativePosition="0.5,0.5" />
                    </SelectElement>
                    <DisableElement Type="WZUIContainer" GUID="{82ecfccb-f931-4aef-8450-69b698c7e8fa}" />
                </Button>
                <WZUIImage Type="WZUIImage" GUID="{84a98341-2b21-45d8-b058-d79fde49ef4b}" File="ui/common/common_pic_jiantou4.png" UseOriginSize="True" Rotation="" RelativePosition="0.39,0.409091" FlipX="True" Name="imgArrow1_WndCharmSpace" />
                <WZUIImage Type="WZUIImage" GUID="{2bdc5dbf-0cfc-4937-a685-b128cc8234ec}" File="ui/common/common_pic_jiantou4.png" UseOriginSize="True" RelativePosition="0.61,0.409091" FlipX="False" Name="imgArrow2_WndCharmSpace" />
                <WZUILabelTTF Type="WZUILabelTTF" GUID="{1f6f2a14-4170-4fb0-90e8-27b5b02915a4}" StrokeSize="4" StrokeColor="132,66,29" Color="255,236,192" EnableStroke="True" FontSize="26" TextKey="CHARM_SPACE" RelativePosition="0.5,0.463636" Name="txtTitle_WndCharmSpace" />
                <WZUIImage Type="WZUIImage" GUID="{9528939b-bc37-4307-945f-4e8742628829}" File="ui/common/common_icon_diandian.png" UseOriginSize="True" RelativePosition="0.033,0.409091" />
            </WZUIContainer>
            <WZUIContainer Type="WZUIContainer" GUID="{50c79a2a-460c-4f98-9731-2b0c28e256a4}" Name="conForCharmSpace_WndCharmSpace" Visible="True">
                <WZUIContainer Type="WZUIContainer" GUID="{8f8581ab-d582-41d2-8add-fbf03de063ad}" AbsContentSize="650,50" UseAbsSize="True" RelativePosition="0.380398,0.835">
                    <WZUICheckBoxGroup Type="WZUICheckBoxGroup" GUID="{a49c3843-2209-4100-964d-b7ce15b3f88a}">
                        <CheckBox Type="WZUICheckBox" GUID="{99488ca4-2177-4ec6-9fc7-f1222986def8}" AbsContentSize="105,50" UseAbsSize="True" RelativePosition="0.0987825,0.5" LuaSelectedFunctionName="onCheckBox" Tag="1">
                            <CheckElement Type="WZUIContainer" GUID="{ffa26362-692e-4ab2-af97-bd41cf02e0ee}">
                                <WZUIImage Type="WZUIImage" GUID="{bf2b57eb-f597-47bc-b67d-7a71e7149231}" File="ui/common/common_btn_biaoqian2.png" isValid="True" />
                                <WZUILabelTTF Type="WZUILabelTTF" GUID="{9c1bd8f8-f08b-48be-878a-59e061ae6650}" Color="255,236,193" FontSize="22" EnableStroke="True" StrokeSize="4" StrokeColor="79,60,48" Text="" TextKey="CHARM_RANK_RELOAD" Visible="True" RelativePosition="0.5,0.46" Name="txtCheck1_WndCharmSpace" />
                            </CheckElement>
                        </CheckBox>
                        <CheckBox Type="WZUICheckBox" GUID="{32413184-7da5-4834-acaa-9eb3b3c96601}" AbsContentSize="105,50" UseAbsSize="True" RelativePosition="0.294266,0.5" LuaSelectedFunctionName="onCheckBox" Tag="2">
                            <CheckElement Type="WZUIContainer" GUID="{378a78a3-fd57-4017-83c1-378f73f77ac8}">
                                <WZUIImage Type="WZUIImage" GUID="{7d43f809-8359-4be8-9c22-384d9e54a6f3}" File="ui/common/common_btn_biaoqian2.png" />
                                <WZUILabelTTF Type="WZUILabelTTF" GUID="{106fda45-e165-486b-9565-a997c1645f5f}" StrokeColor="79,60,48" StrokeSize="4" Color="255,236,193" FontSize="22" EnableStroke="True" TextKey="CHARM_RECOMMEND" RelativePosition="0.5,0.46" Name="txtCheck2_WndCharmSpace" Dimensions="0,0" />
                            </CheckElement>
                        </CheckBox>
                        <CheckBox Type="WZUICheckBox" GUID="{c4c1feee-4e0a-4eb8-b320-28cad7809ba8}" AbsContentSize="105,50" UseAbsSize="True" RelativePosition="0.490909,0.5" LuaSelectedFunctionName="onCheckBox" Tag="3">
                            <CheckElement Type="WZUIContainer" GUID="{9cc66d11-14c6-415e-ad53-4e2937982cc8}">
                                <WZUIImage Type="WZUIImage" GUID="{5d5cd713-66c9-4a33-8558-dba18e01171d}" File="ui/common/common_btn_biaoqian2.png" RelativePosition="0.5,0.5" />
                                <WZUILabelTTF Type="WZUILabelTTF" GUID="{36641327-faf6-4040-bba2-ebb5e2534824}" Color="255,236,193" EnableStroke="True" FontSize="22" StrokeColor="79,60,48" StrokeSize="4" TextKey="CHARM_TOTAL_RANK" RelativePosition="0.5,0.46" Name="txtCheck3_WndCharmSpace" Dimensions="0,0" />
                            </CheckElement>
                        </CheckBox>
                        <CheckBox Type="WZUICheckBox" GUID="{95673e64-3ae8-4280-bd3a-d5100079dcb9}" AbsContentSize="105,50" UseAbsSize="True" RelativePosition="0.684475,0.5" LuaSelectedFunctionName="onCheckBox" Tag="4">
                            <CheckElement Type="WZUIContainer" GUID="{c22f7d9d-f66c-4de8-9cf7-0e20a8226681}">
                                <WZUIImage Type="WZUIImage" GUID="{fd70facf-ac95-418b-9498-b1d295b7e1b6}" File="ui/common/common_btn_biaoqian2.png" />
                                <WZUILabelTTF Type="WZUILabelTTF" GUID="{5f2348b9-cc82-4cff-850e-f624521ac6ae}" Color="255,236,193" EnableStroke="True" FontSize="22" StrokeColor="79,60,48" StrokeSize="4" TextKey="RANK_REWARD" Visible="True" RelativePosition="0.5,0.46" Name="txtCheck4_WndCharmSpace" Dimensions="0,0" />
                            </CheckElement>
                        </CheckBox>
                    </WZUICheckBoxGroup>
                </WZUIContainer>
                <WZUIContainer Type="WZUIContainer" GUID="{abb586d5-7a84-446d-b370-bdf969caaf64}" AbsContentSize="650,50" UseAbsSize="True" RelativePosition="0.380398,0.835">
                    <WZUIContainer Type="WZUIContainer" GUID="{9352bc9b-336b-4f23-8c4c-35ad2c984f28}" AbsContentSize="105,50" UseAbsSize="True" RelativePosition="0.0979024,0.5" Name="con1_WndCharmSpace">
                        <WZUIImage Type="WZUIImage" GUID="{2ab16ca7-8dce-41f8-a314-138955e2601e}" File="ui/common/common_btn_biaoqian2_sel.png" />
                        <WZUILabelTTF Type="WZUILabelTTF" GUID="{e293bc3b-6c61-475c-adfa-116b9c597f48}" Color="79,60,48" FontSize="22" TextKey="CHARM_RANK_RELOAD" RelativePosition="0.5,0.46" Name="txtCheckSel1_WndCharmSpace" />
                    </WZUIContainer>
                    <WZUIContainer Type="WZUIContainer" GUID="{114d92a4-b1d5-4e92-9c9c-b84eee0b234f}" AbsContentSize="105,50" UseAbsSize="True" RelativePosition="0.292727,0.5" Name="con2_WndCharmSpace" Visible="False">
                        <WZUIImage Type="WZUIImage" GUID="{977c8034-770b-496f-8638-44b8ed6795a1}" File="ui/common/common_btn_biaoqian2_sel.png" isValid="True" UseOriginSize="False" />
                        <WZUILabelTTF Type="WZUILabelTTF" GUID="{ae23145e-952c-487d-a0bd-79b213491724}" Color="79,60,48" FontSize="22" TextKey="CHARM_RECOMMEND" Visible="True" RelativePosition="0.5,0.46" Name="txtCheckSel2_WndCharmSpace" />
                    </WZUIContainer>
                    <WZUIContainer Type="WZUIContainer" GUID="{72792bbf-b56b-4b99-961d-9d7bf74c7ed6}" AbsContentSize="105,50" UseAbsSize="True" RelativePosition="0.490909,0.5" Name="con3_WndCharmSpace" Visible="False">
                        <WZUIImage Type="WZUIImage" GUID="{34d1d46b-f31f-4e92-8136-608ea961b461}" File="ui/common/common_btn_biaoqian2_sel.png" isValid="True" />
                        <WZUILabelTTF Type="WZUILabelTTF" GUID="{854e4667-05b5-43e0-9568-bff1f65b25dc}" Color="79,60,48" FontSize="22" TextKey="CHARM_TOTAL_RANK" Visible="True" RelativePosition="0.5,0.46" Name="txtCheckSel3_WndCharmSpace" />
                    </WZUIContainer>
                    <WZUIContainer Type="WZUIContainer" GUID="{4213d168-3317-4507-bd69-c33057cc5fa2}" AbsContentSize="105,50" UseAbsSize="True" RelativePosition="0.684476,0.5" Name="con4_WndCharmSpace" Visible="False">
                        <WZUIImage Type="WZUIImage" GUID="{ac99ab26-0f12-44c7-8f84-ad8653c49702}" File="ui/common/common_btn_biaoqian2_sel.png" isValid="True" />
                        <WZUILabelTTF Type="WZUILabelTTF" GUID="{3310da92-d9d9-4ab0-9264-d92d99dc5f4a}" Color="79,60,48" FontSize="22" Visible="True" UseOriginSize="True" TextKey="RANK_REWARD" RelativePosition="0.5,0.46" Name="txtCheckSel4_WndCharmSpace" />
                    </WZUIContainer>
                </WZUIContainer>
            </WZUIContainer>
            <WZUIContainer Type="WZUIContainer" GUID="{0a2b6a4a-48bc-4355-b3d6-64b9e9646e22}" Name="conForCharmLife_WndCharmSpace" Visible="False">
                <WZUIContainer Type="WZUIContainer" GUID="{ea5df3a1-74d9-4786-b66c-df3ca8cfe96e}" AbsContentSize="650,50" UseAbsSize="True" RelativePosition="0.380398,0.835">
                    <WZUICheckBoxGroup Type="WZUICheckBoxGroup" GUID="{a5f866dd-1c2b-4649-abd4-751d38de12b9}" Name="boxGroupFashion_WndCharmSpace">
                        <CheckBox Type="WZUICheckBox" GUID="{38e58c97-b402-4a66-97b7-f6e8dc3b0f58}" AbsContentSize="105,50" UseAbsSize="True" RelativePosition="0.294,0.5" LuaSelectedFunctionName="onCheckBox" Tag="1">
                            <CheckElement Type="WZUIContainer" GUID="{06173975-1c8a-44ac-9c44-a01da7f3cf41}">
                                <WZUIImage Type="WZUIImage" GUID="{50f7fd6e-0b93-40ca-9a9a-a65601cbb189}" File="ui/common/common_btn_biaoqian2.png" isValid="True" />
                                <WZUILabelTTF Type="WZUILabelTTF" GUID="{adce553d-6c55-4116-b886-b138ec5511d4}" Color="255,236,193" FontSize="22" EnableStroke="True" StrokeSize="4" StrokeColor="79,60,48" Text="" TextKey="CHARM_RANK_RELOAD" Visible="True" RelativePosition="0.5,0.46" Name="txtCheckLife1_WndCharmSpace" />
                            </CheckElement>
                        </CheckBox>
                        <CheckBox Type="WZUICheckBox" GUID="{55a71258-ecd3-4813-93c4-58f248fa92c6}" AbsContentSize="105,50" UseAbsSize="True" RelativePosition="0.491,0.5" LuaSelectedFunctionName="onCheckBox" Tag="2">
                            <CheckElement Type="WZUIContainer" GUID="{6285bef4-0901-45c7-8d4b-661972167350}">
                                <WZUIImage Type="WZUIImage" GUID="{fc41bb74-8fc6-4449-bf2a-4f336daaef29}" File="ui/common/common_btn_biaoqian2.png" />
                                <WZUILabelTTF Type="WZUILabelTTF" GUID="{c139e2bd-69d6-4b6e-8365-f3169a13b8ca}" StrokeColor="79,60,48" StrokeSize="4" Color="255,236,193" FontSize="22" EnableStroke="True" TextKey="CHARM_LIFT2" RelativePosition="0.5,0.46" Name="txtCheckLife2_WndCharmSpace" Dimensions="0,0" />
                            </CheckElement>
                        </CheckBox>
                        <CheckBox Type="WZUICheckBox" GUID="{2ae6c025-b90a-4c5f-9eff-dcd06cd9752b}" AbsContentSize="105,50" UseAbsSize="True" RelativePosition="0.684,0.5" LuaSelectedFunctionName="onCheckBox" Tag="3">
                            <CheckElement Type="WZUIContainer" GUID="{bfe3324d-2bd6-4a59-8e4d-129179a2d478}">
                                <WZUIImage Type="WZUIImage" GUID="{f68fec60-6d63-4a6b-9b8b-c9097ff00cc4}" File="ui/common/common_btn_biaoqian2.png" RelativePosition="0.5,0.5" />
                                <WZUILabelTTF Type="WZUILabelTTF" GUID="{1f0e11ce-2270-4fba-8f16-3449f89e7071}" Color="255,236,193" EnableStroke="True" FontSize="22" StrokeColor="79,60,48" StrokeSize="4" TextKey="CHARM_LIFT3" RelativePosition="0.5,0.46" Name="txtCheckLife3_WndCharmSpace" Dimensions="0,0" />
                            </CheckElement>
                        </CheckBox>
                        <CheckBox Type="WZUICheckBox" GUID="{6378d316-6e4e-4b94-9663-d4773ea1dd0f}" AbsContentSize="105,50" UseAbsSize="True" RelativePosition="0.878321,0.5" LuaSelectedFunctionName="onCheckBox" Tag="4">
                            <CheckElement Type="WZUIContainer" GUID="{7876ad41-6123-4c87-94d3-3ed50584d813}">
                                <WZUIImage Type="WZUIImage" GUID="{61a4053b-1030-42a3-8179-55c66d96346d}" File="ui/common/common_btn_biaoqian2.png" />
                                <WZUILabelTTF Type="WZUILabelTTF" GUID="{669a1f26-2d6d-4d84-b631-7a27d2dacaad}" Color="255,236,193" EnableStroke="True" FontSize="22" StrokeColor="79,60,48" StrokeSize="4" TextKey="RANK_REWARD" Visible="True" RelativePosition="0.5,0.46" Name="txtCheckLife4_WndCharmSpace" Dimensions="0,0" />
                            </CheckElement>
                        </CheckBox>
                        <CheckBox Type="WZUICheckBox" GUID="{a19b2d08-5778-4099-864f-7ba907a4f601}" AbsContentSize="105,50" UseAbsSize="True" RelativePosition="0.0987825,0.5" LuaSelectedFunctionName="onCheckBox" Tag="5">
                            <CheckElement Type="WZUIContainer" GUID="{cc7485c3-dfaf-4580-bded-ed9082f03b00}">
                                <WZUIImage Type="WZUIImage" GUID="{5fcd9c72-cd70-4fea-be07-bab3af168129}" File="ui/common/common_btn_biaoqian2.png" isValid="True" />
                                <WZUILabelTTF Type="WZUILabelTTF" GUID="{65cd236e-b877-496d-998c-f093d4c149f3}" Color="255,236,193" FontSize="22" EnableStroke="True" StrokeSize="4" StrokeColor="79,60,48" Text="" TextKey="CHARM_LIFT1" Visible="True" RelativePosition="0.5,0.46" Name="txtCheckLife5_WndCharmSpace" />
                            </CheckElement>
                        </CheckBox>
                        <CheckBox Type="WZUICheckBox" GUID="{81110992-3ed9-41ff-ae1c-6e9df76053ff}" AbsContentSize="105,50" UseAbsSize="True" RelativePosition="1.06755,0.5" LuaSelectedFunctionName="onCheckBox" Tag="6">
                            <CheckElement Type="WZUIContainer" GUID="{9a983c19-75fd-44a8-95b0-fd257b85bf64}">
                                <WZUIImage Type="WZUIImage" GUID="{a9993932-a84a-4d8a-90fb-a4053121c1cb}" File="ui/common/common_btn_biaoqian2.png" />
                                <WZUILabelTTF Type="WZUILabelTTF" GUID="{40344bbe-00d3-4d06-9192-21685966737f}" Color="255,236,193" EnableStroke="True" FontSize="22" StrokeColor="79,60,48" StrokeSize="4" TextKey="CHARM_LIFT14" Visible="True" RelativePosition="0.5,0.46" Name="txtCheckLife6_WndCharmSpace" Dimensions="0,0" />
                            </CheckElement>
                        </CheckBox>
                    </WZUICheckBoxGroup>
                </WZUIContainer>
                <WZUIContainer Type="WZUIContainer" GUID="{b43bcc81-e4a7-415f-a313-ebba49b51e7b}" AbsContentSize="650,50" UseAbsSize="True" RelativePosition="0.380398,0.835">
                    <WZUIContainer Type="WZUIContainer" GUID="{bf3be16f-f2c9-4175-9c93-444c0b1985d6}" AbsContentSize="105,50" UseAbsSize="True" RelativePosition="0.294,0.5" Name="conLife1_WndCharmSpace" Visible="False">
                        <WZUIImage Type="WZUIImage" GUID="{5588d44a-a454-4f3d-8493-6fdf25edaf65}" File="ui/common/common_btn_biaoqian2_sel.png" />
                        <WZUILabelTTF Type="WZUILabelTTF" GUID="{46056e4c-a935-4f2e-853d-59ff5df71dde}" Color="79,60,48" FontSize="22" TextKey="CHARM_RANK_RELOAD" RelativePosition="0.5,0.46" Name="txtCheckLifeSel1_WndCharmSpace" />
                    </WZUIContainer>
                    <WZUIContainer Type="WZUIContainer" GUID="{c3c25fa2-d690-4fb5-8108-6e734d83b28b}" AbsContentSize="105,50" UseAbsSize="True" RelativePosition="0.491,0.5" Name="conLife2_WndCharmSpace" Visible="False">
                        <WZUIImage Type="WZUIImage" GUID="{3a441e7f-c450-400f-a30e-60d2fc7e64f6}" File="ui/common/common_btn_biaoqian2_sel.png" isValid="True" UseOriginSize="False" />
                        <WZUILabelTTF Type="WZUILabelTTF" GUID="{59414448-1386-4690-8073-23234b466f7b}" Color="79,60,48" FontSize="22" TextKey="CHARM_LIFT2" Visible="True" RelativePosition="0.5,0.46" Name="txtCheckLifeSel2_WndCharmSpace" />
                    </WZUIContainer>
                    <WZUIContainer Type="WZUIContainer" GUID="{8c3aa734-3eb4-4f55-8912-6be282786dc9}" AbsContentSize="105,50" UseAbsSize="True" RelativePosition="0.684,0.5" Name="conLife3_WndCharmSpace" Visible="False">
                        <WZUIImage Type="WZUIImage" GUID="{d1f50015-d11c-4872-9535-3426c635e2b3}" File="ui/common/common_btn_biaoqian2_sel.png" isValid="True" />
                        <WZUILabelTTF Type="WZUILabelTTF" GUID="{57671359-9085-477d-af1e-06a60d163532}" Color="79,60,48" FontSize="22" TextKey="CHARM_LIFT3" Visible="True" RelativePosition="0.5,0.46" Name="txtCheckLifeSel3_WndCharmSpace" />
                    </WZUIContainer>
                    <WZUIContainer Type="WZUIContainer" GUID="{9cbe85f5-47a2-4024-9dbf-d911d3557f4c}" AbsContentSize="105,50" UseAbsSize="True" RelativePosition="0.878,0.5" Name="conLife4_WndCharmSpace" Visible="False">
                        <WZUIImage Type="WZUIImage" GUID="{a7ed1910-546e-4997-a4ab-287a44b45820}" File="ui/common/common_btn_biaoqian2_sel.png" isValid="True" />
                        <WZUILabelTTF Type="WZUILabelTTF" GUID="{85af0070-8b04-42a2-a394-758bf344c64c}" Color="79,60,48" FontSize="22" Visible="True" UseOriginSize="True" TextKey="RANK_REWARD" RelativePosition="0.5,0.46" Name="txtCheckLifeSel4_WndCharmSpace" />
                    </WZUIContainer>
                    <WZUIContainer Type="WZUIContainer" GUID="{ab837d30-f621-4a79-8b89-ad5d9480e7e2}" AbsContentSize="105,50" UseAbsSize="True" RelativePosition="0.0979024,0.5" Name="conLife5_WndCharmSpace">
                        <WZUIImage Type="WZUIImage" GUID="{e3b8ee85-f1f3-4e24-8268-145e4e97406a}" File="ui/common/common_btn_biaoqian2_sel.png" />
                        <WZUILabelTTF Type="WZUILabelTTF" GUID="{3bea2e3e-1af8-489b-970c-8515ec116aee}" Color="79,60,48" FontSize="22" TextKey="CHARM_LIFT1" RelativePosition="0.5,0.46" Name="txtCheckLifeSel5_WndCharmSpace" />
                    </WZUIContainer>
                    <WZUIContainer Type="WZUIContainer" GUID="{912d62ca-f174-4e7b-a5f6-1ca573db89b4}" AbsContentSize="105,50" UseAbsSize="True" RelativePosition="1.07,0.5" Name="conLife6_WndCharmSpace" Visible="False">
                        <WZUIImage Type="WZUIImage" GUID="{3dec9349-ef1f-4b11-ad4e-91db7b56b3c7}" File="ui/common/common_btn_biaoqian2_sel.png" isValid="True" />
                        <WZUILabelTTF Type="WZUILabelTTF" GUID="{1217139b-eec1-4369-b71e-d95409098f13}" Color="79,60,48" FontSize="22" Visible="True" UseOriginSize="True" TextKey="CHARM_LIFT14" RelativePosition="0.5,0.46" Name="txtCheckLifeSel6_WndCharmSpace" />
                    </WZUIContainer>
                </WZUIContainer>
            </WZUIContainer>
            <WZUIContainer Type="WZUIContainer" GUID="{27403283-d671-4a7f-9a99-25ee5207b4e5}" AbsContentSize="880,375" UseAbsSize="True" RelativePosition="0.498877,0.468623" Name="conRecommend_WndCharmSpace">
                <WZUI9Image Type="WZUI9Image" GUID="{436d5d1c-f26c-417e-b79a-9ee3b52dc437}" File="ui/charmSpace/common_pic_meilikj.png" UseOriginSizeProportion="False" UseOriginSize="True" Scale="1.99" ShowAll="False" ScaleY="2" ScaleX="1.99" />
                <WZUITableContainer Type="WZUITableContainer" GUID="{59db8101-c3ea-49df-9b58-5563f108a8d9}" AbsContentSize="850,346" UseAbsSize="True" EnableMoveHorizontal="False" EnableMoveoutContainer="True" Name="tab1_WndCharmSpace" RelativePosition="0.501137,0.502667" CellElementHeight="0.26" />
                <WZUITableContainer Type="WZUITableContainer" GUID="{c7d15ae6-fd6e-4ba3-835b-de28ac5ffee8}" AbsContentSize="850,355" UseAbsSize="True" EnableMoveHorizontal="False" EnableMoveoutContainer="False" Name="tab3_WndCharmSpace" RelativePosition="0.501137,0.5" CellElementHeight="0.5" ColumnCount="4" EnableMoveVertical="False" />
            </WZUIContainer>
            <WZUIContainer Type="WZUIContainer" GUID="{73c410c5-4a4a-4fc1-bac1-70f1c8ea8476}" AbsContentSize="880,360" UseAbsSize="True" RelativePosition="0.5,0.468623" Name="conRank_WndCharmSpace">
                <WZUI9Image Type="WZUI9Image" GUID="{6400722a-1ca7-4194-ad85-3858687c0fd1}" File="ui/charmSpace/common_pic_meilikj.png" UseOriginSizeProportion="False" UseOriginSize="True" Scale="1.99" ShowAll="False" ScaleY="2" ScaleX="1.99" RelativePosition="0.498864,0.5" />
                <WZUIContainer Type="WZUIContainer" GUID="{e7666e80-2c91-423e-952f-e35a3b52d515}" AbsContentSize="620,360" UseAbsSize="True" RelativePosition="0.366695,0.5">
                    <WZUITableContainer Type="WZUITableContainer" GUID="{121787a9-cbf0-462e-99fc-8892f9256dae}" AbsContentSize="620,280" UseAbsSize="True" RelativePosition="0.5,0.414923" EnableMoveHorizontal="False" EnableMoveoutContainer="True" Name="tab2_WndCharmSpace" CellElementHeight="0.29" />
                    <WZUIContainer Type="WZUIContainer" GUID="{ae91c61e-2084-4993-8a6d-8534f1659ca6}" AbsContentSize="620,57" UseAbsSize="True" RelativePosition="0.5,0.909175" Visible="False" Name="conList_WndCharmSpace">
                        <WZUI9Image Type="WZUI9Image" GUID="{9a2ab21f-c009-4330-9484-d5a743d34dc3}" File="ui/common/common_scale9_heidi6.png" UseOriginSize="True" />
                        <WZUIContainer Type="WZUIContainer" GUID="{955006b0-7f0a-41a7-b6a5-654f4b1fb188}" AbsContentSize="60,47" UseAbsSize="True" RelativePosition="0.0617226,0.5">
                            <WZUILabelTTF Type="WZUILabelTTF" GUID="{63b676be-3316-4217-a90d-0244670bbc6e}" FontSize="22" Text="" Name="txtRank_WndCharmSpace" TextKey="RANK" Color="255,236,193" EnableStroke="True" StrokeColor="127,70,26" StrokeSize="4" UseOriginSize="True" Visible="True" />
                        </WZUIContainer>
                        <WZUIContainer Type="WZUIContainer" GUID="{0a2dae63-6d9e-49b0-a9ca-b9588cd3098c}" AbsContentSize="60,47" UseAbsSize="True" RelativePosition="0.230462,0.5">
                            <WZUILabelTTF Type="WZUILabelTTF" GUID="{a8f45eec-fce4-4797-a749-ca0b4e8f60db}" Color="255,236,193" FontSize="22" EnableStroke="True" StrokeColor="127,70,26" StrokeSize="4" TextKey="CHARM_PLAYER" Name="txtPlayer1_WndCharmSpace" />
                        </WZUIContainer>
                        <WZUIContainer Type="WZUIContainer" GUID="{d76c8c83-304e-4d13-92b0-c626c6d26f08}" AbsContentSize="60,48" UseAbsSize="True" RelativePosition="0.450283,0.5">
                            <WZUILabelTTF Type="WZUILabelTTF" GUID="{e2e3aba1-24c4-47af-b47d-467a9d3640db}" Color="255,236,193" EnableStroke="True" FontSize="22" StrokeSize="4" StrokeColor="127,70,26" Name="txtID1_WndCharmSpace" TextKey="CHARM_ID" />
                        </WZUIContainer>
                        <WZUIContainer Type="WZUIContainer" GUID="{5777e71a-031c-4ab9-bebb-2a4adeac88fe}" AbsContentSize="60,47" UseAbsSize="True" RelativePosition="0.623844,0.5">
                            <WZUILabelTTF Type="WZUILabelTTF" GUID="{dccd8141-239c-4efc-b530-29c831f00995}" Color="255,236,193" EnableStroke="True" FontSize="22" StrokeColor="127,70,26" StrokeSize="4" TextKey="CHARM_SERVER" Name="txtServer1_WndCharmSpace" />
                        </WZUIContainer>
                        <WZUIContainer Type="WZUIContainer" GUID="{9a21fa8c-873f-47b6-892a-724329dd667d}" AbsContentSize="64,47" UseAbsSize="True" RelativePosition="0.865596,0.5">
                            <WZUILabelTTF Type="WZUILabelTTF" GUID="{6abc7209-c24b-40fa-a119-f5ec7e256b2e}" Color="255,236,193" EnableStroke="True" FontSize="22" StrokeColor="127,70,26" StrokeSize="4" TextKey="CHARM_FLOWER_NUM" Name="txtFlower1_WndCharmSpace" />
                        </WZUIContainer>
                    </WZUIContainer>
                </WZUIContainer>
                <WZUIContainer Type="WZUIContainer" GUID="{c9572a0e-1983-4137-9948-a5dddb153251}" AbsContentSize="230,342" UseAbsSize="True" RelativePosition="0.857061,0.497515" Name="conDetail_WndCharmSpace" Visible="False">
                    <WZUI9Image Type="WZUI9Image" GUID="{f33782d3-fdf4-4621-8f46-0cc4b439e0d1}" File="ui/common/common_scale9_di7.png" Name="imgDetail_WndCharmSpace" />
                    <WZUIClippingContainer Type="WZUIClippingContainer" GUID="{16f65d18-c26d-46fd-8b3f-f77314d60e35}" TouchEnable="False" RelativePosition="0.5,0.77548" AnchorPoint="0.5,0.5" Visible="True" AbsContentSize="116,116" UseAbsSize="True">
                        <Stencil Type="WZUIImage" GUID="{d8395ce5-7bee-4998-9eef-1af883c00d8e}" File="ui/bag/common_shade_touxiang2.png" UseOriginSize="True" Scale="2" RelativePosition="0.5,0.5" Visible="True" />
                        <WZUIContainer Type="WZUIContainer" GUID="{4d421da0-873d-4b4f-a2b9-cac01fba94be}" AbsContentSize="128,125" UseAbsSize="True" RelativePosition="0.5,0.5" Name="conHead_WndCharmSpace" Tag="99" />
                    </WZUIClippingContainer>
                    <WZUIContainer Type="WZUIContainer" GUID="{eb6eec28-9b91-48fc-a49c-456a468434cc}" AbsContentSize="190,25" UseAbsSize="True" RelativePosition="0.0558083,0.564721" AnchorPoint="0,1">
                        <WZUILabelTTF Type="WZUILabelTTF" GUID="{c5bb9834-d265-4ede-b437-a6426ee3ad2b}" AnchorPoint="0,0.5" Text="" FontSize="20" Alignment="Left" RelativePosition="0.05,0.5" Name="txtLevel_WndCharmSpace" Color="127,70,26">
                            <WZUIImage Type="WZUIImage" GUID="{c0f4bf5b-94d2-4d60-97fd-350dd3d791ef}" File="ui/common/common_icon_kuafu.png" UseOriginSizeProportion="True" AnchorPoint="0,0.5" RelativePosition="1.1,0.5" isValid="True" Name="imgKua_WndCharmSpace">
                                <WZUILabelTTF Type="WZUILabelTTF" GUID="{201daec6-ceef-49a7-9f49-1d71e78348d6}" AnchorPoint="0,0.5" RelativePosition="1.1,0.5" FontSize="20" Text="" Name="txtName1_WndCharmSpace" Color="127,70,26" Alignment="Left" />
                            </WZUIImage>
                            <WZUILabelTTF Type="WZUILabelTTF" GUID="{a8f02745-0da0-47e1-96d4-cef5117028f2}" AnchorPoint="0,0.5" RelativePosition="1.1,0.5" FontSize="20" Text="" Name="txtName2_WndCharmSpace" Color="127,70,26" Alignment="Left" />
                        </WZUILabelTTF>
                    </WZUIContainer>
                    <WZUIContainer Type="WZUIContainer" GUID="{3e6f9695-f35b-4342-99ed-70a2a39ddc82}" AbsContentSize="190,25" UseAbsSize="True" RelativePosition="0.471429,0.450063">
                        <WZUILabelTTF Type="WZUILabelTTF" GUID="{edacf946-abc1-4e74-876e-75a560af5419}" FontSize="20" Name="txtID_WndCharmSpace" Color="127,70,26" Alignment="Left" RelativePosition="0.05,0.5" AnchorPoint="0,0.5" />
                    </WZUIContainer>
                    <WZUIContainer Type="WZUIContainer" GUID="{e5594c13-9acd-4c1f-bc1b-0695288cfed6}" AbsContentSize="190,25" UseAbsSize="True" RelativePosition="0.471429,0.374949">
                        <WZUILabelTTF Type="WZUILabelTTF" GUID="{ea77dd23-6b4b-4efc-8ea5-a50a9a5553e2}" FontSize="20" Name="txtServer_WndCharmSpace" Color="127,70,26" Alignment="Left" RelativePosition="0.05,0.5" AnchorPoint="0,0.5" />
                    </WZUIContainer>
                    <WZUIContainer Type="WZUIContainer" GUID="{8dbeca0a-1f78-4ea5-8c41-ea03c2c4406a}" AbsContentSize="190,25" UseAbsSize="True" RelativePosition="0.471429,0.300011">
                        <WZUILabelTTF Type="WZUILabelTTF" GUID="{58466767-6215-4ddd-806d-67d2e2ae13a3}" FontSize="20" Name="txtCommunity_WndCharmSpace" Color="127,70,26" Alignment="Left" RelativePosition="0.05,0.5" AnchorPoint="0,0.5" Text="" />
                    </WZUIContainer>
                    <WZUIContainer Type="WZUIContainer" GUID="{521bea8e-b4df-4cbf-aebb-c8e26247c16c}" AbsContentSize="190,25" UseAbsSize="True" RelativePosition="0.471429,0.224896">
                        <WZUILabelTTF Type="WZUILabelTTF" GUID="{de0aa049-d208-4e5b-a1cc-c5959064fa97}" FontSize="20" Name="txtPartner_WndCharmSpace" Color="127,70,26" Alignment="Left" RelativePosition="0.05,0.5" AnchorPoint="0,0.5" />
                    </WZUIContainer>
                    <WZUIContainer Type="WZUIContainer" GUID="{76074abf-d20a-4df3-b554-3d28534d8ec3}" AbsContentSize="220,60" UseAbsSize="True" RelativePosition="0.499537,0.0937451" Visible="True">
                        <Button Type="WZUIButton" GUID="{58b88152-2210-472d-aa63-91b44080fe11}" AbsContentSize="90,45" UseAbsSize="True" RelativePosition="0.260946,0.508451" LuaDoneFunctionName="onIntoInformation" Name="btn1_WndCharmSpace">
                            <NormalElement Type="WZUIContainer" GUID="{59611c6c-1fdd-4d00-bc4d-aa806af86643}">
                                <WZUI9Image Type="WZUI9Image" GUID="{6d1c65d6-61f9-491f-867a-816dc59d1aa1}" File="ui/common/common_btn_anniu3_0.png" Scale="1" UseOriginSize="False" />
                                <WZUILabelTTF Type="WZUILabelTTF" GUID="{ef744c91-7325-4cb9-aa33-5503c4362470}" FontSize="22" Color="255,236,193" StrokeSize="4" StrokeColor="128,54,13" EnableStroke="True" Name="txtInformation1_WndCharmSpace" TextKey="CHARM_MESSAGE" />
                            </NormalElement>
                            <SelectElement Type="WZUIContainer" GUID="{7b96d3e4-8802-4391-abb9-52c82835d343}">
                                <WZUI9Image Type="WZUI9Image" GUID="{1b4219ee-97d5-412f-bb27-1ff1abd1157b}" File="ui/common/common_btn_anniu3_0_sel.png" />
                                <WZUILabelTTF Type="WZUILabelTTF" GUID="{353889a0-7310-4efd-b52a-028a4ac88f79}" FontSize="22" Color="255,236,193" StrokeSize="4" StrokeColor="128,54,13" EnableStroke="True" Name="txtInformation2_WndCharmSpace" TextKey="CHARM_MESSAGE" />
                            </SelectElement>
                            <DisableElement Type="WZUIContainer" GUID="{cba2384b-5cb8-4a4b-812b-e74854f1b655}" />
                        </Button>
                        <Button Type="WZUIButton" GUID="{26f35a69-862a-44a2-8198-579ebabd7097}" AbsContentSize="90,45" UseAbsSize="True" RelativePosition="0.737198,0.491784" LuaDoneFunctionName="onIntoSpace" Name="btn2_WndCharmSpace">
                            <NormalElement Type="WZUIContainer" GUID="{d07eb2eb-b0a7-439a-8aba-1ba19a8c0970}">
                                <WZUI9Image Type="WZUI9Image" GUID="{221f229a-ac8b-46e0-a667-a486226820ed}" File="ui/common/common_btn_anniu10_0.png" />
                            </NormalElement>
                            <SelectElement Type="WZUIContainer" GUID="{73580ebf-5947-4d5c-a2d1-a4c0b4196c95}">
                                <WZUI9Image Type="WZUI9Image" GUID="{e1d3212b-de3b-4dae-b4c1-cbd3605ae4c6}" File="ui/common/common_btn_anniu10_0_sel.png" />
                            </SelectElement>
                            <DisableElement Type="WZUIContainer" GUID="{75773363-e784-4d47-9b47-cea7f715c0d5}" />
                            <WZUILabelTTF Type="WZUILabelTTF" GUID="{16a636ea-b224-4d35-82c1-81c497eb244a}" Color="255,236,193" FontSize="22" EnableStroke="True" StrokeSize="4" StrokeColor="0,72,3" Name="txtSpace_WndCharmSpace" TextKey="SPACE" />
                        </Button>
                    </WZUIContainer>
                    <WZUIContainer Type="WZUIContainer" GUID="{f9132b1b-fd0a-4963-aef1-94f85cbec8aa}" AbsContentSize="128,125" UseAbsSize="True" RelativePosition="0.5,0.77548" Name="">
                        <WZUIImage Type="WZUIImage" GUID="{94424585-1c39-4608-a99f-28acc04a448d}" Name="imgHead_WndCharmSpace" />
                    </WZUIContainer>
                    <WZUIContainer Type="WZUIContainer" GUID="{87fde3df-8404-41a6-adb6-01eec45a8ea6}" AbsContentSize="140,135" UseAbsSize="True" RelativePosition="0.5,0.774853">
                        <WZUI9Image Type="WZUI9Image" GUID="{3f3a2469-0794-4ff0-8243-1734de191ec4}" File="ui/common/common_scale9_kuang.png" Name="imgKuang_WndCharmSpace" ShowAll="False" UseOriginSize="False" />
                        <WZUI9Image Type="WZUI9Image" GUID="{6353f788-34d2-4570-898c-03156afbbbcf}" File="ui/common/common_icon_hanzi2.png" UseOriginSize="True" RelativePosition="0.147837,0.163691" Name="imgBoy_WndCharmSpace" Visible="True" Scale="0.7" ScaleX="0.7" ScaleY="0.7" />
                        <WZUI9Image Type="WZUI9Image" GUID="{d4805872-42ba-48a0-89f4-4d90bb288bee}" File="ui/common/common_icon_meizhi2.png" UseOriginSize="True" RelativePosition="0.147958,0.157846" Name="imgGirl_WndCharmSpace" Visible="True" Scale="0.7" ScaleX="0.7" ScaleY="0.7" />
                    </WZUIContainer>
                    <Button Type="WZUIButton" GUID="{bdf43ae3-3531-493d-b2ea-806e21af60c8}" AbsContentSize="130,130" UseAbsSize="True" RelativePosition="0.5,0.775481" LuaDoneFunctionName="onScaleHead">
                        <NormalElement Type="WZUIContainer" GUID="{0d54228c-bd31-4563-b7b9-77713afdbaba}" />
                        <SelectElement Type="WZUIContainer" GUID="{a123f4e6-7a43-4e0c-9d77-ecff3970780d}" />
                        <DisableElement Type="WZUIContainer" GUID="{1e2b1f86-9905-4fdb-8b6e-f7c8e8a0c09f}" />
                    </Button>
                </WZUIContainer>
                <WZUIContainer Type="WZUIContainer" GUID="{90b7550a-db05-409d-9ec4-4661d03457ec}" Name="conFashionDetail_WndCharmSpace" AbsContentSize="230,342" UseAbsSize="True" RelativePosition="0.857061,0.497515" TouchEnable="True">
                    <WZUILabelTTF Type="WZUILabelTTF" GUID="{7450c6fb-adf1-471b-a263-23ac5a9eaae0}" Name="txtFashionPlayerName_WndCharmSpace" LabelStyleKey="C18_F20" RelativePosition="0.5,0.9" Order="4" />
                    <WZUIContainer Type="WZUIContainer" GUID="{169fc365-301f-4b93-9a34-d04f117f3c73}" Name="conButton_WndCharmSpace" Visible="True" RelativeSize="1,0.15" RelativePosition="0.5,0.05" Order="2">
                        <Button Type="WZUIButton" GUID="{da8ac72a-822f-40bc-8456-e6e90e32004f}" AbsContentSize="116,58" UseAbsSize="True" LuaActionName="Normal" LocalInterval="400" RelativePosition="0.75,0.5" Scale="0.75" LuaDoneFunctionName="onClickGood" Name="btnGiveGood_WndCharmSpace">
                            <NormalElement Type="WZUIContainer" GUID="{6b59b619-2b10-4c60-b8e1-4ccc2dd18d44}">
                                <WZUIImage Type="WZUIImage" GUID="{6d1a2155-bf61-405f-ae65-4484a0dc4c29}" File="ui/common/common_btn_anniu10_0.png" UseOriginSize="True" />
                            </NormalElement>
                            <SelectElement Type="WZUIContainer" GUID="{f705aabb-53c4-4a1d-976c-798f9d541986}">
                                <WZUIImage Type="WZUIImage" GUID="{a9a88f9e-ba92-4de0-8027-536240fcf351}" File="ui/common/common_btn_anniu10_0_sel.png" UseOriginSize="True" />
                            </SelectElement>
                            <DisableElement Type="WZUIContainer" GUID="{e218d06d-80e7-4b19-8afd-94628abc8bde}" />
                            <WZUILabelTTF Type="WZUILabelTTF" GUID="{aa30fde6-ebb5-470c-91bb-ca2afa25eec6}" TextKey="CHARM_LIFT8" LabelStyleKey="SMALL_GREEN_BTN" />
                        </Button>
                        <Button Type="WZUIButton" GUID="{8d4e5c89-ac02-4160-ba55-2d7eedb5ca01}" AbsContentSize="116,58" UseAbsSize="True" LocalInterval="400" LuaActionName="Normal" RelativePosition="0.25,0.5" Scale="0.75" LuaDoneFunctionName="onClickCheck" Name="btnCheck_WndCharmSpace">
                            <NormalElement Type="WZUIContainer" GUID="{9061e03e-f7e4-4b6b-bac5-2b55c0a3c783}">
                                <WZUIImage Type="WZUIImage" GUID="{92bfa455-86a2-4cd6-b207-f0f9bbfb34d0}" File="ui/common/common_btn_anniu10_0.png" UseOriginSize="True" />
                            </NormalElement>
                            <SelectElement Type="WZUIContainer" GUID="{dd04d73b-5046-47a8-bacf-8c8cd44d6acd}">
                                <WZUIImage Type="WZUIImage" GUID="{2cbbc458-93d5-406c-9d66-fc3171dc0449}" File="ui/common/common_btn_anniu10_0_sel.png" UseOriginSize="True" />
                            </SelectElement>
                            <DisableElement Type="WZUIContainer" GUID="{cd8baf7b-dac3-481a-afc0-ffcc9674736d}" />
                            <WZUILabelTTF Type="WZUILabelTTF" GUID="{43494b7c-6800-475c-9761-b72b670021eb}" TextKey="PETLOOK" LabelStyleKey="SMALL_GREEN_BTN" />
                        </Button>
                    </WZUIContainer>
                    <Button Type="WZUIButton" GUID="{41c2442b-a3d0-4916-8930-709155442361}" LuaDoneFunctionName="onClickCheck" Name="btnBigCheck_WndCharmSpace" Visible="False" Order="2">
                        <NormalElement Type="WZUIContainer" GUID="{062bac0d-7c16-471f-b3e8-167f498080f8}" />
                        <SelectElement Type="WZUIContainer" GUID="{d1c0f655-f8d7-4b0b-b9a3-373908260368}" />
                        <DisableElement Type="WZUIContainer" GUID="{df75c03c-ebd9-486a-95d0-b497b66fce44}" />
                    </Button>
                </WZUIContainer>
                <WZUILabelTTF Type="WZUILabelTTF" GUID="{68a7e390-1a3e-48b9-9574-0bf9acc6c6a7}" Name="txtMessage_WndCharmSpace" FontSize="22" Color="127,70,26" />
            </WZUIContainer>
            <WZUIContainer Type="WZUIContainer" GUID="{ebd2e510-2d12-424a-8420-bd5ed89c426c}" AbsContentSize="880,375" UseAbsSize="True" RelativePosition="0.498877,0.468623" Name="conSignup_WndCharmSpace" Visible="False">
                <WZUI9Image Type="WZUI9Image" GUID="{57c3fa79-a871-4317-8474-0c811dc213ce}" File="ui/charmSpace/common_pic_meilikj.png" UseOriginSizeProportion="False" UseOriginSize="True" Scale="1.99" ShowAll="False" ScaleY="2" ScaleX="1.99" />
                <WZUIContainer Type="WZUIContainer" GUID="{182fb76f-94be-4388-86d7-496ecf2f8543}" Name="conSignupRole_WndCharmSpace" AbsContentSize="211,346" UseAbsSize="True" />
                <WZUIContainer Type="WZUIContainer" GUID="{d488ca85-4dd2-4713-85b3-df22dcdb8473}" Name="conForDressSuit_WndCharmSpace" AbsContentSize="122,34" UseAbsSize="True" RelativePosition="0.335,0.7" />
            </WZUIContainer>
            <WZUIContainer Type="WZUIContainer" GUID="{1993bcd5-b26d-47ed-b969-174ca1de0e91}" AbsContentSize="880,375" UseAbsSize="True" RelativePosition="0.498877,0.468623" Name="conFashionRecommend_WndCharmSpace" Visible="False">
                <WZUI9Image Type="WZUI9Image" GUID="{f4406669-e58e-4ae9-9c99-35bf3e3a1f8a}" File="ui/charmSpace/common_pic_meilikj.png" UseOriginSizeProportion="False" UseOriginSize="True" Scale="1.99" ShowAll="False" ScaleY="2" ScaleX="1.99" />
                <WZUITableContainer Type="WZUITableContainer" GUID="{63cdea6b-2deb-4dd3-91f9-1ffefcb665cb}" AbsContentSize="850,346" UseAbsSize="True" EnableMoveHorizontal="False" EnableMoveoutContainer="False" Name="tbRecommend_WndCharmSpace" RelativePosition="0.501137,0.502667" CellElementHeight="0.26" IsVerticalMode="False" EnableMoveVertical="False" />
            </WZUIContainer>
            <WZUIContainer Type="WZUIContainer" GUID="{20bfab7f-d5a8-4a6d-a23f-e127a8a01fa3}" AbsContentSize="880,375" UseAbsSize="True" RelativePosition="0.499,0.468" Name="conHistoryFirst_WndCharmSpace" Visible="False">
                <WZUI9Image Type="WZUI9Image" GUID="{f0d9f94f-a16d-4a79-be86-584748a9856d}" File="ui/charmSpace/common_pic_meilikj.png" UseOriginSizeProportion="False" UseOriginSize="True" Scale="1.99" ShowAll="False" ScaleY="2" ScaleX="1.99" />
                <WZUITableContainer Type="WZUITableContainer" GUID="{b12bf762-70e7-4193-ab5f-6b45cbc07e18}" AbsContentSize="850,355" UseAbsSize="True" EnableMoveHorizontal="True" EnableMoveoutContainer="False" Name="tabHistoryFirst_WndCharmSpace" RelativePosition="0.501137,0.5" CellElementHeight="0.25" ColumnCount="1" EnableMoveVertical="False" IsVerticalMode="False" />
            </WZUIContainer>
            <WZUIContainer Type="WZUIContainer" GUID="{0be0704d-ec00-43ae-b6d7-1b75fb615ff6}" AbsContentSize="880,75" UseAbsSize="True" RelativePosition="0.5,0.0803626">
                <WZUIContainer Type="WZUIContainer" GUID="{1fb89d16-ad28-4c96-9771-6d8fd1b988ea}" AbsContentSize="" UseAbsSize="False" RelativePosition="0.5,0.5" Name="conRecommend1_WndCharmSpace">
                    <WZUIContainer Type="WZUIContainer" GUID="{59803e27-11de-424e-9202-973d46506a32}" AbsContentSize="210,45" UseAbsSize="True" RelativePosition="0.189772,0.48" Name="con11_WndCharmSpace">
                        <WZUI9Image Type="WZUI9Image" GUID="{3c679fb5-570d-48b2-b034-1a161609399f}" File="ui/common/common_scale9_di52.png" Visible="True" UseOriginSize="False" />
                        <WZUIEditBox Type="WZUIEditBox" GUID="{2c5b0d90-eb04-489f-a39f-cab7e4b75f7b}" PlaceHolder="" FontSize="22" FontColor="255,255,255" Color="79,60,48" Text="" LuaEditBoxReturn="" Name="edit_WndCharmSpace" ChinesePlaceholderNum="20" PlaceHolderAlignment="0" MaxLength="11" PlaceholderFontColor="195,171,148" TextFieldPadding="" RelativePosition="0.5,0.5" UseOriginSize="False" BgPicture="ui/common/transparent_bg.png" />
                        <WZUI9Image Type="WZUI9Image" GUID="{692af0fe-69fc-4106-ae72-26aa38642178}" File="ui/common/common_scale9_fengexiao3.png" AnchorPoint="0,0.5" RelativePosition="0.772857,0.5" Rotation="" Opacity="163" UseOriginSizeProportion="False" UseOriginSize="True" Visible="True" />
                        <Button Type="WZUIButton" GUID="{41749f1b-5762-4dba-84e6-8d37c88fc694}" RelativePosition="0.764502,0.5" AbsContentSize="50,50" UseAbsSize="True" AnchorPoint="0,0.5" LuaDoneFunctionName="onResearch">
                            <NormalElement Type="WZUIContainer" GUID="{2adbc739-776f-418f-b397-284e75aae028}">
                                <WZUI9Image Type="WZUI9Image" GUID="{6ead10d1-8fcf-4571-bd57-172a075ba053}" File="ui/common/common_icon_sousuo.png" UseOriginSize="True" />
                            </NormalElement>
                            <SelectElement Type="WZUIContainer" GUID="{676d2e5f-0b52-4741-b6ab-2968e7917d46}">
                                <WZUI9Image Type="WZUI9Image" GUID="{24b093ee-1a37-42e8-bcc4-29e4608523a8}" File="ui/common/common_icon_sousuo.png" UseOriginSize="True" />
                            </SelectElement>
                            <DisableElement Type="WZUIContainer" GUID="{62af7de0-c735-42bc-bc90-56654e3b812f}" />
                        </Button>
                        <WZUIImage Type="WZUIImage" GUID="{cbc989d6-9e9a-40ab-90db-e0aa200c7985}" File="ui/common/common_icon_gth.png" UseOriginSize="True" RelativePosition="-0.187821,0.144444" />
                        <Button Type="WZUIButton" GUID="{50273a2d-dbfc-4bfe-b38c-7aeaed48f28f}" AbsContentSize="40,40" UseAbsSize="True" RelativePosition="-0.184665,0.14889" LuaDoneFunctionName="onDescription">
                            <NormalElement Type="WZUIContainer" GUID="{46ce500c-da97-45a6-ad83-59dcdd70ec96}" />
                            <SelectElement Type="WZUIContainer" GUID="{6d809fd3-58a6-4421-bb8f-744d67f37dad}" />
                            <DisableElement Type="WZUIContainer" GUID="{36a96ffe-af0e-4fdc-9ed2-f43825d140d4}" />
                        </Button>
                    </WZUIContainer>
                    <WZUIContainer Type="WZUIContainer" GUID="{3d5c5db2-65e2-4d2d-b5f0-cdd2cfdc0676}" AbsContentSize="133,60" UseAbsSize="True" RelativePosition="0.538636,0.485" Name="con12_WndCharmSpace">
                        <Button Type="WZUIButton" GUID="{e0d8030f-623a-4156-9378-9eebc7faf4ac}" LuaDoneFunctionName="onRefresh" Name="btnRefresh_WndCharmSpace">
                            <NormalElement Type="WZUIContainer" GUID="{bcbed2f3-0c3d-4dd1-9df6-06d22fd96c99}">
                                <WZUI9Image Type="WZUI9Image" GUID="{ca48f723-81f9-4371-8237-75249bc4abbb}" File="ui/common/common_btn_anniu10_1.png" UseOriginSize="True" Scale="1" UseOriginSizeProportion="False" ScaleX="1" ScaleY="1" />
                            </NormalElement>
                            <SelectElement Type="WZUIContainer" GUID="{05c79db2-7aba-474a-b442-0a9739d333b3}">
                                <WZUI9Image Type="WZUI9Image" GUID="{07da9216-b4c0-4f32-bdb7-3d19aa3a2283}" File="ui/common/common_btn_anniu10_1_sel.png" UseOriginSize="True" />
                            </SelectElement>
                            <DisableElement Type="WZUIContainer" GUID="{585c7d98-db9e-45b9-a8ac-0c8e590c8819}">
                                <WZUI9Image Type="WZUI9Image" GUID="{55cd839a-3e4e-4308-90ac-85dbc61d8027}" File="ui/common/common_btn_anniu10_1.png" UseOriginSize="True" Scale="1" UseOriginSizeProportion="False" ScaleX="1" ScaleY="1" GrayRender="True" />
                            </DisableElement>
                        </Button>
                        <WZUILabelTTF Type="WZUILabelTTF" GUID="{15da7101-40df-47d3-9724-b8ec412aa3f3}" FontSize="26" Color="255,236,193" EnableStroke="True" StrokeSize="4" StrokeColor="0,72,3" Text="" TextKey="CHARM_REFRESH" Name="txtRefresh_WndCharmSpace" />
                        <WZUILabelTTF Type="WZUILabelTTF" GUID="{491901fe-bf30-400c-ab03-80e662a7ef57}" FontSize="26" Color="127,70,26" EnableStroke="False" StrokeSize="" StrokeColor="" Text="" TextKey="" Name="txtTime_WndCharmSpace" />
                    </WZUIContainer>
                    <WZUIContainer Type="WZUIContainer" GUID="{60d828c0-098d-4446-9d58-2de37b61c3fc}" AbsContentSize="165,50" UseAbsSize="True" RelativePosition="0.877385,0.5" Name="con13_WndCharmSpace">
                        <Button Type="WZUIButton" GUID="{12195511-8a4c-45f7-8330-dbfffc9d4651}" RelativePosition="0.160784,0.5" AbsContentSize="50,48" UseAbsSize="True" LuaDoneFunctionName="onRecommend" Tag="1">
                            <NormalElement Type="WZUIContainer" GUID="{55e49c3b-3203-4eaf-863e-c41a80d1da74}">
                                <WZUI9Image Type="WZUI9Image" GUID="{d7b0f788-ab7b-4f06-a53a-20e92e189c60}" File="ui/common/common_scale9_di56.png" UseOriginSize="True" Scale="0.85" ScaleX="0.85" ScaleY="0.85" UseOriginSizeProportion="False" />
                                <WZUILabelTTF Type="WZUILabelTTF" GUID="{36af77e2-00ae-4365-aaaa-d652e182456c}" Color="255,236,193" FontSize="22" StrokeColor="127,70,26" StrokeSize="4" EnableStroke="True" TextKey="CHARM_ALL" Name="txtAll_WndCharmSpace" />
                            </NormalElement>
                            <SelectElement Type="WZUIContainer" GUID="{d5b470e6-8bcd-4c95-8c93-e3ee8860375a}">
                                <WZUI9Image Type="WZUI9Image" GUID="{0ada8df6-510a-440f-b296-a6b6af718763}" File="ui/common/common_scale9_di56.png" UseOriginSize="True" Scale="0.85" ScaleX="0.85" ScaleY="0.85" UseOriginSizeProportion="False" />
                            </SelectElement>
                            <DisableElement Type="WZUIContainer" GUID="{3e974179-dab2-4bd0-8e81-b3be11d06455}" />
                        </Button>
                        <Button Type="WZUIButton" GUID="{c03b3b93-092e-40cf-a2cf-3755983f58d6}" RelativePosition="0.50886,0.5" AbsContentSize="50,48" UseAbsSize="True" LuaDoneFunctionName="onRecommend" Tag="2">
                            <NormalElement Type="WZUIContainer" GUID="{1deda497-4124-4d2a-8207-081ed2907297}">
                                <WZUI9Image Type="WZUI9Image" GUID="{f41c06da-7955-4e35-a3c8-da9a83a2d4b2}" File="ui/common/common_scale9_di56.png" UseOriginSize="True" Scale="0.85" ScaleX="0.85" ScaleY="0.85" />
                                <WZUILabelTTF Type="WZUILabelTTF" GUID="{f39a0f57-fcef-404f-9c57-a82d69876f7a}" Color="255,236,193" FontSize="22" StrokeColor="127,70,26" StrokeSize="4" EnableStroke="True" TextKey="CHARM_BOY" Name="txtMale_WndCharmSpace" />
                            </NormalElement>
                            <SelectElement Type="WZUIContainer" GUID="{c0b78a4c-9866-4f1a-bf31-afeb4007abcd}">
                                <WZUI9Image Type="WZUI9Image" GUID="{00ba0d2f-a3b4-4db3-a275-4f245217bf9c}" File="ui/common/common_scale9_di56_sel.png" UseOriginSize="True" RelativePosition="0.5,0.5" Scale="0.85" ScaleX="0.85" ScaleY="0.85" />
                            </SelectElement>
                            <DisableElement Type="WZUIContainer" GUID="{99160745-daab-4eab-ab44-08182d8e9805}" />
                        </Button>
                        <Button Type="WZUIButton" GUID="{97ee433c-6202-4000-b546-231a7d9fc3b8}" RelativePosition="0.846953,0.5" AbsContentSize="50,48" UseAbsSize="True" LuaDoneFunctionName="onRecommend" Tag="3">
                            <NormalElement Type="WZUIContainer" GUID="{12b99001-588a-46e3-bce1-d28ec3b0c23e}">
                                <WZUI9Image Type="WZUI9Image" GUID="{ad442f8c-54d7-484a-9aab-d7f8542581a2}" File="ui/common/common_scale9_di56.png" UseOriginSize="True" Scale="0.85" ScaleX="0.85" ScaleY="0.85" />
                                <WZUILabelTTF Type="WZUILabelTTF" GUID="{8ec2cd68-3c79-4111-9946-0ada708912ab}" Color="255,236,193" FontSize="22" StrokeColor="127,70,26" StrokeSize="4" EnableStroke="True" Name="txtRecFem_WndCharmSpace" Text="" TextKey="CHARM_GIRL" Dimensions="0,0" MaxLength="" />
                            </NormalElement>
                            <SelectElement Type="WZUIContainer" GUID="{e8d182f9-a6fe-400c-ae96-c3f82b6c717e}">
                                <WZUI9Image Type="WZUI9Image" GUID="{677629bb-c235-45ef-80cd-8abf848352bd}" File="ui/common/common_scale9_di56.png" UseOriginSize="True" Scale="0.85" ScaleX="0.85" ScaleY="0.85" />
                            </SelectElement>
                            <DisableElement Type="WZUIContainer" GUID="{38531a40-7b49-4ed1-9454-25ddba27a274}" />
                        </Button>
                        <WZUIContainer Type="WZUIContainer" GUID="{02c13242-5747-4402-a11d-6df61abcbbe2}" AbsContentSize="50,48" UseAbsSize="True" RelativePosition="0.154545,0.5" Name="con14_WndCharmSpace">
                            <WZUI9Image Type="WZUI9Image" GUID="{3877822a-5fb3-426c-93cb-aca013d26031}" File="ui/common/common_scale9_di56_sel.png" Scale="0.85" ScaleX="0.85" ScaleY="0.85" UseOriginSize="True" />
                            <WZUILabelTTF Type="WZUILabelTTF" GUID="{a5832b32-516a-4fa6-8547-52e6c63be95c}" Color="255,236,193" FontSize="22" StrokeColor="127,70,26" StrokeSize="4" EnableStroke="True" TextKey="CHARM_ALL" Name="txtAllSel_WndCharmSpace" />
                        </WZUIContainer>
                        <WZUIContainer Type="WZUIContainer" GUID="{2ee6e4a4-32ed-4eb0-80d4-7df42bbaffbe}" AbsContentSize="50,48" UseAbsSize="True" RelativePosition="0.499999,0.5" Name="con15_WndCharmSpace" Visible="False">
                            <WZUI9Image Type="WZUI9Image" GUID="{592028b8-4ac2-47eb-aafd-0ed848adc670}" File="ui/common/common_scale9_di56_sel.png" Scale="0.85" ScaleX="0.85" ScaleY="0.85" UseOriginSize="True" />
                            <WZUILabelTTF Type="WZUILabelTTF" GUID="{0c412895-b1ad-42ee-88fa-68e39baa2974}" Color="255,236,193" FontSize="22" StrokeColor="127,70,26" StrokeSize="4" EnableStroke="True" TextKey="CHARM_BOY" Name="txtMaleSel_WndCharmSpace" />
                        </WZUIContainer>
                        <WZUIContainer Type="WZUIContainer" GUID="{3c518004-e1fb-441d-868d-c7aeaad194d3}" AbsContentSize="50,48" UseAbsSize="True" RelativePosition="0.839393,0.5" Name="con16_WndCharmSpace" Visible="False">
                            <WZUI9Image Type="WZUI9Image" GUID="{fc387b23-8020-4f28-bfe5-3665f9af62d4}" File="ui/common/common_scale9_di56_sel.png" Scale="0.85" ScaleX="0.85" ScaleY="0.85" UseOriginSize="True" />
                            <WZUILabelTTF Type="WZUILabelTTF" GUID="{aa40ffb0-a6f9-4bd2-8134-0c97e1f955ca}" Color="255,236,193" FontSize="22" StrokeColor="127,70,26" StrokeSize="4" EnableStroke="True" Name="txtRecFemSel_WndCharmSpace" Text="" TextKey="CHARM_GIRL" />
                        </WZUIContainer>
                    </WZUIContainer>
                    <WZUILabelTTF Type="WZUILabelTTF" GUID="{05c3dce1-167e-4119-a6dd-99fe1349b5fe}" Text="推荐中" LabelStyleKey="C4_F20" AnchorPoint="0,0.5" RelativePosition="0.623864,0.5" Name="txtGoodWord_WndCharmSpace" TextKey="CHARM_LIFT9" Visible="True">
                        <WZUILabelTTF Type="WZUILabelTTF" GUID="{2f6db6ec-7a1b-40dc-a4ec-d4eaa99fdf97}" Name="txtGoodNum_WndCharmSpace" AnchorPoint="0,0.5" RelativePosition="1.1,0.5" Text="" LabelStyleKey="C14_F20" />
                    </WZUILabelTTF>
                </WZUIContainer>
                <WZUIContainer Type="WZUIContainer" GUID="{a9feb7b6-7f5e-41f6-b22d-ad71818f828b}" AbsContentSize="" UseAbsSize="False" RelativePosition="0.5,0.5" Name="conFlower_WndCharmSpace" Visible="False">
                    <WZUIContainer Type="WZUIContainer" GUID="{0c8d2593-7c64-4e77-9d7f-dcf5a8eeadc4}" AbsContentSize="220,40" UseAbsSize="True" RelativePosition="0.162499,0.5" Name="conFlower1_WndCharmSpace">
                        <WZUILabelTTF Type="WZUILabelTTF" GUID="{8cfd6016-58a3-402b-9c47-d2186ccef4f2}" Color="138,122,106" FontSize="22" Name="txt1_WndCharmSpace" TextKey="" Text="" Alignment="Left" AnchorPoint="0,0.5" RelativePosition="0.05,0.5" />
                    </WZUIContainer>
                    <WZUIContainer Type="WZUIContainer" GUID="{162c0ed9-c117-4771-a748-2799b5e06f27}" AbsContentSize="200,40" UseAbsSize="True" RelativePosition="0.5875,0.5" Name="conFlower2_WndCharmSpace" AnchorPoint="0.5,0.5">
                        <WZUILabelTTF Type="WZUILabelTTF" GUID="{31caedd6-f077-406f-8714-d1ca73c710c1}" AnchorPoint="0,0.5" Color="127,70,26" FontSize="22" Name="txt2_WndCharmSpace" RelativePosition="0.01,0.5" Text="" TextKey="PLAYER_RANK_SCENEWORLDBOSS" Visible="True">
                            <WZUILabelTTF Type="WZUILabelTTF" GUID="{9d40fcf9-c313-480c-8b77-f5715fced29a}" AnchorPoint="0,0.5" Color="158,0,0" FontSize="22" Name="txt3_WndCharmSpace" RelativePosition="1.1,0.5" Text="" />
                        </WZUILabelTTF>
                    </WZUIContainer>
                    <WZUIContainer Type="WZUIContainer" GUID="{e6eed2bd-1487-463b-8b8b-8c8877583722}" AbsContentSize="255,40" UseAbsSize="True" RelativePosition="0.864772,0.5" Name="conFlower3_WndCharmSpace">
                        <WZUI9Image Type="WZUI9Image" GUID="{da5a14a0-a6ff-4177-aa54-41f17a057bf6}" File="ui/charmSpace/common_icon_bzsdxhs.png" UseOriginSize="True" RelativePosition="0.0215686,0.5" AnchorPoint="0,0.5" Name="imgWeek_WndCharmSpace" Visible="True">
                            <WZUILabelTTF Type="WZUILabelTTF" GUID="{d7f501ee-19bb-4790-99e3-4cb02ce6dda2}" AnchorPoint="0,0.5" Color="0,72,3" FontSize="22" Name="txtNum1_WndCharmSpace" Text="" RelativePosition="1,0.5" />
                        </WZUI9Image>
                        <WZUI9Image Type="WZUI9Image" GUID="{3d87a6ed-3c57-41e8-9c6e-7cfe5e7fd1fc}" File="ui/charmSpace/common_icon_zgsdxhs.png" UseOriginSize="True" RelativePosition="0.0215686,0.5" AnchorPoint="0,0.5" Name="imgTotal_WndCharmSpace" Visible="True">
                            <WZUILabelTTF Type="WZUILabelTTF" GUID="{b1b03977-f585-4ee7-ad6b-018b6492bf84}" AnchorPoint="0,0.5" Color="0,72,3" FontSize="22" Name="txtNum2_WndCharmSpace" Text="" RelativePosition="1,0.5" />
                        </WZUI9Image>
                    </WZUIContainer>
                    <WZUIContainer Type="WZUIContainer" GUID="{89cc26c8-6b08-4e50-a303-af3c4c0dfdce}" AbsContentSize="255,40" UseAbsSize="True" RelativePosition="0.864772,0.5" Name="conFashionRank_WndCharmSpace" Visible="False">
                        <WZUILabelTTF Type="WZUILabelTTF" GUID="{3f54f422-7152-4df4-904f-53d3f2ff8b1e}" RelativePosition="0.0215686,0.5" AnchorPoint="0,0.5" LabelStyleKey="C1_F20_S4_C3" Name="txtWeekWord_WndCharmSpace" TextKey="CHARM_LIFT27">
                            <WZUILabelTTF Type="WZUILabelTTF" GUID="{f772f90c-ec95-479b-88a1-ea2d5ad56771}" AnchorPoint="0,0.5" Color="0,72,3" FontSize="22" Name="txtGoodNum1_WndCharmSpace" Text="" RelativePosition="1,0.5" />
                        </WZUILabelTTF>
                        <WZUILabelTTF Type="WZUILabelTTF" GUID="{4d168101-7821-4b83-98d5-fa198f431053}" RelativePosition="0.0215686,0.5" AnchorPoint="0,0.5" LabelStyleKey="C1_F20_S4_C3" Name="txtTotalWord_WndCharmSpace" TextKey="CHARM_LIFT28">
                            <WZUILabelTTF Type="WZUILabelTTF" GUID="{cb974a92-9543-4264-afbe-2e572a5a1aac}" AnchorPoint="0,0.5" Color="0,72,3" FontSize="22" Name="txtGoodNum2_WndCharmSpace" Text="" RelativePosition="1,0.5" />
                        </WZUILabelTTF>
                    </WZUIContainer>
                    <WZUIContainer Type="WZUIContainer" GUID="{7d4ed2ca-f649-405f-9022-73e1d086ca05}" AbsContentSize="200,40" UseAbsSize="True" RelativePosition="0.5,0.5" Name="" AnchorPoint="0.5,0.5">
                        <WZUILabelTTF Type="WZUILabelTTF" GUID="{49aca6f2-fd4a-49a1-ac02-c9144b985f7b}" AnchorPoint="0,0.5" Color="127,70,26" FontSize="22" Name="txt4_WndCharmSpace" RelativePosition="0.01,0.5" Text="" TextKey="PLAYER_RANK_SCENEWORLDBOSS" Visible="True">
                            <WZUILabelTTF Type="WZUILabelTTF" GUID="{3e43b810-2043-4c30-8d21-e50253dbdb8b}" AnchorPoint="0,0.5" Color="158,0,0" FontSize="22" Name="txt5_WndCharmSpace" RelativePosition="1.1,0.5" Text="" />
                        </WZUILabelTTF>
                    </WZUIContainer>
                    <WZUIContainer Type="WZUIContainer" GUID="{b2c90227-1249-4cbc-a599-20705489481a}" AbsContentSize="220,40" UseAbsSize="True" RelativePosition="0.198863,0.5" Name="conFlower6_WndCharmSpace">
                        <WZUILabelTTF Type="WZUILabelTTF" GUID="{727ecd18-c653-472a-95b4-5b88f084aace}" Color="138,122,106" FontSize="22" Name="txt6_WndCharmSpace" TextKey="" Text="" Alignment="Left" AnchorPoint="0,0.5" RelativePosition="0.05,0.5" />
                    </WZUIContainer>
                    <Button Type="WZUIButton" GUID="{e137b8ce-9e30-4e98-930e-2ab30ee45fa2}" AbsContentSize="255,40" UseAbsSize="True" RelativePosition="0.863636,0.5" Name="" LuaDoneFunctionName="onSendFlower">
                        <NormalElement Type="WZUIContainer" GUID="{45323bce-f02d-4e67-ad13-4a77cef6c37e}" />
                        <SelectElement Type="WZUIContainer" GUID="{4baf4659-64d5-40fb-a36c-0cb1fd94c3ec}" />
                        <DisableElement Type="WZUIContainer" GUID="{7f381d95-c6de-4a75-a2bd-6f93cf6588c3}" />
                    </Button>
                </WZUIContainer>
                <WZUIContainer Type="WZUIContainer" GUID="{3c5c975e-d7ad-4127-85a1-1455ec4cfc8b}" AbsContentSize="" UseAbsSize="False" RelativePosition="0.47,0.5" Name="conReward_WndCharmSpace" Visible="False">
                    <WZUIContainer Type="WZUIContainer" GUID="{c05b16d9-0e55-4e8a-85ce-580d87dd16f6}" AbsContentSize="366,40" UseAbsSize="True" RelativePosition="0.5,0.48" Name="conReward1_WndCharmSpace" AnchorPoint="0.5,0.5">
                        <WZUILabelTTF Type="WZUILabelTTF" GUID="{824f63f6-88e9-493e-b963-53467ae936b4}" AnchorPoint="0,0.5" Color="138,122,106" FontSize="22" RelativePosition="0.0180328,0.5" Name="txt4Reward_WndCharmSpace" Text="" TextKey="EVERY_WEEKDAY" Visible="True">
                            <WZUILabelTTF Type="WZUILabelTTF" GUID="{3532eb3e-8fa6-42ed-abf2-b88d6a4cbc45}" Color="158,0,0" FontSize="22" RelativePosition="1.1,0.5" Name="txt5Reward_WndCharmSpace" Text="" AnchorPoint="0,0.5" TextKey="CHARM_TIME">
                                <WZUILabelTTF Type="WZUILabelTTF" GUID="{74e0a7ff-9979-4825-a3f0-6b036db13dd0}" Color="138,122,106" FontSize="22" Name="txt6Reward_WndCharmSpace" RelativePosition="1.1,0.5" AnchorPoint="0,0.5" Text="" TextKey="CHARM_SEND_REWRAD" />
                            </WZUILabelTTF>
                        </WZUILabelTTF>
                    </WZUIContainer>
                </WZUIContainer>
                <WZUIContainer Type="WZUIContainer" GUID="{52041f09-761f-47d6-b709-9b919d372e21}" Name="conSignupBottom_WndCharmSpace" Visible="False">
                    <Button Type="WZUIButton" GUID="{242dfb7e-1e67-4feb-9309-d8f26166ac0f}" AbsContentSize="116,58" UseAbsSize="True" LuaActionName="Normal" LocalInterval="300" RelativePosition="0.33,0.5" LuaDoneFunctionName="onClickApply">
                        <NormalElement Type="WZUIContainer" GUID="{a794dec8-d20c-4431-a837-8118a21ae1a6}">
                            <WZUIImage Type="WZUIImage" GUID="{5631599d-3a58-40c2-96c9-c1c6e347a681}" File="ui/common/common_btn_anniu10_0.png" UseOriginSize="True" />
                        </NormalElement>
                        <SelectElement Type="WZUIContainer" GUID="{4547670a-c192-4f91-8cfb-a4c4000b7b56}">
                            <WZUIImage Type="WZUIImage" GUID="{0aa3f627-7f1f-481a-a977-aabe616eb34c}" File="ui/common/common_btn_anniu10_0_sel.png" UseOriginSize="True" />
                        </SelectElement>
                        <DisableElement Type="WZUIContainer" GUID="{e98959d7-28d1-4363-851a-6c75ef81d853}" />
                        <WZUILabelTTF Type="WZUILabelTTF" GUID="{caaead2f-049b-4e65-ba6f-8b9e99213305}" LabelStyleKey="SMALL_GREEN_BTN" TextKey="COMMUNITY_COMPETE_TEXT7" />
                    </Button>
                    <Button Type="WZUIButton" GUID="{e4ab3524-8736-4df7-90b4-5f856cde80dd}" AbsContentSize="116,58" UseAbsSize="True" LuaActionName="Normal" LocalInterval="300" RelativePosition="0.67,0.5" LuaDoneFunctionName="onFashionRecommend">
                        <NormalElement Type="WZUIContainer" GUID="{11efa878-fd49-4be4-998a-f01a6b88d010}">
                            <WZUIImage Type="WZUIImage" GUID="{23501279-0d5d-4999-9808-8b7ffff48d47}" File="ui/common/common_btn_anniu10_0.png" UseOriginSize="True" />
                        </NormalElement>
                        <SelectElement Type="WZUIContainer" GUID="{063df399-23d9-4f76-8625-538b32022ce9}">
                            <WZUIImage Type="WZUIImage" GUID="{966d4fae-5064-4266-8ebc-5dbb2746d2d9}" File="ui/common/common_btn_anniu10_0_sel.png" UseOriginSize="True" />
                        </SelectElement>
                        <DisableElement Type="WZUIContainer" GUID="{5870d072-28d6-4690-96d6-634f6b780f96}" />
                        <WZUILabelTTF Type="WZUILabelTTF" GUID="{2e671d57-0e5b-4254-89c9-087999ce6bb3}" LabelStyleKey="SMALL_GREEN_BTN" TextKey="SHOP_RECOMMEND" />
                    </Button>
                    <WZUILabelTTF Type="WZUILabelTTF" GUID="{349110b0-aa9d-451d-8453-d60bd680f14c}" Text="推荐中" LabelStyleKey="C4_F20" AnchorPoint="0,0.5" RelativePosition="0.75,0.5" Name="txtWordRecommend_WndCharmSpace">
                        <WZUILabelTTF Type="WZUILabelTTF" GUID="{d3296365-6f7f-41e3-afc6-218364f520ea}" Name="txtRecommendTime_WndCharmSpace" AnchorPoint="0,0.5" RelativePosition="1.1,0.5" Text="" LabelStyleKey="C14_F20" />
                    </WZUILabelTTF>
                </WZUIContainer>
            </WZUIContainer>
            <WZUIContainer Type="WZUIContainer" GUID="{d7b85529-dcb7-4f23-b66f-48e48a523c8f}" Name="con_WndCharmSpace" RelativePosition="0.5,0.5" TouchEnable="False" />
        </WZUIContainer>
    </WZUIWindow>
</WndCharmSpace>
