﻿<?xml version="1.0" ?>
<WndCardDraw GUID="{18BC3F10-7868-482a-A9E7-9FB5119DEAB5}">
    <WZUIWindow Type="WZUIWindow" GUID="{37A7063F-51F2-48a4-8864-4C53A6B61719}" LuaObjectName="WndCardDraw" Name="WndCardDraw" NameCreate="True" AbsContentSize="502,448" UseAbsSize="True" ShowAll="False" LuaTouchBeganFunction="onTouchBegan">
        <WZUIContainer Type="WZUIContainer" GUID="{5b6b7241-051d-43a7-847f-b68c38ae70e3}" AbsContentSize="502,453" UseAbsSize="True" TouchEnable="True" RelativePosition="0.5,0.5">
            <WZUI9Image Type="WZUI9Image" GUID="{fd2fb99e-d759-4181-9190-63343f7794df}" Name="imgBg_WndCardDraw" File="ui/common/common_scale9_di13.png" UseOriginSizeProportion="False" Visible="False" />
            <WZUIContainer Type="WZUIContainer" GUID="{3c1cc670-3a11-47e4-9579-9508782d067a}" AbsContentSize="390,40" UseAbsSize="True" RelativePosition="0.408367,0.0695365" Visible="False">
                <WZUILabelTTF Type="WZUILabelTTF" GUID="{da9f7039-a225-4c27-973e-20cb0ac714ad}" FontSize="22" Color="233,166,62" Text="" RelativePosition="0.0156121,0.42551" TextKey="" AnchorPoint="0,0.5" EnableStroke="True" StrokeSize="4" StrokeColor="79,60,48" Name="txtStartTime_WndCardDraw" LabelStyleKey="C1_F20" />
                <WZUILabelTTF Type="WZUILabelTTF" GUID="{ad9164c4-c498-443c-aaec-22460668b0d4}" FontSize="22" Color="233,166,62" Text="" RelativePosition="0.281737,0.42551" TextKey="" AnchorPoint="0,0.5" EnableStroke="True" StrokeSize="4" StrokeColor="79,60,48" Name="txtEndTime_WndCardDraw" LabelStyleKey="C1_F18" />
            </WZUIContainer>
            <WZUIContainer Type="WZUIContainer" GUID="{3ffc0519-8ffe-42bd-a6b3-c6e746c96cc9}" AbsContentSize="414,414" UseAbsSize="True" RelativePosition="0.5,0.495585">
                <WZUIContainer Type="WZUIContainer" GUID="{8f0ea356-f44d-47f3-bbcf-18adebb2f258}" AbsContentSize="156,126" UseAbsSize="True" RelativePosition="0.5,0.872581" AnchorPoint="0.5,0.5" Name="conPrize1_WndCardDraw" NameCreate="False" Tag="1">
                    <WZUIContainer Type="WZUIContainer" GUID="{6984a8ba-e0e2-4fb0-90d7-ece9b5a569ae}" Name="conComm_WndCardDraw">
                        <WZUIImage Type="WZUIImage" GUID="{a6d9dc46-4232-495c-a071-de63642482c8}" File="ui/shop/common_scale9_shop_di11.png" UseOriginSize="False" />
                    </WZUIContainer>
                    <WZUIContainer Type="WZUIContainer" GUID="{9ee8b0c5-0322-43df-b9b8-4a064ee4085e}" Name="conSel_WndCardDraw" Visible="True">
                        <WZUIImage Type="WZUIImage" GUID="{c3d9cf23-2f3a-4be2-97cd-3f746e3272ce}" File="ui/shop/common_scale9_shop_di12.png" UseOriginSize="False" Scale="1.06" ScaleX="1.06" ScaleY="1.06" RelativePosition="0.5,0.5" />
                    </WZUIContainer>
                </WZUIContainer>
                <WZUIContainer Type="WZUIContainer" GUID="{46bf7616-24cb-48e3-9190-fff6f2a225c8}" AbsContentSize="156,126" UseAbsSize="True" RelativePosition="0.88824,0.872581" AnchorPoint="0.5,0.5" Name="conPrize2_WndCardDraw" Rotation="0" Tag="2">
                    <WZUIContainer Type="WZUIContainer" GUID="{d6c3731e-5798-4ad2-89c2-a290a69b6eef}" Name="conComm_WndCardDraw">
                        <WZUIImage Type="WZUIImage" GUID="{73a2a7fc-71ea-4ffa-be34-f9720bbc915b}" File="ui/shop/common_scale9_shop_di11.png" UseOriginSize="False" />
                    </WZUIContainer>
                    <WZUIContainer Type="WZUIContainer" GUID="{71bd8d12-a460-4a0c-9d4c-ca6c4de1db89}" Name="conSel_WndCardDraw" Visible="False">
                        <WZUIImage Type="WZUIImage" GUID="{cbc4afc6-16cf-4e14-8784-de80f77a839a}" File="ui/shop/common_scale9_shop_di12.png" UseOriginSize="False" Scale="1.059999942779541" ScaleX="1.059999942779541" ScaleY="1.059999942779541" />
                    </WZUIContainer>
                </WZUIContainer>
                <WZUIContainer Type="WZUIContainer" GUID="{004104df-fcc8-4a56-874d-d18334b5a552}" AbsContentSize="156,126" UseAbsSize="True" RelativePosition="0.88824,0.556156" AnchorPoint="0.5,0.5" Name="conPrize3_WndCardDraw" Rotation="0" Tag="3">
                    <WZUIContainer Type="WZUIContainer" GUID="{4f2b4154-f747-4671-90d3-479160bc18d7}" Name="conComm_WndCardDraw">
                        <WZUIImage Type="WZUIImage" GUID="{73d13978-587b-4c0c-9670-519c18f57cea}" File="ui/shop/common_scale9_shop_di11.png" UseOriginSize="False" />
                    </WZUIContainer>
                    <WZUIContainer Type="WZUIContainer" GUID="{86da0a5e-6457-4323-b0f2-2debd64b7b60}" Name="conSel_WndCardDraw" Visible="False">
                        <WZUIImage Type="WZUIImage" GUID="{2e2efdad-ce18-4308-ad31-8a3660f61c97}" File="ui/shop/common_scale9_shop_di12.png" UseOriginSize="False" Scale="1.059999942779541" ScaleX="1.059999942779541" ScaleY="1.059999942779541" />
                    </WZUIContainer>
                </WZUIContainer>
                <WZUIContainer Type="WZUIContainer" GUID="{07869b52-78fe-432b-882f-35884efd0cba}" AbsContentSize="156,126" UseAbsSize="True" RelativePosition="0.88824,0.241233" AnchorPoint="0.5,0.5" Name="conPrize4_WndCardDraw" Rotation="0" Tag="4">
                    <WZUIContainer Type="WZUIContainer" GUID="{01dcd4ae-d52a-49fc-b371-38f01887d2bf}" Name="conComm_WndCardDraw">
                        <WZUIImage Type="WZUIImage" GUID="{c546b5de-7396-4629-bcde-cd43b3d45bf4}" File="ui/shop/common_scale9_shop_di11.png" UseOriginSize="False" />
                    </WZUIContainer>
                    <WZUIContainer Type="WZUIContainer" GUID="{5435ef14-6a15-4537-9148-1bb082645a7e}" Name="conSel_WndCardDraw" Visible="False">
                        <WZUIImage Type="WZUIImage" GUID="{7cbadd7d-221f-4b55-a926-ec7eaec1e658}" File="ui/shop/common_scale9_shop_di12.png" UseOriginSize="False" Scale="1.059999942779541" ScaleX="1.059999942779541" ScaleY="1.059999942779541" />
                    </WZUIContainer>
                </WZUIContainer>
                <WZUIContainer Type="WZUIContainer" GUID="{f6457146-2bb8-404b-bc7f-fc390a64a0d3}" AbsContentSize="156,126" UseAbsSize="True" RelativePosition="0.500145,0.238818" AnchorPoint="0.5,0.5" Name="conPrize5_WndCardDraw" Tag="5">
                    <WZUIContainer Type="WZUIContainer" GUID="{ceccba4d-5a5f-4b0c-8ea2-9213c1f41a3d}" Name="conComm_WndCardDraw">
                        <WZUIImage Type="WZUIImage" GUID="{4be1adc6-3321-4bc6-b447-0a9bd6e47199}" File="ui/shop/common_scale9_shop_di11.png" UseOriginSize="False" />
                    </WZUIContainer>
                    <WZUIContainer Type="WZUIContainer" GUID="{559af77f-914d-4464-9f02-c2dc7ceff166}" Name="conSel_WndCardDraw" Visible="False">
                        <WZUIImage Type="WZUIImage" GUID="{70729fd0-3433-4b74-af73-2961db09f75c}" File="ui/shop/common_scale9_shop_di12.png" UseOriginSize="False" Scale="1.059999942779541" ScaleX="1.059999942779541" ScaleY="1.059999942779541" />
                    </WZUIContainer>
                </WZUIContainer>
                <WZUIContainer Type="WZUIContainer" GUID="{e7b6200f-b5e4-4d19-9064-3a1e38d0ad33}" AbsContentSize="156,126" UseAbsSize="True" RelativePosition="0.112869,0.238818" AnchorPoint="0.5,0.5" Name="conPrize6_WndCardDraw" Tag="6">
                    <WZUIContainer Type="WZUIContainer" GUID="{dadbe871-9a46-4d66-9538-3058d38437c3}" Name="conComm_WndCardDraw">
                        <WZUIImage Type="WZUIImage" GUID="{c42a66a3-fed2-4c29-a659-86aba0788f7c}" File="ui/shop/common_scale9_shop_di11.png" UseOriginSize="False" />
                    </WZUIContainer>
                    <WZUIContainer Type="WZUIContainer" GUID="{2e365e0c-d4b3-46d9-81ca-1a64b6a6466f}" Name="conSel_WndCardDraw" Visible="False">
                        <WZUIImage Type="WZUIImage" GUID="{b01cddcb-f31a-4c1a-ab23-ded3454ee0d3}" File="ui/shop/common_scale9_shop_di12.png" UseOriginSize="False" Scale="1.059999942779541" ScaleX="1.059999942779541" ScaleY="1.059999942779541" />
                    </WZUIContainer>
                </WZUIContainer>
                <WZUIContainer Type="WZUIContainer" GUID="{c0d43108-1b43-470f-8e14-dd707fd96a89}" AbsContentSize="156,126" UseAbsSize="True" RelativePosition="0.112869,0.556156" AnchorPoint="0.5,0.5" Name="conPrize7_WndCardDraw" Tag="7">
                    <WZUIContainer Type="WZUIContainer" GUID="{4d5e8d3b-fd16-4c48-a924-30d17f4ea367}" Name="conComm_WndCardDraw">
                        <WZUIImage Type="WZUIImage" GUID="{e5408b51-04df-46e6-abd4-d5b172faeb61}" File="ui/shop/common_scale9_shop_di11.png" UseOriginSize="False" />
                    </WZUIContainer>
                    <WZUIContainer Type="WZUIContainer" GUID="{5fb0e90f-b67a-47c0-9248-c3be0bec11a4}" Name="conSel_WndCardDraw" Visible="False">
                        <WZUIImage Type="WZUIImage" GUID="{fde62d99-7af5-4318-a4f1-48aabaab5f00}" File="ui/shop/common_scale9_shop_di12.png" UseOriginSize="False" Scale="1.059999942779541" ScaleX="1.059999942779541" ScaleY="1.059999942779541" />
                    </WZUIContainer>
                </WZUIContainer>
                <WZUIContainer Type="WZUIContainer" GUID="{47b57f9d-256c-404a-b147-bf1f4d9a5e44}" AbsContentSize="156,126" UseAbsSize="True" RelativePosition="0.112869,0.872889" AnchorPoint="0.5,0.5" Name="conPrize8_WndCardDraw" Tag="8">
                    <WZUIContainer Type="WZUIContainer" GUID="{4bc52ae5-9999-41ea-a483-33bcc73fbe7f}" Name="conComm_WndCardDraw">
                        <WZUIImage Type="WZUIImage" GUID="{a6580f24-5a0c-41cd-8b3d-1a575beaddab}" File="ui/shop/common_scale9_shop_di11.png" UseOriginSize="False" />
                    </WZUIContainer>
                    <WZUIContainer Type="WZUIContainer" GUID="{d95ef452-ee25-4a24-ac21-e1c7eec786ff}" Name="conSel_WndCardDraw" Visible="False">
                        <WZUIImage Type="WZUIImage" GUID="{5406248c-159b-4055-b97c-6d9fb47d568d}" File="ui/shop/common_scale9_shop_di12.png" UseOriginSize="False" Scale="1.059999942779541" ScaleX="1.059999942779541" ScaleY="1.059999942779541" />
                    </WZUIContainer>
                </WZUIContainer>
                <WZUIContainer Type="WZUIContainer" GUID="{cd2a797b-8b51-42f8-b21e-ebef4ea7f565}" AbsContentSize="156,126" UseAbsSize="True" RelativePosition="0.497584,0.557971" Rotation="0" AnchorPoint="0.5,0.5" AbsPosition="208,206" Visible="True">
                    <WZUIImage Type="WZUIImage" GUID="{f4f582e9-2e09-4195-b63f-fa5d3bf66b1f}" File="ui/shop/common_scale9_shop_di13.png" UseOriginSize="False" RelativePosition="0.5,0.492857" Rotation="0" Scale="1" TouchEnable="False" Visible="True" ScaleX="1" ScaleY="1" />
                    <Button Type="WZUIButton" LuaDoneFunctionName="onClickRaffle" GUID="{990aa5e2-caf5-4037-8485-be89db988fb8}" Name="btnLottery_WndCardDraw" UseAbsSize="False" Visible="True">
                        <NormalElement Type="WZUIContainer" GUID="{c57be14b-eb76-4596-8bc7-e26a3bfc043a}">
                            <WZUIImage Type="WZUIImage" GUID="{69e5da56-ba2d-4e55-9243-1fcbc7fbfa25}" File="ui/common/common_btn_anniu_luck.png" UseOriginSize="True" />
                        </NormalElement>
                        <SelectElement Type="WZUIContainer" GUID="{83364b4e-dffb-427d-a984-78298d1b782b}">
                            <WZUIImage Type="WZUIImage" GUID="{ee400971-915d-47b4-b27f-48bb9ce87c06}" File="ui/common/common_btn_anniu_luck.png" UseOriginSize="True" />
                        </SelectElement>
                        <DisableElement Type="WZUIContainer" GUID="{ba651645-01e0-4567-8b8b-af844e374cfd}">
                            <WZUIImage Type="WZUIImage" GUID="{c0475ae4-18be-48d4-af4c-18aacb8337ec}" File="ui/common/common_btn_anniu_luck.png" UseOriginSize="True" />
                        </DisableElement>
                    </Button>
                    <WZUILabelTTF Type="WZUILabelTTF" GUID="{2585e14c-e889-45ae-828f-d3177975fbed}" Name="txtPrice_WndCardDraw" Text="1" LabelStyleKey="C1_F22_S4_C2" RelativePosition="0.464285,0.650794" AnchorPoint="0,0.5" />
                    <WZUIImage Type="WZUIImage" GUID="{9399309a-b1b8-4ded-9bce-4bba50d2afb0}" File="shopitems/diamond.png" UseOriginSize="True" TouchEnable="False" TouchSwallow="False" RelativePosition="0.346757,0.650794" Visible="True" Scale="0.5" ScaleX="0.5" ScaleY="0.5" Name="imgCostType_WndCardDraw" />
                    <WZUILabelTTF Type="WZUILabelTTF" GUID="{46fb1da9-8f48-4970-9152-f1dd873c480f}" LabelStyleKey="C1_F16_S4_C2" Text="" RelativePosition="0.5,0.373015" Dimensions="100,0" Name="txtDrawTip_WndCardDraw" />
                </WZUIContainer>
            </WZUIContainer>
            <WZUIContainer Type="WZUIContainer" GUID="{57337ac7-16c5-44a9-9d59-b0f2999815f6}" AbsContentSize="125,50" UseAbsSize="True" RelativePosition="0.849075,0.103751" Visible="True" AnchorPoint="0.5,1">
                <WZUICheckBox Type="WZUICheckBox" GUID="{a84e13d1-6fbe-4ce3-8e3e-23c67a12b469}" SelectedIndex="0" Name="cbTen_WndCardDraw" LuaCheckedFunctionName="onClickTen" LuaSelectedFunctionName="" RelativePosition="0.637104,0.5">
                    <CheckElement Type="WZUIContainer" GUID="{b3a0853f-3135-4810-91a1-5e6a7d2fc35d}">
                        <WZUIImage Type="WZUIImage" GUID="{611bc8da-14ef-418e-89a2-453b1b35b799}" File="ui/common/common_scale9_di13.png" UseOriginSize="True" RelativePosition="0.175862,0.5" />
                    </CheckElement>
                    <CheckElement Type="WZUIContainer" GUID="{56907f13-0952-4eb0-8758-06cd2bacf23a}">
                        <WZUIImage Type="WZUIImage" GUID="{68815f50-ec8c-4d71-a1d4-c89b806324f0}" File="ui/common/common_scale9_di13.png" UseOriginSize="True" RelativePosition="0.175862,0.5" />
                        <WZUIImage Type="WZUIImage" GUID="{e416757d-e923-4cf0-a096-63508d4c21a5}" File="ui/common/common_icon_gou.png" UseOriginSize="True" RelativePosition="0.175862,0.5" />
                    </CheckElement>
                </WZUICheckBox>
                <WZUILabelTTF Type="WZUILabelTTF" GUID="{ba865dc3-d161-418c-8233-b1a22c8d39aa}" LabelStyleKey="C5_F20" Text="" RelativePosition="0.727587,0.5" TextKey="TEN_TAKE_OUT" Name="txtTenT_WndCardDraw" />
            </WZUIContainer>
        </WZUIContainer>
    </WZUIWindow>
</WndCardDraw>
