{"skeleton":{"hash":"1eL5D4AC1lpD5Y2fc8f74sM+2LU","spine":"2.1.27","width":900,"height":286},"bones":[{"name":"root"},{"name":"ui_zhandoukaishi_00","parent":"root","x":1.73,"y":-46.37,"scaleX":2,"scaleY":2},{"name":"zi2","parent":"root","x":66.21,"y":49.8},{"name":"zi3","parent":"root","x":-48.14,"y":42.68}],"slots":[{"name":"ui_zhandoukaishi_00","bone":"ui_zhandoukaishi_00","color":"ffffff00","attachment":"ui_zhandoukaishi_00"},{"name":"zi2","bone":"zi2","attachment":"zi2"},{"name":"zi3","bone":"zi3","attachment":"zi3"}],"skins":{"default":{"ui_zhandoukaishi_00":{"ui_zhandoukaishi_00":{"x":8.31,"y":1.85,"width":450,"height":143},"ui_zhandoukaishi_01":{"x":8.31,"y":1.85,"width":450,"height":143},"ui_zhandoukaishi_02":{"x":8.31,"y":1.85,"width":450,"height":143},"ui_zhandoukaishi_03":{"x":8.31,"y":1.85,"width":450,"height":143},"ui_zhandoukaishi_04":{"x":8.31,"y":1.85,"width":450,"height":143},"ui_zhandoukaishi_05":{"x":8.31,"y":1.85,"width":450,"height":143},"ui_zhandoukaishi_06":{"x":8.31,"y":1.85,"width":450,"height":143},"ui_zhandoukaishi_07":{"x":8.31,"y":1.85,"width":450,"height":143},"ui_zhandoukaishi_08":{"x":8.31,"y":1.85,"width":450,"height":143},"ui_zhandoukaishi_09":{"x":8.31,"y":1.85,"width":450,"height":143},"ui_zhandoukaishi_10":{"x":8.31,"y":1.85,"width":450,"height":143}},"zi2":{"zi2":{"x":-20.26,"y":-12.41,"width":111,"height":75}},"zi3":{"zi3":{"x":1.54,"y":-3.61,"width":103,"height":76}}}},"animations":{"zhan1":{"slots":{"ui_zhandoukaishi_00":{"attachment":[{"time":0,"name":"ui_zhandoukaishi_00"},{"time":0.1333,"name":"ui_zhandoukaishi_00"},{"time":0.1666,"name":"ui_zhandoukaishi_01"},{"time":0.2,"name":"ui_zhandoukaishi_02"},{"time":0.2333,"name":"ui_zhandoukaishi_03"},{"time":0.2666,"name":"ui_zhandoukaishi_04"},{"time":0.3,"name":"ui_zhandoukaishi_05"},{"time":0.3333,"name":"ui_zhandoukaishi_06"},{"time":0.3666,"name":"ui_zhandoukaishi_07"},{"time":0.4,"name":"ui_zhandoukaishi_08"},{"time":0.4333,"name":"ui_zhandoukaishi_09"},{"time":0.4666,"name":"ui_zhandoukaishi_10"},{"time":0.7,"name":"ui_zhandoukaishi_10"}],"color":[{"time":0,"color":"ffffff00","curve":"stepped"},{"time":0.1,"color":"ffffff00","curve":[0.25,0,0.75,1]},{"time":0.1333,"color":"ffffffff","curve":"stepped"},{"time":0.4666,"color":"ffffffff","curve":"stepped"},{"time":0.5666,"color":"ffffffff","curve":[0.366,0.46,0.753,1]},{"time":0.7,"color":"ffffff00"}]},"zi2":{"color":[{"time":0.5666,"color":"ffffffff"},{"time":0.7,"color":"ffffff00"}]},"zi3":{"color":[{"time":0.5666,"color":"ffffffff"},{"time":0.7,"color":"ffffff00"}]}},"bones":{"zi3":{"rotate":[{"time":0,"angle":0,"curve":"stepped"},{"time":0.0333,"angle":0,"curve":"stepped"},{"time":0.1666,"angle":0,"curve":"stepped"},{"time":0.7,"angle":0}],"translate":[{"time":0,"x":-626.53,"y":30.93,"curve":"stepped"},{"time":0.0333,"x":-626.53,"y":30.93,"curve":[0.25,0,0.75,1]},{"time":0.1666,"x":0,"y":0,"curve":"stepped"},{"time":0.7,"x":0,"y":0}],"scale":[{"time":0,"x":1.3,"y":1.35,"curve":"stepped"},{"time":0.0333,"x":1.3,"y":1.35,"curve":[0.25,0,0.75,1]},{"time":0.1666,"x":1,"y":1,"curve":"stepped"},{"time":0.7,"x":1,"y":1}]},"zi2":{"rotate":[{"time":0,"angle":0,"curve":"stepped"},{"time":0.0333,"angle":0,"curve":"stepped"},{"time":0.1666,"angle":0,"curve":"stepped"},{"time":0.7,"angle":0}],"translate":[{"time":0,"x":588.27,"y":32.16,"curve":"stepped"},{"time":0.0333,"x":588.27,"y":32.16,"curve":[0.25,0,0.75,1]},{"time":0.1666,"x":0,"y":0,"curve":"stepped"},{"time":0.7,"x":0,"y":0}],"scale":[{"time":0,"x":1.3,"y":1.35,"curve":"stepped"},{"time":0.0333,"x":1.3,"y":1.35,"curve":[0.25,0,0.75,1]},{"time":0.1666,"x":1,"y":1,"curve":"stepped"},{"time":0.7,"x":1,"y":1}]},"ui_zhandoukaishi_00":{"rotate":[{"time":0,"angle":0,"curve":"stepped"},{"time":0.1333,"angle":0,"curve":"stepped"},{"time":0.4666,"angle":0,"curve":"stepped"},{"time":0.7,"angle":0}],"translate":[{"time":0,"x":91.39,"y":79.43,"curve":"stepped"},{"time":0.1333,"x":91.39,"y":79.43,"curve":[0.25,0,0.75,1]},{"time":0.2333,"x":-24.9,"y":79.43,"curve":"stepped"},{"time":0.4666,"x":-24.9,"y":79.43,"curve":"stepped"},{"time":0.7,"x":-24.9,"y":79.43}],"scale":[{"time":0,"x":1,"y":1,"curve":"stepped"},{"time":0.1333,"x":1,"y":1,"curve":"stepped"},{"time":0.4666,"x":1,"y":1,"curve":"stepped"},{"time":0.7,"x":1,"y":1}]},"root":{"rotate":[{"time":0.7,"angle":0}],"translate":[{"time":0.7,"x":0,"y":0}],"scale":[{"time":0.7,"x":1,"y":1}]}}}}}