{
"skeleton": { "hash": "7zI9SDFzFNuFcTK1WvbKz9VxTpQ", "spine": "2.1.27", "width": 450, "height": 143 },
"bones": [
	{ "name": "root" },
	{ "name": "common_icon_ghzkaishi", "parent": "root", "y": 80 },
	{ "name": "ui_zhandoukaishi_00", "parent": "root", "x": 329.82, "y": 95.01 }
],
"slots": [
	{ "name": "ui_zhandoukaishi_00", "bone": "ui_zhandoukaishi_00", "color": "ffffff00", "attachment": "ui_zhandoukaishi_00" },
	{ "name": "common_icon_ghzkaishi", "bone": "common_icon_ghzkaishi" }
],
"skins": {
	"default": {
		"common_icon_ghzkaishi": {
			"common_icon_ghzkaishi": { "y": 16, "width": 567, "height": 97 }
		},
		"ui_zhandoukaishi_00": {
			"ui_zhandoukaishi_00": { "x": 54.96, "y": 0.89, "width": 450, "height": 143 },
			"ui_zhandoukaishi_01": { "x": 54.96, "y": 0.89, "width": 450, "height": 143 },
			"ui_zhandoukaishi_02": { "x": 54.96, "y": 0.89, "width": 450, "height": 143 },
			"ui_zhandoukaishi_03": { "x": 54.96, "y": 0.89, "width": 450, "height": 143 },
			"ui_zhandoukaishi_04": { "x": 54.96, "y": 0.89, "width": 450, "height": 143 },
			"ui_zhandoukaishi_05": { "x": 54.96, "y": 0.89, "width": 450, "height": 143 },
			"ui_zhandoukaishi_06": { "x": 54.96, "y": 0.89, "width": 450, "height": 143 },
			"ui_zhandoukaishi_07": { "x": 54.96, "y": 0.89, "width": 450, "height": 143 },
			"ui_zhandoukaishi_08": { "x": 54.96, "y": 0.89, "width": 450, "height": 143 },
			"ui_zhandoukaishi_09": { "x": 54.96, "y": 0.89, "width": 450, "height": 143 },
			"ui_zhandoukaishi_10": { "x": 54.96, "y": 0.89, "width": 450, "height": 143 }
		}
	}
},
"animations": {
	"gonghuizhan": {
		"slots": {
			"common_icon_ghzkaishi": {
				"attachment": [
					{ "time": 0, "name": "common_icon_ghzkaishi" },
					{ "time": 0.3333, "name": "common_icon_ghzkaishi" }
				],
				"color": [
					{ "time": 0, "color": "ffffff00" },
					{ "time": 0.2, "color": "ffffffff", "curve": "stepped" },
					{ "time": 0.3333, "color": "ffffffff" }
				]
			},
			"ui_zhandoukaishi_00": {
				"attachment": [
					{ "time": 0.0333, "name": "ui_zhandoukaishi_01" },
					{ "time": 0.0666, "name": "ui_zhandoukaishi_02" },
					{ "time": 0.1, "name": "ui_zhandoukaishi_03" },
					{ "time": 0.1333, "name": "ui_zhandoukaishi_04" },
					{ "time": 0.1666, "name": "ui_zhandoukaishi_05" },
					{ "time": 0.2, "name": "ui_zhandoukaishi_06" },
					{ "time": 0.2333, "name": "ui_zhandoukaishi_07" },
					{ "time": 0.2666, "name": "ui_zhandoukaishi_08" },
					{ "time": 0.3, "name": "ui_zhandoukaishi_09" },
					{ "time": 0.3333, "name": "ui_zhandoukaishi_10" }
				],
				"color": [
					{ "time": 0, "color": "ffffffff" }
				]
			}
		},
		"bones": {
			"common_icon_ghzkaishi": {
				"translate": [
					{ "time": 0, "x": 0, "y": -5 }
				],
				"scale": [
					{ "time": 0, "x": 0.7, "y": 1 },
					{ "time": 0.2, "x": 1.1, "y": 0.85 },
					{ "time": 0.3333, "x": 1, "y": 1 }
				]
			},
			"ui_zhandoukaishi_00": {
				"rotate": [
					{ "time": 0, "angle": 0 }
				],
				"translate": [
					{ "time": 0, "x": -415.5, "y": -20.01 }
				],
				"scale": [
					{ "time": 0, "x": 1.8, "y": 1.8 }
				]
			}
		}
	}
}
}