<skeleton name="ui_battle_angermax_01" frameRate="24" version="2.2">
  <armatures>
    <armature name="ui_battle_angermax_01">
      <b name="ui_battle_angermax_01" x="0" y="-29.35" kX="0" kY="0" cX="1" cY="1" pX="96" pY="96" z="0">
        <d name="ui_battle_angermax_01_00" pX="0" pY="0"/>
        <d name="ui_battle_angermax_01_01" pX="0" pY="0"/>
        <d name="ui_battle_angermax_01_02" pX="0" pY="0"/>
        <d name="ui_battle_angermax_01_03" pX="0" pY="0"/>
        <d name="ui_battle_angermax_01_04" pX="0" pY="0"/>
        <d name="ui_battle_angermax_01_05" pX="0" pY="0"/>
        <d name="ui_battle_angermax_01_06" pX="0" pY="0"/>
        <d name="ui_battle_angermax_01_07" pX="0" pY="0"/>
        <d name="ui_battle_angermax_01_08" pX="0" pY="0"/>
        <d name="ui_battle_angermax_01_09" pX="0" pY="0"/>
      </b>
    </armature>
  </armatures>
  <animations>
    <animation name="ui_battle_angermax_01">
      <mov name="0" dr="20" to="0" drTW="20" lp="1" twE="NaN">
        <b name="ui_battle_angermax_01" sc="1" dl="0">
          <f x="0" y="-29.35" cocos2d_x="-96" cocos2d_y="-125.35" kX="0" kY="0" cX="1" cY="1" pX="96" pY="96" z="0" dI="0" dr="2"/>
          <f x="0" y="-29.35" cocos2d_x="-96" cocos2d_y="-125.35" kX="0" kY="0" cX="1" cY="1" pX="96" pY="96" z="0" dI="1" dr="2"/>
          <f x="0" y="-29.35" cocos2d_x="-96" cocos2d_y="-125.35" kX="0" kY="0" cX="1" cY="1" pX="96" pY="96" z="0" dI="2" dr="2"/>
          <f x="0" y="-29.35" cocos2d_x="-96" cocos2d_y="-125.35" kX="0" kY="0" cX="1" cY="1" pX="96" pY="96" z="0" dI="3" dr="2"/>
          <f x="0" y="-29.35" cocos2d_x="-96" cocos2d_y="-125.35" kX="0" kY="0" cX="1" cY="1" pX="96" pY="96" z="0" dI="4" dr="2"/>
          <f x="0" y="-29.35" cocos2d_x="-96" cocos2d_y="-125.35" kX="0" kY="0" cX="1" cY="1" pX="96" pY="96" z="0" dI="5" dr="2"/>
          <f x="0" y="-29.35" cocos2d_x="-96" cocos2d_y="-125.35" kX="0" kY="0" cX="1" cY="1" pX="96" pY="96" z="0" dI="6" dr="2"/>
          <f x="0" y="-29.35" cocos2d_x="-96" cocos2d_y="-125.35" kX="0" kY="0" cX="1" cY="1" pX="96" pY="96" z="0" dI="7" dr="2"/>
          <f x="0" y="-29.35" cocos2d_x="-96" cocos2d_y="-125.35" kX="0" kY="0" cX="1" cY="1" pX="96" pY="96" z="0" dI="8" dr="2"/>
          <f x="0" y="-29.35" cocos2d_x="-96" cocos2d_y="-125.35" kX="0" kY="0" cX="1" cY="1" pX="96" pY="96" z="0" dI="9" dr="2"/>
        </b>
      </mov>
    </animation>
  </animations>
  <TextureAtlas name="ui_battle_angermax_01" width="1024" height="512">
    <SubTexture name="ui_battle_angermax_01_09" width="192" height="216" cocos2d_pX="0" cocos2d_pY="0" x="194" y="0"/>
    <SubTexture name="ui_battle_angermax_01_08" width="192" height="216" cocos2d_pX="0" cocos2d_pY="0" x="776" y="218"/>
    <SubTexture name="ui_battle_angermax_01_07" width="192" height="216" cocos2d_pX="0" cocos2d_pY="0" x="582" y="0"/>
    <SubTexture name="ui_battle_angermax_01_06" width="192" height="216" cocos2d_pX="0" cocos2d_pY="0" x="582" y="218"/>
    <SubTexture name="ui_battle_angermax_01_05" width="192" height="216" cocos2d_pX="0" cocos2d_pY="0" x="0" y="218"/>
    <SubTexture name="ui_battle_angermax_01_04" width="192" height="216" cocos2d_pX="0" cocos2d_pY="0" x="0" y="0"/>
    <SubTexture name="ui_battle_angermax_01_03" width="192" height="216" cocos2d_pX="0" cocos2d_pY="0" x="388" y="0"/>
    <SubTexture name="ui_battle_angermax_01_02" width="192" height="216" cocos2d_pX="0" cocos2d_pY="0" x="776" y="0"/>
    <SubTexture name="ui_battle_angermax_01_01" width="192" height="216" cocos2d_pX="0" cocos2d_pY="0" x="194" y="218"/>
    <SubTexture name="ui_battle_angermax_01_00" width="192" height="216" cocos2d_pX="0" cocos2d_pY="0" x="388" y="218"/>
  </TextureAtlas>
</skeleton>